[2026-10-03T20:31:41Z INFO sail_execution::worker::actor::handler] worker 1 server is ready on port 55383
[2026-10-03T20:31:41Z DEBUG sail_execution::worker::server] RunTaskBatchRequest { job_id: 1, stage: 0, tasks: [TaskAttempt { partition: 0, attempt: 0 }, TaskAttempt { partition: 2, attempt: 0 }, TaskAttempt { partition: 4, attempt: 0 }, TaskAttempt { partition: 6, attempt: 0 }, TaskAttempt { partition: 8, attempt: 0 }, TaskAttempt { partition: 10, attempt: 0 }, TaskAttempt { partition: 12, attempt: 0 }, TaskAttempt { partition: 14, attempt: 0 }], definition: [10, 30, 146, 1, 27, 10, 25, 10, 23, 16, 128, 128, 64, 24, 1, 32, 16, 42, 10, 10, 8, 10, 2, 35, 48, 18, 2, 82, 0, 50, 1, 0, 26, 20, 10, 12, 10, 10, 10, 6, 10, 4, 10, 2, 35, 48, 16, 16, 18, 4, 10, 2, 8, 1 (54 bytes)], peers: [WorkerLocation { worker_id: 1, host: "127.0.0.1", port: 55383 }, WorkerLocation { worker_id: 2, host: "127.0.0.1", port: 55382 }] }
[2026-10-03T20:31:41Z DEBUG sail_execution::worker::server] RunTaskBatchRequest { job_id: 1, stage: 1, tasks: [TaskAttempt { partition: 0, attempt: 0 }, TaskAttempt { partition: 2, attempt: 0 }, TaskAttempt { partition: 4, attempt: 0 }, TaskAttempt { partition: 6, attempt: 0 }, TaskAttempt { partition: 8, attempt: 0 }, TaskAttempt { partition: 10, attempt: 0 }, TaskAttempt { partition: 12, attempt: 0 }, TaskAttempt { partition: 14, attempt: 0 }], definition: [10, 202, 1, 34, 199, 1, 10, 154, 1, 66, 151, 1, 10, 6, 10, 4, 10, 2, 35, 48, 18, 25, 34, 23, 18, 4, 18, 2, 56, 1, 34, 5, 99, 111, 117, 110, 116, 66, 8, 99, 111, 117, 110, 116, 40, 49, 41, 24, 4, 34, 39, 146, 1, 36, 10, 34, 26, 32, 18, 14, 10, 0, 42, 10, 10, 8, 10, 2, 35, 48, 18, 2, 82, 0, 26, 12, 18, 10, 10, 6, 10, 4, 10, 2, 35, 48, 16, 16, 32, 1, 42, 2, 35, 48, 50, 15, 99, 111, 117, 110, 116, 40, 73, 110, 116, 54, 52, 40, 49, 41, 41, 58, 10, 10, 8, 10, 2, 35, 48, 18, 2, 82, 0, 74, 1, 0, 82, 0, ... (2244 bytes)], peers: [WorkerLocation { worker_id: 1, host: "127.0.0.1", port: 55383 }, WorkerLocation { worker_id: 2, host: "127.0.0.1", port: 55382 }] }
[2026-10-03T20:31:41Z DEBUG sail_execution::worker::server] RunTaskBatchRequest { job_id: 1, stage: 2, tasks: [TaskAttempt { partition: 0, attempt: 0 }], definition: [10, 242, 2, 234, 1, 238, 2, 10, 49, 146, 1, 46, 10, 44, 26, 42, 18, 34, 10, 0, 34, 5, 18, 3, 10, 1, 0, 42, 23, 10, 8, 10, 2, 105, 100, 18, 2, 82, 0, 10, 11, 10, 5, 99, 111, 117, 110, 116, 18, 2, 82, 0, 26, 2, 24, 1, 32, 1, 18, 169, 2, 10, 175, 1, 10, 8, 102, 105, 108, 101, 58, 47, 47, 47, 26, 125, 102, 105, 108, 101, 58, 47, 47, 47, 85, 115, 101, 114, 115, 47, 97, 108, 101, 120, 121, 47, 115, 114, 99, 47, 103, 114, 117, 115, 116, 45, 98, 101, 110, 99, 104, 109, 97, 114, 107, 45, 114, 117, 110, 115, 47, 115, 101, 109, 45, 99, 111, 109, ... (491 bytes)], peers: [WorkerLocation { worker_id: 1, host: "127.0.0.1", port: 55383 }, WorkerLocation { worker_id: 2, host: "127.0.0.1", port: 55382 }] }
[2026-10-03T20:31:41Z DEBUG sail_execution::worker::server] RunTaskBatchResponse
[2026-10-03T20:31:41Z DEBUG sail_execution::task_runner::actor::handler] worker_task_status worker_id=1 job_id=1 stage=0 partition=4 attempt=0 status=RUNNING
[2026-10-03T20:31:41Z DEBUG sail_execution::task_runner::actor::handler] worker_task_status worker_id=1 job_id=1 stage=0 partition=0 attempt=0 status=RUNNING
[2026-10-03T20:31:41Z DEBUG sail_execution::task_runner::actor::handler] worker_task_status worker_id=1 job_id=1 stage=0 partition=2 attempt=0 status=RUNNING
[2026-10-03T20:31:41Z DEBUG sail_execution::worker::server] RunTaskBatchResponse
[2026-10-03T20:31:41Z DEBUG sail_execution::task_runner::actor::handler] worker_task_status worker_id=1 job_id=1 stage=0 partition=8 attempt=0 status=RUNNING
[2026-10-03T20:31:41Z DEBUG sail_execution::worker::server] RunTaskBatchResponse
[2026-10-03T20:31:41Z DEBUG sail_execution::task_runner::actor::handler] worker_task_status worker_id=1 job_id=1 stage=1 partition=4 attempt=0 status=RUNNING
[2026-10-03T20:31:41Z DEBUG sail_execution::task_runner::actor::handler] worker_task_status worker_id=1 job_id=1 stage=0 partition=12 attempt=0 status=RUNNING
[2026-10-03T20:31:41Z DEBUG sail_execution::task_runner::actor::handler] worker_task_status worker_id=1 job_id=1 stage=1 partition=12 attempt=0 status=RUNNING
[2026-10-03T20:31:41Z DEBUG sail_execution::task_runner::actor::handler] worker_task_status worker_id=1 job_id=1 stage=0 partition=10 attempt=0 status=RUNNING
[2026-10-03T20:31:41Z DEBUG sail_execution::task_runner::actor::handler] worker_task_status worker_id=1 job_id=1 stage=1 partition=10 attempt=0 status=RUNNING
[2026-10-03T20:31:41Z DEBUG sail_execution::task_runner::actor::handler] worker_task_status worker_id=1 job_id=1 stage=0 partition=14 attempt=0 status=RUNNING
[2026-10-03T20:31:41Z DEBUG sail_execution::task_runner::actor::handler] worker_task_status worker_id=1 job_id=1 stage=0 partition=6 attempt=0 status=RUNNING
[2026-10-03T20:31:41Z DEBUG sail_execution::task_runner::actor::handler] worker_task_status worker_id=1 job_id=1 stage=2 partition=0 attempt=0 status=RUNNING
[2026-10-03T20:31:41Z DEBUG sail_execution::task_runner::actor::handler] worker_task_status worker_id=1 job_id=1 stage=1 partition=2 attempt=0 status=RUNNING
[2026-10-03T20:31:41Z DEBUG sail_execution::task_runner::actor::handler] worker_task_status worker_id=1 job_id=1 stage=1 partition=6 attempt=0 status=RUNNING
[2026-10-03T20:31:41Z DEBUG sail_execution::task_runner::actor::handler] worker_task_status worker_id=1 job_id=1 stage=1 partition=14 attempt=0 status=RUNNING
[2026-10-03T20:31:41Z DEBUG sail_execution::task_runner::actor::handler] worker_task_status worker_id=1 job_id=1 stage=1 partition=0 attempt=0 status=RUNNING
[2026-10-03T20:31:41Z DEBUG sail_execution::task_runner::preparation] job 1 stage 0 partition 0 attempt 0 execution plan
ShuffleWriteExec: partitioning=Hash([#0@0], 16)
  RangeExec: start=0, end=1048576, step=1, num_partitions=16, projection=[0]

[2026-10-03T20:31:41Z DEBUG sail_execution::task_runner::preparation] job 1 stage 0 partition 4 attempt 0 execution plan
ShuffleWriteExec: partitioning=Hash([#0@0], 16)
  RangeExec: start=0, end=1048576, step=1, num_partitions=16, projection=[0]

[2026-10-03T20:31:41Z DEBUG sail_execution::task_runner::preparation] job 1 stage 0 partition 8 attempt 0 execution plan
ShuffleWriteExec: partitioning=Hash([#0@0], 16)
  RangeExec: start=0, end=1048576, step=1, num_partitions=16, projection=[0]

[2026-10-03T20:31:41Z DEBUG sail_execution::task_runner::preparation] job 1 stage 0 partition 0 attempt 0 preparation wait=1.61839ms duration=565.771µs
[2026-10-03T20:31:41Z DEBUG sail_execution::task_runner::preparation] job 1 stage 0 partition 4 attempt 0 preparation wait=1.561389ms duration=656.028µs
[2026-10-03T20:31:41Z DEBUG sail_execution::task_runner::preparation] job 1 stage 0 partition 8 attempt 0 preparation wait=1.516939ms duration=445.345µs
[2026-10-03T20:31:41Z DEBUG sail_execution::task_runner::preparation] job 1 stage 0 partition 2 attempt 0 execution plan
ShuffleWriteExec: partitioning=Hash([#0@0], 16)
  RangeExec: start=0, end=1048576, step=1, num_partitions=16, projection=[0]

[2026-10-03T20:31:41Z DEBUG sail_execution::task_runner::preparation] job 1 stage 0 partition 2 attempt 0 preparation wait=1.822716ms duration=880.119µs
[2026-10-03T20:31:41Z DEBUG sail_execution::task_runner::preparation] job 1 stage 0 partition 10 attempt 0 execution plan
ShuffleWriteExec: partitioning=Hash([#0@0], 16)
  RangeExec: start=0, end=1048576, step=1, num_partitions=16, projection=[0]

[2026-10-03T20:31:41Z DEBUG sail_execution::task_runner::preparation] job 1 stage 1 partition 12 attempt 0 execution plan
ShuffleWriteExec: partitioning=RoundRobinBatch(1)
  ProjectionExec: expr=[#0@0 as id, count(Int64(1))@1 as count]
    AggregateExec: mode=SinglePartitioned, gby=[#0@0 as #0], aggr=[count(Int64(1))]
      ShuffleReadExec: partitioning=Hash([#0@0], 16)

[2026-10-03T20:31:41Z DEBUG sail_execution::task_runner::preparation] job 1 stage 1 partition 4 attempt 0 execution plan
ShuffleWriteExec: partitioning=RoundRobinBatch(1)
  ProjectionExec: expr=[#0@0 as id, count(Int64(1))@1 as count]
    AggregateExec: mode=SinglePartitioned, gby=[#0@0 as #0], aggr=[count(Int64(1))]
      ShuffleReadExec: partitioning=Hash([#0@0], 16)

[2026-10-03T20:31:41Z DEBUG sail_execution::task_runner::preparation] job 1 stage 0 partition 14 attempt 0 execution plan
ShuffleWriteExec: partitioning=Hash([#0@0], 16)
  RangeExec: start=0, end=1048576, step=1, num_partitions=16, projection=[0]

[2026-10-03T20:31:41Z DEBUG sail_execution::task_runner::preparation] job 1 stage 0 partition 14 attempt 0 preparation wait=1.937688ms duration=416.282µs
[2026-10-03T20:31:41Z DEBUG sail_execution::task_runner::preparation] job 1 stage 0 partition 10 attempt 0 preparation wait=1.665474ms duration=826.726µs
[2026-10-03T20:31:41Z DEBUG sail_execution::task_runner::preparation] job 1 stage 1 partition 2 attempt 0 execution plan
ShuffleWriteExec: partitioning=RoundRobinBatch(1)
  ProjectionExec: expr=[#0@0 as id, count(Int64(1))@1 as count]
    AggregateExec: mode=SinglePartitioned, gby=[#0@0 as #0], aggr=[count(Int64(1))]
      ShuffleReadExec: partitioning=Hash([#0@0], 16)

[2026-10-03T20:31:41Z DEBUG sail_execution::task_runner::preparation] job 1 stage 1 partition 12 attempt 0 preparation wait=1.618037ms duration=1.181734ms
[2026-10-03T20:31:41Z DEBUG sail_execution::task_runner::preparation] job 1 stage 0 partition 12 attempt 0 execution plan
ShuffleWriteExec: partitioning=Hash([#0@0], 16)
  RangeExec: start=0, end=1048576, step=1, num_partitions=16, projection=[0]

[2026-10-03T20:31:41Z DEBUG sail_execution::task_runner::preparation] job 1 stage 1 partition 0 attempt 0 execution plan
ShuffleWriteExec: partitioning=RoundRobinBatch(1)
  ProjectionExec: expr=[#0@0 as id, count(Int64(1))@1 as count]
    AggregateExec: mode=SinglePartitioned, gby=[#0@0 as #0], aggr=[count(Int64(1))]
      ShuffleReadExec: partitioning=Hash([#0@0], 16)

[2026-10-03T20:31:41Z DEBUG sail_execution::task_runner::actor::handler] worker_task_status worker_id=1 job_id=1 stage=1 partition=8 attempt=0 status=RUNNING
[2026-10-03T20:31:41Z DEBUG sail_execution::task_runner::preparation] job 1 stage 0 partition 12 attempt 0 preparation wait=1.69301ms duration=1.126521ms
[2026-10-03T20:31:41Z DEBUG sail_execution::task_runner::preparation] job 1 stage 1 partition 0 attempt 0 preparation wait=1.735632ms duration=507.327µs
[2026-10-03T20:31:41Z DEBUG sail_execution::task_runner::preparation] job 1 stage 1 partition 2 attempt 0 preparation wait=1.700202ms duration=607.119µs
[2026-10-03T20:31:41Z DEBUG sail_execution::task_runner::preparation] job 1 stage 0 partition 6 attempt 0 execution plan
ShuffleWriteExec: partitioning=Hash([#0@0], 16)
  RangeExec: start=0, end=1048576, step=1, num_partitions=16, projection=[0]

[2026-10-03T20:31:41Z DEBUG sail_execution::task_runner::preparation] job 1 stage 1 partition 10 attempt 0 execution plan
ShuffleWriteExec: partitioning=RoundRobinBatch(1)
  ProjectionExec: expr=[#0@0 as id, count(Int64(1))@1 as count]
    AggregateExec: mode=SinglePartitioned, gby=[#0@0 as #0], aggr=[count(Int64(1))]
      ShuffleReadExec: partitioning=Hash([#0@0], 16)

[2026-10-03T20:31:41Z DEBUG sail_execution::task_runner::preparation] job 1 stage 1 partition 14 attempt 0 execution plan
ShuffleWriteExec: partitioning=RoundRobinBatch(1)
  ProjectionExec: expr=[#0@0 as id, count(Int64(1))@1 as count]
    AggregateExec: mode=SinglePartitioned, gby=[#0@0 as #0], aggr=[count(Int64(1))]
      ShuffleReadExec: partitioning=Hash([#0@0], 16)

[2026-10-03T20:31:41Z DEBUG sail_execution::task_runner::preparation] job 1 stage 1 partition 10 attempt 0 preparation wait=1.822925ms duration=1.191835ms
[2026-10-03T20:31:41Z DEBUG sail_execution::task_runner::preparation] job 1 stage 1 partition 4 attempt 0 preparation wait=1.303798ms duration=1.628754ms
[2026-10-03T20:31:41Z DEBUG sail_execution::task_runner::preparation] job 1 stage 2 partition 0 attempt 0 execution plan
ShuffleWriteExec: partitioning=RoundRobinBatch(1)
  DataSinkExec: sink=ParquetSink(file_groups=[])
    ShuffleReadExec: partitioning=UnknownPartitioning(1)

[2026-10-03T20:31:41Z DEBUG sail_execution::task_runner::preparation] job 1 stage 1 partition 6 attempt 0 execution plan
ShuffleWriteExec: partitioning=RoundRobinBatch(1)
  ProjectionExec: expr=[#0@0 as id, count(Int64(1))@1 as count]
    AggregateExec: mode=SinglePartitioned, gby=[#0@0 as #0], aggr=[count(Int64(1))]
      ShuffleReadExec: partitioning=Hash([#0@0], 16)

[2026-10-03T20:31:41Z DEBUG sail_execution::task_runner::preparation] job 1 stage 0 partition 6 attempt 0 preparation wait=1.830454ms duration=1.018425ms
[2026-10-03T20:31:41Z DEBUG sail_execution::task_runner::preparation] job 1 stage 1 partition 14 attempt 0 preparation wait=2.083249ms duration=554.918µs
[2026-10-03T20:31:41Z DEBUG sail_execution::task_runner::preparation] job 1 stage 1 partition 8 attempt 0 execution plan
ShuffleWriteExec: partitioning=RoundRobinBatch(1)
  ProjectionExec: expr=[#0@0 as id, count(Int64(1))@1 as count]
    AggregateExec: mode=SinglePartitioned, gby=[#0@0 as #0], aggr=[count(Int64(1))]
      ShuffleReadExec: partitioning=Hash([#0@0], 16)

[2026-10-03T20:31:41Z DEBUG sail_execution::task_runner::preparation] job 1 stage 1 partition 6 attempt 0 preparation wait=2.086242ms duration=645.81µs
[2026-10-03T20:31:41Z DEBUG sail_execution::task_runner::preparation] job 1 stage 2 partition 0 attempt 0 preparation wait=2.055337ms duration=844.338µs
[2026-10-03T20:31:41Z DEBUG sail_execution::task_runner::preparation] job 1 stage 1 partition 8 attempt 0 preparation wait=2.062912ms duration=765.775µs
[2026-10-03T20:31:41Z DEBUG sail_execution::stream::service::server] TaskStreamKey { job_id: JobId(1), stage: 2, partition: 0, attempt: 0, channel: 0 }
[2026-10-03T20:31:41Z DEBUG sail_execution::stream::service::server] TaskStreamKey { job_id: JobId(1), stage: 0, partition: 6, attempt: 0, channel: 7 }
[2026-10-03T20:31:41Z DEBUG sail_execution::stream::service::server] TaskStreamKey { job_id: JobId(1), stage: 0, partition: 0, attempt: 0, channel: 13 }
[2026-10-03T20:31:41Z DEBUG sail_execution::stream::service::server] TaskStreamKey { job_id: JobId(1), stage: 0, partition: 12, attempt: 0, channel: 13 }
[2026-10-03T20:31:41Z DEBUG sail_execution::stream::service::server] TaskStreamKey { job_id: JobId(1), stage: 0, partition: 8, attempt: 0, channel: 7 }
[2026-10-03T20:31:41Z DEBUG sail_execution::stream::service::server] TaskStreamKey { job_id: JobId(1), stage: 0, partition: 0, attempt: 0, channel: 3 }
[2026-10-03T20:31:41Z DEBUG sail_execution::stream::service::server] TaskStreamKey { job_id: JobId(1), stage: 0, partition: 2, attempt: 0, channel: 3 }
[2026-10-03T20:31:41Z DEBUG sail_execution::stream::service::server] TaskStreamKey { job_id: JobId(1), stage: 0, partition: 4, attempt: 0, channel: 7 }
[2026-10-03T20:31:41Z DEBUG sail_execution::stream::service::server] TaskStreamKey { job_id: JobId(1), stage: 0, partition: 8, attempt: 0, channel: 15 }
[2026-10-03T20:31:41Z DEBUG sail_execution::stream::service::server] TaskStreamKey { job_id: JobId(1), stage: 0, partition: 12, attempt: 0, channel: 7 }
[2026-10-03T20:31:41Z DEBUG sail_execution::stream::service::server] TaskStreamKey { job_id: JobId(1), stage: 0, partition: 14, attempt: 0, channel: 3 }
[2026-10-03T20:31:41Z DEBUG sail_execution::stream::service::server] TaskStreamKey { job_id: JobId(1), stage: 0, partition: 2, attempt: 0, channel: 13 }
[2026-10-03T20:31:41Z DEBUG sail_execution::stream::service::server] TaskStreamKey { job_id: JobId(1), stage: 0, partition: 14, attempt: 0, channel: 7 }
[2026-10-03T20:31:41Z DEBUG sail_execution::stream::service::server] TaskStreamKey { job_id: JobId(1), stage: 0, partition: 4, attempt: 0, channel: 13 }
[2026-10-03T20:31:41Z DEBUG sail_execution::stream::service::server] TaskStreamKey { job_id: JobId(1), stage: 0, partition: 4, attempt: 0, channel: 15 }
[2026-10-03T20:31:41Z DEBUG sail_execution::stream::service::server] TaskStreamKey { job_id: JobId(1), stage: 0, partition: 8, attempt: 0, channel: 13 }
[2026-10-03T20:31:41Z DEBUG sail_execution::stream::service::server] TaskStreamKey { job_id: JobId(1), stage: 0, partition: 10, attempt: 0, channel: 13 }
[2026-10-03T20:31:41Z DEBUG sail_execution::stream::service::server] TaskStreamKey { job_id: JobId(1), stage: 0, partition: 10, attempt: 0, channel: 7 }
[2026-10-03T20:31:41Z DEBUG sail_execution::stream::service::server] TaskStreamKey { job_id: JobId(1), stage: 0, partition: 14, attempt: 0, channel: 11 }
[2026-10-03T20:31:41Z DEBUG sail_execution::stream::service::server] TaskStreamKey { job_id: JobId(1), stage: 0, partition: 4, attempt: 0, channel: 11 }
[2026-10-03T20:31:41Z DEBUG sail_execution::stream::service::server] TaskStreamKey { job_id: JobId(1), stage: 0, partition: 6, attempt: 0, channel: 13 }
[2026-10-03T20:31:41Z DEBUG sail_execution::stream::service::server] TaskStreamKey { job_id: JobId(1), stage: 0, partition: 12, attempt: 0, channel: 3 }
[2026-10-03T20:31:41Z DEBUG sail_execution::stream::service::server] TaskStreamKey { job_id: JobId(1), stage: 0, partition: 2, attempt: 0, channel: 15 }
[2026-10-03T20:31:41Z DEBUG sail_execution::stream::service::server] TaskStreamKey { job_id: JobId(1), stage: 0, partition: 12, attempt: 0, channel: 11 }
[2026-10-03T20:31:41Z DEBUG sail_execution::stream::service::server] TaskStreamKey { job_id: JobId(1), stage: 0, partition: 2, attempt: 0, channel: 7 }
[2026-10-03T20:31:41Z DEBUG sail_execution::stream::service::server] TaskStreamKey { job_id: JobId(1), stage: 0, partition: 2, attempt: 0, channel: 11 }
[2026-10-03T20:31:41Z DEBUG sail_execution::stream::service::server] TaskStreamKey { job_id: JobId(1), stage: 0, partition: 8, attempt: 0, channel: 3 }
[2026-10-03T20:31:41Z DEBUG sail_execution::stream::service::server] TaskStreamKey { job_id: JobId(1), stage: 0, partition: 0, attempt: 0, channel: 7 }
[2026-10-03T20:31:41Z DEBUG sail_execution::stream::service::server] TaskStreamKey { job_id: JobId(1), stage: 0, partition: 14, attempt: 0, channel: 13 }
[2026-10-03T20:31:41Z DEBUG sail_execution::stream::service::server] TaskStreamKey { job_id: JobId(1), stage: 0, partition: 10, attempt: 0, channel: 3 }
[2026-10-03T20:31:41Z DEBUG sail_execution::stream::service::server] TaskStreamKey { job_id: JobId(1), stage: 0, partition: 4, attempt: 0, channel: 3 }
[2026-10-03T20:31:41Z DEBUG sail_execution::stream::service::server] TaskStreamKey { job_id: JobId(1), stage: 0, partition: 6, attempt: 0, channel: 3 }
[2026-10-03T20:31:41Z DEBUG sail_execution::stream::service::server] TaskStreamKey { job_id: JobId(1), stage: 0, partition: 14, attempt: 0, channel: 15 }
[2026-10-03T20:31:41Z DEBUG sail_execution::stream::service::server] TaskStreamKey { job_id: JobId(1), stage: 0, partition: 6, attempt: 0, channel: 11 }
[2026-10-03T20:31:41Z DEBUG sail_execution::stream::service::server] TaskStreamKey { job_id: JobId(1), stage: 0, partition: 0, attempt: 0, channel: 9 }
[2026-10-03T20:31:41Z DEBUG sail_execution::stream::service::server] TaskStreamKey { job_id: JobId(1), stage: 0, partition: 10, attempt: 0, channel: 11 }
[2026-10-03T20:31:41Z DEBUG sail_execution::stream::service::server] TaskStreamKey { job_id: JobId(1), stage: 0, partition: 12, attempt: 0, channel: 15 }
[2026-10-03T20:31:41Z DEBUG sail_execution::stream::service::server] TaskStreamKey { job_id: JobId(1), stage: 0, partition: 6, attempt: 0, channel: 15 }
[2026-10-03T20:31:41Z DEBUG sail_execution::stream::service::server] TaskStreamKey { job_id: JobId(1), stage: 0, partition: 10, attempt: 0, channel: 15 }
[2026-10-03T20:31:41Z DEBUG sail_execution::stream::service::server] TaskStreamKey { job_id: JobId(1), stage: 0, partition: 0, attempt: 0, channel: 15 }
[2026-10-03T20:31:41Z DEBUG sail_execution::stream::service::server] TaskStreamKey { job_id: JobId(1), stage: 0, partition: 0, attempt: 0, channel: 11 }
[2026-10-03T20:31:41Z DEBUG sail_execution::stream::service::server] TaskStreamKey { job_id: JobId(1), stage: 0, partition: 2, attempt: 0, channel: 9 }
[2026-10-03T20:31:41Z DEBUG sail_execution::stream::service::server] TaskStreamKey { job_id: JobId(1), stage: 0, partition: 8, attempt: 0, channel: 11 }
[2026-10-03T20:31:41Z DEBUG sail_execution::stream::service::server] TaskStreamKey { job_id: JobId(1), stage: 0, partition: 8, attempt: 0, channel: 9 }
[2026-10-03T20:31:41Z DEBUG sail_execution::stream::service::server] TaskStreamKey { job_id: JobId(1), stage: 0, partition: 12, attempt: 0, channel: 1 }
[2026-10-03T20:31:41Z DEBUG sail_execution::stream::service::server] TaskStreamKey { job_id: JobId(1), stage: 0, partition: 14, attempt: 0, channel: 5 }
[2026-10-03T20:31:41Z DEBUG sail_execution::stream::service::server] TaskStreamKey { job_id: JobId(1), stage: 0, partition: 14, attempt: 0, channel: 9 }
[2026-10-03T20:31:41Z DEBUG sail_execution::stream::service::server] TaskStreamKey { job_id: JobId(1), stage: 0, partition: 12, attempt: 0, channel: 5 }
[2026-10-03T20:31:41Z DEBUG sail_execution::stream::service::server] TaskStreamKey { job_id: JobId(1), stage: 0, partition: 4, attempt: 0, channel: 1 }
[2026-10-03T20:31:41Z DEBUG sail_execution::stream::service::server] TaskStreamKey { job_id: JobId(1), stage: 0, partition: 8, attempt: 0, channel: 5 }
[2026-10-03T20:31:41Z DEBUG sail_execution::stream::service::server] TaskStreamKey { job_id: JobId(1), stage: 0, partition: 0, attempt: 0, channel: 5 }
[2026-10-03T20:31:41Z DEBUG sail_execution::stream::service::server] TaskStreamKey { job_id: JobId(1), stage: 0, partition: 10, attempt: 0, channel: 1 }
[2026-10-03T20:31:41Z DEBUG sail_execution::stream::service::server] TaskStreamKey { job_id: JobId(1), stage: 0, partition: 6, attempt: 0, channel: 1 }
[2026-10-03T20:31:41Z DEBUG sail_execution::stream::service::server] TaskStreamKey { job_id: JobId(1), stage: 0, partition: 4, attempt: 0, channel: 9 }
[2026-10-03T20:31:41Z DEBUG sail_execution::stream::service::server] TaskStreamKey { job_id: JobId(1), stage: 0, partition: 6, attempt: 0, channel: 5 }
[2026-10-03T20:31:41Z DEBUG sail_execution::stream::service::server] TaskStreamKey { job_id: JobId(1), stage: 0, partition: 2, attempt: 0, channel: 1 }
[2026-10-03T20:31:41Z DEBUG sail_execution::stream::service::server] TaskStreamKey { job_id: JobId(1), stage: 0, partition: 10, attempt: 0, channel: 5 }
[2026-10-03T20:31:41Z DEBUG sail_execution::stream::service::server] TaskStreamKey { job_id: JobId(1), stage: 0, partition: 12, attempt: 0, channel: 9 }
[2026-10-03T20:31:41Z DEBUG sail_execution::stream::service::server] TaskStreamKey { job_id: JobId(1), stage: 0, partition: 0, attempt: 0, channel: 1 }
[2026-10-03T20:31:41Z DEBUG sail_execution::stream::service::server] TaskStreamKey { job_id: JobId(1), stage: 0, partition: 8, attempt: 0, channel: 1 }
[2026-10-03T20:31:41Z DEBUG sail_execution::stream::service::server] TaskStreamKey { job_id: JobId(1), stage: 0, partition: 6, attempt: 0, channel: 9 }
[2026-10-03T20:31:41Z DEBUG sail_execution::stream::service::server] TaskStreamKey { job_id: JobId(1), stage: 0, partition: 14, attempt: 0, channel: 1 }
[2026-10-03T20:31:41Z DEBUG sail_execution::stream::service::server] TaskStreamKey { job_id: JobId(1), stage: 0, partition: 10, attempt: 0, channel: 9 }
[2026-10-03T20:31:41Z DEBUG sail_execution::stream::service::server] TaskStreamKey { job_id: JobId(1), stage: 0, partition: 2, attempt: 0, channel: 5 }
[2026-10-03T20:31:41Z DEBUG sail_execution::stream::service::server] TaskStreamKey { job_id: JobId(1), stage: 0, partition: 4, attempt: 0, channel: 5 }
[2026-10-03T20:31:41Z DEBUG sail_execution::task_runner::actor::handler] worker_task_status worker_id=1 job_id=1 stage=0 partition=2 attempt=0 status=SUCCEEDED
[2026-10-03T20:31:41Z DEBUG sail_execution::task_runner::actor::handler] worker_task_status worker_id=1 job_id=1 stage=0 partition=14 attempt=0 status=SUCCEEDED
[2026-10-03T20:31:41Z WARN sail_execution::diagnostics] execution_failure pid=55514 event=task_execution_error key=TaskKey { job_id: JobId(1), stage: 1, partition: 6, attempt: 0 } error_chain=Resources exhausted: Failed to allocate additional 256.0 KB for SingleHashAggregateStream[6] with 0.0 B already allocated for this reservation - 127.8 KB remain available for the total memory pool: greedy(used: 896.2 KB, pool_size: 1024.0 KB)
[2026-10-03T20:31:41Z WARN sail_execution::task_runner::actor::handler] task_failure pid=55514 session_id=b9d09997-cc57-4e6d-9a61-48b29d64d912 worker_id=Some(WorkerId(1)) key=TaskKey { job_id: JobId(1), stage: 1, partition: 6, attempt: 0 } message=task error: Resources exhausted: Failed to allocate additional 256.0 KB for SingleHashAggregateStream[6] with 0.0 B already allocated for this reservation - 127.8 KB remain available for the total memory pool: greedy(used: 896.2 KB, pool_size: 1024.0 KB) cause=Failed to allocate additional 256.0 KB for SingleHashAggregateStream[6] with 0.0 B already allocated for this reservation - 127.8 KB remain available for the total memory pool: greedy(used: 896.2 KB, pool_size: 1024.0 KB)
[2026-10-03T20:31:41Z DEBUG sail_execution::task_runner::actor::handler] worker_task_status worker_id=1 job_id=1 stage=1 partition=6 attempt=0 status=FAILED
[2026-10-03T20:31:41Z DEBUG sail_execution::worker::server] StopTaskRequest { job_id: 1, stage: 0, partition: 0, attempt: 0 }
[2026-10-03T20:31:41Z WARN sail_execution::diagnostics] execution_failure pid=55514 event=task_execution_error key=TaskKey { job_id: JobId(1), stage: 1, partition: 4, attempt: 0 } error_chain=Resources exhausted: Failed to allocate additional 256.0 KB for SingleHashAggregateStream[4] with 0.0 B already allocated for this reservation - 127.8 KB remain available for the total memory pool: greedy(used: 896.2 KB, pool_size: 1024.0 KB)
[2026-10-03T20:31:41Z DEBUG sail_execution::worker::server] StopTaskRequest { job_id: 1, stage: 0, partition: 12, attempt: 0 }
[2026-10-03T20:31:41Z DEBUG sail_execution::worker::server] StopTaskRequest { job_id: 1, stage: 1, partition: 0, attempt: 0 }
[2026-10-03T20:31:41Z DEBUG sail_execution::worker::server] StopTaskResponse
[2026-10-03T20:31:41Z DEBUG sail_execution::worker::server] StopTaskRequest { job_id: 1, stage: 0, partition: 10, attempt: 0 }
[2026-10-03T20:31:41Z DEBUG sail_execution::worker::server] StopTaskRequest { job_id: 1, stage: 2, partition: 0, attempt: 0 }
[2026-10-03T20:31:41Z DEBUG sail_execution::worker::server] StopTaskRequest { job_id: 1, stage: 0, partition: 4, attempt: 0 }
[2026-10-03T20:31:41Z DEBUG sail_execution::worker::server] StopTaskResponse
[2026-10-03T20:31:41Z DEBUG sail_execution::worker::server] StopTaskResponse
[2026-10-03T20:31:41Z DEBUG sail_execution::worker::server] StopTaskRequest { job_id: 1, stage: 0, partition: 6, attempt: 0 }
[2026-10-03T20:31:41Z DEBUG sail_execution::worker::server] StopTaskRequest { job_id: 1, stage: 1, partition: 10, attempt: 0 }
[2026-10-03T20:31:41Z DEBUG sail_execution::worker::server] StopTaskRequest { job_id: 1, stage: 0, partition: 8, attempt: 0 }
[2026-10-03T20:31:41Z DEBUG sail_execution::worker::server] StopTaskResponse
[2026-10-03T20:31:41Z DEBUG sail_execution::worker::server] StopTaskRequest { job_id: 1, stage: 1, partition: 6, attempt: 0 }
[2026-10-03T20:31:41Z DEBUG sail_execution::worker::server] StopTaskResponse
[2026-10-03T20:31:41Z DEBUG sail_execution::worker::server] StopTaskRequest { job_id: 1, stage: 1, partition: 4, attempt: 0 }
[2026-10-03T20:31:41Z DEBUG sail_execution::worker::server] StopTaskRequest { job_id: 1, stage: 1, partition: 2, attempt: 0 }
[2026-10-03T20:31:41Z DEBUG sail_execution::worker::server] StopTaskResponse
[2026-10-03T20:31:41Z DEBUG sail_execution::worker::server] StopTaskRequest { job_id: 1, stage: 1, partition: 12, attempt: 0 }
[2026-10-03T20:31:41Z WARN sail_execution::task_runner::actor::handler] task_failure pid=55514 session_id=b9d09997-cc57-4e6d-9a61-48b29d64d912 worker_id=Some(WorkerId(1)) key=TaskKey { job_id: JobId(1), stage: 1, partition: 4, attempt: 0 } message=task error: Resources exhausted: Failed to allocate additional 256.0 KB for SingleHashAggregateStream[4] with 0.0 B already allocated for this reservation - 127.8 KB remain available for the total memory pool: greedy(used: 896.2 KB, pool_size: 1024.0 KB) cause=Failed to allocate additional 256.0 KB for SingleHashAggregateStream[4] with 0.0 B already allocated for this reservation - 127.8 KB remain available for the total memory pool: greedy(used: 896.2 KB, pool_size: 1024.0 KB)
[2026-10-03T20:31:41Z WARN sail_execution::diagnostics] execution_failure pid=55514 event=task_execution_error key=TaskKey { job_id: JobId(1), stage: 1, partition: 2, attempt: 0 } error_chain=Resources exhausted: Failed to allocate additional 256.0 KB for SingleHashAggregateStream[2] with 0.0 B already allocated for this reservation - 127.9 KB remain available for the total memory pool: greedy(used: 896.1 KB, pool_size: 1024.0 KB)
[2026-10-03T20:31:41Z DEBUG sail_execution::worker::server] StopTaskRequest { job_id: 1, stage: 1, partition: 8, attempt: 0 }
[2026-10-03T20:31:41Z DEBUG sail_execution::worker::server] StopTaskResponse
[2026-10-03T20:31:41Z DEBUG sail_execution::worker::server] StopTaskRequest { job_id: 1, stage: 1, partition: 14, attempt: 0 }
[2026-10-03T20:31:41Z DEBUG sail_execution::worker::server] StopTaskResponse
[2026-10-03T20:31:41Z DEBUG sail_execution::task_runner::actor::handler] worker_task_status worker_id=1 job_id=1 stage=1 partition=4 attempt=0 status=FAILED
[2026-10-03T20:31:41Z DEBUG sail_execution::worker::server] CleanUpJobRequest { job_id: 1, stage: None }
[2026-10-03T20:31:41Z DEBUG sail_execution::worker::server] StopTaskResponse
[2026-10-03T20:31:41Z DEBUG sail_execution::task_runner::actor::handler] worker_task_status worker_id=1 job_id=1 stage=0 partition=0 attempt=0 status=SUCCEEDED
[2026-10-03T20:31:41Z DEBUG sail_execution::worker::server] StopTaskResponse
[2026-10-03T20:31:41Z DEBUG sail_execution::worker::server] StopTaskResponse
[2026-10-03T20:31:41Z DEBUG sail_execution::worker::server] StopTaskResponse
[2026-10-03T20:31:41Z DEBUG sail_execution::task_runner::actor::handler] worker_task_status worker_id=1 job_id=1 stage=0 partition=12 attempt=0 status=SUCCEEDED
[2026-10-03T20:31:41Z DEBUG sail_execution::task_runner::actor::handler] worker_task_status worker_id=1 job_id=1 stage=0 partition=10 attempt=0 status=SUCCEEDED
[2026-10-03T20:31:41Z DEBUG sail_execution::worker::server] StopTaskResponse
[2026-10-03T20:31:41Z DEBUG sail_execution::worker::server] StopTaskResponse
[2026-10-03T20:31:41Z DEBUG sail_execution::worker::server] StopTaskResponse
[2026-10-03T20:31:41Z DEBUG sail_execution::task_runner::actor::handler] worker_task_status worker_id=1 job_id=1 stage=0 partition=8 attempt=0 status=SUCCEEDED
[2026-10-03T20:31:41Z DEBUG sail_execution::task_runner::actor::handler] worker_task_status worker_id=1 job_id=1 stage=0 partition=6 attempt=0 status=SUCCEEDED
[2026-10-03T20:31:41Z DEBUG sail_execution::task_runner::actor::handler] worker_task_status worker_id=1 job_id=1 stage=0 partition=4 attempt=0 status=SUCCEEDED
[2026-10-03T20:31:41Z WARN sail_execution::diagnostics] execution_failure pid=55514 event=task_execution_error key=TaskKey { job_id: JobId(1), stage: 1, partition: 12, attempt: 0 } error_chain=Resources exhausted: Failed to allocate additional 256.0 KB for SingleHashAggregateStream[12] with 0.0 B already allocated for this reservation - 64.0 KB remain available for the total memory pool: greedy(used: 960.0 KB, pool_size: 1024.0 KB)
[2026-10-03T20:31:41Z DEBUG sail_execution::worker::server] CleanUpJobResponse
[2026-10-03T20:31:41Z WARN sail_execution::task_runner::actor::handler] task_failure pid=55514 session_id=b9d09997-cc57-4e6d-9a61-48b29d64d912 worker_id=Some(WorkerId(1)) key=TaskKey { job_id: JobId(1), stage: 1, partition: 2, attempt: 0 } message=task error: Resources exhausted: Failed to allocate additional 256.0 KB for SingleHashAggregateStream[2] with 0.0 B already allocated for this reservation - 127.9 KB remain available for the total memory pool: greedy(used: 896.1 KB, pool_size: 1024.0 KB) cause=Failed to allocate additional 256.0 KB for SingleHashAggregateStream[2] with 0.0 B already allocated for this reservation - 127.9 KB remain available for the total memory pool: greedy(used: 896.1 KB, pool_size: 1024.0 KB)
[2026-10-03T20:31:41Z DEBUG sail_execution::task_runner::actor::handler] worker_task_status worker_id=1 job_id=1 stage=1 partition=2 attempt=0 status=FAILED
[2026-10-03T20:31:41Z DEBUG sail_execution::task_runner::actor::handler] worker_task_status worker_id=1 job_id=1 stage=2 partition=0 attempt=0 status=CANCELED
[2026-10-03T20:31:41Z WARN sail_execution::task_runner::actor::handler] task_failure pid=55514 session_id=b9d09997-cc57-4e6d-9a61-48b29d64d912 worker_id=Some(WorkerId(1)) key=TaskKey { job_id: JobId(1), stage: 1, partition: 12, attempt: 0 } message=task error: Resources exhausted: Failed to allocate additional 256.0 KB for SingleHashAggregateStream[12] with 0.0 B already allocated for this reservation - 64.0 KB remain available for the total memory pool: greedy(used: 960.0 KB, pool_size: 1024.0 KB) cause=Failed to allocate additional 256.0 KB for SingleHashAggregateStream[12] with 0.0 B already allocated for this reservation - 64.0 KB remain available for the total memory pool: greedy(used: 960.0 KB, pool_size: 1024.0 KB)
[2026-10-03T20:31:41Z DEBUG sail_execution::task_runner::actor::handler] worker_task_status worker_id=1 job_id=1 stage=1 partition=12 attempt=0 status=FAILED
[2026-10-03T20:31:41Z WARN sail_execution::diagnostics] execution_failure pid=55514 event=task_execution_error key=TaskKey { job_id: JobId(1), stage: 1, partition: 14, attempt: 0 } error_chain=Resources exhausted: Failed to allocate additional 256.0 KB for SingleHashAggregateStream[14] with 0.0 B already allocated for this reservation - 64.0 KB remain available for the total memory pool: greedy(used: 960.0 KB, pool_size: 1024.0 KB)
[2026-10-03T20:31:41Z WARN sail_execution::task_runner::actor::handler] task_failure pid=55514 session_id=b9d09997-cc57-4e6d-9a61-48b29d64d912 worker_id=Some(WorkerId(1)) key=TaskKey { job_id: JobId(1), stage: 1, partition: 14, attempt: 0 } message=task error: Resources exhausted: Failed to allocate additional 256.0 KB for SingleHashAggregateStream[14] with 0.0 B already allocated for this reservation - 64.0 KB remain available for the total memory pool: greedy(used: 960.0 KB, pool_size: 1024.0 KB) cause=Failed to allocate additional 256.0 KB for SingleHashAggregateStream[14] with 0.0 B already allocated for this reservation - 64.0 KB remain available for the total memory pool: greedy(used: 960.0 KB, pool_size: 1024.0 KB)
[2026-10-03T20:31:41Z DEBUG sail_execution::task_runner::actor::handler] worker_task_status worker_id=1 job_id=1 stage=1 partition=14 attempt=0 status=FAILED
[2026-10-03T20:31:41Z DEBUG sail_execution::task_runner::actor::handler] worker_task_status worker_id=1 job_id=1 stage=1 partition=10 attempt=0 status=CANCELED
[2026-10-03T20:31:41Z DEBUG sail_execution::task_runner::actor::handler] worker_task_status worker_id=1 job_id=1 stage=1 partition=0 attempt=0 status=CANCELED
[2026-10-03T20:31:41Z DEBUG sail_execution::task_runner::actor::handler] worker_task_status worker_id=1 job_id=1 stage=1 partition=8 attempt=0 status=CANCELED
[2026-10-03T20:31:41Z DEBUG sail_execution::worker::server] RunTaskBatchRequest { job_id: 2, stage: 1, tasks: [TaskAttempt { partition: 0, attempt: 0 }], definition: [10, 119, 146, 1, 116, 10, 114, 26, 112, 18, 104, 10, 0, 42, 100, 10, 16, 10, 10, 115, 101, 115, 115, 105, 111, 110, 95, 105, 100, 18, 2, 114, 0, 10, 12, 10, 6, 106, 111, 98, 95, 105, 100, 18, 2, 74, 0, 10, 12, 10, 6, 115, 116, 97, 116, 117, 115, 18, 2, 114, 0, 10, 24, 10, 10, 99, 114, 101, 97, 116, 101, 100, 95, 97, 116, 18, 10, 162, 1, 7, 8, 2, 18, 3, 85, 84, 67, 10, 26, 10, 10, 115, 116, 111, 112, 112, 101, 100, 95, 97, 116, 18, 10, 162, 1, 7, 8, 2, 18, 3, 85, 84, 67, 24, 1, 26, 2, 24, 1, 32, 1, 18, 8, 18, 6, 10, 4, 10, ... (145 bytes)], peers: [] }
[2026-10-03T20:31:41Z DEBUG sail_execution::worker::server] RunTaskBatchResponse
[2026-10-03T20:31:41Z DEBUG sail_execution::task_runner::actor::handler] worker_task_status worker_id=1 job_id=2 stage=1 partition=0 attempt=0 status=RUNNING
[2026-10-03T20:31:41Z DEBUG sail_execution::task_runner::preparation] job 2 stage 1 partition 0 attempt 0 execution plan
ShuffleWriteExec: partitioning=RoundRobinBatch(16)
  ShuffleReadExec: partitioning=UnknownPartitioning(1)

[2026-10-03T20:31:41Z DEBUG sail_execution::worker::server] RunTaskBatchRequest { job_id: 2, stage: 2, tasks: [TaskAttempt { partition: 15, attempt: 0 }, TaskAttempt { partition: 1, attempt: 0 }, TaskAttempt { partition: 3, attempt: 0 }, TaskAttempt { partition: 5, attempt: 0 }, TaskAttempt { partition: 7, attempt: 0 }, TaskAttempt { partition: 9, attempt: 0 }, TaskAttempt { partition: 11, attempt: 0 }, TaskAttempt { partition: 13, attempt: 0 }], definition: [10, 210, 2, 34, 207, 2, 10, 232, 1, 34, 229, 1, 10, 119, 146, 1, 116, 10, 114, 26, 112, 18, 104, 10, 0, 42, 100, 10, 16, 10, 10, 115, 101, 115, 115, 105, 111, 110, 95, 105, 100, 18, 2, 114, 0, 10, 12, 10, 6, 106, 111, 98, 95, 105, 100, 18, 2, 74, 0, 10, 12, 10, 6, 115, 116, 97, 116, 117, 115, 18, 2, 114, 0, 10, 24, 10, 10, 99, 114, 101, 97, 116, 101, 100, 95, 97, 116, 18, 10, 162, 1, 7, 8, 2, 18, 3, 85, 84, 67, 10, 26, 10, 10, 115, 116, 111, 112, 112, 101, 100, 95, 97, 116, 18, 10, 162, 1, 7, 8, 2, 18, 3, 85, 84, 67, 24, 1, 26, ... (491 bytes)], peers: [] }
[2026-10-03T20:31:41Z DEBUG sail_execution::task_runner::preparation] job 2 stage 1 partition 0 attempt 0 preparation wait=15.702µs duration=83.65µs
[2026-10-03T20:31:41Z DEBUG sail_execution::worker::server] RunTaskBatchResponse
[2026-10-03T20:31:41Z DEBUG sail_execution::task_runner::actor::handler] worker_task_status worker_id=1 job_id=2 stage=2 partition=5 attempt=0 status=RUNNING
[2026-10-03T20:31:41Z DEBUG sail_execution::task_runner::actor::handler] worker_task_status worker_id=1 job_id=2 stage=2 partition=1 attempt=0 status=RUNNING
[2026-10-03T20:31:41Z DEBUG sail_execution::task_runner::preparation] job 2 stage 2 partition 5 attempt 0 execution plan
ShuffleWriteExec: partitioning=RoundRobinBatch(1)
  ProjectionExec: expr=[#5@0 as session_id, #6@1 as job_id, #7@2 as status, #8@3 as created_at, #9@4 as stopped_at]
    ProjectionExec: expr=[session_id@0 as #5, CAST(job_id@1 AS Int64) as #6, status@2 as #7, created_at@3 as #8, stopped_at@4 as #9]
      ShuffleReadExec: partitioning=RoundRobinBatch(16)

[2026-10-03T20:31:41Z DEBUG sail_execution::task_runner::preparation] job 2 stage 2 partition 1 attempt 0 execution plan
ShuffleWriteExec: partitioning=RoundRobinBatch(1)
  ProjectionExec: expr=[#5@0 as session_id, #6@1 as job_id, #7@2 as status, #8@3 as created_at, #9@4 as stopped_at]
    ProjectionExec: expr=[session_id@0 as #5, CAST(job_id@1 AS Int64) as #6, status@2 as #7, created_at@3 as #8, stopped_at@4 as #9]
      ShuffleReadExec: partitioning=RoundRobinBatch(16)

[2026-10-03T20:31:41Z DEBUG sail_execution::task_runner::preparation] job 2 stage 2 partition 5 attempt 0 preparation wait=20.172µs duration=208.225µs
[2026-10-03T20:31:41Z DEBUG sail_execution::task_runner::preparation] job 2 stage 2 partition 15 attempt 0 execution plan
ShuffleWriteExec: partitioning=RoundRobinBatch(1)
  ProjectionExec: expr=[#5@0 as session_id, #6@1 as job_id, #7@2 as status, #8@3 as created_at, #9@4 as stopped_at]
    ProjectionExec: expr=[session_id@0 as #5, CAST(job_id@1 AS Int64) as #6, status@2 as #7, created_at@3 as #8, stopped_at@4 as #9]
      ShuffleReadExec: partitioning=RoundRobinBatch(16)

[2026-10-03T20:31:41Z DEBUG sail_execution::task_runner::preparation] job 2 stage 2 partition 9 attempt 0 execution plan
ShuffleWriteExec: partitioning=RoundRobinBatch(1)
  ProjectionExec: expr=[#5@0 as session_id, #6@1 as job_id, #7@2 as status, #8@3 as created_at, #9@4 as stopped_at]
    ProjectionExec: expr=[session_id@0 as #5, CAST(job_id@1 AS Int64) as #6, status@2 as #7, created_at@3 as #8, stopped_at@4 as #9]
      ShuffleReadExec: partitioning=RoundRobinBatch(16)

[2026-10-03T20:31:41Z DEBUG sail_execution::task_runner::preparation] job 2 stage 2 partition 3 attempt 0 execution plan
ShuffleWriteExec: partitioning=RoundRobinBatch(1)
  ProjectionExec: expr=[#5@0 as session_id, #6@1 as job_id, #7@2 as status, #8@3 as created_at, #9@4 as stopped_at]
    ProjectionExec: expr=[session_id@0 as #5, CAST(job_id@1 AS Int64) as #6, status@2 as #7, created_at@3 as #8, stopped_at@4 as #9]
      ShuffleReadExec: partitioning=RoundRobinBatch(16)

[2026-10-03T20:31:41Z DEBUG sail_execution::task_runner::preparation] job 2 stage 2 partition 9 attempt 0 preparation wait=17.789µs duration=227.852µs
[2026-10-03T20:31:41Z DEBUG sail_execution::task_runner::preparation] job 2 stage 2 partition 3 attempt 0 preparation wait=20.432µs duration=256.453µs
[2026-10-03T20:31:41Z DEBUG sail_execution::task_runner::preparation] job 2 stage 2 partition 1 attempt 0 preparation wait=14.401µs duration=161.193µs
[2026-10-03T20:31:41Z DEBUG sail_execution::task_runner::actor::handler] worker_task_status worker_id=1 job_id=2 stage=2 partition=7 attempt=0 status=RUNNING
[2026-10-03T20:31:41Z DEBUG sail_execution::task_runner::preparation] job 2 stage 2 partition 15 attempt 0 preparation wait=14.912µs duration=121.699µs
[2026-10-03T20:31:41Z DEBUG sail_execution::task_runner::preparation] job 2 stage 2 partition 7 attempt 0 execution plan
ShuffleWriteExec: partitioning=RoundRobinBatch(1)
  ProjectionExec: expr=[#5@0 as session_id, #6@1 as job_id, #7@2 as status, #8@3 as created_at, #9@4 as stopped_at]
    ProjectionExec: expr=[session_id@0 as #5, CAST(job_id@1 AS Int64) as #6, status@2 as #7, created_at@3 as #8, stopped_at@4 as #9]
      ShuffleReadExec: partitioning=RoundRobinBatch(16)

[2026-10-03T20:31:41Z DEBUG sail_execution::task_runner::preparation] job 2 stage 2 partition 11 attempt 0 execution plan
ShuffleWriteExec: partitioning=RoundRobinBatch(1)
  ProjectionExec: expr=[#5@0 as session_id, #6@1 as job_id, #7@2 as status, #8@3 as created_at, #9@4 as stopped_at]
    ProjectionExec: expr=[session_id@0 as #5, CAST(job_id@1 AS Int64) as #6, status@2 as #7, created_at@3 as #8, stopped_at@4 as #9]
      ShuffleReadExec: partitioning=RoundRobinBatch(16)

[2026-10-03T20:31:41Z DEBUG sail_execution::stream::service::server] TaskStreamKey { job_id: JobId(2), stage: 1, partition: 0, attempt: 0, channel: 10 }
[2026-10-03T20:31:41Z DEBUG sail_execution::task_runner::preparation] job 2 stage 2 partition 11 attempt 0 preparation wait=15.632µs duration=406.778µs
[2026-10-03T20:31:41Z DEBUG sail_execution::task_runner::actor::handler] worker_task_status worker_id=1 job_id=2 stage=2 partition=9 attempt=0 status=RUNNING
[2026-10-03T20:31:41Z DEBUG sail_execution::task_runner::preparation] job 2 stage 2 partition 7 attempt 0 preparation wait=15.787µs duration=535.035µs
[2026-10-03T20:31:41Z DEBUG sail_execution::stream::service::server] TaskStreamKey { job_id: JobId(2), stage: 1, partition: 0, attempt: 0, channel: 14 }
[2026-10-03T20:31:41Z DEBUG sail_execution::task_runner::actor::handler] worker_task_status worker_id=1 job_id=2 stage=2 partition=3 attempt=0 status=RUNNING
[2026-10-03T20:31:41Z DEBUG sail_execution::stream::service::server] TaskStreamKey { job_id: JobId(2), stage: 1, partition: 0, attempt: 0, channel: 2 }
[2026-10-03T20:31:41Z DEBUG sail_execution::stream::service::server] TaskStreamKey { job_id: JobId(2), stage: 1, partition: 0, attempt: 0, channel: 8 }
[2026-10-03T20:31:41Z DEBUG sail_execution::stream::service::server] TaskStreamKey { job_id: JobId(2), stage: 1, partition: 0, attempt: 0, channel: 12 }
[2026-10-03T20:31:41Z DEBUG sail_execution::task_runner::actor::handler] worker_task_status worker_id=1 job_id=2 stage=2 partition=15 attempt=0 status=RUNNING
[2026-10-03T20:31:41Z DEBUG sail_execution::task_runner::actor::handler] worker_task_status worker_id=1 job_id=2 stage=2 partition=11 attempt=0 status=RUNNING
[2026-10-03T20:31:41Z DEBUG sail_execution::task_runner::actor::handler] worker_task_status worker_id=1 job_id=2 stage=2 partition=13 attempt=0 status=RUNNING
[2026-10-03T20:31:41Z DEBUG sail_execution::task_runner::preparation] job 2 stage 2 partition 13 attempt 0 execution plan
ShuffleWriteExec: partitioning=RoundRobinBatch(1)
  ProjectionExec: expr=[#5@0 as session_id, #6@1 as job_id, #7@2 as status, #8@3 as created_at, #9@4 as stopped_at]
    ProjectionExec: expr=[session_id@0 as #5, CAST(job_id@1 AS Int64) as #6, status@2 as #7, created_at@3 as #8, stopped_at@4 as #9]
      ShuffleReadExec: partitioning=RoundRobinBatch(16)

[2026-10-03T20:31:41Z DEBUG sail_execution::task_runner::preparation] job 2 stage 2 partition 13 attempt 0 preparation wait=21.892µs duration=145.349µs
[2026-10-03T20:31:41Z DEBUG sail_execution::stream::service::server] TaskStreamKey { job_id: JobId(2), stage: 2, partition: 5, attempt: 0, channel: 0 }
[2026-10-03T20:31:41Z DEBUG sail_execution::stream::service::server] TaskStreamKey { job_id: JobId(2), stage: 1, partition: 0, attempt: 0, channel: 6 }
[2026-10-03T20:31:41Z DEBUG sail_execution::stream::service::server] TaskStreamKey { job_id: JobId(2), stage: 2, partition: 1, attempt: 0, channel: 0 }
[2026-10-03T20:31:41Z DEBUG sail_execution::stream::service::server] TaskStreamKey { job_id: JobId(2), stage: 1, partition: 0, attempt: 0, channel: 0 }
[2026-10-03T20:31:41Z DEBUG sail_execution::stream::service::server] TaskStreamKey { job_id: JobId(2), stage: 1, partition: 0, attempt: 0, channel: 4 }
[2026-10-03T20:31:41Z DEBUG sail_execution::stream::service::server] TaskStreamKey { job_id: JobId(2), stage: 2, partition: 7, attempt: 0, channel: 0 }
[2026-10-03T20:31:41Z DEBUG sail_execution::stream::service::server] TaskStreamKey { job_id: JobId(2), stage: 2, partition: 3, attempt: 0, channel: 0 }
[2026-10-03T20:31:41Z DEBUG sail_execution::stream::service::server] TaskStreamKey { job_id: JobId(2), stage: 2, partition: 9, attempt: 0, channel: 0 }
[2026-10-03T20:31:41Z DEBUG sail_execution::stream::service::server] TaskStreamKey { job_id: JobId(2), stage: 2, partition: 15, attempt: 0, channel: 0 }
[2026-10-03T20:31:41Z DEBUG sail_execution::stream::service::server] TaskStreamKey { job_id: JobId(2), stage: 2, partition: 13, attempt: 0, channel: 0 }
[2026-10-03T20:31:41Z DEBUG sail_execution::stream::service::server] TaskStreamKey { job_id: JobId(2), stage: 2, partition: 11, attempt: 0, channel: 0 }
[2026-10-03T20:31:41Z DEBUG sail_execution::task_runner::actor::handler] worker_task_status worker_id=1 job_id=2 stage=1 partition=0 attempt=0 status=SUCCEEDED
[2026-10-03T20:31:41Z DEBUG sail_execution::task_runner::actor::handler] worker_task_status worker_id=1 job_id=2 stage=2 partition=1 attempt=0 status=SUCCEEDED
[2026-10-03T20:31:41Z DEBUG sail_execution::task_runner::actor::handler] worker_task_status worker_id=1 job_id=2 stage=2 partition=13 attempt=0 status=SUCCEEDED
[2026-10-03T20:31:41Z DEBUG sail_execution::task_runner::actor::handler] worker_task_status worker_id=1 job_id=2 stage=2 partition=5 attempt=0 status=SUCCEEDED
[2026-10-03T20:31:41Z DEBUG sail_execution::task_runner::actor::handler] worker_task_status worker_id=1 job_id=2 stage=2 partition=11 attempt=0 status=SUCCEEDED
[2026-10-03T20:31:41Z DEBUG sail_execution::task_runner::actor::handler] worker_task_status worker_id=1 job_id=2 stage=2 partition=15 attempt=0 status=SUCCEEDED
[2026-10-03T20:31:41Z DEBUG sail_execution::task_runner::actor::handler] worker_task_status worker_id=1 job_id=2 stage=2 partition=9 attempt=0 status=SUCCEEDED
[2026-10-03T20:31:41Z DEBUG sail_execution::task_runner::actor::handler] worker_task_status worker_id=1 job_id=2 stage=2 partition=3 attempt=0 status=SUCCEEDED
[2026-10-03T20:31:41Z DEBUG sail_execution::task_runner::actor::handler] worker_task_status worker_id=1 job_id=2 stage=2 partition=7 attempt=0 status=SUCCEEDED
[2026-10-03T20:31:41Z DEBUG sail_execution::worker::server] CleanUpJobRequest { job_id: 2, stage: Some(1) }
[2026-10-03T20:31:41Z DEBUG sail_execution::worker::server] CleanUpJobResponse
[2026-10-03T20:31:41Z DEBUG sail_execution::worker::server] CleanUpJobRequest { job_id: 2, stage: None }
[2026-10-03T20:31:41Z DEBUG sail_execution::worker::server] CleanUpJobResponse
[2026-10-03T20:31:41Z DEBUG sail_execution::worker::server] RunTaskBatchRequest { job_id: 3, stage: 1, tasks: [TaskAttempt { partition: 0, attempt: 0 }], definition: [10, 144, 2, 146, 1, 140, 2, 10, 137, 2, 26, 134, 2, 18, 253, 1, 10, 0, 42, 248, 1, 10, 16, 10, 10, 115, 101, 115, 115, 105, 111, 110, 95, 105, 100, 18, 2, 114, 0, 10, 12, 10, 6, 106, 111, 98, 95, 105, 100, 18, 2, 74, 0, 10, 11, 10, 5, 115, 116, 97, 103, 101, 18, 2, 74, 0, 10, 16, 10, 10, 112, 97, 114, 116, 105, 116, 105, 111, 110, 115, 18, 2, 74, 0, 10, 53, 10, 6, 105, 110, 112, 117, 116, 115, 18, 43, 202, 1, 40, 10, 38, 10, 4, 105, 116, 101, 109, 18, 28, 226, 1, 25, 10, 11, 10, 5, 115, 116, 97, 103, 101, 18, 2, 74, 0, 10, 10, 10, ... (299 bytes)], peers: [] }
[2026-10-03T20:31:41Z DEBUG sail_execution::worker::server] RunTaskBatchResponse
[2026-10-03T20:31:41Z DEBUG sail_execution::task_runner::actor::handler] worker_task_status worker_id=1 job_id=3 stage=1 partition=0 attempt=0 status=RUNNING
[2026-10-03T20:31:41Z DEBUG sail_execution::task_runner::preparation] job 3 stage 1 partition 0 attempt 0 execution plan
ShuffleWriteExec: partitioning=RoundRobinBatch(16)
  ShuffleReadExec: partitioning=UnknownPartitioning(1)

[2026-10-03T20:31:41Z DEBUG sail_execution::worker::server] RunTaskBatchRequest { job_id: 3, stage: 2, tasks: [TaskAttempt { partition: 15, attempt: 0 }, TaskAttempt { partition: 1, attempt: 0 }, TaskAttempt { partition: 3, attempt: 0 }, TaskAttempt { partition: 5, attempt: 0 }, TaskAttempt { partition: 7, attempt: 0 }, TaskAttempt { partition: 9, attempt: 0 }, TaskAttempt { partition: 11, attempt: 0 }, TaskAttempt { partition: 13, attempt: 0 }], definition: [10, 215, 6, 34, 212, 6, 10, 218, 4, 34, 215, 4, 10, 144, 2, 146, 1, 140, 2, 10, 137, 2, 26, 134, 2, 18, 253, 1, 10, 0, 42, 248, 1, 10, 16, 10, 10, 115, 101, 115, 115, 105, 111, 110, 95, 105, 100, 18, 2, 114, 0, 10, 12, 10, 6, 106, 111, 98, 95, 105, 100, 18, 2, 74, 0, 10, 11, 10, 5, 115, 116, 97, 103, 101, 18, 2, 74, 0, 10, 16, 10, 10, 112, 97, 114, 116, 105, 116, 105, 111, 110, 115, 18, 2, 74, 0, 10, 53, 10, 6, 105, 110, 112, 117, 116, 115, 18, 43, 202, 1, 40, 10, 38, 10, 4, 105, 116, 101, 109, 18, 28, 226, 1, 25, 10, 11, 10, 5, ... (1008 bytes)], peers: [] }
[2026-10-03T20:31:41Z DEBUG sail_execution::task_runner::preparation] job 3 stage 1 partition 0 attempt 0 preparation wait=13.295µs duration=73.523µs
[2026-10-03T20:31:41Z DEBUG sail_execution::task_runner::actor::handler] worker_task_status worker_id=1 job_id=3 stage=2 partition=1 attempt=0 status=RUNNING
[2026-10-03T20:31:41Z DEBUG sail_execution::worker::server] RunTaskBatchResponse
[2026-10-03T20:31:41Z DEBUG sail_execution::task_runner::actor::handler] worker_task_status worker_id=1 job_id=3 stage=2 partition=15 attempt=0 status=RUNNING
[2026-10-03T20:31:41Z DEBUG sail_execution::task_runner::actor::handler] worker_task_status worker_id=1 job_id=3 stage=2 partition=7 attempt=0 status=RUNNING
[2026-10-03T20:31:41Z DEBUG sail_execution::task_runner::actor::handler] worker_task_status worker_id=1 job_id=3 stage=2 partition=3 attempt=0 status=RUNNING
[2026-10-03T20:31:41Z DEBUG sail_execution::task_runner::actor::handler] worker_task_status worker_id=1 job_id=3 stage=2 partition=11 attempt=0 status=RUNNING
[2026-10-03T20:31:41Z DEBUG sail_execution::task_runner::actor::handler] worker_task_status worker_id=1 job_id=3 stage=2 partition=9 attempt=0 status=RUNNING
[2026-10-03T20:31:41Z DEBUG sail_execution::task_runner::actor::handler] worker_task_status worker_id=1 job_id=3 stage=2 partition=5 attempt=0 status=RUNNING
[2026-10-03T20:31:41Z DEBUG sail_execution::task_runner::actor::handler] worker_task_status worker_id=1 job_id=3 stage=2 partition=13 attempt=0 status=RUNNING
[2026-10-03T20:31:41Z DEBUG sail_execution::task_runner::preparation] job 3 stage 2 partition 9 attempt 0 execution plan
ShuffleWriteExec: partitioning=RoundRobinBatch(1)
  ProjectionExec: expr=[#12@0 as session_id, #13@1 as job_id, #14@2 as stage, #15@3 as partitions, #16@4 as inputs, #17@5 as group, #18@6 as mode, #19@7 as distribution, #20@8 as placement, #21@9 as status, #22@10 as created_at, #23@11 as stopped_at]
    ProjectionExec: expr=[session_id@0 as #12, CAST(job_id@1 AS Int64) as #13, CAST(stage@2 AS Int64) as #14, CAST(partitions@3 AS Int64) as #15, CAST(inputs@4 AS List(Struct("stage": Int64, "mode": Utf8))) as #16, group@5 as #17, mode@6 as #18, distribution@7 as #19, placement@8 as #20, status@9 as #21, created_at@10 as #22, stopped_at@11 as #23]
      ShuffleReadExec: partitioning=RoundRobinBatch(16)

[2026-10-03T20:31:41Z DEBUG sail_execution::task_runner::preparation] job 3 stage 2 partition 3 attempt 0 execution plan
ShuffleWriteExec: partitioning=RoundRobinBatch(1)
  ProjectionExec: expr=[#12@0 as session_id, #13@1 as job_id, #14@2 as stage, #15@3 as partitions, #16@4 as inputs, #17@5 as group, #18@6 as mode, #19@7 as distribution, #20@8 as placement, #21@9 as status, #22@10 as created_at, #23@11 as stopped_at]
    ProjectionExec: expr=[session_id@0 as #12, CAST(job_id@1 AS Int64) as #13, CAST(stage@2 AS Int64) as #14, CAST(partitions@3 AS Int64) as #15, CAST(inputs@4 AS List(Struct("stage": Int64, "mode": Utf8))) as #16, group@5 as #17, mode@6 as #18, distribution@7 as #19, placement@8 as #20, status@9 as #21, created_at@10 as #22, stopped_at@11 as #23]
      ShuffleReadExec: partitioning=RoundRobinBatch(16)

[2026-10-03T20:31:41Z DEBUG sail_execution::task_runner::preparation] job 3 stage 2 partition 7 attempt 0 execution plan
ShuffleWriteExec: partitioning=RoundRobinBatch(1)
  ProjectionExec: expr=[#12@0 as session_id, #13@1 as job_id, #14@2 as stage, #15@3 as partitions, #16@4 as inputs, #17@5 as group, #18@6 as mode, #19@7 as distribution, #20@8 as placement, #21@9 as status, #22@10 as created_at, #23@11 as stopped_at]
    ProjectionExec: expr=[session_id@0 as #12, CAST(job_id@1 AS Int64) as #13, CAST(stage@2 AS Int64) as #14, CAST(partitions@3 AS Int64) as #15, CAST(inputs@4 AS List(Struct("stage": Int64, "mode": Utf8))) as #16, group@5 as #17, mode@6 as #18, distribution@7 as #19, placement@8 as #20, status@9 as #21, created_at@10 as #22, stopped_at@11 as #23]
      ShuffleReadExec: partitioning=RoundRobinBatch(16)

[2026-10-03T20:31:41Z DEBUG sail_execution::task_runner::preparation] job 3 stage 2 partition 13 attempt 0 execution plan
ShuffleWriteExec: partitioning=RoundRobinBatch(1)
  ProjectionExec: expr=[#12@0 as session_id, #13@1 as job_id, #14@2 as stage, #15@3 as partitions, #16@4 as inputs, #17@5 as group, #18@6 as mode, #19@7 as distribution, #20@8 as placement, #21@9 as status, #22@10 as created_at, #23@11 as stopped_at]
    ProjectionExec: expr=[session_id@0 as #12, CAST(job_id@1 AS Int64) as #13, CAST(stage@2 AS Int64) as #14, CAST(partitions@3 AS Int64) as #15, CAST(inputs@4 AS List(Struct("stage": Int64, "mode": Utf8))) as #16, group@5 as #17, mode@6 as #18, distribution@7 as #19, placement@8 as #20, status@9 as #21, created_at@10 as #22, stopped_at@11 as #23]
      ShuffleReadExec: partitioning=RoundRobinBatch(16)

[2026-10-03T20:31:41Z DEBUG sail_execution::task_runner::preparation] job 3 stage 2 partition 11 attempt 0 execution plan
ShuffleWriteExec: partitioning=RoundRobinBatch(1)
  ProjectionExec: expr=[#12@0 as session_id, #13@1 as job_id, #14@2 as stage, #15@3 as partitions, #16@4 as inputs, #17@5 as group, #18@6 as mode, #19@7 as distribution, #20@8 as placement, #21@9 as status, #22@10 as created_at, #23@11 as stopped_at]
    ProjectionExec: expr=[session_id@0 as #12, CAST(job_id@1 AS Int64) as #13, CAST(stage@2 AS Int64) as #14, CAST(partitions@3 AS Int64) as #15, CAST(inputs@4 AS List(Struct("stage": Int64, "mode": Utf8))) as #16, group@5 as #17, mode@6 as #18, distribution@7 as #19, placement@8 as #20, status@9 as #21, created_at@10 as #22, stopped_at@11 as #23]
      ShuffleReadExec: partitioning=RoundRobinBatch(16)

[2026-10-03T20:31:41Z DEBUG sail_execution::task_runner::preparation] job 3 stage 2 partition 7 attempt 0 preparation wait=20.309µs duration=438.351µs
[2026-10-03T20:31:41Z DEBUG sail_execution::task_runner::preparation] job 3 stage 2 partition 9 attempt 0 preparation wait=14.222µs duration=292.964µs
[2026-10-03T20:31:41Z DEBUG sail_execution::task_runner::preparation] job 3 stage 2 partition 1 attempt 0 execution plan
ShuffleWriteExec: partitioning=RoundRobinBatch(1)
  ProjectionExec: expr=[#12@0 as session_id, #13@1 as job_id, #14@2 as stage, #15@3 as partitions, #16@4 as inputs, #17@5 as group, #18@6 as mode, #19@7 as distribution, #20@8 as placement, #21@9 as status, #22@10 as created_at, #23@11 as stopped_at]
    ProjectionExec: expr=[session_id@0 as #12, CAST(job_id@1 AS Int64) as #13, CAST(stage@2 AS Int64) as #14, CAST(partitions@3 AS Int64) as #15, CAST(inputs@4 AS List(Struct("stage": Int64, "mode": Utf8))) as #16, group@5 as #17, mode@6 as #18, distribution@7 as #19, placement@8 as #20, status@9 as #21, created_at@10 as #22, stopped_at@11 as #23]
      ShuffleReadExec: partitioning=RoundRobinBatch(16)

[2026-10-03T20:31:41Z DEBUG sail_execution::stream::service::server] TaskStreamKey { job_id: JobId(3), stage: 1, partition: 0, attempt: 0, channel: 4 }
[2026-10-03T20:31:41Z DEBUG sail_execution::task_runner::preparation] job 3 stage 2 partition 5 attempt 0 execution plan
ShuffleWriteExec: partitioning=RoundRobinBatch(1)
  ProjectionExec: expr=[#12@0 as session_id, #13@1 as job_id, #14@2 as stage, #15@3 as partitions, #16@4 as inputs, #17@5 as group, #18@6 as mode, #19@7 as distribution, #20@8 as placement, #21@9 as status, #22@10 as created_at, #23@11 as stopped_at]
    ProjectionExec: expr=[session_id@0 as #12, CAST(job_id@1 AS Int64) as #13, CAST(stage@2 AS Int64) as #14, CAST(partitions@3 AS Int64) as #15, CAST(inputs@4 AS List(Struct("stage": Int64, "mode": Utf8))) as #16, group@5 as #17, mode@6 as #18, distribution@7 as #19, placement@8 as #20, status@9 as #21, created_at@10 as #22, stopped_at@11 as #23]
      ShuffleReadExec: partitioning=RoundRobinBatch(16)

[2026-10-03T20:31:41Z DEBUG sail_execution::task_runner::preparation] job 3 stage 2 partition 15 attempt 0 execution plan
ShuffleWriteExec: partitioning=RoundRobinBatch(1)
  ProjectionExec: expr=[#12@0 as session_id, #13@1 as job_id, #14@2 as stage, #15@3 as partitions, #16@4 as inputs, #17@5 as group, #18@6 as mode, #19@7 as distribution, #20@8 as placement, #21@9 as status, #22@10 as created_at, #23@11 as stopped_at]
    ProjectionExec: expr=[session_id@0 as #12, CAST(job_id@1 AS Int64) as #13, CAST(stage@2 AS Int64) as #14, CAST(partitions@3 AS Int64) as #15, CAST(inputs@4 AS List(Struct("stage": Int64, "mode": Utf8))) as #16, group@5 as #17, mode@6 as #18, distribution@7 as #19, placement@8 as #20, status@9 as #21, created_at@10 as #22, stopped_at@11 as #23]
      ShuffleReadExec: partitioning=RoundRobinBatch(16)

[2026-10-03T20:31:41Z DEBUG sail_execution::task_runner::preparation] job 3 stage 2 partition 13 attempt 0 preparation wait=12.738µs duration=317.342µs
[2026-10-03T20:31:41Z DEBUG sail_execution::task_runner::preparation] job 3 stage 2 partition 11 attempt 0 preparation wait=77.868µs duration=440.696µs
[2026-10-03T20:31:41Z DEBUG sail_execution::task_runner::preparation] job 3 stage 2 partition 3 attempt 0 preparation wait=17.797µs duration=405.303µs
[2026-10-03T20:31:41Z DEBUG sail_execution::stream::service::server] TaskStreamKey { job_id: JobId(3), stage: 2, partition: 1, attempt: 0, channel: 0 }
[2026-10-03T20:31:41Z DEBUG sail_execution::stream::service::server] TaskStreamKey { job_id: JobId(3), stage: 1, partition: 0, attempt: 0, channel: 12 }
[2026-10-03T20:31:41Z DEBUG sail_execution::task_runner::preparation] job 3 stage 2 partition 15 attempt 0 preparation wait=27.285µs duration=740.736µs
[2026-10-03T20:31:41Z DEBUG sail_execution::task_runner::preparation] job 3 stage 2 partition 1 attempt 0 preparation wait=32.277µs duration=644.429µs
[2026-10-03T20:31:41Z DEBUG sail_execution::stream::service::server] TaskStreamKey { job_id: JobId(3), stage: 2, partition: 15, attempt: 0, channel: 0 }
[2026-10-03T20:31:41Z DEBUG sail_execution::task_runner::preparation] job 3 stage 2 partition 5 attempt 0 preparation wait=23.204µs duration=535.674µs
[2026-10-03T20:31:41Z DEBUG sail_execution::stream::service::server] TaskStreamKey { job_id: JobId(3), stage: 1, partition: 0, attempt: 0, channel: 10 }
[2026-10-03T20:31:41Z DEBUG sail_execution::stream::service::server] TaskStreamKey { job_id: JobId(3), stage: 1, partition: 0, attempt: 0, channel: 0 }
[2026-10-03T20:31:41Z DEBUG sail_execution::stream::service::server] TaskStreamKey { job_id: JobId(3), stage: 1, partition: 0, attempt: 0, channel: 6 }
[2026-10-03T20:31:41Z DEBUG sail_execution::stream::service::server] TaskStreamKey { job_id: JobId(3), stage: 1, partition: 0, attempt: 0, channel: 14 }
[2026-10-03T20:31:41Z DEBUG sail_execution::task_runner::actor::handler] worker_task_status worker_id=1 job_id=3 stage=1 partition=0 attempt=0 status=SUCCEEDED
[2026-10-03T20:31:41Z DEBUG sail_execution::stream::service::server] TaskStreamKey { job_id: JobId(3), stage: 2, partition: 3, attempt: 0, channel: 0 }
[2026-10-03T20:31:41Z DEBUG sail_execution::stream::service::server] TaskStreamKey { job_id: JobId(3), stage: 2, partition: 7, attempt: 0, channel: 0 }
[2026-10-03T20:31:41Z DEBUG sail_execution::stream::service::server] TaskStreamKey { job_id: JobId(3), stage: 1, partition: 0, attempt: 0, channel: 2 }
[2026-10-03T20:31:41Z DEBUG sail_execution::stream::service::server] TaskStreamKey { job_id: JobId(3), stage: 1, partition: 0, attempt: 0, channel: 8 }
[2026-10-03T20:31:41Z DEBUG sail_execution::stream::service::server] TaskStreamKey { job_id: JobId(3), stage: 2, partition: 9, attempt: 0, channel: 0 }
[2026-10-03T20:31:41Z DEBUG sail_execution::stream::service::server] TaskStreamKey { job_id: JobId(3), stage: 2, partition: 13, attempt: 0, channel: 0 }
[2026-10-03T20:31:41Z DEBUG sail_execution::stream::service::server] TaskStreamKey { job_id: JobId(3), stage: 2, partition: 5, attempt: 0, channel: 0 }
[2026-10-03T20:31:41Z DEBUG sail_execution::stream::service::server] TaskStreamKey { job_id: JobId(3), stage: 2, partition: 11, attempt: 0, channel: 0 }
[2026-10-03T20:31:41Z DEBUG sail_execution::task_runner::actor::handler] worker_task_status worker_id=1 job_id=3 stage=2 partition=3 attempt=0 status=SUCCEEDED
[2026-10-03T20:31:41Z DEBUG sail_execution::task_runner::actor::handler] worker_task_status worker_id=1 job_id=3 stage=2 partition=1 attempt=0 status=SUCCEEDED
[2026-10-03T20:31:41Z DEBUG sail_execution::task_runner::actor::handler] worker_task_status worker_id=1 job_id=3 stage=2 partition=15 attempt=0 status=SUCCEEDED
[2026-10-03T20:31:41Z DEBUG sail_execution::task_runner::actor::handler] worker_task_status worker_id=1 job_id=3 stage=2 partition=11 attempt=0 status=SUCCEEDED
[2026-10-03T20:31:41Z DEBUG sail_execution::task_runner::actor::handler] worker_task_status worker_id=1 job_id=3 stage=2 partition=7 attempt=0 status=SUCCEEDED
[2026-10-03T20:31:41Z DEBUG sail_execution::task_runner::actor::handler] worker_task_status worker_id=1 job_id=3 stage=2 partition=13 attempt=0 status=SUCCEEDED
[2026-10-03T20:31:41Z DEBUG sail_execution::task_runner::actor::handler] worker_task_status worker_id=1 job_id=3 stage=2 partition=5 attempt=0 status=SUCCEEDED
[2026-10-03T20:31:41Z DEBUG sail_execution::task_runner::actor::handler] worker_task_status worker_id=1 job_id=3 stage=2 partition=9 attempt=0 status=SUCCEEDED
[2026-10-03T20:31:41Z DEBUG sail_execution::worker::server] CleanUpJobRequest { job_id: 3, stage: Some(1) }
[2026-10-03T20:31:41Z DEBUG sail_execution::worker::server] CleanUpJobResponse
[2026-10-03T20:31:41Z DEBUG sail_execution::worker::server] CleanUpJobRequest { job_id: 3, stage: None }
[2026-10-03T20:31:41Z DEBUG sail_execution::worker::server] CleanUpJobResponse
[2026-10-03T20:31:41Z DEBUG sail_execution::worker::server] RunTaskBatchRequest { job_id: 4, stage: 1, tasks: [TaskAttempt { partition: 0, attempt: 0 }], definition: [10, 169, 1, 146, 1, 165, 1, 10, 162, 1, 26, 159, 1, 18, 150, 1, 10, 0, 42, 145, 1, 10, 16, 10, 10, 115, 101, 115, 115, 105, 111, 110, 95, 105, 100, 18, 2, 114, 0, 10, 12, 10, 6, 106, 111, 98, 95, 105, 100, 18, 2, 74, 0, 10, 11, 10, 5, 115, 116, 97, 103, 101, 18, 2, 74, 0, 10, 15, 10, 9, 112, 97, 114, 116, 105, 116, 105, 111, 110, 18, 2, 74, 0, 10, 13, 10, 7, 97, 116, 116, 101, 109, 112, 116, 18, 2, 74, 0, 10, 12, 10, 6, 115, 116, 97, 116, 117, 115, 18, 2, 114, 0, 10, 24, 10, 10, 99, 114, 101, 97, 116, 101, 100, 95, 97, 116, 18, 10, ... (196 bytes)], peers: [] }
[2026-10-03T20:31:41Z DEBUG sail_execution::worker::server] RunTaskBatchResponse
[2026-10-03T20:31:41Z DEBUG sail_execution::task_runner::actor::handler] worker_task_status worker_id=1 job_id=4 stage=1 partition=0 attempt=0 status=RUNNING
[2026-10-03T20:31:41Z DEBUG sail_execution::task_runner::preparation] job 4 stage 1 partition 0 attempt 0 execution plan
ShuffleWriteExec: partitioning=RoundRobinBatch(16)
  ShuffleReadExec: partitioning=UnknownPartitioning(1)

[2026-10-03T20:31:41Z DEBUG sail_execution::task_runner::preparation] job 4 stage 1 partition 0 attempt 0 preparation wait=12.974µs duration=62.163µs
[2026-10-03T20:31:41Z DEBUG sail_execution::worker::server] RunTaskBatchRequest { job_id: 4, stage: 2, tasks: [TaskAttempt { partition: 15, attempt: 0 }, TaskAttempt { partition: 1, attempt: 0 }, TaskAttempt { partition: 3, attempt: 0 }, TaskAttempt { partition: 5, attempt: 0 }, TaskAttempt { partition: 7, attempt: 0 }, TaskAttempt { partition: 9, attempt: 0 }, TaskAttempt { partition: 11, attempt: 0 }, TaskAttempt { partition: 13, attempt: 0 }], definition: [10, 155, 4, 34, 152, 4, 10, 242, 2, 34, 239, 2, 10, 169, 1, 146, 1, 165, 1, 10, 162, 1, 26, 159, 1, 18, 150, 1, 10, 0, 42, 145, 1, 10, 16, 10, 10, 115, 101, 115, 115, 105, 111, 110, 95, 105, 100, 18, 2, 114, 0, 10, 12, 10, 6, 106, 111, 98, 95, 105, 100, 18, 2, 74, 0, 10, 11, 10, 5, 115, 116, 97, 103, 101, 18, 2, 74, 0, 10, 15, 10, 9, 112, 97, 114, 116, 105, 116, 105, 111, 110, 18, 2, 74, 0, 10, 13, 10, 7, 97, 116, 116, 101, 109, 112, 116, 18, 2, 74, 0, 10, 12, 10, 6, 115, 116, 97, 116, 117, 115, 18, 2, 114, 0, 10, 24, 10, 10, ... (692 bytes)], peers: [] }
[2026-10-03T20:31:41Z DEBUG sail_execution::worker::server] RunTaskBatchResponse
[2026-10-03T20:31:41Z DEBUG sail_execution::task_runner::actor::handler] worker_task_status worker_id=1 job_id=4 stage=2 partition=9 attempt=0 status=RUNNING
[2026-10-03T20:31:41Z DEBUG sail_execution::task_runner::actor::handler] worker_task_status worker_id=1 job_id=4 stage=2 partition=7 attempt=0 status=RUNNING
[2026-10-03T20:31:41Z DEBUG sail_execution::task_runner::actor::handler] worker_task_status worker_id=1 job_id=4 stage=2 partition=1 attempt=0 status=RUNNING
[2026-10-03T20:31:41Z DEBUG sail_execution::task_runner::actor::handler] worker_task_status worker_id=1 job_id=4 stage=2 partition=11 attempt=0 status=RUNNING
[2026-10-03T20:31:41Z DEBUG sail_execution::task_runner::actor::handler] worker_task_status worker_id=1 job_id=4 stage=2 partition=5 attempt=0 status=RUNNING
[2026-10-03T20:31:41Z DEBUG sail_execution::task_runner::actor::handler] worker_task_status worker_id=1 job_id=4 stage=2 partition=15 attempt=0 status=RUNNING
[2026-10-03T20:31:41Z DEBUG sail_execution::task_runner::actor::handler] worker_task_status worker_id=1 job_id=4 stage=2 partition=13 attempt=0 status=RUNNING
[2026-10-03T20:31:41Z DEBUG sail_execution::task_runner::actor::handler] worker_task_status worker_id=1 job_id=4 stage=2 partition=3 attempt=0 status=RUNNING
[2026-10-03T20:31:41Z DEBUG sail_execution::task_runner::preparation] job 4 stage 2 partition 1 attempt 0 execution plan
ShuffleWriteExec: partitioning=RoundRobinBatch(1)
  ProjectionExec: expr=[#8@0 as session_id, #9@1 as job_id, #10@2 as stage, #11@3 as partition, #12@4 as attempt, #13@5 as status, #14@6 as created_at, #15@7 as stopped_at]
    ProjectionExec: expr=[session_id@0 as #8, CAST(job_id@1 AS Int64) as #9, CAST(stage@2 AS Int64) as #10, CAST(partition@3 AS Int64) as #11, CAST(attempt@4 AS Int64) as #12, status@5 as #13, created_at@6 as #14, stopped_at@7 as #15]
      ShuffleReadExec: partitioning=RoundRobinBatch(16)

[2026-10-03T20:31:41Z DEBUG sail_execution::task_runner::preparation] job 4 stage 2 partition 15 attempt 0 execution plan
ShuffleWriteExec: partitioning=RoundRobinBatch(1)
  ProjectionExec: expr=[#8@0 as session_id, #9@1 as job_id, #10@2 as stage, #11@3 as partition, #12@4 as attempt, #13@5 as status, #14@6 as created_at, #15@7 as stopped_at]
    ProjectionExec: expr=[session_id@0 as #8, CAST(job_id@1 AS Int64) as #9, CAST(stage@2 AS Int64) as #10, CAST(partition@3 AS Int64) as #11, CAST(attempt@4 AS Int64) as #12, status@5 as #13, created_at@6 as #14, stopped_at@7 as #15]
      ShuffleReadExec: partitioning=RoundRobinBatch(16)

[2026-10-03T20:31:41Z DEBUG sail_execution::task_runner::preparation] job 4 stage 2 partition 1 attempt 0 preparation wait=17.913µs duration=162.826µs
[2026-10-03T20:31:41Z DEBUG sail_execution::task_runner::preparation] job 4 stage 2 partition 11 attempt 0 execution plan
ShuffleWriteExec: partitioning=RoundRobinBatch(1)
  ProjectionExec: expr=[#8@0 as session_id, #9@1 as job_id, #10@2 as stage, #11@3 as partition, #12@4 as attempt, #13@5 as status, #14@6 as created_at, #15@7 as stopped_at]
    ProjectionExec: expr=[session_id@0 as #8, CAST(job_id@1 AS Int64) as #9, CAST(stage@2 AS Int64) as #10, CAST(partition@3 AS Int64) as #11, CAST(attempt@4 AS Int64) as #12, status@5 as #13, created_at@6 as #14, stopped_at@7 as #15]
      ShuffleReadExec: partitioning=RoundRobinBatch(16)

[2026-10-03T20:31:41Z DEBUG sail_execution::task_runner::preparation] job 4 stage 2 partition 5 attempt 0 execution plan
ShuffleWriteExec: partitioning=RoundRobinBatch(1)
  ProjectionExec: expr=[#8@0 as session_id, #9@1 as job_id, #10@2 as stage, #11@3 as partition, #12@4 as attempt, #13@5 as status, #14@6 as created_at, #15@7 as stopped_at]
    ProjectionExec: expr=[session_id@0 as #8, CAST(job_id@1 AS Int64) as #9, CAST(stage@2 AS Int64) as #10, CAST(partition@3 AS Int64) as #11, CAST(attempt@4 AS Int64) as #12, status@5 as #13, created_at@6 as #14, stopped_at@7 as #15]
      ShuffleReadExec: partitioning=RoundRobinBatch(16)

[2026-10-03T20:31:41Z DEBUG sail_execution::task_runner::preparation] job 4 stage 2 partition 9 attempt 0 execution plan
ShuffleWriteExec: partitioning=RoundRobinBatch(1)
  ProjectionExec: expr=[#8@0 as session_id, #9@1 as job_id, #10@2 as stage, #11@3 as partition, #12@4 as attempt, #13@5 as status, #14@6 as created_at, #15@7 as stopped_at]
    ProjectionExec: expr=[session_id@0 as #8, CAST(job_id@1 AS Int64) as #9, CAST(stage@2 AS Int64) as #10, CAST(partition@3 AS Int64) as #11, CAST(attempt@4 AS Int64) as #12, status@5 as #13, created_at@6 as #14, stopped_at@7 as #15]
      ShuffleReadExec: partitioning=RoundRobinBatch(16)

[2026-10-03T20:31:41Z DEBUG sail_execution::task_runner::preparation] job 4 stage 2 partition 5 attempt 0 preparation wait=22.172µs duration=284.808µs
[2026-10-03T20:31:41Z DEBUG sail_execution::task_runner::preparation] job 4 stage 2 partition 13 attempt 0 execution plan
ShuffleWriteExec: partitioning=RoundRobinBatch(1)
  ProjectionExec: expr=[#8@0 as session_id, #9@1 as job_id, #10@2 as stage, #11@3 as partition, #12@4 as attempt, #13@5 as status, #14@6 as created_at, #15@7 as stopped_at]
    ProjectionExec: expr=[session_id@0 as #8, CAST(job_id@1 AS Int64) as #9, CAST(stage@2 AS Int64) as #10, CAST(partition@3 AS Int64) as #11, CAST(attempt@4 AS Int64) as #12, status@5 as #13, created_at@6 as #14, stopped_at@7 as #15]
      ShuffleReadExec: partitioning=RoundRobinBatch(16)

[2026-10-03T20:31:41Z DEBUG sail_execution::stream::service::server] TaskStreamKey { job_id: JobId(4), stage: 1, partition: 0, attempt: 0, channel: 2 }
[2026-10-03T20:31:41Z DEBUG sail_execution::task_runner::preparation] job 4 stage 2 partition 15 attempt 0 preparation wait=17.735µs duration=205.627µs
[2026-10-03T20:31:41Z DEBUG sail_execution::task_runner::preparation] job 4 stage 2 partition 13 attempt 0 preparation wait=18.727µs duration=412.606µs
[2026-10-03T20:31:41Z DEBUG sail_execution::stream::service::server] TaskStreamKey { job_id: JobId(4), stage: 1, partition: 0, attempt: 0, channel: 10 }
[2026-10-03T20:31:41Z DEBUG sail_execution::task_runner::preparation] job 4 stage 2 partition 3 attempt 0 execution plan
ShuffleWriteExec: partitioning=RoundRobinBatch(1)
  ProjectionExec: expr=[#8@0 as session_id, #9@1 as job_id, #10@2 as stage, #11@3 as partition, #12@4 as attempt, #13@5 as status, #14@6 as created_at, #15@7 as stopped_at]
    ProjectionExec: expr=[session_id@0 as #8, CAST(job_id@1 AS Int64) as #9, CAST(stage@2 AS Int64) as #10, CAST(partition@3 AS Int64) as #11, CAST(attempt@4 AS Int64) as #12, status@5 as #13, created_at@6 as #14, stopped_at@7 as #15]
      ShuffleReadExec: partitioning=RoundRobinBatch(16)

[2026-10-03T20:31:41Z DEBUG sail_execution::task_runner::preparation] job 4 stage 2 partition 7 attempt 0 execution plan
ShuffleWriteExec: partitioning=RoundRobinBatch(1)
  ProjectionExec: expr=[#8@0 as session_id, #9@1 as job_id, #10@2 as stage, #11@3 as partition, #12@4 as attempt, #13@5 as status, #14@6 as created_at, #15@7 as stopped_at]
    ProjectionExec: expr=[session_id@0 as #8, CAST(job_id@1 AS Int64) as #9, CAST(stage@2 AS Int64) as #10, CAST(partition@3 AS Int64) as #11, CAST(attempt@4 AS Int64) as #12, status@5 as #13, created_at@6 as #14, stopped_at@7 as #15]
      ShuffleReadExec: partitioning=RoundRobinBatch(16)

[2026-10-03T20:31:41Z DEBUG sail_execution::task_runner::preparation] job 4 stage 2 partition 3 attempt 0 preparation wait=22.267µs duration=534.081µs
[2026-10-03T20:31:41Z DEBUG sail_execution::stream::service::server] TaskStreamKey { job_id: JobId(4), stage: 1, partition: 0, attempt: 0, channel: 12 }
[2026-10-03T20:31:41Z DEBUG sail_execution::task_runner::preparation] job 4 stage 2 partition 11 attempt 0 preparation wait=12.972µs duration=274.198µs
[2026-10-03T20:31:41Z DEBUG sail_execution::stream::service::server] TaskStreamKey { job_id: JobId(4), stage: 1, partition: 0, attempt: 0, channel: 6 }
[2026-10-03T20:31:41Z DEBUG sail_execution::task_runner::preparation] job 4 stage 2 partition 9 attempt 0 preparation wait=13.237µs duration=374.907µs
[2026-10-03T20:31:41Z DEBUG sail_execution::stream::service::server] TaskStreamKey { job_id: JobId(4), stage: 1, partition: 0, attempt: 0, channel: 4 }
[2026-10-03T20:31:41Z DEBUG sail_execution::task_runner::preparation] job 4 stage 2 partition 7 attempt 0 preparation wait=13.492µs duration=600.661µs
[2026-10-03T20:31:41Z DEBUG sail_execution::stream::service::server] TaskStreamKey { job_id: JobId(4), stage: 2, partition: 9, attempt: 0, channel: 0 }
[2026-10-03T20:31:41Z DEBUG sail_execution::stream::service::server] TaskStreamKey { job_id: JobId(4), stage: 1, partition: 0, attempt: 0, channel: 8 }
[2026-10-03T20:31:41Z DEBUG sail_execution::stream::service::server] TaskStreamKey { job_id: JobId(4), stage: 1, partition: 0, attempt: 0, channel: 0 }
[2026-10-03T20:31:41Z DEBUG sail_execution::stream::service::server] TaskStreamKey { job_id: JobId(4), stage: 1, partition: 0, attempt: 0, channel: 14 }
[2026-10-03T20:31:41Z DEBUG sail_execution::stream::service::server] TaskStreamKey { job_id: JobId(4), stage: 2, partition: 7, attempt: 0, channel: 0 }
[2026-10-03T20:31:41Z DEBUG sail_execution::stream::service::server] TaskStreamKey { job_id: JobId(4), stage: 2, partition: 15, attempt: 0, channel: 0 }
[2026-10-03T20:31:41Z DEBUG sail_execution::task_runner::actor::handler] worker_task_status worker_id=1 job_id=4 stage=1 partition=0 attempt=0 status=SUCCEEDED
[2026-10-03T20:31:41Z DEBUG sail_execution::stream::service::server] TaskStreamKey { job_id: JobId(4), stage: 2, partition: 5, attempt: 0, channel: 0 }
[2026-10-03T20:31:41Z DEBUG sail_execution::stream::service::server] TaskStreamKey { job_id: JobId(4), stage: 2, partition: 3, attempt: 0, channel: 0 }
[2026-10-03T20:31:41Z DEBUG sail_execution::stream::service::server] TaskStreamKey { job_id: JobId(4), stage: 2, partition: 13, attempt: 0, channel: 0 }
[2026-10-03T20:31:41Z DEBUG sail_execution::stream::service::server] TaskStreamKey { job_id: JobId(4), stage: 2, partition: 1, attempt: 0, channel: 0 }
[2026-10-03T20:31:41Z DEBUG sail_execution::stream::service::server] TaskStreamKey { job_id: JobId(4), stage: 2, partition: 11, attempt: 0, channel: 0 }
[2026-10-03T20:31:41Z DEBUG sail_execution::task_runner::actor::handler] worker_task_status worker_id=1 job_id=4 stage=2 partition=3 attempt=0 status=SUCCEEDED
[2026-10-03T20:31:41Z DEBUG sail_execution::task_runner::actor::handler] worker_task_status worker_id=1 job_id=4 stage=2 partition=5 attempt=0 status=SUCCEEDED
[2026-10-03T20:31:41Z DEBUG sail_execution::task_runner::actor::handler] worker_task_status worker_id=1 job_id=4 stage=2 partition=1 attempt=0 status=SUCCEEDED
[2026-10-03T20:31:41Z DEBUG sail_execution::task_runner::actor::handler] worker_task_status worker_id=1 job_id=4 stage=2 partition=15 attempt=0 status=SUCCEEDED
[2026-10-03T20:31:41Z DEBUG sail_execution::task_runner::actor::handler] worker_task_status worker_id=1 job_id=4 stage=2 partition=11 attempt=0 status=SUCCEEDED
[2026-10-03T20:31:41Z DEBUG sail_execution::task_runner::actor::handler] worker_task_status worker_id=1 job_id=4 stage=2 partition=7 attempt=0 status=SUCCEEDED
[2026-10-03T20:31:41Z DEBUG sail_execution::task_runner::actor::handler] worker_task_status worker_id=1 job_id=4 stage=2 partition=9 attempt=0 status=SUCCEEDED
[2026-10-03T20:31:41Z DEBUG sail_execution::task_runner::actor::handler] worker_task_status worker_id=1 job_id=4 stage=2 partition=13 attempt=0 status=SUCCEEDED
[2026-10-03T20:31:41Z DEBUG sail_execution::worker::server] CleanUpJobRequest { job_id: 4, stage: Some(1) }
[2026-10-03T20:31:41Z DEBUG sail_execution::worker::server] CleanUpJobResponse
[2026-10-03T20:31:41Z DEBUG sail_execution::worker::server] CleanUpJobRequest { job_id: 4, stage: None }
[2026-10-03T20:31:41Z DEBUG sail_execution::worker::server] CleanUpJobResponse
[2026-10-03T20:31:41Z DEBUG sail_execution::worker::server] RunTaskBatchRequest { job_id: 5, stage: 1, tasks: [TaskAttempt { partition: 0, attempt: 0 }], definition: [10, 155, 1, 146, 1, 151, 1, 10, 148, 1, 26, 145, 1, 18, 136, 1, 10, 0, 42, 131, 1, 10, 16, 10, 10, 115, 101, 115, 115, 105, 111, 110, 95, 105, 100, 18, 2, 114, 0, 10, 15, 10, 9, 119, 111, 114, 107, 101, 114, 95, 105, 100, 18, 2, 74, 0, 10, 12, 10, 4, 104, 111, 115, 116, 18, 2, 114, 0, 24, 1, 10, 12, 10, 4, 112, 111, 114, 116, 18, 2, 42, 0, 24, 1, 10, 12, 10, 6, 115, 116, 97, 116, 117, 115, 18, 2, 114, 0, 10, 24, 10, 10, 99, 114, 101, 97, 116, 101, 100, 95, 97, 116, 18, 10, 162, 1, 7, 8, 2, 18, 3, 85, 84, 67, 10, 26, 10, 10, ... (182 bytes)], peers: [] }
[2026-10-03T20:31:41Z DEBUG sail_execution::worker::server] RunTaskBatchResponse
[2026-10-03T20:31:41Z DEBUG sail_execution::task_runner::actor::handler] worker_task_status worker_id=1 job_id=5 stage=1 partition=0 attempt=0 status=RUNNING
[2026-10-03T20:31:41Z DEBUG sail_execution::task_runner::preparation] job 5 stage 1 partition 0 attempt 0 execution plan
ShuffleWriteExec: partitioning=RoundRobinBatch(16)
  ShuffleReadExec: partitioning=UnknownPartitioning(1)

[2026-10-03T20:31:41Z DEBUG sail_execution::worker::server] RunTaskBatchRequest { job_id: 5, stage: 2, tasks: [TaskAttempt { partition: 15, attempt: 0 }, TaskAttempt { partition: 1, attempt: 0 }, TaskAttempt { partition: 3, attempt: 0 }, TaskAttempt { partition: 5, attempt: 0 }, TaskAttempt { partition: 7, attempt: 0 }, TaskAttempt { partition: 9, attempt: 0 }, TaskAttempt { partition: 11, attempt: 0 }, TaskAttempt { partition: 13, attempt: 0 }], definition: [10, 205, 3, 34, 202, 3, 10, 188, 2, 34, 185, 2, 10, 155, 1, 146, 1, 151, 1, 10, 148, 1, 26, 145, 1, 18, 136, 1, 10, 0, 42, 131, 1, 10, 16, 10, 10, 115, 101, 115, 115, 105, 111, 110, 95, 105, 100, 18, 2, 114, 0, 10, 15, 10, 9, 119, 111, 114, 107, 101, 114, 95, 105, 100, 18, 2, 74, 0, 10, 12, 10, 4, 104, 111, 115, 116, 18, 2, 114, 0, 24, 1, 10, 12, 10, 4, 112, 111, 114, 116, 18, 2, 42, 0, 24, 1, 10, 12, 10, 6, 115, 116, 97, 116, 117, 115, 18, 2, 114, 0, 10, 24, 10, 10, 99, 114, 101, 97, 116, 101, 100, 95, 97, 116, 18, 10, 162, 1, ... (614 bytes)], peers: [] }
[2026-10-03T20:31:41Z DEBUG sail_execution::task_runner::preparation] job 5 stage 1 partition 0 attempt 0 preparation wait=14.875µs duration=70.326µs
[2026-10-03T20:31:41Z DEBUG sail_execution::task_runner::actor::handler] worker_task_status worker_id=1 job_id=5 stage=2 partition=5 attempt=0 status=RUNNING
[2026-10-03T20:31:41Z DEBUG sail_execution::worker::server] RunTaskBatchResponse
[2026-10-03T20:31:41Z DEBUG sail_execution::task_runner::actor::handler] worker_task_status worker_id=1 job_id=5 stage=2 partition=11 attempt=0 status=RUNNING
[2026-10-03T20:31:41Z DEBUG sail_execution::task_runner::actor::handler] worker_task_status worker_id=1 job_id=5 stage=2 partition=7 attempt=0 status=RUNNING
[2026-10-03T20:31:41Z DEBUG sail_execution::task_runner::preparation] job 5 stage 2 partition 11 attempt 0 execution plan
ShuffleWriteExec: partitioning=RoundRobinBatch(1)
  ProjectionExec: expr=[#7@0 as session_id, #8@1 as worker_id, #9@2 as host, #10@3 as port, #11@4 as status, #12@5 as created_at, #13@6 as stopped_at]
    ProjectionExec: expr=[session_id@0 as #7, CAST(worker_id@1 AS Int64) as #8, host@2 as #9, CAST(port@3 AS Int32) as #10, status@4 as #11, created_at@5 as #12, stopped_at@6 as #13]
      ShuffleReadExec: partitioning=RoundRobinBatch(16)

[2026-10-03T20:31:41Z DEBUG sail_execution::task_runner::preparation] job 5 stage 2 partition 1 attempt 0 execution plan
ShuffleWriteExec: partitioning=RoundRobinBatch(1)
  ProjectionExec: expr=[#7@0 as session_id, #8@1 as worker_id, #9@2 as host, #10@3 as port, #11@4 as status, #12@5 as created_at, #13@6 as stopped_at]
    ProjectionExec: expr=[session_id@0 as #7, CAST(worker_id@1 AS Int64) as #8, host@2 as #9, CAST(port@3 AS Int32) as #10, status@4 as #11, created_at@5 as #12, stopped_at@6 as #13]
      ShuffleReadExec: partitioning=RoundRobinBatch(16)

[2026-10-03T20:31:41Z DEBUG sail_execution::task_runner::preparation] job 5 stage 2 partition 15 attempt 0 execution plan
ShuffleWriteExec: partitioning=RoundRobinBatch(1)
  ProjectionExec: expr=[#7@0 as session_id, #8@1 as worker_id, #9@2 as host, #10@3 as port, #11@4 as status, #12@5 as created_at, #13@6 as stopped_at]
    ProjectionExec: expr=[session_id@0 as #7, CAST(worker_id@1 AS Int64) as #8, host@2 as #9, CAST(port@3 AS Int32) as #10, status@4 as #11, created_at@5 as #12, stopped_at@6 as #13]
      ShuffleReadExec: partitioning=RoundRobinBatch(16)

[2026-10-03T20:31:41Z DEBUG sail_execution::task_runner::preparation] job 5 stage 2 partition 7 attempt 0 execution plan
ShuffleWriteExec: partitioning=RoundRobinBatch(1)
  ProjectionExec: expr=[#7@0 as session_id, #8@1 as worker_id, #9@2 as host, #10@3 as port, #11@4 as status, #12@5 as created_at, #13@6 as stopped_at]
    ProjectionExec: expr=[session_id@0 as #7, CAST(worker_id@1 AS Int64) as #8, host@2 as #9, CAST(port@3 AS Int32) as #10, status@4 as #11, created_at@5 as #12, stopped_at@6 as #13]
      ShuffleReadExec: partitioning=RoundRobinBatch(16)

[2026-10-03T20:31:41Z DEBUG sail_execution::task_runner::preparation] job 5 stage 2 partition 3 attempt 0 execution plan
ShuffleWriteExec: partitioning=RoundRobinBatch(1)
  ProjectionExec: expr=[#7@0 as session_id, #8@1 as worker_id, #9@2 as host, #10@3 as port, #11@4 as status, #12@5 as created_at, #13@6 as stopped_at]
    ProjectionExec: expr=[session_id@0 as #7, CAST(worker_id@1 AS Int64) as #8, host@2 as #9, CAST(port@3 AS Int32) as #10, status@4 as #11, created_at@5 as #12, stopped_at@6 as #13]
      ShuffleReadExec: partitioning=RoundRobinBatch(16)

[2026-10-03T20:31:41Z DEBUG sail_execution::task_runner::preparation] job 5 stage 2 partition 7 attempt 0 preparation wait=19.384µs duration=272.657µs
[2026-10-03T20:31:41Z DEBUG sail_execution::task_runner::actor::handler] worker_task_status worker_id=1 job_id=5 stage=2 partition=13 attempt=0 status=RUNNING
[2026-10-03T20:31:41Z DEBUG sail_execution::task_runner::preparation] job 5 stage 2 partition 9 attempt 0 execution plan
ShuffleWriteExec: partitioning=RoundRobinBatch(1)
  ProjectionExec: expr=[#7@0 as session_id, #8@1 as worker_id, #9@2 as host, #10@3 as port, #11@4 as status, #12@5 as created_at, #13@6 as stopped_at]
    ProjectionExec: expr=[session_id@0 as #7, CAST(worker_id@1 AS Int64) as #8, host@2 as #9, CAST(port@3 AS Int32) as #10, status@4 as #11, created_at@5 as #12, stopped_at@6 as #13]
      ShuffleReadExec: partitioning=RoundRobinBatch(16)

[2026-10-03T20:31:41Z DEBUG sail_execution::task_runner::actor::handler] worker_task_status worker_id=1 job_id=5 stage=2 partition=15 attempt=0 status=RUNNING
[2026-10-03T20:31:41Z DEBUG sail_execution::task_runner::preparation] job 5 stage 2 partition 1 attempt 0 preparation wait=21.019µs duration=139.767µs
[2026-10-03T20:31:41Z DEBUG sail_execution::task_runner::preparation] job 5 stage 2 partition 11 attempt 0 preparation wait=23.696µs duration=210.496µs
[2026-10-03T20:31:41Z DEBUG sail_execution::stream::service::server] TaskStreamKey { job_id: JobId(5), stage: 1, partition: 0, attempt: 0, channel: 10 }
[2026-10-03T20:31:41Z DEBUG sail_execution::task_runner::preparation] job 5 stage 2 partition 15 attempt 0 preparation wait=26.231µs duration=236.334µs
[2026-10-03T20:31:41Z DEBUG sail_execution::task_runner::preparation] job 5 stage 2 partition 3 attempt 0 preparation wait=24.525µs duration=293.617µs
[2026-10-03T20:31:41Z DEBUG sail_execution::task_runner::preparation] job 5 stage 2 partition 5 attempt 0 execution plan
ShuffleWriteExec: partitioning=RoundRobinBatch(1)
  ProjectionExec: expr=[#7@0 as session_id, #8@1 as worker_id, #9@2 as host, #10@3 as port, #11@4 as status, #12@5 as created_at, #13@6 as stopped_at]
    ProjectionExec: expr=[session_id@0 as #7, CAST(worker_id@1 AS Int64) as #8, host@2 as #9, CAST(port@3 AS Int32) as #10, status@4 as #11, created_at@5 as #12, stopped_at@6 as #13]
      ShuffleReadExec: partitioning=RoundRobinBatch(16)

[2026-10-03T20:31:41Z DEBUG sail_execution::task_runner::actor::handler] worker_task_status worker_id=1 job_id=5 stage=2 partition=9 attempt=0 status=RUNNING
[2026-10-03T20:31:41Z DEBUG sail_execution::task_runner::preparation] job 5 stage 2 partition 9 attempt 0 preparation wait=24.251µs duration=361.324µs
[2026-10-03T20:31:41Z DEBUG sail_execution::stream::service::server] TaskStreamKey { job_id: JobId(5), stage: 1, partition: 0, attempt: 0, channel: 6 }
[2026-10-03T20:31:41Z DEBUG sail_execution::task_runner::preparation] job 5 stage 2 partition 13 attempt 0 execution plan
ShuffleWriteExec: partitioning=RoundRobinBatch(1)
  ProjectionExec: expr=[#7@0 as session_id, #8@1 as worker_id, #9@2 as host, #10@3 as port, #11@4 as status, #12@5 as created_at, #13@6 as stopped_at]
    ProjectionExec: expr=[session_id@0 as #7, CAST(worker_id@1 AS Int64) as #8, host@2 as #9, CAST(port@3 AS Int32) as #10, status@4 as #11, created_at@5 as #12, stopped_at@6 as #13]
      ShuffleReadExec: partitioning=RoundRobinBatch(16)

[2026-10-03T20:31:41Z DEBUG sail_execution::stream::service::server] TaskStreamKey { job_id: JobId(5), stage: 1, partition: 0, attempt: 0, channel: 8 }
[2026-10-03T20:31:41Z DEBUG sail_execution::task_runner::actor::handler] worker_task_status worker_id=1 job_id=5 stage=2 partition=3 attempt=0 status=RUNNING
[2026-10-03T20:31:41Z DEBUG sail_execution::stream::service::server] TaskStreamKey { job_id: JobId(5), stage: 1, partition: 0, attempt: 0, channel: 12 }
[2026-10-03T20:31:41Z DEBUG sail_execution::task_runner::actor::handler] worker_task_status worker_id=1 job_id=5 stage=2 partition=1 attempt=0 status=RUNNING
[2026-10-03T20:31:41Z DEBUG sail_execution::task_runner::preparation] job 5 stage 2 partition 13 attempt 0 preparation wait=25.188µs duration=686.06µs
[2026-10-03T20:31:41Z DEBUG sail_execution::task_runner::preparation] job 5 stage 2 partition 5 attempt 0 preparation wait=24.564µs duration=618.134µs
[2026-10-03T20:31:41Z DEBUG sail_execution::stream::service::server] TaskStreamKey { job_id: JobId(5), stage: 1, partition: 0, attempt: 0, channel: 14 }
[2026-10-03T20:31:41Z DEBUG sail_execution::stream::service::server] TaskStreamKey { job_id: JobId(5), stage: 1, partition: 0, attempt: 0, channel: 4 }
[2026-10-03T20:31:41Z DEBUG sail_execution::stream::service::server] TaskStreamKey { job_id: JobId(5), stage: 1, partition: 0, attempt: 0, channel: 0 }
[2026-10-03T20:31:41Z DEBUG sail_execution::stream::service::server] TaskStreamKey { job_id: JobId(5), stage: 1, partition: 0, attempt: 0, channel: 2 }
[2026-10-03T20:31:41Z DEBUG sail_execution::stream::service::server] TaskStreamKey { job_id: JobId(5), stage: 2, partition: 11, attempt: 0, channel: 0 }
[2026-10-03T20:31:41Z DEBUG sail_execution::stream::service::server] TaskStreamKey { job_id: JobId(5), stage: 2, partition: 5, attempt: 0, channel: 0 }
[2026-10-03T20:31:41Z DEBUG sail_execution::stream::service::server] TaskStreamKey { job_id: JobId(5), stage: 2, partition: 13, attempt: 0, channel: 0 }
[2026-10-03T20:31:41Z DEBUG sail_execution::stream::service::server] TaskStreamKey { job_id: JobId(5), stage: 2, partition: 7, attempt: 0, channel: 0 }
[2026-10-03T20:31:41Z DEBUG sail_execution::stream::service::server] TaskStreamKey { job_id: JobId(5), stage: 2, partition: 15, attempt: 0, channel: 0 }
[2026-10-03T20:31:41Z DEBUG sail_execution::stream::service::server] TaskStreamKey { job_id: JobId(5), stage: 2, partition: 1, attempt: 0, channel: 0 }
[2026-10-03T20:31:41Z DEBUG sail_execution::stream::service::server] TaskStreamKey { job_id: JobId(5), stage: 2, partition: 3, attempt: 0, channel: 0 }
[2026-10-03T20:31:41Z DEBUG sail_execution::stream::service::server] TaskStreamKey { job_id: JobId(5), stage: 2, partition: 9, attempt: 0, channel: 0 }
[2026-10-03T20:31:41Z DEBUG sail_execution::task_runner::actor::handler] worker_task_status worker_id=1 job_id=5 stage=1 partition=0 attempt=0 status=SUCCEEDED
[2026-10-03T20:31:41Z DEBUG sail_execution::task_runner::actor::handler] worker_task_status worker_id=1 job_id=5 stage=2 partition=1 attempt=0 status=SUCCEEDED
[2026-10-03T20:31:41Z DEBUG sail_execution::task_runner::actor::handler] worker_task_status worker_id=1 job_id=5 stage=2 partition=11 attempt=0 status=SUCCEEDED
[2026-10-03T20:31:41Z DEBUG sail_execution::task_runner::actor::handler] worker_task_status worker_id=1 job_id=5 stage=2 partition=5 attempt=0 status=SUCCEEDED
[2026-10-03T20:31:41Z DEBUG sail_execution::task_runner::actor::handler] worker_task_status worker_id=1 job_id=5 stage=2 partition=3 attempt=0 status=SUCCEEDED
[2026-10-03T20:31:41Z DEBUG sail_execution::task_runner::actor::handler] worker_task_status worker_id=1 job_id=5 stage=2 partition=7 attempt=0 status=SUCCEEDED
[2026-10-03T20:31:41Z DEBUG sail_execution::task_runner::actor::handler] worker_task_status worker_id=1 job_id=5 stage=2 partition=15 attempt=0 status=SUCCEEDED
[2026-10-03T20:31:41Z DEBUG sail_execution::task_runner::actor::handler] worker_task_status worker_id=1 job_id=5 stage=2 partition=13 attempt=0 status=SUCCEEDED
[2026-10-03T20:31:41Z DEBUG sail_execution::task_runner::actor::handler] worker_task_status worker_id=1 job_id=5 stage=2 partition=9 attempt=0 status=SUCCEEDED
[2026-10-03T20:31:41Z DEBUG sail_execution::worker::server] CleanUpJobRequest { job_id: 5, stage: Some(1) }
[2026-10-03T20:31:41Z DEBUG sail_execution::worker::server] CleanUpJobResponse
[2026-10-03T20:31:41Z DEBUG sail_execution::worker::server] CleanUpJobRequest { job_id: 5, stage: None }
[2026-10-03T20:31:41Z DEBUG sail_execution::worker::server] CleanUpJobResponse
[2026-10-03T20:31:41Z DEBUG sail_execution::worker::server] RunTaskBatchRequest { job_id: 6, stage: 1, tasks: [TaskAttempt { partition: 0, attempt: 0 }], definition: [10, 134, 2, 146, 1, 130, 2, 10, 255, 1, 26, 252, 1, 18, 243, 1, 10, 0, 42, 238, 1, 10, 23, 10, 9, 116, 105, 109, 101, 115, 116, 97, 109, 112, 18, 10, 162, 1, 7, 8, 2, 18, 3, 85, 84, 67, 10, 31, 10, 15, 115, 116, 97, 114, 116, 95, 116, 105, 109, 101, 115, 116, 97, 109, 112, 18, 10, 162, 1, 7, 8, 2, 18, 3, 85, 84, 67, 24, 1, 10, 10, 10, 4, 110, 97, 109, 101, 18, 2, 114, 0, 10, 59, 10, 10, 97, 116, 116, 114, 105, 98, 117, 116, 101, 115, 18, 45, 138, 2, 42, 10, 40, 10, 7, 101, 110, 116, 114, 105, 101, 115, 18, 29, 226, 1, 26, 10, 9, ... (289 bytes)], peers: [] }
[2026-10-03T20:31:41Z DEBUG sail_execution::worker::server] RunTaskBatchResponse
[2026-10-03T20:31:41Z DEBUG sail_execution::task_runner::actor::handler] worker_task_status worker_id=1 job_id=6 stage=1 partition=0 attempt=0 status=RUNNING
[2026-10-03T20:31:41Z DEBUG sail_execution::worker::server] RunTaskBatchRequest { job_id: 6, stage: 2, tasks: [TaskAttempt { partition: 15, attempt: 0 }, TaskAttempt { partition: 1, attempt: 0 }, TaskAttempt { partition: 3, attempt: 0 }, TaskAttempt { partition: 5, attempt: 0 }, TaskAttempt { partition: 7, attempt: 0 }, TaskAttempt { partition: 9, attempt: 0 }, TaskAttempt { partition: 11, attempt: 0 }, TaskAttempt { partition: 13, attempt: 0 }], definition: [10, 130, 4, 34, 255, 3, 10, 146, 3, 34, 143, 3, 10, 134, 2, 146, 1, 130, 2, 10, 255, 1, 26, 252, 1, 18, 243, 1, 10, 0, 42, 238, 1, 10, 23, 10, 9, 116, 105, 109, 101, 115, 116, 97, 109, 112, 18, 10, 162, 1, 7, 8, 2, 18, 3, 85, 84, 67, 10, 31, 10, 15, 115, 116, 97, 114, 116, 95, 116, 105, 109, 101, 115, 116, 97, 109, 112, 18, 10, 162, 1, 7, 8, 2, 18, 3, 85, 84, 67, 24, 1, 10, 10, 10, 4, 110, 97, 109, 101, 18, 2, 114, 0, 10, 59, 10, 10, 97, 116, 116, 114, 105, 98, 117, 116, 101, 115, 18, 45, 138, 2, 42, 10, 40, 10, 7, 101, 110, ... (667 bytes)], peers: [] }
[2026-10-03T20:31:41Z DEBUG sail_execution::task_runner::preparation] job 6 stage 1 partition 0 attempt 0 execution plan
ShuffleWriteExec: partitioning=RoundRobinBatch(16)
  ShuffleReadExec: partitioning=UnknownPartitioning(1)

[2026-10-03T20:31:41Z DEBUG sail_execution::task_runner::preparation] job 6 stage 1 partition 0 attempt 0 preparation wait=13.072µs duration=98.618µs
[2026-10-03T20:31:41Z DEBUG sail_execution::worker::server] RunTaskBatchResponse
[2026-10-03T20:31:41Z DEBUG sail_execution::task_runner::actor::handler] worker_task_status worker_id=1 job_id=6 stage=2 partition=9 attempt=0 status=RUNNING
[2026-10-03T20:31:41Z DEBUG sail_execution::task_runner::actor::handler] worker_task_status worker_id=1 job_id=6 stage=2 partition=7 attempt=0 status=RUNNING
[2026-10-03T20:31:41Z DEBUG sail_execution::task_runner::actor::handler] worker_task_status worker_id=1 job_id=6 stage=2 partition=3 attempt=0 status=RUNNING
[2026-10-03T20:31:41Z DEBUG sail_execution::task_runner::actor::handler] worker_task_status worker_id=1 job_id=6 stage=2 partition=5 attempt=0 status=RUNNING
[2026-10-03T20:31:41Z DEBUG sail_execution::task_runner::actor::handler] worker_task_status worker_id=1 job_id=6 stage=2 partition=11 attempt=0 status=RUNNING
[2026-10-03T20:31:41Z DEBUG sail_execution::task_runner::actor::handler] worker_task_status worker_id=1 job_id=6 stage=2 partition=1 attempt=0 status=RUNNING
[2026-10-03T20:31:41Z DEBUG sail_execution::task_runner::actor::handler] worker_task_status worker_id=1 job_id=6 stage=2 partition=15 attempt=0 status=RUNNING
[2026-10-03T20:31:41Z DEBUG sail_execution::task_runner::actor::handler] worker_task_status worker_id=1 job_id=6 stage=2 partition=13 attempt=0 status=RUNNING
[2026-10-03T20:31:41Z DEBUG sail_execution::task_runner::preparation] job 6 stage 2 partition 9 attempt 0 execution plan
ShuffleWriteExec: partitioning=RoundRobinBatch(1)
  ProjectionExec: expr=[#5@0 as timestamp, #6@1 as start_timestamp, #7@2 as name, #8@3 as attributes, #9@4 as value_json]
    ProjectionExec: expr=[timestamp@0 as #5, start_timestamp@1 as #6, name@2 as #7, attributes@3 as #8, to_json(value@4) as #9]
      ShuffleReadExec: partitioning=RoundRobinBatch(16)

[2026-10-03T20:31:41Z DEBUG sail_execution::task_runner::preparation] job 6 stage 2 partition 15 attempt 0 execution plan
ShuffleWriteExec: partitioning=RoundRobinBatch(1)
  ProjectionExec: expr=[#5@0 as timestamp, #6@1 as start_timestamp, #7@2 as name, #8@3 as attributes, #9@4 as value_json]
    ProjectionExec: expr=[timestamp@0 as #5, start_timestamp@1 as #6, name@2 as #7, attributes@3 as #8, to_json(value@4) as #9]
      ShuffleReadExec: partitioning=RoundRobinBatch(16)

[2026-10-03T20:31:41Z DEBUG sail_execution::task_runner::preparation] job 6 stage 2 partition 5 attempt 0 execution plan
ShuffleWriteExec: partitioning=RoundRobinBatch(1)
  ProjectionExec: expr=[#5@0 as timestamp, #6@1 as start_timestamp, #7@2 as name, #8@3 as attributes, #9@4 as value_json]
    ProjectionExec: expr=[timestamp@0 as #5, start_timestamp@1 as #6, name@2 as #7, attributes@3 as #8, to_json(value@4) as #9]
      ShuffleReadExec: partitioning=RoundRobinBatch(16)

[2026-10-03T20:31:41Z DEBUG sail_execution::task_runner::preparation] job 6 stage 2 partition 1 attempt 0 execution plan
ShuffleWriteExec: partitioning=RoundRobinBatch(1)
  ProjectionExec: expr=[#5@0 as timestamp, #6@1 as start_timestamp, #7@2 as name, #8@3 as attributes, #9@4 as value_json]
    ProjectionExec: expr=[timestamp@0 as #5, start_timestamp@1 as #6, name@2 as #7, attributes@3 as #8, to_json(value@4) as #9]
      ShuffleReadExec: partitioning=RoundRobinBatch(16)

[2026-10-03T20:31:41Z DEBUG sail_execution::task_runner::preparation] job 6 stage 2 partition 7 attempt 0 execution plan
ShuffleWriteExec: partitioning=RoundRobinBatch(1)
  ProjectionExec: expr=[#5@0 as timestamp, #6@1 as start_timestamp, #7@2 as name, #8@3 as attributes, #9@4 as value_json]
    ProjectionExec: expr=[timestamp@0 as #5, start_timestamp@1 as #6, name@2 as #7, attributes@3 as #8, to_json(value@4) as #9]
      ShuffleReadExec: partitioning=RoundRobinBatch(16)

[2026-10-03T20:31:41Z DEBUG sail_execution::task_runner::preparation] job 6 stage 2 partition 1 attempt 0 preparation wait=20.984µs duration=244.17µs
[2026-10-03T20:31:41Z DEBUG sail_execution::task_runner::preparation] job 6 stage 2 partition 3 attempt 0 execution plan
ShuffleWriteExec: partitioning=RoundRobinBatch(1)
  ProjectionExec: expr=[#5@0 as timestamp, #6@1 as start_timestamp, #7@2 as name, #8@3 as attributes, #9@4 as value_json]
    ProjectionExec: expr=[timestamp@0 as #5, start_timestamp@1 as #6, name@2 as #7, attributes@3 as #8, to_json(value@4) as #9]
      ShuffleReadExec: partitioning=RoundRobinBatch(16)

[2026-10-03T20:31:41Z DEBUG sail_execution::task_runner::preparation] job 6 stage 2 partition 7 attempt 0 preparation wait=17.458µs duration=314.884µs
[2026-10-03T20:31:41Z DEBUG sail_execution::task_runner::preparation] job 6 stage 2 partition 13 attempt 0 execution plan
ShuffleWriteExec: partitioning=RoundRobinBatch(1)
  ProjectionExec: expr=[#5@0 as timestamp, #6@1 as start_timestamp, #7@2 as name, #8@3 as attributes, #9@4 as value_json]
    ProjectionExec: expr=[timestamp@0 as #5, start_timestamp@1 as #6, name@2 as #7, attributes@3 as #8, to_json(value@4) as #9]
      ShuffleReadExec: partitioning=RoundRobinBatch(16)

[2026-10-03T20:31:41Z DEBUG sail_execution::task_runner::preparation] job 6 stage 2 partition 15 attempt 0 preparation wait=20.467µs duration=167.6µs
[2026-10-03T20:31:41Z DEBUG sail_execution::stream::service::server] TaskStreamKey { job_id: JobId(6), stage: 1, partition: 0, attempt: 0, channel: 8 }
[2026-10-03T20:31:41Z DEBUG sail_execution::task_runner::preparation] job 6 stage 2 partition 11 attempt 0 execution plan
ShuffleWriteExec: partitioning=RoundRobinBatch(1)
  ProjectionExec: expr=[#5@0 as timestamp, #6@1 as start_timestamp, #7@2 as name, #8@3 as attributes, #9@4 as value_json]
    ProjectionExec: expr=[timestamp@0 as #5, start_timestamp@1 as #6, name@2 as #7, attributes@3 as #8, to_json(value@4) as #9]
      ShuffleReadExec: partitioning=RoundRobinBatch(16)

[2026-10-03T20:31:41Z DEBUG sail_execution::task_runner::preparation] job 6 stage 2 partition 9 attempt 0 preparation wait=21.632µs duration=248.52µs
[2026-10-03T20:31:41Z DEBUG sail_execution::task_runner::preparation] job 6 stage 2 partition 3 attempt 0 preparation wait=20.429µs duration=336.263µs
[2026-10-03T20:31:41Z DEBUG sail_execution::task_runner::preparation] job 6 stage 2 partition 13 attempt 0 preparation wait=33.464µs duration=313.967µs
[2026-10-03T20:31:41Z DEBUG sail_execution::task_runner::preparation] job 6 stage 2 partition 5 attempt 0 preparation wait=16.711µs duration=241.002µs
[2026-10-03T20:31:41Z DEBUG sail_execution::task_runner::preparation] job 6 stage 2 partition 11 attempt 0 preparation wait=20.594µs duration=470.754µs
[2026-10-03T20:31:41Z DEBUG sail_execution::task_runner::actor::handler] worker_task_status worker_id=1 job_id=6 stage=1 partition=0 attempt=0 status=SUCCEEDED
[2026-10-03T20:31:41Z DEBUG sail_execution::stream::service::server] TaskStreamKey { job_id: JobId(6), stage: 1, partition: 0, attempt: 0, channel: 14 }
[2026-10-03T20:31:41Z DEBUG sail_execution::stream::service::server] TaskStreamKey { job_id: JobId(6), stage: 1, partition: 0, attempt: 0, channel: 0 }
[2026-10-03T20:31:41Z DEBUG sail_execution::stream::service::server] TaskStreamKey { job_id: JobId(6), stage: 1, partition: 0, attempt: 0, channel: 12 }
[2026-10-03T20:31:41Z DEBUG sail_execution::stream::service::server] TaskStreamKey { job_id: JobId(6), stage: 2, partition: 3, attempt: 0, channel: 0 }
[2026-10-03T20:31:41Z DEBUG sail_execution::stream::service::server] TaskStreamKey { job_id: JobId(6), stage: 2, partition: 5, attempt: 0, channel: 0 }
[2026-10-03T20:31:41Z DEBUG sail_execution::stream::service::server] TaskStreamKey { job_id: JobId(6), stage: 1, partition: 0, attempt: 0, channel: 6 }
[2026-10-03T20:31:41Z DEBUG sail_execution::stream::service::server] TaskStreamKey { job_id: JobId(6), stage: 1, partition: 0, attempt: 0, channel: 4 }
[2026-10-03T20:31:41Z DEBUG sail_execution::stream::service::server] TaskStreamKey { job_id: JobId(6), stage: 1, partition: 0, attempt: 0, channel: 10 }
[2026-10-03T20:31:41Z DEBUG sail_execution::stream::service::server] TaskStreamKey { job_id: JobId(6), stage: 1, partition: 0, attempt: 0, channel: 2 }
[2026-10-03T20:31:41Z DEBUG sail_execution::stream::service::server] TaskStreamKey { job_id: JobId(6), stage: 2, partition: 9, attempt: 0, channel: 0 }
[2026-10-03T20:31:41Z DEBUG sail_execution::task_runner::actor::handler] worker_task_status worker_id=1 job_id=6 stage=2 partition=1 attempt=0 status=SUCCEEDED
[2026-10-03T20:31:41Z DEBUG sail_execution::task_runner::actor::handler] worker_task_status worker_id=1 job_id=6 stage=2 partition=3 attempt=0 status=SUCCEEDED
[2026-10-03T20:31:41Z DEBUG sail_execution::task_runner::actor::handler] worker_task_status worker_id=1 job_id=6 stage=2 partition=5 attempt=0 status=SUCCEEDED
[2026-10-03T20:31:41Z DEBUG sail_execution::task_runner::actor::handler] worker_task_status worker_id=1 job_id=6 stage=2 partition=9 attempt=0 status=SUCCEEDED
[2026-10-03T20:31:41Z DEBUG sail_execution::task_runner::actor::handler] worker_task_status worker_id=1 job_id=6 stage=2 partition=7 attempt=0 status=SUCCEEDED
[2026-10-03T20:31:41Z DEBUG sail_execution::task_runner::actor::handler] worker_task_status worker_id=1 job_id=6 stage=2 partition=11 attempt=0 status=SUCCEEDED
[2026-10-03T20:31:41Z DEBUG sail_execution::task_runner::actor::handler] worker_task_status worker_id=1 job_id=6 stage=2 partition=13 attempt=0 status=SUCCEEDED
[2026-10-03T20:31:41Z DEBUG sail_execution::task_runner::actor::handler] worker_task_status worker_id=1 job_id=6 stage=2 partition=15 attempt=0 status=SUCCEEDED
[2026-10-03T20:31:41Z DEBUG sail_execution::stream::service::server] TaskStreamKey { job_id: JobId(6), stage: 2, partition: 11, attempt: 0, channel: 0 }
[2026-10-03T20:31:41Z DEBUG sail_execution::stream::service::server] TaskStreamKey { job_id: JobId(6), stage: 2, partition: 13, attempt: 0, channel: 0 }
[2026-10-03T20:31:41Z DEBUG sail_execution::stream::service::server] TaskStreamKey { job_id: JobId(6), stage: 2, partition: 15, attempt: 0, channel: 0 }
[2026-10-03T20:31:41Z DEBUG sail_execution::stream::service::server] TaskStreamKey { job_id: JobId(6), stage: 2, partition: 1, attempt: 0, channel: 0 }
[2026-10-03T20:31:41Z DEBUG sail_execution::stream::service::server] TaskStreamKey { job_id: JobId(6), stage: 2, partition: 7, attempt: 0, channel: 0 }
[2026-10-03T20:31:41Z DEBUG sail_execution::worker::server] CleanUpJobRequest { job_id: 6, stage: Some(1) }
[2026-10-03T20:31:41Z DEBUG sail_execution::worker::server] CleanUpJobResponse
[2026-10-03T20:31:41Z DEBUG sail_execution::worker::server] CleanUpJobRequest { job_id: 6, stage: None }
[2026-10-03T20:31:41Z DEBUG sail_execution::worker::server] CleanUpJobResponse
[2026-10-03T20:31:41Z DEBUG sail_execution::worker::server] StopWorkerRequest
[2026-10-03T20:31:41Z DEBUG sail_execution::worker::server] StopWorkerResponse
[2026-10-03T20:31:41Z WARN sail_common::actor] aborting 1 task(s) for TaskRunnerActor
[2026-10-03T20:31:41Z INFO sail_execution::worker::actor::core] worker 1 server has stopped
