Note: switching to 'd2668ec7c7dbd7dd728e3976bcfaba3ae51d14ad'.

You are in 'detached HEAD' state. You can look around, make experimental
changes and commit them, and you can discard any commits you make in this
state without impacting any branches by switching back to a branch.

If you want to create a new branch to retain commits you create, you may
do so (now or later) by using -c with the switch command. Example:

  git switch -c <new-branch-name>

Or undo this operation with:

  git switch -

Turn off this advice by setting config variable advice.detachedHead to false

gate-linux-container.sh: d2668ec7c7dbd7dd728e3976bcfaba3ae51d14ad at d2668ec, image sha256:add46de4d6bc510d9261a6eb88c399d01b61a03e298c13b68c6d6a11f8887bf2, 8 cpus, 32g, started 15:40Z

==> Formatting

==> Graph benchmark formatting

==> Workspace build
[1m[92m    Updating[0m git repository `https://github.com/querygraph/typesec.git`
[1m[92m   Compiling[0m grust-core v0.24.0 (/repo/crates/grust-core)
[1m[92m   Compiling[0m lance-encoding v7.0.0
[1m[92m   Compiling[0m web_atoms v0.1.3
[1m[92m   Compiling[0m phf v0.11.3
[1m[92m   Compiling[0m brotli v8.0.4
[1m[92m   Compiling[0m grust-procedures v0.24.0 (/repo/crates/grust-procedures)
[1m[92m   Compiling[0m grust-cypher v0.24.0 (/repo/crates/grust-cypher)
[1m[92m   Compiling[0m lz4 v1.28.1
[1m[92m   Compiling[0m derive_builder v0.20.2
[1m[92m   Compiling[0m memoffset v0.9.1
[1m[92m   Compiling[0m lance-namespace v7.0.0
[1m[92m   Compiling[0m icu_locale_data v2.3.0
[1m[92m   Compiling[0m icu_collator_data v2.3.0
[1m[92m   Compiling[0m cexpr v0.6.0
[1m[92m   Compiling[0m ghash v0.5.1
[1m[92m   Compiling[0m clang-sys v1.8.1
[1m[92m   Compiling[0m datafusion-pruning v53.1.0
[1m[92m   Compiling[0m ctr v0.9.2
[1m[92m   Compiling[0m aes v0.8.4
[1m[92m   Compiling[0m encoding_rs_io v0.1.7
[1m[92m   Compiling[0m phf_codegen v0.13.1
[1m[92m   Compiling[0m lance-file v7.0.0
[1m[92m   Compiling[0m chacha20 v0.10.2
[1m[92m   Compiling[0m adbc_core v0.24.0
[1m[92m   Compiling[0m fsst v7.0.0
[1m[92m   Compiling[0m aead v0.5.2
[1m[92m   Compiling[0m itertools v0.11.0
[1m[92m   Compiling[0m hyperloglogplus v0.4.1
[1m[92m   Compiling[0m memmap2 v0.9.10
[1m[92m   Compiling[0m async-recursion v1.1.1
[1m[92m   Compiling[0m aristo-macros v0.4.1
[1m[92m   Compiling[0m lazycell v1.3.0
[1m[92m   Compiling[0m mac v0.1.1
[1m[92m   Compiling[0m radium v0.7.0
[1m[92m   Compiling[0m crunchy v0.2.4
[1m[92m   Compiling[0m softaes v0.1.5
[1m[92m   Compiling[0m daachorse v2.1.1
[1m[92m   Compiling[0m rustc-hash v1.1.0
[1m[92m   Compiling[0m shlex v1.3.0
[1m[92m   Compiling[0m bitflags v1.3.2
[1m[92m   Compiling[0m unicode-properties v0.1.4
[1m[92m   Compiling[0m precomputed-hash v0.1.1
[1m[92m   Compiling[0m unicode-bidi v0.3.18
[1m[92m   Compiling[0m string_cache v0.8.9
[1m[92m   Compiling[0m kanaria v0.2.0
[1m[92m   Compiling[0m stringprep v0.1.5
[1m[92m   Compiling[0m bindgen v0.69.5
[1m[92m   Compiling[0m lindera-dictionary v3.0.7
[1m[92m   Compiling[0m aegis v0.9.12
[1m[92m   Compiling[0m futf v0.1.5
[1m[92m   Compiling[0m lance-io v7.0.0
[1m[92m   Compiling[0m aristo v0.4.1
[1m[92m   Compiling[0m aes-gcm v0.10.3
[1m[92m   Compiling[0m grust-arrow v0.24.0 (/repo/crates/grust-arrow)
[1m[92m   Compiling[0m rand v0.10.1
[1m[92m   Compiling[0m jieba-macros v0.9.0
[1m[92m   Compiling[0m datafusion-physical-optimizer v53.1.0
[1m[92m   Compiling[0m icu_collator v2.3.1
[1m[92m   Compiling[0m icu_locale v2.3.1
[1m[92m   Compiling[0m intrusive-collections v0.9.7
[1m[92m   Compiling[0m random_word v0.5.2
[1m[92m   Compiling[0m tonic-prost v0.14.6
[1m[92m   Compiling[0m crc32c v0.6.8
[1m[92m   Compiling[0m branches v0.4.4
[1m[92m   Compiling[0m simsimd v6.5.16
[1m[92m   Compiling[0m uncased v0.9.10
[1m[92m   Compiling[0m turso_parser v0.7.2
[1m[92m   Compiling[0m turso_ext v0.7.2
[1m[92m   Compiling[0m turso_core v0.7.2
[1m[92m   Compiling[0m datafusion-catalog-listing v53.1.0
[1m[92m   Compiling[0m datafusion-functions-table v53.1.0
[1m[92m   Compiling[0m hmac v0.13.0
[1m[92m   Compiling[0m sha2 v0.11.0
[1m[92m   Compiling[0m md-5 v0.11.0
[1m[92m   Compiling[0m datafusion-datasource-arrow v53.1.0
[1m[92m   Compiling[0m datafusion-datasource-csv v53.1.0
[1m[92m   Compiling[0m datafusion-datasource-json v53.1.0
[1m[92m   Compiling[0m arrow-select v55.2.0
[1m[92m   Compiling[0m lance-table v7.0.0
[1m[92m   Compiling[0m lance-datafusion v7.0.0
[1m[92m   Compiling[0m datafusion-optimizer v53.1.0
[1m[92m   Compiling[0m datafusion-functions-window v53.1.0
[1m[92m   Compiling[0m serde_yaml_ng v0.10.0
[1m[92m   Compiling[0m rapidhash v4.4.1
[1m[92m   Compiling[0m polling v3.11.0
[1m[92m   Compiling[0m pack1 v1.1.0
[1m[92m   Compiling[0m fastbloom v0.14.1
[1m[92m   Compiling[0m rand_xoshiro v0.7.0
[1m[92m   Compiling[0m lance-linalg v7.0.0
[1m[92m   Compiling[0m cedarwood v0.4.6
[1m[92m   Compiling[0m option-ext v0.2.0
[1m[92m   Compiling[0m tap v1.0.1
[1m[92m   Compiling[0m pastey v0.2.3
[1m[92m   Compiling[0m base64ct v1.8.3
[1m[92m   Compiling[0m allocator-api2 v0.4.0
[1m[92m   Compiling[0m fallible-iterator v0.3.0
[1m[92m   Compiling[0m cfg_block v0.1.1
[1m[92m   Compiling[0m fallible-iterator v0.2.0
[1m[92m   Compiling[0m unicode-blocks v0.1.9
[1m[92m   Compiling[0m lindera v3.0.7
[1m[92m   Compiling[0m postgres-protocol v0.6.12
[1m[92m   Compiling[0m password-hash v0.5.0
[1m[92m   Compiling[0m wyz v0.5.1
[1m[92m   Compiling[0m dirs-sys v0.5.0
[1m[92m   Compiling[0m jieba-rs v0.9.0
[1m[92m   Compiling[0m lance-datagen v7.0.0
[1m[92m   Compiling[0m datafusion v53.1.0
[1m[92m   Compiling[0m turso_sdk_kit v0.7.2
[1m[92m   Compiling[0m tendril v0.4.3
[1m[92m   Compiling[0m grust-sql-core v0.24.0 (/repo/crates/grust-sql-core)
[1m[92m   Compiling[0m lance-index v7.0.0
[1m[92m   Compiling[0m sha1 v0.10.6
[1m[92m   Compiling[0m env_filter v1.0.1
[1m[92m   Compiling[0m diskann-wide v0.54.0
[1m[92m   Compiling[0m libmimalloc-sys v0.1.49
[1m[92m   Compiling[0m link-cplusplus v1.0.12
[1m[92m   Compiling[0m revision-derive v0.30.0
[1m[92m   Compiling[0m storekey-derive v0.11.0
[1m[92m   Compiling[0m genawaiter-macro v0.99.1
[1m[92m   Compiling[0m symlink v0.1.0
[1m[92m   Compiling[0m funty v2.0.0
[1m[92m   Compiling[0m dtoa v1.0.11
[1m[92m   Compiling[0m rangemap v1.7.1
[1m[92m   Compiling[0m scratch v1.0.9
[1m[92m   Compiling[0m revision v0.30.0
[1m[92m   Compiling[0m dtoa-short v0.3.5
[1m[92m   Compiling[0m bitvec v1.0.1
[1m[92m   Compiling[0m tracing-appender v0.2.5
[1m[92m   Compiling[0m genawaiter v0.99.1
[1m[92m   Compiling[0m storekey v0.11.0
[1m[92m   Compiling[0m diskann-vector v0.54.0
[1m[92m   Compiling[0m env_logger v0.11.10
[1m[92m   Compiling[0m bitpacking v0.9.3
[1m[92m   Compiling[0m markup5ever v0.35.0
[1m[92m   Compiling[0m lance-tokenizer v7.0.0
[1m[92m   Compiling[0m dirs v6.0.0
[1m[92m   Compiling[0m postgres-types v0.2.14
[1m[92m   Compiling[0m ndarray v0.16.1
[1m[92m   Compiling[0m lance v7.0.0
[1m[92m   Compiling[0m hmac v0.12.1
[1m[92m   Compiling[0m crossbeam-queue v0.3.12
[1m[92m   Compiling[0m match_token v0.35.0
[1m[92m   Compiling[0m turso_sdk_kit_macros v0.7.2
[1m[92m   Compiling[0m seize v0.5.1
[1m[92m   Compiling[0m whoami v2.1.2
[1m[92m   Compiling[0m cssparser-macros v0.6.1
[1m[92m   Compiling[0m cxxbridge-flags v1.0.138
[1m[92m   Compiling[0m heck v0.4.1
[1m[92m   Compiling[0m termcolor v1.4.1
[1m[92m   Compiling[0m ciborium-io v0.2.2
[1m[92m   Compiling[0m fastnum v0.7.4
[1m[92m   Compiling[0m ref-cast v1.0.25
[1m[92m   Compiling[0m ciborium-ll v0.2.2
[1m[92m   Compiling[0m codespan-reporting v0.11.1
[1m[92m   Compiling[0m surrealdb-types-derive v3.2.4
[1m[92m   Compiling[0m cxx v1.0.138
[1m[92m   Compiling[0m cssparser v0.35.0
[1m[92m   Compiling[0m tokio-postgres v0.7.18
[1m[92m   Compiling[0m papaya v0.2.4
[1m[92m   Compiling[0m html5ever v0.35.0
[1m[92m   Compiling[0m pbkdf2 v0.12.2
[1m[92m   Compiling[0m diskann-utils v0.54.0
[1m[92m   Compiling[0m turso_sync_engine v0.7.2
[1m[92m   Compiling[0m arrow-cast v55.2.0
[1m[92m   Compiling[0m surrealdb-protocol v0.10.2
[1m[92m   Compiling[0m datafusion-catalog v55.1.0
[1m[92m   Compiling[0m ndarray v0.17.2
[1m[92m   Compiling[0m simple_asn1 v0.6.4
[1m[92m   Compiling[0m blowfish v0.9.1
[1m[92m   Compiling[0m salsa20 v0.10.2
[1m[92m   Compiling[0m datafusion-functions-aggregate v55.1.0
[1m[92m   Compiling[0m rustls-platform-verifier v0.7.0
[1m[92m   Compiling[0m webpki-roots v1.0.7
[1m[92m   Compiling[0m crossbeam-skiplist v0.1.3
[1m[92m   Compiling[0m pem v3.0.6
[1m[92m   Compiling[0m headers-core v0.3.0
[1m[92m   Compiling[0m ulid v1.2.1
[1m[92m   Compiling[0m noisy_float v0.2.1
[1m[92m   Compiling[0m async-stream-impl v0.3.6
[1m[92m   Compiling[0m ref-cast-impl v1.0.25
[1m[92m   Compiling[0m trice v0.4.0
[1m[92m   Compiling[0m bnum v0.12.1
[1m[92m   Compiling[0m deunicode v1.6.2
[1m[92m   Compiling[0m async_cell v0.2.3
[1m[92m   Compiling[0m psl-types v2.0.11
[1m[92m   Compiling[0m data-encoding v2.11.0
[1m[92m   Compiling[0m urlencoding v2.1.3
[1m[92m   Compiling[0m permutation v0.4.1
[1m[92m   Compiling[0m surrealdb-core v3.2.4
[1m[92m   Compiling[0m maplit v1.0.2
[1m[92m   Compiling[0m signature v2.2.0
[1m[92m   Compiling[0m jsonwebtoken v10.4.0
[1m[92m   Compiling[0m ammonia v4.1.2
[1m[92m   Compiling[0m dmp v0.2.3
[1m[92m   Compiling[0m tungstenite v0.28.0
[1m[92m   Compiling[0m addr v0.15.6
[1m[92m   Compiling[0m lexicmp v0.2.0
[1m[92m   Compiling[0m async-stream v0.3.6
[1m[92m   Compiling[0m ndarray-stats v0.7.0
[1m[92m   Compiling[0m surrealdb-types v3.2.4
[1m[92m   Compiling[0m headers v0.4.1
[1m[92m   Compiling[0m webpki-roots v0.26.11
[1m[92m   Compiling[0m reqwest v0.13.4
[1m[92m   Compiling[0m datafusion-functions-nested v55.1.0
[1m[92m   Compiling[0m scrypt v0.11.0
[1m[92m   Compiling[0m bcrypt v0.18.0
[1m[92m   Compiling[0m cxx-build v1.0.138
[1m[92m   Compiling[0m turso_sync_sdk_kit v0.7.2
[1m[92m   Compiling[0m mimalloc v0.1.52
[1m[92m   Compiling[0m diskann v0.54.0
[1m[92m   Compiling[0m grust-postgres-core v0.24.0 (/repo/crates/grust-postgres-core)
[1m[92m   Compiling[0m ciborium v0.2.2
[1m[92m   Compiling[0m surrealdb-strand v3.2.4
[1m[92m   Compiling[0m surrealdb-collections v3.2.4
[1m[92m   Compiling[0m argon2 v0.5.3
[1m[92m   Compiling[0m datafusion-pruning v55.1.0
[1m[92m   Compiling[0m fuzzy-matcher v0.3.7
[1m[92m   Compiling[0m snafu-derive v0.8.9
[1m[92m   Compiling[0m quick_cache v0.6.22
[1m[92m   Compiling[0m faststr v0.2.34
[1m[92m   Compiling[0m sysinfo v0.37.2
[1m[92m   Compiling[0m sonic-simd v0.1.4
[1m[92m   Compiling[0m sonic-number v0.1.2
[1m[92m   Compiling[0m vart v0.9.3
[1m[92m   Compiling[0m vcpkg v0.2.15
[1m[92m   Compiling[0m path-clean v1.0.1
[1m[92m   Compiling[0m surrealdb v3.2.4
[1m[92m   Compiling[0m reblessive v0.4.3
[1m[92m   Compiling[0m grust-sail v0.24.0 (/repo/crates/grust-sail)
[1m[92m   Compiling[0m web-time v1.1.0
[1m[92m   Compiling[0m lance-namespace-impls v7.0.0
[1m[92m   Compiling[0m lbug v0.20.4
[1m[92m   Compiling[0m sonic-rs v0.5.8
[1m[92m   Compiling[0m snafu v0.8.9
[1m[92m   Compiling[0m datafusion-physical-optimizer v55.1.0
[1m[92m   Compiling[0m turso v0.7.2
[1m[92m   Compiling[0m datafusion-sql v55.1.0
[1m[92m   Compiling[0m tokio-tungstenite v0.28.0
[1m[92m   Compiling[0m datafusion-catalog-listing v55.1.0
[1m[92m   Compiling[0m datafusion-functions-table v55.1.0
[1m[92m   Compiling[0m arrow-csv v55.2.0
[1m[92m   Compiling[0m arrow-json v55.2.0
[1m[92m   Compiling[0m arrow-ord v55.2.0
[1m[92m   Compiling[0m arrow-string v55.2.0
[1m[92m   Compiling[0m datafusion-datasource-json v55.1.0
[1m[92m   Compiling[0m datafusion-datasource-arrow v55.1.0
[1m[92m   Compiling[0m datafusion-datasource-csv v55.1.0
[1m[92m   Compiling[0m lance-testing v7.0.0
[1m[92m   Compiling[0m datafusion-functions-window v55.1.0
[1m[92m   Compiling[0m datafusion-optimizer v55.1.0
[1m[92m   Compiling[0m arrow-row v55.2.0
[1m[92m   Compiling[0m arrow-arith v55.2.0
[1m[92m   Compiling[0m cxxbridge-macro v1.0.138
[1m[92m   Compiling[0m scheduled-thread-pool v0.2.7
[1m[92m   Compiling[0m combine v4.6.7
[1m[92m   Compiling[0m boxcar v0.2.14
[1m[92m   Compiling[0m arcstr v1.2.0
[1m[92m   Compiling[0m redis v1.6.0
[1m[92m   Compiling[0m r2d2 v0.8.10
[1m[92m   Compiling[0m arrow v55.2.0
[1m[92m   Compiling[0m datafusion v55.1.0
[1m[92m   Compiling[0m lancedb v0.30.0
[1m[92m   Compiling[0m grust-turso v0.24.0 (/repo/crates/grust-turso)
[1m[92m   Compiling[0m helix-ast v0.1.0
[1m[92m   Compiling[0m grust-algorithms v0.24.0 (/repo/crates/grust-algorithms)
[1m[92m   Compiling[0m typesec-core v0.13.0 (https://github.com/querygraph/typesec.git?rev=1926f18c1d9aab640b16d530214c31f9d1492da6#1926f18c)
[1m[92m   Compiling[0m helix-graph-algorithms v0.1.0
[1m[92m   Compiling[0m helix-dsl-macros v0.3.0
[1m[92m   Compiling[0m typesec-memory v0.13.0 (https://github.com/querygraph/typesec.git?rev=1926f18c1d9aab640b16d530214c31f9d1492da6#1926f18c)
[1m[92m   Compiling[0m helix-db v3.0.0
[1m[92m   Compiling[0m grust-algorithm-procedures v0.24.0 (/repo/crates/grust-algorithm-procedures)
[1m[92m   Compiling[0m grust-datafusion v0.24.0 (/repo/crates/grust-datafusion)
[1m[92m   Compiling[0m grust-lancedb v0.24.0 (/repo/crates/grust-lancedb)
[1m[92m   Compiling[0m grust-falkor v0.24.0 (/repo/crates/grust-falkor)
[1m[92m   Compiling[0m grust-surreal v0.24.0 (/repo/crates/grust-surreal)
[1m[92m   Compiling[0m grust-postgres v0.24.0 (/repo/crates/grust-postgres)
[1m[92m   Compiling[0m grust-pggraph v0.24.0 (/repo/crates/grust-pggraph)
[1m[92m   Compiling[0m grust-postgres-pgq v0.24.0 (/repo/crates/grust-postgres-pgq)
[1m[92m   Compiling[0m grust-beads v0.1.0 (/repo/examples/beads)
[1m[92m   Compiling[0m grust-cocoindex v0.24.0 (/repo/crates/grust-cocoindex)
[1m[92m   Compiling[0m grust-memory v0.24.0 (/repo/crates/grust-memory)
[1m[92m   Compiling[0m grust-graph v0.24.0 (/repo/crates/grust)
[1m[92m   Compiling[0m grust-ladybug v0.24.0 (/repo/crates/grust-ladybug)
[1m[92m   Compiling[0m grust-helix v0.24.0 (/repo/crates/grust-helix)
[1m[92m   Compiling[0m querygraph-memory v0.24.0 (/repo/crates/querygraph-memory)
[1m[92m    Finished[0m `dev` profile [unoptimized + debuginfo] target(s) in 9m 23s

==> Workspace Clippy
[1m[92m Downloading[0m crates ...
[1m[92m  Downloaded[0m anstyle v1.0.14
[1m[92m  Downloaded[0m anes v0.1.6
[1m[92m  Downloaded[0m cast v0.3.0
[1m[92m  Downloaded[0m clap v4.6.1
[1m[92m  Downloaded[0m clap_builder v4.6.0
[1m[92m  Downloaded[0m criterion-plot v0.5.0
[1m[92m  Downloaded[0m clap_lex v1.1.0
[1m[92m  Downloaded[0m criterion v0.5.1
[1m[92m  Downloaded[0m fallible-streaming-iterator v0.1.9
[1m[92m  Downloaded[0m hashlink v0.9.1
[1m[92m  Downloaded[0m is-terminal v0.4.17
[1m[92m  Downloaded[0m itertools v0.10.5
[1m[92m  Downloaded[0m libsqlite3-sys v0.28.0
[1m[92m  Downloaded[0m oorandom v11.1.5
[1m[92m  Downloaded[0m plotters-backend v0.3.7
[1m[92m  Downloaded[0m plotters-svg v0.3.7
[1m[92m  Downloaded[0m plotters v0.3.7
[1m[92m  Downloaded[0m rusqlite v0.31.0
[1m[92m  Downloaded[0m serde_norway v0.9.42
[1m[92m  Downloaded[0m tinytemplate v1.2.1
[1m[92m  Downloaded[0m unsafe-libyaml-norway v0.2.15
[1m[92m    Checking[0m cfg-if v1.0.4
[1m[92m    Checking[0m libc v0.2.186
[1m[92m    Checking[0m serde_core v1.0.228
[1m[92m    Checking[0m memchr v2.8.1
[1m[92m    Checking[0m equivalent v1.0.2
[1m[92m    Checking[0m allocator-api2 v0.2.21
[1m[92m    Checking[0m itoa v1.0.18
[1m[92m    Checking[0m foldhash v0.2.0
[1m[92m    Checking[0m serde v1.0.228
[1m[92m    Checking[0m libm v0.2.16
[1m[92m    Checking[0m hashbrown v0.17.1
[1m[92m    Checking[0m indexmap v2.14.0
[1m[92m    Checking[0m num-traits v0.2.19
[1m[92m    Checking[0m smallvec v1.15.1
[1m[92m    Checking[0m once_cell v1.21.4
[1m[92m    Checking[0m bytes v1.11.1
[1m[92m    Checking[0m zerocopy v0.8.50
[1m[92m    Checking[0m zmij v1.0.21
[1m[92m    Checking[0m serde_json v1.0.150
[1m[92m    Checking[0m getrandom v0.3.4
[1m[92m    Checking[0m rand_core v0.9.5
[1m[92m   Compiling[0m jobserver v0.1.34
[1m[92m   Compiling[0m cc v1.2.63
[1m[92m    Checking[0m ppv-lite86 v0.2.21
[1m[92m    Checking[0m rand_chacha v0.9.0
[1m[92m    Checking[0m rand v0.9.4
[1m[92m    Checking[0m bytemuck v1.25.0
[1m[92m    Checking[0m aho-corasick v1.1.4
[1m[92m    Checking[0m ryu v1.0.23
[1m[92m    Checking[0m regex-syntax v0.8.10
[1m[92m    Checking[0m thiserror v2.0.18
[1m[92m    Checking[0m bitflags v2.11.1
[1m[92m    Checking[0m num-integer v0.1.46
[1m[92m    Checking[0m iana-time-zone v0.1.65
[1m[92m    Checking[0m chrono v0.4.45
[1m[92m    Checking[0m regex-automata v0.4.14
[1m[92m    Checking[0m siphasher v1.0.3
[1m[92m    Checking[0m rand_distr v0.5.1
[1m[92m    Checking[0m half v2.7.1
[1m[92m    Checking[0m ahash v0.8.12
[1m[92m    Checking[0m either v1.16.0
[1m[92m    Checking[0m crossbeam-utils v0.8.21
[1m[92m    Checking[0m regex v1.12.3
[1m[92m    Checking[0m num-complex v0.4.6
[1m[92m    Checking[0m pin-project-lite v0.2.17
[1m[92m    Checking[0m num-bigint v0.4.6
[1m[92m    Checking[0m twox-hash v2.1.2
[1m[92m    Checking[0m futures-core v0.3.32
[1m[92m    Checking[0m phf_shared v0.12.1
[1m[92m    Checking[0m phf v0.12.1
[1m[92m    Checking[0m chrono-tz v0.10.4
[1m[92m    Checking[0m futures-sink v0.3.32
[1m[92m    Checking[0m futures-io v0.3.32
[1m[92m    Checking[0m slab v0.4.12
[1m[92m    Checking[0m scopeguard v1.2.0
[1m[92m    Checking[0m lock_api v0.4.14
[1m[92m    Checking[0m parking_lot_core v0.9.12
[1m[92m    Checking[0m futures-channel v0.3.32
[1m[92m    Checking[0m rand_core v0.10.1
[1m[92m    Checking[0m futures-task v0.3.32
[1m[92m    Checking[0m futures-util v0.3.32
[1m[92m    Checking[0m getrandom v0.4.2
[1m[92m    Checking[0m parking_lot v0.12.5
[1m[92m    Checking[0m flatbuffers v25.12.19
[1m[92m    Checking[0m foldhash v0.1.5
[1m[92m    Checking[0m hashbrown v0.15.5
[1m[92m   Compiling[0m zstd-sys v2.0.16+zstd.1.5.7
[1m[92m    Checking[0m sha1_smol v1.0.1
[1m[92m    Checking[0m log v0.4.30
[1m[92m    Checking[0m unsafe-libyaml v0.2.11
[1m[92m    Checking[0m uuid v1.23.2
[1m[92m    Checking[0m socket2 v0.6.4
[1m[92m    Checking[0m castaway v0.2.4
[1m[92m    Checking[0m errno v0.3.14
[1m[92m    Checking[0m signal-hook-registry v1.4.8
[1m[92m    Checking[0m mio v1.2.1
[1m[92m    Checking[0m stable_deref_trait v1.2.1
[1m[92m    Checking[0m tokio v1.52.3
[1m[92m    Checking[0m static_assertions v1.1.0
[1m[92m    Checking[0m compact_str v0.9.1
[1m[92m    Checking[0m garde v0.23.0
[1m[92m    Checking[0m zod-rs-util v1.0.1
[1m[92m    Checking[0m percent-encoding v2.3.2
[1m[92m    Checking[0m zod-rs v1.0.1
[1m[92m    Checking[0m serde_yaml v0.9.34+deprecated
[1m[92m    Checking[0m quick-xml v0.40.1
[1m[92m    Checking[0m grust-core v0.24.0 (/repo/crates/grust-core)
[1m[92m    Checking[0m zerofrom v0.1.8
[1m[92m    Checking[0m yoke v0.8.3
[1m[92m    Checking[0m crossbeam-epoch v0.9.18
[1m[92m    Checking[0m zerovec v0.11.8
[1m[92m    Checking[0m tracing-core v0.1.36
[1m[92m    Checking[0m writeable v0.6.4
[1m[92m    Checking[0m tracing v0.1.44
[1m[92m    Checking[0m tinystr v0.8.4
[1m[92m    Checking[0m http v1.4.1
[1m[92m    Checking[0m litemap v0.8.2
[1m[92m    Checking[0m icu_locale_core v2.3.0
[1m[92m    Checking[0m potential_utf v0.1.5
[1m[92m    Checking[0m zerotrie v0.2.5
[1m[92m    Checking[0m icu_provider v2.3.1
[1m[92m    Checking[0m arrow-buffer v58.3.0
[1m[92m    Checking[0m arrow-schema v58.3.0
[1m[92m   Compiling[0m zstd-safe v7.2.4
[1m[92m    Checking[0m utf8_iter v1.0.4
[1m[92m    Checking[0m zstd v0.13.3
[1m[92m    Checking[0m icu_collections v2.3.0
[1m[92m    Checking[0m arrow-data v58.3.0
[1m[92m    Checking[0m same-file v1.0.6
[1m[92m    Checking[0m walkdir v2.5.0
[1m[92m    Checking[0m icu_properties_data v2.3.0
[1m[92m    Checking[0m arrow-array v58.3.0
[1m[92m    Checking[0m icu_normalizer_data v2.3.0
[1m[92m    Checking[0m write16 v1.0.0
[1m[92m    Checking[0m utf16_iter v1.0.5
[1m[92m    Checking[0m icu_normalizer v2.3.0
[1m[92m    Checking[0m icu_properties v2.3.0
[1m[92m    Checking[0m base64 v0.22.1
[1m[92m    Checking[0m arrow-select v58.3.0
[1m[92m    Checking[0m lz4_flex v0.13.1
[1m[92m    Checking[0m num-bigint v0.5.1
[1m[92m    Checking[0m arrow-ipc v58.3.0
[1m[92m    Checking[0m arrow-buffer v59.3.0
[1m[92m    Checking[0m arrow-schema v59.3.0
[1m[92m    Checking[0m getrandom v0.2.17
[1m[92m    Checking[0m typenum v1.20.1
[1m[92m    Checking[0m arrow-data v59.3.0
[1m[92m    Checking[0m grust-procedures v0.24.0 (/repo/crates/grust-procedures)
[1m[92m    Checking[0m arrow-array v59.3.0
[1m[92m    Checking[0m simdutf8 v0.1.5
[1m[92m    Checking[0m lz4_flex v0.14.0
[1m[92m    Checking[0m lexical-util v1.0.7
[1m[92m    Checking[0m lexical-parse-integer v1.0.6
[1m[92m    Checking[0m lexical-write-integer v1.0.6
[1m[92m    Checking[0m tokio-util v0.7.18
[1m[92m    Checking[0m arrow-select v59.3.0
[1m[92m    Checking[0m lexical-write-float v1.0.6
[1m[92m    Checking[0m lexical-parse-float v1.0.6
[1m[92m    Checking[0m rand_core v0.6.4
[1m[92m    Checking[0m lexical-core v1.0.6
[1m[92m    Checking[0m atoi v2.0.0
[1m[92m    Checking[0m csv-core v0.1.13
[1m[92m    Checking[0m arrow-ipc v59.3.0
[1m[92m    Checking[0m csv v1.4.0
[1m[92m    Checking[0m unicode-segmentation v1.13.3
[1m[92m    Checking[0m subtle v2.6.1
[1m[92m    Checking[0m generic-array v0.14.7
[1m[92m    Checking[0m linux-raw-sys v0.12.1
[1m[92m    Checking[0m unicode-width v0.2.2
[1m[92m    Checking[0m comfy-table v7.2.2
[1m[92m    Checking[0m num-rational v0.4.2
[1m[92m    Checking[0m num-iter v0.1.45
[1m[92m    Checking[0m fastrand v2.4.1
[1m[92m    Checking[0m num v0.4.3
[1m[92m    Checking[0m crypto-common v0.1.7
[1m[92m    Checking[0m arrow-buffer v55.2.0
[1m[92m    Checking[0m rustix v1.1.4
[1m[92m    Checking[0m arrow-schema v55.2.0
[1m[92m    Checking[0m arrow-data v55.2.0
[1m[92m    Checking[0m arrow-array v55.2.0
[1m[92m    Checking[0m hex v0.4.3
[1m[92m    Checking[0m crossbeam-deque v0.8.6
[1m[92m    Checking[0m rayon-core v1.13.0
[1m[92m    Checking[0m rayon v1.12.0
[1m[92m    Checking[0m tempfile v3.27.0
[1m[92m    Checking[0m idna_adapter v1.2.2
[1m[92m    Checking[0m form_urlencoded v1.2.2
[1m[92m    Checking[0m idna v1.1.0
[1m[92m    Checking[0m byteorder v1.5.0
[1m[92m    Checking[0m url v2.5.8
[1m[92m    Checking[0m cpufeatures v0.2.17
[1m[92m    Checking[0m arrow-ipc v55.2.0
[1m[92m    Checking[0m adbc_core v0.24.0
[1m[92m    Checking[0m futures-executor v0.3.32
[1m[92m   Compiling[0m anyhow v1.0.102
[1m[92m   Compiling[0m itertools v0.14.0
[1m[92m    Checking[0m grust-arrow v0.24.0 (/repo/crates/grust-arrow)
[1m[92m   Compiling[0m cmake v0.1.58
[1m[92m   Compiling[0m prost-derive v0.14.3
[1m[92m    Checking[0m grust-cypher v0.24.0 (/repo/crates/grust-cypher)
[1m[92m    Checking[0m hashbrown v0.14.5
[1m[92m    Checking[0m zeroize v1.8.2
[1m[92m    Checking[0m humantime v2.3.0
[1m[92m    Checking[0m object_store v0.13.2
[1m[92m    Checking[0m http-body v1.0.1
[1m[92m    Checking[0m tower-service v0.3.3
[1m[92m    Checking[0m pin-project v1.1.13
[1m[92m    Checking[0m httparse v1.10.1
[1m[92m   Compiling[0m aws-lc-sys v0.41.0
[1m[92m    Checking[0m arrow-ord v58.3.0
[1m[92m    Checking[0m try-lock v0.2.5
[1m[92m    Checking[0m atomic-waker v1.1.2
[1m[92m    Checking[0m fnv v1.0.7
[1m[92m    Checking[0m httpdate v1.0.3
[1m[92m    Checking[0m h2 v0.4.14
[1m[92m    Checking[0m want v0.3.1
[1m[92m    Checking[0m hyper v1.10.1
[1m[92m    Checking[0m http-body-util v0.1.3
[1m[92m    Checking[0m ipnet v2.12.0
[1m[92m    Checking[0m hyper-util v0.1.20
[1m[92m    Checking[0m arrow-cast v58.3.0
[1m[92m    Checking[0m rustls-pki-types v1.14.1
[1m[92m   Compiling[0m ring v0.17.14
[1m[92m    Checking[0m ciborium-io v0.2.2
[1m[92m    Checking[0m untrusted v0.7.1
[1m[92m    Checking[0m ciborium-ll v0.2.2
[1m[92m    Checking[0m arrow-json v58.3.0
[1m[92m    Checking[0m arrow-csv v58.3.0
[1m[92m    Checking[0m prost v0.14.3
[1m[92m    Checking[0m block-buffer v0.10.4
[1m[92m    Checking[0m arrow-string v58.3.0
[1m[92m    Checking[0m arrow-row v58.3.0
[1m[92m    Checking[0m arrow-arith v58.3.0
[1m[92m    Checking[0m arrow v58.3.0
[1m[92m    Checking[0m digest v0.10.7
[1m[92m    Checking[0m ciborium v0.2.2
[1m[92m    Checking[0m crossbeam-channel v0.5.15
[1m[92m    Checking[0m untrusted v0.9.0
[1m[92m    Checking[0m futures v0.3.32
[1m[92m    Checking[0m roaring v0.11.4
[1m[92m    Checking[0m bigdecimal v0.4.10
[1m[92m    Checking[0m openssl-probe v0.2.1
[1m[92m    Checking[0m rustls-native-certs v0.8.3
[1m[92m    Checking[0m sha2 v0.10.9
[1m[92m    Checking[0m dashmap v6.2.1
[1m[92m    Checking[0m fixedbitset v0.5.7
[1m[92m    Checking[0m petgraph v0.8.3
[1m[92m    Checking[0m hashbrown v0.16.1
[1m[92m    Checking[0m glob v0.3.3
[1m[92m    Checking[0m plotters-backend v0.3.7
[1m[92m    Checking[0m clap_lex v1.1.0
[1m[92m    Checking[0m anstyle v1.0.14
[1m[92m    Checking[0m clap_builder v4.6.0
[1m[92m    Checking[0m plotters-svg v0.3.7
[1m[92m    Checking[0m strum v0.26.3
[1m[92m    Checking[0m inout v0.1.4
[1m[92m    Checking[0m itertools v0.10.5
[1m[92m    Checking[0m cast v0.3.0
[1m[92m    Checking[0m criterion-plot v0.5.0
[1m[92m    Checking[0m cipher v0.4.4
[1m[92m    Checking[0m io-uring v0.7.12
[1m[92m    Checking[0m plotters v0.3.7
[1m[92m    Checking[0m clap v4.6.1
[1m[92m    Checking[0m tokio-stream v0.1.18
[1m[92m    Checking[0m sync_wrapper v1.0.2
[1m[92m    Checking[0m tinytemplate v1.2.1
[1m[92m    Checking[0m is-terminal v0.4.17
[1m[92m    Checking[0m cpufeatures v0.3.0
[1m[92m    Checking[0m mime v0.3.17
[1m[92m    Checking[0m oorandom v11.1.5
[1m[92m    Checking[0m anes v0.1.6
[1m[92m    Checking[0m powerfmt v0.2.0
[1m[92m    Checking[0m tower-layer v0.3.3
[1m[92m   Compiling[0m num-conv v0.2.2
[1m[92m   Compiling[0m time-core v0.1.8
[1m[92m   Compiling[0m time-macros v0.2.27
[1m[92m    Checking[0m deranged v0.5.8
[1m[92m    Checking[0m criterion v0.5.1
[1m[92m    Checking[0m rustc-hash v2.1.2
[1m[92m    Checking[0m time v0.3.47
[1m[92m    Checking[0m tower v0.5.3
[1m[92m    Checking[0m grust-algorithms v0.24.0 (/repo/crates/grust-algorithms)
[1m[92m    Checking[0m arc-swap v1.9.1
[1m[92m    Checking[0m lazy_static v1.5.0
[1m[92m    Checking[0m thread_local v1.1.9
[1m[92m    Checking[0m grust-sql-core v0.24.0 (/repo/crates/grust-sql-core)
[1m[92m    Checking[0m arrayvec v0.7.6
[1m[92m    Checking[0m bumpalo v3.20.3
[1m[92m   Compiling[0m clang-sys v1.8.1
[1m[92m    Checking[0m icu_locale_fallback_data v2.3.0
[1m[92m    Checking[0m universal-hash v0.5.1
[1m[92m    Checking[0m opaque-debug v0.3.1
[1m[92m   Compiling[0m rustix v0.38.44
[1m[92m    Checking[0m polyval v0.6.2
[1m[92m    Checking[0m icu_locale_fallback v2.3.0
[1m[92m    Checking[0m sharded-slab v0.1.7
[1m[92m   Compiling[0m libloading v0.8.9
[1m[92m    Checking[0m tracing-log v0.2.0
[1m[92m    Checking[0m matchers v0.2.0
[1m[92m   Compiling[0m aegis v0.9.12
[1m[92m   Compiling[0m simsimd v6.5.16
[1m[92m    Checking[0m unicode-width v0.1.14
[1m[92m    Checking[0m nu-ansi-term v0.50.3
[1m[92m    Checking[0m tracing-subscriber v0.3.23
[1m[92m   Compiling[0m bindgen v0.69.5
[1m[92m    Checking[0m miette v7.6.0
[1m[92m   Compiling[0m which v4.4.2
[1m[92m    Checking[0m memoffset v0.9.1
[1m[92m    Checking[0m icu_locale_data v2.3.0
[1m[92m    Checking[0m icu_collator_data v2.3.0
[1m[92m    Checking[0m ghash v0.5.1
[1m[92m    Checking[0m ctr v0.9.2
[1m[92m    Checking[0m aes v0.8.4
[1m[92m    Checking[0m sqlparser v0.61.0
[1m[92m   Compiling[0m itertools v0.11.0
[1m[92m    Checking[0m aead v0.5.2
[1m[92m    Checking[0m softaes v0.1.5
[1m[92m    Checking[0m fallible-iterator v0.3.0
[1m[92m    Checking[0m aristo v0.4.1
[1m[92m    Checking[0m aes-gcm v0.10.3
[1m[92m    Checking[0m datafusion-common v53.1.0
[1m[92m    Checking[0m icu_collator v2.3.1
[1m[92m    Checking[0m icu_locale v2.3.1
[1m[92m    Checking[0m intrusive-collections v0.9.7
[1m[92m    Checking[0m crc32c v0.6.8
[1m[92m    Checking[0m branches v0.4.4
[1m[92m    Checking[0m uncased v0.9.10
[1m[92m    Checking[0m turso_parser v0.7.2
[1m[92m    Checking[0m turso_ext v0.7.2
[1m[92m    Checking[0m polling v3.11.0
[1m[92m    Checking[0m rapidhash v4.4.1
[1m[92m    Checking[0m fastbloom v0.14.1
[1m[92m    Checking[0m pack1 v1.1.0
[1m[92m    Checking[0m allocator-api2 v0.4.0
[1m[92m    Checking[0m cfg_block v0.1.1
[1m[92m    Checking[0m turso_core v0.7.2
[1m[92m    Checking[0m datafusion-expr-common v53.1.0
[1m[92m   Compiling[0m turso_sdk_kit v0.7.2
[1m[92m   Compiling[0m aws-lc-rs v1.17.0
[1m[92m   Compiling[0m rustls v0.23.40
[1m[92m    Checking[0m env_filter v1.0.1
[1m[92m   Compiling[0m libmimalloc-sys v0.1.49
[1m[92m    Checking[0m genawaiter-macro v0.99.1
[1m[92m    Checking[0m symlink v0.1.0
[1m[92m    Checking[0m tracing-appender v0.2.5
[1m[92m    Checking[0m genawaiter v0.99.1
[1m[92m    Checking[0m rustls-webpki v0.103.13
[1m[92m    Checking[0m env_logger v0.11.10
[1m[92m    Checking[0m datafusion-physical-expr-common v53.1.0
[1m[92m   Compiling[0m unicase v2.9.0
[1m[92m    Checking[0m turso_sync_engine v0.7.2
[1m[92m    Checking[0m tokio-rustls v0.26.4
[1m[92m    Checking[0m hyper-rustls v0.27.9
[1m[92m    Checking[0m prost-types v0.14.3
[1m[92m    Checking[0m mimalloc v0.1.52
[1m[92m    Checking[0m datafusion-functions-window-common v53.1.0
[1m[92m    Checking[0m datafusion-functions-aggregate-common v53.1.0
[1m[92m   Compiling[0m blake3 v1.8.5
[1m[92m    Checking[0m arrayref v0.3.9
[1m[92m    Checking[0m datafusion-doc v53.1.0
[1m[92m    Checking[0m datafusion-expr v53.1.0
[1m[92m    Checking[0m turso_sync_sdk_kit v0.7.2
[1m[92m    Checking[0m turso v0.7.2
[1m[92m    Checking[0m blake2 v0.10.6
[1m[92m    Checking[0m constant_time_eq v0.4.2
[1m[92m    Checking[0m md-5 v0.10.6
[1m[92m    Checking[0m grust-turso v0.24.0 (/repo/crates/grust-turso)
[1m[92m    Checking[0m grust-memory v0.24.0 (/repo/crates/grust-memory)
[1m[92m   Compiling[0m datafusion-macros v53.1.0
[1m[92m   Compiling[0m psm v0.1.32
[1m[92m    Checking[0m datafusion-physical-expr v53.1.0
[1m[92m    Checking[0m datafusion-execution v53.1.0
[1m[92m    Checking[0m arrow-ord v59.3.0
[1m[92m   Compiling[0m stacker v0.1.25
[1m[92m    Checking[0m base64 v0.23.1
[1m[92m    Checking[0m arrow-cast v59.3.0
[1m[92m    Checking[0m axum-core v0.5.6
[1m[92m    Checking[0m matchit v0.8.4
[1m[92m    Checking[0m datafusion-functions v53.1.0
[1m[92m    Checking[0m axum v0.8.9
[1m[92m    Checking[0m hyper-timeout v0.5.2
[1m[92m    Checking[0m recursive v0.1.1
[1m[92m    Checking[0m arrow-csv v59.3.0
[1m[92m    Checking[0m tonic v0.14.6
[1m[92m    Checking[0m arrow-json v59.3.0
[1m[92m   Compiling[0m phf_shared v0.13.1
[1m[92m    Checking[0m arrow-string v59.3.0
[1m[92m    Checking[0m arrow-row v59.3.0
[1m[92m    Checking[0m arrow-arith v59.3.0
[1m[92m    Checking[0m tonic-prost v0.14.6
[1m[92m   Compiling[0m phf_generator v0.13.1
[1m[92m    Checking[0m arrow v59.3.0
[1m[92m    Checking[0m sqlparser v0.62.0
[1m[92m    Checking[0m itertools v0.15.0
[1m[92m    Checking[0m num_cpus v1.17.0
[1m[92m   Compiling[0m strsim v0.11.1
[1m[92m   Compiling[0m phf_macros v0.13.1
[1m[92m    Checking[0m concurrent-queue v2.5.0
[1m[92m    Checking[0m parking v2.2.1
[1m[92m    Checking[0m tinyvec_macros v0.1.1
[1m[92m    Checking[0m tinyvec v1.11.0
[1m[92m    Checking[0m event-listener v5.4.1
[1m[92m    Checking[0m phf v0.13.1
[1m[92m    Checking[0m simd-adler32 v0.3.9
[1m[92m    Checking[0m adler2 v2.0.1
[1m[92m   Compiling[0m prost-build v0.14.3
[1m[92m    Checking[0m miniz_oxide v0.8.9
[1m[92m    Checking[0m event-listener-strategy v0.5.4
[1m[92m    Checking[0m crc32fast v1.5.0
[1m[92m    Checking[0m unicode-normalization v0.1.25
[1m[92m    Checking[0m encoding_rs v0.8.35
[1m[92m    Checking[0m datafusion-common v55.1.0
[1m[92m    Checking[0m datafusion-doc v55.1.0
[1m[92m   Compiling[0m grust-sail v0.24.0 (/repo/crates/grust-sail)
[1m[92m    Checking[0m flate2 v1.1.9
[1m[92m    Checking[0m compression-core v0.4.32
[1m[92m    Checking[0m compression-codecs v0.4.38
[1m[92m    Checking[0m async-compression v0.4.42
[1m[92m    Checking[0m datafusion-expr-common v55.1.0
[1m[92m    Checking[0m datafusion-physical-expr-common v55.1.0
[1m[92m    Checking[0m datafusion-functions-window-common v55.1.0
[1m[92m    Checking[0m datafusion-functions-aggregate-common v55.1.0
[1m[92m    Checking[0m datafusion-expr v55.1.0
[1m[92m    Checking[0m datafusion-common-runtime v53.1.0
[1m[92m    Checking[0m itertools v0.13.0
[1m[92m    Checking[0m datafusion-physical-expr v55.1.0
[1m[92m   Compiling[0m datafusion-macros v55.1.0
[1m[92m    Checking[0m datafusion-physical-plan v53.1.0
[1m[92m    Checking[0m tower-http v0.6.11
[1m[92m    Checking[0m datafusion-execution v55.1.0
[1m[92m    Checking[0m datafusion-physical-expr-adapter v53.1.0
[1m[92m    Checking[0m datafusion-functions-aggregate v53.1.0
[1m[92m    Checking[0m datafusion-session v53.1.0
[1m[92m    Checking[0m hybrid-array v0.4.12
[1m[92m    Checking[0m ordered-float v5.3.0
[1m[92m    Checking[0m nom v8.0.0
[1m[92m    Checking[0m ethnum v1.5.3
[1m[92m    Checking[0m jiff v0.2.28
[1m[92m    Checking[0m fast-float2 v0.2.3
[1m[92m    Checking[0m datafusion-functions-nested v53.1.0
[1m[92m    Checking[0m jsonb v0.5.6
[1m[92m    Checking[0m datafusion-datasource v53.1.0
[1m[92m    Checking[0m cmov v0.5.4
[1m[92m    Checking[0m ctutils v0.4.2
[1m[92m    Checking[0m lance-arrow v7.0.0
[1m[92m    Checking[0m datafusion-sql v53.1.0
[1m[92m    Checking[0m portable-atomic v1.13.1
[1m[92m    Checking[0m block-buffer v0.12.0
[1m[92m    Checking[0m crypto-common v0.2.2
[1m[92m    Checking[0m datafusion-functions v55.1.0
[1m[92m    Checking[0m async-lock v3.4.2
[1m[92m   Compiling[0m darling_core v0.23.0
[1m[92m    Checking[0m tagptr v0.2.0
[1m[92m    Checking[0m const-oid v0.10.2
[1m[92m    Checking[0m moka v0.12.15
[1m[92m    Checking[0m digest v0.11.3
[1m[92m   Compiling[0m darling_core v0.20.11
[1m[92m    Checking[0m snafu v0.9.1
[1m[92m   Compiling[0m darling_macro v0.23.0
[1m[92m    Checking[0m deepsize v0.2.0
[1m[92m   Compiling[0m mime_guess v2.0.5
[1m[92m   Compiling[0m phf_shared v0.11.3
[1m[92m    Checking[0m thread-tree v0.3.3
[1m[92m    Checking[0m rawpointer v0.2.1
[1m[92m   Compiling[0m darling_macro v0.20.11
[1m[92m    Checking[0m matrixmultiply v0.3.10
[1m[92m    Checking[0m ptr_meta v0.3.1
[1m[92m   Compiling[0m phf_generator v0.11.3
[1m[92m    Checking[0m lance-core v7.0.0
[1m[92m   Compiling[0m darling v0.23.0
[1m[92m    Checking[0m semver v1.0.28
[1m[92m   Compiling[0m serde_with_macros v3.20.0
[1m[92m    Checking[0m rancor v0.1.1
[1m[92m   Compiling[0m darling v0.20.11
[1m[92m    Checking[0m chacha20 v0.10.2
[1m[92m    Checking[0m datafusion-common-runtime v55.1.0
[1m[92m    Checking[0m serde_urlencoded v0.7.1
[1m[92m   Compiling[0m lz4-sys v1.11.1+lz4-1.10.0
[1m[92m    Checking[0m unicode-bidi v0.3.18
[1m[92m    Checking[0m xxhash-rust v0.8.15
[1m[92m    Checking[0m alloc-no-stdlib v2.0.4
[1m[92m    Checking[0m unicode-properties v0.1.4
[1m[92m    Checking[0m alloc-stdlib v0.2.4
[1m[92m    Checking[0m stringprep v0.1.5
[1m[92m    Checking[0m bytecheck v0.8.2
[1m[92m    Checking[0m reqwest v0.12.28
[1m[92m    Checking[0m datafusion-physical-plan v55.1.0
[1m[92m    Checking[0m rand v0.10.1
[1m[92m   Compiling[0m derive_builder_core v0.20.2
[1m[92m    Checking[0m serde_with v3.20.0
[1m[92m    Checking[0m rust_decimal v1.42.0
[1m[92m    Checking[0m hmac v0.13.0
[1m[92m    Checking[0m sha2 v0.11.0
[1m[92m    Checking[0m md-5 v0.11.0
[1m[92m    Checking[0m async-channel v2.5.0
[1m[92m    Checking[0m hash32 v0.3.1
[1m[92m    Checking[0m rust-stemmers v1.2.0
[1m[92m    Checking[0m utf8-ranges v1.0.5
[1m[92m    Checking[0m fallible-iterator v0.2.0
[1m[92m    Checking[0m postgres-protocol v0.6.12
[1m[92m    Checking[0m fst v0.4.7
[1m[92m    Checking[0m lance-namespace-reqwest-client v0.7.7
[1m[92m    Checking[0m munge v0.4.7
[1m[92m    Checking[0m heapless v0.8.0
[1m[92m   Compiling[0m derive_builder_macro v0.20.2
[1m[92m    Checking[0m datafusion-session v55.1.0
[1m[92m    Checking[0m rend v0.5.3
[1m[92m    Checking[0m brotli-decompressor v5.0.3
[1m[92m    Checking[0m datafusion-physical-expr-adapter v55.1.0
[1m[92m    Checking[0m datafusion-catalog v53.1.0
[1m[92m   Compiling[0m lance-encoding v7.0.0
[1m[92m    Checking[0m rand_chacha v0.3.1
[1m[92m    Checking[0m i_float v1.15.0
[1m[92m    Checking[0m stfu8 v0.2.7
[1m[92m    Checking[0m std_prelude v0.2.12
[1m[92m    Checking[0m path_abs v0.5.1
[1m[92m    Checking[0m lance-bitpacking v7.0.0
[1m[92m    Checking[0m rkyv v0.8.16
[1m[92m    Checking[0m i_shape v1.14.0
[1m[92m    Checking[0m rand v0.8.6
[1m[92m    Checking[0m strum v0.28.0
[1m[92m    Checking[0m datafusion-datasource v55.1.0
[1m[92m    Checking[0m brotli v8.0.4
[1m[92m    Checking[0m lance-namespace v7.0.0
[1m[92m    Checking[0m derive_builder v0.20.2
[1m[92m    Checking[0m rstar v0.12.2
[1m[92m    Checking[0m lz4 v1.28.1
[1m[92m    Checking[0m postgres-types v0.2.14
[1m[92m    Checking[0m datafusion-pruning v53.1.0
[1m[92m    Checking[0m encoding_rs_io v0.1.7
[1m[92m   Compiling[0m lance-file v7.0.0
[1m[92m   Compiling[0m phf_codegen v0.13.1
[1m[92m    Checking[0m typesec-core v0.13.0 (https://github.com/querygraph/typesec.git?rev=1926f18c1d9aab640b16d530214c31f9d1492da6#1926f18c)
[1m[92m    Checking[0m fsst v7.0.0
[1m[92m    Checking[0m approx v0.5.1
[1m[92m    Checking[0m hyperloglogplus v0.4.1
[1m[92m    Checking[0m whoami v2.1.2
[1m[92m    Checking[0m memmap2 v0.9.10
[1m[92m    Checking[0m i_tree v0.16.0
[1m[92m    Checking[0m robust v1.2.0
[1m[92m    Checking[0m daachorse v2.1.1
[1m[92m    Checking[0m new_debug_unreachable v1.0.6
[1m[92m    Checking[0m i_key_sort v0.6.0
[1m[92m    Checking[0m bitflags v1.3.2
[1m[92m    Checking[0m kanaria v0.2.0
[1m[92m    Checking[0m lindera-dictionary v3.0.7
[1m[92m    Checking[0m i_overlay v4.0.7
[1m[92m    Checking[0m spade v2.15.1
[1m[92m    Checking[0m earcutr v0.4.3
[1m[92m    Checking[0m lance-io v7.0.0
[1m[92m    Checking[0m tokio-postgres v0.7.18
[1m[92m    Checking[0m geo-types v0.7.19
[1m[92m   Compiling[0m jieba-macros v0.9.0
[1m[92m    Checking[0m datafusion-physical-optimizer v53.1.0
[1m[92m    Checking[0m random_word v0.5.2
[1m[92m    Checking[0m datafusion-catalog-listing v53.1.0
[1m[92m    Checking[0m datafusion-functions-table v53.1.0
[1m[92m   Compiling[0m phf_macros v0.11.3
[1m[92m   Compiling[0m string_cache_codegen v0.5.4
[1m[92m   Compiling[0m phf_codegen v0.11.3
[1m[92m   Compiling[0m libsqlite3-sys v0.28.0
[1m[92m    Checking[0m datafusion-datasource-arrow v53.1.0
[1m[92m    Checking[0m datafusion-datasource-csv v53.1.0
[1m[92m    Checking[0m datafusion-datasource-json v53.1.0
[1m[92m   Compiling[0m lance-table v7.0.0
[1m[92m   Compiling[0m lance-datafusion v7.0.0
[1m[92m    Checking[0m datafusion-optimizer v53.1.0
[1m[92m    Checking[0m datafusion-functions-window v53.1.0
[1m[92m    Checking[0m serde_yaml_ng v0.10.0
[1m[92m   Compiling[0m lance-linalg v7.0.0
[1m[92m    Checking[0m rand_xoshiro v0.7.0
[1m[92m    Checking[0m cedarwood v0.4.6
[1m[92m    Checking[0m geographiclib-rs v0.2.7
[1m[92m    Checking[0m float_next_after v1.0.0
[1m[92m    Checking[0m tap v1.0.1
[1m[92m    Checking[0m unicode-blocks v0.1.9
[1m[92m    Checking[0m sif-itree v0.4.1
[1m[92m    Checking[0m utf-8 v0.7.6
[1m[92m    Checking[0m option-ext v0.2.0
[1m[92m    Checking[0m unsafe-libyaml-norway v0.2.15
[1m[92m    Checking[0m dirs-sys v0.5.0
[1m[92m    Checking[0m geo v0.32.0
[1m[92m    Checking[0m serde_norway v0.9.42
[1m[92m    Checking[0m lindera v3.0.7
[1m[92m    Checking[0m wyz v0.5.1
[1m[92m    Checking[0m jieba-rs v0.9.0
[1m[92m    Checking[0m lance-datagen v7.0.0
[1m[92m    Checking[0m datafusion v53.1.0
[1m[92m   Compiling[0m web_atoms v0.1.3
[1m[92m    Checking[0m phf v0.11.3
[1m[92m    Checking[0m radium v0.7.0
[1m[92m    Checking[0m crunchy v0.2.4
[1m[92m    Checking[0m typesec-memory v0.13.0 (https://github.com/querygraph/typesec.git?rev=1926f18c1d9aab640b16d530214c31f9d1492da6#1926f18c)
[1m[92m   Compiling[0m lance-index v7.0.0
[1m[92m    Checking[0m precomputed-hash v0.1.1
[1m[92m    Checking[0m funty v2.0.0
[1m[92m    Checking[0m mac v0.1.1
[1m[92m    Checking[0m rangemap v1.7.1
[1m[92m    Checking[0m futf v0.1.5
[1m[92m    Checking[0m bitvec v1.0.1
[1m[92m    Checking[0m string_cache v0.8.9
[1m[92m    Checking[0m bitpacking v0.9.3
[1m[92m    Checking[0m lance-tokenizer v7.0.0
[1m[92m    Checking[0m typesec-rbac v0.13.0 (https://github.com/querygraph/typesec.git?rev=1926f18c1d9aab640b16d530214c31f9d1492da6#1926f18c)
[1m[92m    Checking[0m dirs v6.0.0
[1m[92m    Checking[0m grust-postgres-core v0.24.0 (/repo/crates/grust-postgres-core)
[1m[92m    Checking[0m ndarray v0.16.1
[1m[92m   Compiling[0m lance v7.0.0
[1m[92m    Checking[0m hashlink v0.9.1
[1m[92m    Checking[0m crossbeam-queue v0.3.12
[1m[92m    Checking[0m base64ct v1.8.3
[1m[92m    Checking[0m fallible-streaming-iterator v0.1.9
[1m[92m    Checking[0m rusqlite v0.31.0
[1m[92m    Checking[0m password-hash v0.5.0
[1m[92m    Checking[0m tendril v0.4.3
[1m[92m    Checking[0m querygraph-memory v0.24.0 (/repo/crates/querygraph-memory)
[1m[92m    Checking[0m grust-algorithm-procedures v0.24.0 (/repo/crates/grust-algorithm-procedures)
[1m[92m    Checking[0m sha1 v0.10.6
[1m[92m    Checking[0m crossbeam-skiplist v0.1.3
[1m[92m    Checking[0m diskann-wide v0.54.0
[1m[92m    Checking[0m async_cell v0.2.3
[1m[92m    Checking[0m dtoa v1.0.11
[1m[92m    Checking[0m permutation v0.4.1
[1m[92m    Checking[0m diskann-vector v0.54.0
[1m[92m    Checking[0m dtoa-short v0.3.5
[1m[92m    Checking[0m storekey v0.11.0
[1m[92m    Checking[0m revision v0.30.0
[1m[92m    Checking[0m markup5ever v0.35.0
[1m[92m    Checking[0m rustls-platform-verifier v0.7.0
[1m[92m    Checking[0m hmac v0.12.1
[1m[92m    Checking[0m seize v0.5.1
[1m[92m    Checking[0m cssparser v0.35.0
[1m[92m    Checking[0m html5ever v0.35.0
[1m[92m    Checking[0m papaya v0.2.4
[1m[92m    Checking[0m snafu v0.8.9
[1m[92m    Checking[0m pbkdf2 v0.12.2
[1m[92m    Checking[0m reqwest v0.13.4
[1m[92m    Checking[0m diskann-utils v0.54.0
[1m[92m    Checking[0m surrealdb-protocol v0.10.2
[1m[92m    Checking[0m datafusion-catalog v55.1.0
[1m[92m    Checking[0m ndarray v0.17.2
[1m[92m    Checking[0m lance-testing v7.0.0
[1m[92m    Checking[0m datafusion-functions-aggregate v55.1.0
[1m[92m    Checking[0m lance-namespace-impls v7.0.0
[1m[92m    Checking[0m simple_asn1 v0.6.4
[1m[92m    Checking[0m salsa20 v0.10.2
[1m[92m    Checking[0m blowfish v0.9.1
[1m[92m    Checking[0m webpki-roots v1.0.7
[1m[92m    Checking[0m pem v3.0.6
[1m[92m    Checking[0m headers-core v0.3.0
[1m[92m    Checking[0m ulid v1.2.1
[1m[92m    Checking[0m noisy_float v0.2.1
[1m[92m    Checking[0m deunicode v1.6.2
[1m[92m    Checking[0m maplit v1.0.2
[1m[92m    Checking[0m data-encoding v2.11.0
[1m[92m    Checking[0m urlencoding v2.1.3
[1m[92m    Checking[0m psl-types v2.0.11
[1m[92m    Checking[0m signature v2.2.0
[1m[92m    Checking[0m trice v0.4.0
[1m[92m    Checking[0m bnum v0.12.1
[1m[92m    Checking[0m fastnum v0.7.4
[1m[92m    Checking[0m dmp v0.2.3
[1m[92m    Checking[0m jsonwebtoken v10.4.0
[1m[92m    Checking[0m addr v0.15.6
[1m[92m    Checking[0m tungstenite v0.28.0
[1m[92m    Checking[0m ammonia v4.1.2
[1m[92m    Checking[0m lexicmp v0.2.0
[1m[92m    Checking[0m async-stream v0.3.6
[1m[92m    Checking[0m ndarray-stats v0.7.0
[1m[92m    Checking[0m surrealdb-types v3.2.4
[1m[92m    Checking[0m headers v0.4.1
[1m[92m    Checking[0m webpki-roots v0.26.11
[1m[92m    Checking[0m bcrypt v0.18.0
[1m[92m    Checking[0m scrypt v0.11.0
[1m[92m    Checking[0m datafusion-functions-nested v55.1.0
[1m[92m    Checking[0m diskann v0.54.0
[1m[92m    Checking[0m surrealdb-collections v3.2.4
[1m[92m    Checking[0m surrealdb-strand v3.2.4
[1m[92m    Checking[0m argon2 v0.5.3
[1m[92m    Checking[0m lancedb v0.30.0
[1m[92m    Checking[0m datafusion-pruning v55.1.0
[1m[92m    Checking[0m fuzzy-matcher v0.3.7
[1m[92m    Checking[0m quick_cache v0.6.22
[1m[92m    Checking[0m sysinfo v0.37.2
[1m[92m    Checking[0m reblessive v0.4.3
[1m[92m    Checking[0m path-clean v1.0.1
[1m[92m    Checking[0m web-time v1.1.0
[1m[92m    Checking[0m vart v0.9.3
[1m[92m    Checking[0m surrealdb-core v3.2.4
[1m[92m    Checking[0m datafusion-physical-optimizer v55.1.0
[1m[92m    Checking[0m datafusion-sql v55.1.0
[1m[92m    Checking[0m tokio-tungstenite v0.28.0
[1m[92m    Checking[0m datafusion-catalog-listing v55.1.0
[1m[92m    Checking[0m datafusion-functions-table v55.1.0
[1m[92m    Checking[0m datafusion-datasource-json v55.1.0
[1m[92m    Checking[0m datafusion-datasource-arrow v55.1.0
[1m[92m    Checking[0m datafusion-datasource-csv v55.1.0
[1m[92m    Checking[0m datafusion-functions-window v55.1.0
[1m[92m    Checking[0m datafusion-optimizer v55.1.0
[1m[92m    Checking[0m scheduled-thread-pool v0.2.7
[1m[92m    Checking[0m combine v4.6.7
[1m[92m    Checking[0m arcstr v1.2.0
[1m[92m    Checking[0m boxcar v0.2.14
[1m[92m    Checking[0m redis v1.6.0
[1m[92m    Checking[0m r2d2 v0.8.10
[1m[92m    Checking[0m datafusion v55.1.0
[1m[92m    Checking[0m surrealdb v3.2.4
[1m[92m    Checking[0m grust-lancedb v0.24.0 (/repo/crates/grust-lancedb)
[1m[92m    Checking[0m grust-cocoindex v0.24.0 (/repo/crates/grust-cocoindex)
[1m[92m    Checking[0m grust-surreal v0.24.0 (/repo/crates/grust-surreal)
[1m[92m    Checking[0m grust-datafusion v0.24.0 (/repo/crates/grust-datafusion)
[1m[92m    Checking[0m grust-falkor v0.24.0 (/repo/crates/grust-falkor)
[1m[92m    Checking[0m grust-postgres v0.24.0 (/repo/crates/grust-postgres)
[1m[92m    Checking[0m grust-pggraph v0.24.0 (/repo/crates/grust-pggraph)
[1m[92m    Checking[0m grust-postgres-pgq v0.24.0 (/repo/crates/grust-postgres-pgq)
[1m[92m    Checking[0m arrow-select v55.2.0
[1m[92m   Compiling[0m link-cplusplus v1.0.12
[1m[92m    Checking[0m grust-graph v0.24.0 (/repo/crates/grust)
[1m[92m   Compiling[0m codespan-reporting v0.11.1
[1m[92m   Compiling[0m cxx v1.0.138
[1m[92m    Checking[0m arrow-cast v55.2.0
[1m[92m   Compiling[0m cxx-build v1.0.138
[1m[92m    Checking[0m ref-cast v1.0.25
[1m[92m   Compiling[0m lbug v0.20.4
[1m[92m    Checking[0m arrow-csv v55.2.0
[1m[92m    Checking[0m arrow-json v55.2.0
[1m[92m    Checking[0m arrow-ord v55.2.0
[1m[92m    Checking[0m arrow-string v55.2.0
[1m[92m    Checking[0m arrow-row v55.2.0
[1m[92m    Checking[0m arrow-arith v55.2.0
[1m[92m    Checking[0m faststr v0.2.34
[1m[92m    Checking[0m sonic-number v0.1.2
[1m[92m    Checking[0m sonic-simd v0.1.4
[1m[92m    Checking[0m arrow v55.2.0
[1m[92m    Checking[0m sonic-rs v0.5.8
[1m[92m    Checking[0m helix-ast v0.1.0
[1m[92m    Checking[0m grust-beads v0.1.0 (/repo/examples/beads)
[1m[92m    Checking[0m helix-graph-algorithms v0.1.0
[1m[92m    Checking[0m helix-db v3.0.0
[1m[92m    Checking[0m grust-helix v0.24.0 (/repo/crates/grust-helix)
[1m[92m    Checking[0m grust-ladybug v0.24.0 (/repo/crates/grust-ladybug)
[1m[92m    Finished[0m `dev` profile [unoptimized + debuginfo] target(s) in 10m 06s

==> Graph benchmark Clippy
[1m[92m    Updating[0m crates.io index
[1m[92m Downloading[0m crates ...
[1m[92m  Downloaded[0m arc-swap v1.9.2
[1m[92m  Downloaded[0m block-buffer v0.12.1
[1m[92m  Downloaded[0m bitflags v2.13.1
[1m[92m  Downloaded[0m cfg_aliases v0.2.2
[1m[92m  Downloaded[0m bytemuck_derive v1.12.0
[1m[92m  Downloaded[0m cpufeatures v0.3.1
[1m[92m  Downloaded[0m anyhow v1.0.104
[1m[92m  Downloaded[0m clang-sys v1.9.1
[1m[92m  Downloaded[0m bytemuck v1.25.2
[1m[92m  Downloaded[0m crossbeam-epoch v0.9.20
[1m[92m  Downloaded[0m crossbeam-utils v0.8.22
[1m[92m  Downloaded[0m bytes v1.12.1
[1m[92m  Downloaded[0m cc v1.4.4
[1m[92m  Downloaded[0m crossbeam-channel v0.5.16
[1m[92m  Downloaded[0m aho-corasick v1.1.5
[1m[92m  Downloaded[0m env_logger v0.11.11
[1m[92m  Downloaded[0m aegis v0.9.15
[1m[92m  Downloaded[0m displaydoc v0.2.7
[1m[92m  Downloaded[0m either v1.18.0
[1m[92m  Downloaded[0m env_filter v2.0.0
[1m[92m  Downloaded[0m fastrand v2.5.0
[1m[92m  Downloaded[0m futures-channel v0.3.34
[1m[92m  Downloaded[0m futures-sink v0.3.34
[1m[92m  Downloaded[0m find-msvc-tools v0.1.11
[1m[92m  Downloaded[0m futures-task v0.3.34
[1m[92m  Downloaded[0m futures-core v0.3.34
[1m[92m  Downloaded[0m futures-util v0.3.34
[1m[92m  Downloaded[0m glob v0.3.4
[1m[92m  Downloaded[0m getrandom v0.4.3
[1m[92m  Downloaded[0m http v1.5.0
[1m[92m  Downloaded[0m hybrid-array v0.4.14
[1m[92m  Downloaded[0m itertools v0.12.1
[1m[92m  Downloaded[0m indexmap v2.14.1
[1m[92m  Downloaded[0m io-uring v0.7.14
[1m[92m  Downloaded[0m litemap v0.8.3
[1m[92m  Downloaded[0m log v0.4.34
[1m[92m  Downloaded[0m memchr v2.8.3
[1m[92m  Downloaded[0m libc v0.2.189
[1m[92m  Downloaded[0m mio v1.2.3
[1m[92m  Downloaded[0m num-integer v0.1.47
[1m[92m  Downloaded[0m num-bigint v0.4.8
[1m[92m  Downloaded[0m potential_utf v0.1.6
[1m[92m  Downloaded[0m proc-macro2 v1.0.107
[1m[92m  Downloaded[0m quote v1.0.47
[1m[92m  Downloaded[0m prost-derive v0.14.4
[1m[92m  Downloaded[0m prost v0.14.4
[1m[92m  Downloaded[0m rand v0.9.5
[1m[92m  Downloaded[0m rapidhash v4.5.1
[1m[92m  Downloaded[0m rand v0.10.2
[1m[92m  Downloaded[0m regex v1.13.1
[1m[92m  Downloaded[0m regex-syntax v0.8.11
[1m[92m  Downloaded[0m roaring v0.11.5
[1m[92m  Downloaded[0m rustc-hash v2.1.3
[1m[92m  Downloaded[0m regex-automata v0.4.18
[1m[92m  Downloaded[0m rustversion v1.0.23
[1m[92m  Downloaded[0m branches v0.4.6
[1m[92m  Downloaded[0m serde_core v1.0.229
[1m[92m  Downloaded[0m serde v1.0.229
[1m[92m  Downloaded[0m serde_derive v1.0.229
[1m[92m  Downloaded[0m serde_json v1.0.151
[1m[92m  Downloaded[0m smallvec v1.16.0
[1m[92m  Downloaded[0m socket2 v0.6.5
[1m[92m  Downloaded[0m time-macros v0.2.32
[1m[92m  Downloaded[0m syn v2.0.119
[1m[92m  Downloaded[0m thiserror v2.0.20
[1m[92m  Downloaded[0m time-core v0.1.9
[1m[92m  Downloaded[0m time v0.3.55
[1m[92m  Downloaded[0m tinyvec v1.13.2
[1m[92m  Downloaded[0m thiserror-impl v2.0.20
[1m[92m  Downloaded[0m thread_local v1.1.10
[1m[92m  Downloaded[0m tokio-macros v2.7.2
[1m[92m  Downloaded[0m tokio-util v0.7.19
[1m[92m  Downloaded[0m tokio v1.53.1
[1m[92m  Downloaded[0m twox-hash v2.1.4
[1m[92m  Downloaded[0m uuid v1.26.0
[1m[92m  Downloaded[0m whoami v2.1.3
[1m[92m  Downloaded[0m zmij v1.0.23
[1m[92m  Downloaded[0m zerocopy v0.8.56
[1m[92m   Compiling[0m proc-macro2 v1.0.107
[1m[92m   Compiling[0m quote v1.0.47
[1m[92m   Compiling[0m libc v0.2.189
[1m[92m   Compiling[0m syn v3.0.4
[1m[92m   Compiling[0m syn v2.0.119
[1m[92m    Checking[0m memchr v2.8.3
[1m[92m   Compiling[0m synstructure v0.13.2
[1m[92m    Checking[0m getrandom v0.2.17
[1m[92m   Compiling[0m serde_core v1.0.229
[1m[92m   Compiling[0m zerofrom-derive v0.1.7
[1m[92m   Compiling[0m yoke-derive v0.8.2
[1m[92m   Compiling[0m getrandom v0.4.3
[1m[92m    Checking[0m zerofrom v0.1.8
[1m[92m    Checking[0m yoke v0.8.3
[1m[92m    Checking[0m rand_core v0.6.4
[1m[92m   Compiling[0m zerovec-derive v0.11.6
[1m[92m    Checking[0m crypto-common v0.1.7
[1m[92m    Checking[0m zerovec v0.11.8
[1m[92m   Compiling[0m displaydoc v0.2.7
[1m[92m   Compiling[0m thiserror v2.0.20
[1m[92m   Compiling[0m thiserror-impl v2.0.20
[1m[92m   Compiling[0m zmij v1.0.23
[1m[92m   Compiling[0m serde v1.0.229
[1m[92m    Checking[0m cpufeatures v0.3.1
[1m[92m    Checking[0m smallvec v1.16.0
[1m[92m   Compiling[0m serde_json v1.0.151
[1m[92m    Checking[0m tinystr v0.8.4
[1m[92m   Compiling[0m num-traits v0.2.19
[1m[92m   Compiling[0m serde_derive v1.0.229
[1m[92m    Checking[0m log v0.4.34
[1m[92m    Checking[0m litemap v0.8.3
[1m[92m   Compiling[0m find-msvc-tools v0.1.11
[1m[92m   Compiling[0m rustversion v1.0.23
[1m[92m   Compiling[0m either v1.18.0
[1m[92m   Compiling[0m cc v1.4.4
[1m[92m    Checking[0m icu_locale_core v2.3.0
[1m[92m    Checking[0m chacha20 v0.10.2
[1m[92m    Checking[0m potential_utf v0.1.6
[1m[92m    Checking[0m zerotrie v0.2.5
[1m[92m    Checking[0m bytes v1.12.1
[1m[92m    Checking[0m icu_provider v2.3.1
[1m[92m    Checking[0m rand v0.10.2
[1m[92m    Checking[0m aho-corasick v1.1.5
[1m[92m    Checking[0m bitflags v2.13.1
[1m[92m   Compiling[0m glob v0.3.4
[1m[92m    Checking[0m regex-syntax v0.8.11
[1m[92m   Compiling[0m zerocopy v0.8.56
[1m[92m   Compiling[0m crossbeam-utils v0.8.22
[1m[92m   Compiling[0m clang-sys v1.9.1
[1m[92m    Checking[0m icu_collections v2.3.0
[1m[92m    Checking[0m getrandom v0.3.4
[1m[92m    Checking[0m hybrid-array v0.4.14
[1m[92m    Checking[0m regex-automata v0.4.18
[1m[92m    Checking[0m subtle v2.6.1
[1m[92m    Checking[0m universal-hash v0.5.1
[1m[92m    Checking[0m cipher v0.4.4
[1m[92m    Checking[0m parking_lot_core v0.9.12
[1m[92m   Compiling[0m tracing-attributes v0.1.31
[1m[92m   Compiling[0m bytemuck_derive v1.12.0
[1m[92m    Checking[0m hashbrown v0.17.1
[1m[92m    Checking[0m polyval v0.6.2
[1m[92m   Compiling[0m nom v7.1.3
[1m[92m   Compiling[0m strum_macros v0.26.4
[1m[92m    Checking[0m rustix v1.1.4
[1m[92m    Checking[0m indexmap v2.14.1
[1m[92m   Compiling[0m rustix v0.38.44
[1m[92m    Checking[0m uuid v1.26.0
[1m[92m    Checking[0m bytemuck v1.25.2
[1m[92m    Checking[0m ppv-lite86 v0.2.21
[1m[92m    Checking[0m tracing v0.1.44
[1m[92m    Checking[0m matchers v0.2.0
[1m[92m    Checking[0m parking_lot v0.12.5
[1m[92m    Checking[0m icu_locale_fallback v2.3.0
[1m[92m    Checking[0m block-buffer v0.12.1
[1m[92m    Checking[0m crypto-common v0.2.2
[1m[92m    Checking[0m tracing-log v0.2.0
[1m[92m    Checking[0m rand_core v0.9.5
[1m[92m    Checking[0m num-integer v0.1.47
[1m[92m   Compiling[0m branches v0.4.6
[1m[92m   Compiling[0m simsimd v6.5.16
[1m[92m   Compiling[0m aegis v0.9.15
[1m[92m   Compiling[0m turso_macros v0.7.2
[1m[92m   Compiling[0m miette-derive v7.6.0
[1m[92m   Compiling[0m async-trait v0.1.92
[1m[92m    Checking[0m thread_local v1.1.10
[1m[92m   Compiling[0m cfg_aliases v0.2.2
[1m[92m   Compiling[0m crossbeam-epoch v0.9.20
[1m[92m   Compiling[0m io-uring v0.7.14
[1m[92m   Compiling[0m anyhow v1.0.104
[1m[92m   Compiling[0m bindgen v0.69.5
[1m[92m   Compiling[0m which v4.4.2
[1m[92m    Checking[0m icu_normalizer v2.3.0
[1m[92m    Checking[0m digest v0.11.3
[1m[92m    Checking[0m miette v7.6.0
[1m[92m    Checking[0m tracing-subscriber v0.3.23
[1m[92m    Checking[0m serde_yaml v0.9.34+deprecated
[1m[92m    Checking[0m chrono v0.4.45
[1m[92m   Compiling[0m turso_core v0.7.2
[1m[92m    Checking[0m num-bigint v0.4.8
[1m[92m    Checking[0m rand_chacha v0.9.0
[1m[92m    Checking[0m strum v0.26.3
[1m[92m   Compiling[0m regex v1.13.1
[1m[92m   Compiling[0m cexpr v0.6.0
[1m[92m    Checking[0m ghash v0.5.1
[1m[92m    Checking[0m ctr v0.9.2
[1m[92m    Checking[0m aes v0.8.4
[1m[92m   Compiling[0m prettyplease v0.2.37
[1m[92m    Checking[0m icu_properties v2.3.0
[1m[92m    Checking[0m quick-xml v0.40.1
[1m[92m   Compiling[0m itertools v0.12.1
[1m[92m    Checking[0m aead v0.5.2
[1m[92m   Compiling[0m aristo-macros v0.4.1
[1m[92m    Checking[0m fastrand v2.5.0
[1m[92m    Checking[0m tinyvec v1.13.2
[1m[92m    Checking[0m tempfile v3.27.0
[1m[92m    Checking[0m aristo v0.4.1
[1m[92m    Checking[0m aes-gcm v0.10.3
[1m[92m    Checking[0m grust-core v0.24.0 (/repo/crates/grust-core)
[1m[92m    Checking[0m icu_collator v2.3.1
[1m[92m    Checking[0m icu_locale v2.3.1
[1m[92m    Checking[0m turso_parser v0.7.2
[1m[92m    Checking[0m rand v0.9.5
[1m[92m    Checking[0m bigdecimal v0.4.10
[1m[92m    Checking[0m turso_ext v0.7.2
[1m[92m    Checking[0m fastbloom v0.14.1
[1m[92m    Checking[0m polling v3.11.0
[1m[92m    Checking[0m roaring v0.11.5
[1m[92m    Checking[0m pack1 v1.1.0
[1m[92m    Checking[0m arc-swap v1.9.2
[1m[92m    Checking[0m rapidhash v4.5.1
[1m[92m    Checking[0m twox-hash v2.1.4
[1m[92m   Compiling[0m itertools v0.14.0
[1m[92m    Checking[0m rustc-hash v2.1.3
[1m[92m    Checking[0m time-core v0.1.9
[1m[92m    Checking[0m deranged v0.5.8
[1m[92m    Checking[0m time v0.3.55
[1m[92m   Compiling[0m prost-derive v0.14.4
[1m[92m   Compiling[0m turso_sdk_kit v0.7.2
[1m[92m    Checking[0m unicode-normalization v0.1.25
[1m[92m    Checking[0m crossbeam-channel v0.5.16
[1m[92m    Checking[0m env_filter v2.0.0
[1m[92m   Compiling[0m tokio-macros v2.7.2
[1m[92m    Checking[0m mio v1.2.3
[1m[92m    Checking[0m socket2 v0.6.5
[1m[92m    Checking[0m futures-core v0.3.34
[1m[92m    Checking[0m futures-sink v0.3.34
[1m[92m    Checking[0m stringprep v0.1.5
[1m[92m    Checking[0m tracing-appender v0.2.5
[1m[92m    Checking[0m tokio v1.53.1
[1m[92m    Checking[0m env_logger v0.11.11
[1m[92m    Checking[0m prost v0.14.4
[1m[92m    Checking[0m sha2 v0.11.0
[1m[92m    Checking[0m hmac v0.13.0
[1m[92m    Checking[0m md-5 v0.11.0
[1m[92m    Checking[0m http v1.5.0
[1m[92m   Compiling[0m turso_sdk_kit_macros v0.7.2
[1m[92m    Checking[0m postgres-protocol v0.6.12
[1m[92m    Checking[0m grust-procedures v0.24.0 (/repo/crates/grust-procedures)
[1m[92m    Checking[0m phf_shared v0.13.1
[1m[92m    Checking[0m futures-task v0.3.34
[1m[92m    Checking[0m futures-util v0.3.34
[1m[92m    Checking[0m phf v0.13.1
[1m[92m    Checking[0m grust-cypher v0.24.0 (/repo/crates/grust-cypher)
[1m[92m    Checking[0m postgres-types v0.2.14
[1m[92m    Checking[0m tokio-util v0.7.19
[1m[92m    Checking[0m futures-channel v0.3.34
[1m[92m    Checking[0m grust-sql-core v0.24.0 (/repo/crates/grust-sql-core)
[1m[92m    Checking[0m whoami v2.1.3
[1m[92m    Checking[0m foldhash v0.1.5
[1m[92m    Checking[0m hashbrown v0.15.5
[1m[92m    Checking[0m tokio-postgres v0.7.18
[1m[92m    Checking[0m digest v0.10.7
[1m[92m    Checking[0m sha2 v0.10.9
[1m[92m    Checking[0m grust-postgres-core v0.24.0 (/repo/crates/grust-postgres-core)
[1m[92m    Checking[0m turso_sync_engine v0.7.2
[1m[92m    Checking[0m grust-memory v0.24.0 (/repo/crates/grust-memory)
[1m[92m    Checking[0m turso_sync_sdk_kit v0.7.2
[1m[92m    Checking[0m turso v0.7.2
[1m[92m    Checking[0m grust-turso v0.24.0 (/repo/crates/grust-turso)
[1m[92m    Checking[0m grust-lsqb-runner v0.13.0 (/repo/benchmarks/lsqb)
[1m[92m    Finished[0m `dev` profile [unoptimized + debuginfo] target(s) in 1m 37s

==> Workspace tests
[1m[92m   Compiling[0m proc-macro2 v1.0.106
[1m[92m   Compiling[0m foldhash v0.1.5
[1m[92m   Compiling[0m hashbrown v0.15.5
[1m[92m   Compiling[0m quote v1.0.45
[1m[92m   Compiling[0m syn v2.0.117
[1m[92m   Compiling[0m syn v3.0.4
[1m[92m   Compiling[0m async-trait v0.1.92
[1m[92m   Compiling[0m serde_derive v1.0.228
[1m[92m   Compiling[0m zerocopy-derive v0.8.50
[1m[92m   Compiling[0m zerocopy v0.8.50
[1m[92m   Compiling[0m serde v1.0.228
[1m[92m   Compiling[0m bytes v1.11.1
[1m[92m   Compiling[0m thiserror-impl v2.0.18
[1m[92m   Compiling[0m thiserror v2.0.18
[1m[92m   Compiling[0m bytemuck_derive v1.10.2
[1m[92m   Compiling[0m ppv-lite86 v0.2.21
[1m[92m   Compiling[0m rand_chacha v0.9.0
[1m[92m   Compiling[0m bytemuck v1.25.0
[1m[92m   Compiling[0m rand v0.9.4
[1m[92m   Compiling[0m chrono v0.4.45
[1m[92m   Compiling[0m rand_distr v0.5.1
[1m[92m   Compiling[0m half v2.7.1
[1m[92m   Compiling[0m ahash v0.8.12
[1m[92m   Compiling[0m twox-hash v2.1.2
[1m[92m   Compiling[0m futures-macro v0.3.32
[1m[92m   Compiling[0m chrono-tz v0.10.4
[1m[92m   Compiling[0m futures-util v0.3.32
[1m[92m   Compiling[0m flatbuffers v25.12.19
[1m[92m   Compiling[0m garde_derive v0.23.0
[1m[92m   Compiling[0m garde v0.23.0
[1m[92m   Compiling[0m serde_yaml v0.9.34+deprecated
[1m[92m   Compiling[0m quick-xml v0.40.1
[1m[92m   Compiling[0m zod-rs v1.0.1
[1m[92m   Compiling[0m tokio-macros v2.7.0
[1m[92m   Compiling[0m grust-core v0.24.0 (/repo/crates/grust-core)
[1m[92m   Compiling[0m tokio v1.52.3
[1m[92m   Compiling[0m synstructure v0.13.2
[1m[92m   Compiling[0m zerofrom-derive v0.1.7
[1m[92m   Compiling[0m yoke-derive v0.8.2
[1m[92m   Compiling[0m zerofrom v0.1.8
[1m[92m   Compiling[0m zerovec-derive v0.11.6
[1m[92m   Compiling[0m yoke v0.8.3
[1m[92m   Compiling[0m displaydoc v0.2.6
[1m[92m   Compiling[0m zerovec v0.11.8
[1m[92m   Compiling[0m tracing-attributes v0.1.31
[1m[92m   Compiling[0m tinystr v0.8.4
[1m[92m   Compiling[0m http v1.4.1
[1m[92m   Compiling[0m tracing v0.1.44
[1m[92m   Compiling[0m icu_locale_core v2.3.0
[1m[92m   Compiling[0m potential_utf v0.1.5
[1m[92m   Compiling[0m zerotrie v0.2.5
[1m[92m   Compiling[0m icu_provider v2.3.1
[1m[92m   Compiling[0m icu_collections v2.3.0
[1m[92m   Compiling[0m icu_properties v2.3.0
[1m[92m   Compiling[0m icu_normalizer v2.3.0
[1m[92m   Compiling[0m arrow-buffer v58.3.0
[1m[92m   Compiling[0m grust-procedures v0.24.0 (/repo/crates/grust-procedures)
[1m[92m   Compiling[0m arrow-data v58.3.0
[1m[92m   Compiling[0m lz4_flex v0.13.1
[1m[92m   Compiling[0m arrow-array v58.3.0
[1m[92m   Compiling[0m arrow-buffer v59.3.0
[1m[92m   Compiling[0m arrow-data v59.3.0
[1m[92m   Compiling[0m arrow-select v58.3.0
[1m[92m   Compiling[0m arrow-array v59.3.0
[1m[92m   Compiling[0m arrow-ipc v58.3.0
[1m[92m   Compiling[0m tokio-util v0.7.18
[1m[92m   Compiling[0m arrow-select v59.3.0
[1m[92m   Compiling[0m lz4_flex v0.14.0
[1m[92m   Compiling[0m idna_adapter v1.2.2
[1m[92m   Compiling[0m idna v1.1.0
[1m[92m   Compiling[0m arrow-ipc v59.3.0
[1m[92m   Compiling[0m url v2.5.8
[1m[92m   Compiling[0m arrow-buffer v55.2.0
[1m[92m   Compiling[0m arrow-data v55.2.0
[1m[92m   Compiling[0m futures-executor v0.3.32
[1m[92m   Compiling[0m arrow-array v55.2.0
[1m[92m   Compiling[0m adbc_core v0.24.0
[1m[92m   Compiling[0m prost-derive v0.14.3
[1m[92m   Compiling[0m grust-cypher v0.24.0 (/repo/crates/grust-cypher)
[1m[92m   Compiling[0m arrow-ipc v55.2.0
[1m[92m   Compiling[0m grust-arrow v0.24.0 (/repo/crates/grust-arrow)
[1m[92m   Compiling[0m zeroize_derive v1.4.3
[1m[92m   Compiling[0m zeroize v1.8.2
[1m[92m   Compiling[0m http-body v1.0.1
[1m[92m   Compiling[0m hashbrown v0.14.5
[1m[92m   Compiling[0m pin-project-internal v1.1.13
[1m[92m   Compiling[0m pin-project v1.1.13
[1m[92m   Compiling[0m object_store v0.13.2
[1m[92m   Compiling[0m h2 v0.4.14
[1m[92m   Compiling[0m http-body-util v0.1.3
[1m[92m   Compiling[0m arrow-ord v58.3.0
[1m[92m   Compiling[0m hyper v1.10.1
[1m[92m   Compiling[0m hyper-util v0.1.20
[1m[92m   Compiling[0m sqlparser_derive v0.5.0
[1m[92m   Compiling[0m rustls-pki-types v1.14.1
[1m[92m   Compiling[0m arrow-cast v58.3.0
[1m[92m   Compiling[0m aws-lc-rs v1.17.0
[1m[92m   Compiling[0m prost v0.14.3
[1m[92m   Compiling[0m arrow-json v58.3.0
[1m[92m   Compiling[0m arrow-csv v58.3.0
[1m[92m   Compiling[0m arrow-string v58.3.0
[1m[92m   Compiling[0m arrow-arith v58.3.0
[1m[92m   Compiling[0m arrow-row v58.3.0
[1m[92m   Compiling[0m prettyplease v0.2.37
[1m[92m   Compiling[0m arrow v58.3.0
[1m[92m   Compiling[0m rustls-webpki v0.103.13
[1m[92m   Compiling[0m ciborium-ll v0.2.2
[1m[92m   Compiling[0m rustls v0.23.40
[1m[92m   Compiling[0m roaring v0.11.4
[1m[92m   Compiling[0m ciborium v0.2.2
[1m[92m   Compiling[0m futures v0.3.32
[1m[92m   Compiling[0m rustls-native-certs v0.8.3
[1m[92m   Compiling[0m dashmap v6.2.1
[1m[92m   Compiling[0m tokio-stream v0.1.18
[1m[92m   Compiling[0m tokio-rustls v0.26.4
[1m[92m   Compiling[0m hyper-rustls v0.27.9
[1m[92m   Compiling[0m strum_macros v0.26.4
[1m[92m   Compiling[0m petgraph v0.8.3
[1m[92m   Compiling[0m strum v0.26.3
[1m[92m   Compiling[0m tower v0.5.3
[1m[92m   Compiling[0m grust-sql-core v0.24.0 (/repo/crates/grust-sql-core)
[1m[92m   Compiling[0m clap_lex v1.1.0
[1m[92m   Compiling[0m anstyle v1.0.14
[1m[92m   Compiling[0m plotters-backend v0.3.7
[1m[92m   Compiling[0m clap_builder v4.6.0
[1m[92m   Compiling[0m plotters-svg v0.3.7
[1m[92m   Compiling[0m itertools v0.10.5
[1m[92m   Compiling[0m cast v0.3.0
[1m[92m   Compiling[0m criterion-plot v0.5.0
[1m[92m   Compiling[0m clap v4.6.1
[1m[92m   Compiling[0m plotters v0.3.7
[1m[92m   Compiling[0m tinytemplate v1.2.1
[1m[92m   Compiling[0m is-terminal v0.4.17
[1m[92m   Compiling[0m oorandom v11.1.5
[1m[92m   Compiling[0m anes v0.1.6
[1m[92m   Compiling[0m grust-algorithms v0.24.0 (/repo/crates/grust-algorithms)
[1m[92m   Compiling[0m criterion v0.5.1
[1m[92m   Compiling[0m time v0.3.47
[1m[92m   Compiling[0m icu_locale_fallback v2.3.0
[1m[92m   Compiling[0m miette-derive v7.6.0
[1m[92m   Compiling[0m turso_macros v0.7.2
[1m[92m   Compiling[0m miette v7.6.0
[1m[92m   Compiling[0m tracing-subscriber v0.3.23
[1m[92m   Compiling[0m aristo-macros v0.4.1
[1m[92m   Compiling[0m bindgen v0.69.5
[1m[92m   Compiling[0m aristo v0.4.1
[1m[92m   Compiling[0m icu_collator v2.3.1
[1m[92m   Compiling[0m icu_locale v2.3.1
[1m[92m   Compiling[0m turso_ext v0.7.2
[1m[92m   Compiling[0m turso_parser v0.7.2
[1m[92m   Compiling[0m sqlparser v0.61.0
[1m[92m   Compiling[0m pack1 v1.1.0
[1m[92m   Compiling[0m turso_core v0.7.2
[1m[92m   Compiling[0m datafusion-common v53.1.0
[1m[92m   Compiling[0m turso_sdk_kit v0.7.2
[1m[92m   Compiling[0m prost-types v0.14.3
[1m[92m   Compiling[0m tracing-appender v0.2.5
[1m[92m   Compiling[0m datafusion-expr-common v53.1.0
[1m[92m   Compiling[0m turso_sdk_kit_macros v0.7.2
[1m[92m   Compiling[0m datafusion-physical-expr-common v53.1.0
[1m[92m   Compiling[0m turso_sync_engine v0.7.2
[1m[92m   Compiling[0m datafusion-functions-aggregate-common v53.1.0
[1m[92m   Compiling[0m datafusion-functions-window-common v53.1.0
[1m[92m   Compiling[0m datafusion-expr v53.1.0
[1m[92m   Compiling[0m grust-memory v0.24.0 (/repo/crates/grust-memory)
[1m[92m   Compiling[0m datafusion-physical-expr v53.1.0
[1m[92m   Compiling[0m turso_sync_sdk_kit v0.7.2
[1m[92m   Compiling[0m turso v0.7.2
[1m[92m   Compiling[0m datafusion-macros v53.1.0
[1m[92m   Compiling[0m axum-core v0.5.6
[1m[92m   Compiling[0m grust-turso v0.24.0 (/repo/crates/grust-turso)
[1m[92m   Compiling[0m axum v0.8.9
[1m[92m   Compiling[0m datafusion-execution v53.1.0
[1m[92m   Compiling[0m hyper-timeout v0.5.2
[1m[92m   Compiling[0m arrow-ord v59.3.0
[1m[92m   Compiling[0m arrow-cast v59.3.0
[1m[92m   Compiling[0m tonic v0.14.6
[1m[92m   Compiling[0m tonic-prost v0.14.6
[1m[92m   Compiling[0m datafusion-functions v53.1.0
[1m[92m   Compiling[0m phf_macros v0.13.1
[1m[92m   Compiling[0m recursive-proc-macro-impl v0.1.1
[1m[92m   Compiling[0m recursive v0.1.1
[1m[92m   Compiling[0m phf v0.13.1
[1m[92m   Compiling[0m arrow-csv v59.3.0
[1m[92m   Compiling[0m arrow-json v59.3.0
[1m[92m   Compiling[0m arrow-string v59.3.0
[1m[92m   Compiling[0m arrow-row v59.3.0
[1m[92m   Compiling[0m arrow-arith v59.3.0
[1m[92m   Compiling[0m sqlparser v0.62.0
[1m[92m   Compiling[0m arrow v59.3.0
[1m[92m   Compiling[0m prost-build v0.14.3
[1m[92m   Compiling[0m async-compression v0.4.42
[1m[92m   Compiling[0m tower-http v0.6.11
[1m[92m   Compiling[0m grust-sail v0.24.0 (/repo/crates/grust-sail)
[1m[92m   Compiling[0m datafusion-common v55.1.0
[1m[92m   Compiling[0m datafusion-common-runtime v53.1.0
[1m[92m   Compiling[0m datafusion-physical-plan v53.1.0
[1m[92m   Compiling[0m datafusion-expr-common v55.1.0
[1m[92m   Compiling[0m datafusion-physical-expr-common v55.1.0
[1m[92m   Compiling[0m datafusion-functions-window-common v55.1.0
[1m[92m   Compiling[0m datafusion-functions-aggregate-common v55.1.0
[1m[92m   Compiling[0m datafusion-expr v55.1.0
[1m[92m   Compiling[0m datafusion-macros v55.1.0
[1m[92m   Compiling[0m datafusion-session v53.1.0
[1m[92m   Compiling[0m datafusion-physical-expr-adapter v53.1.0
[1m[92m   Compiling[0m datafusion-functions-aggregate v53.1.0
[1m[92m   Compiling[0m datafusion-physical-expr v55.1.0
[1m[92m   Compiling[0m datafusion-execution v55.1.0
[1m[92m   Compiling[0m jsonb v0.5.6
[1m[92m   Compiling[0m datafusion-functions-nested v53.1.0
[1m[92m   Compiling[0m datafusion-datasource v53.1.0
[1m[92m   Compiling[0m syn v1.0.109
[1m[92m   Compiling[0m datafusion-sql v53.1.0
[1m[92m   Compiling[0m deepsize_derive v0.1.2
[1m[92m   Compiling[0m lance-arrow v7.0.0
[1m[92m   Compiling[0m datafusion-functions v55.1.0
[1m[92m   Compiling[0m darling_core v0.23.0
[1m[92m   Compiling[0m snafu-derive v0.9.1
[1m[92m   Compiling[0m moka v0.12.15
[1m[92m   Compiling[0m snafu v0.9.1
[1m[92m   Compiling[0m darling_macro v0.23.0
[1m[92m   Compiling[0m deepsize v0.2.0
[1m[92m   Compiling[0m darling_core v0.20.11
[1m[92m   Compiling[0m ptr_meta_derive v0.3.1
[1m[92m   Compiling[0m postgres-protocol v0.6.12
[1m[92m   Compiling[0m ptr_meta v0.3.1
[1m[92m   Compiling[0m darling_macro v0.20.11
[1m[92m   Compiling[0m lance-core v7.0.0
[1m[92m   Compiling[0m darling v0.23.0
[1m[92m   Compiling[0m serde_with_macros v3.20.0
[1m[92m   Compiling[0m darling v0.20.11
[1m[92m   Compiling[0m postgres-types v0.2.14
[1m[92m   Compiling[0m rancor v0.1.1
[1m[92m   Compiling[0m datafusion-common-runtime v55.1.0
[1m[92m   Compiling[0m serde_urlencoded v0.7.1
[1m[92m   Compiling[0m rust-stemmers v1.2.0
[1m[92m   Compiling[0m bytecheck_derive v0.8.2
[1m[92m   Compiling[0m tokio-postgres v0.7.18
[1m[92m   Compiling[0m bytecheck v0.8.2
[1m[92m   Compiling[0m reqwest v0.12.28
[1m[92m   Compiling[0m datafusion-physical-plan v55.1.0
[1m[92m   Compiling[0m derive_builder_core v0.20.2
[1m[92m   Compiling[0m serde_with v3.20.0
[1m[92m   Compiling[0m munge_macro v0.4.7
[1m[92m   Compiling[0m serde_repr v0.1.20
[1m[92m   Compiling[0m lance-namespace-reqwest-client v0.7.7
[1m[92m   Compiling[0m datafusion-session v55.1.0
[1m[92m   Compiling[0m munge v0.4.7
[1m[92m   Compiling[0m derive_builder_macro v0.20.2
[1m[92m   Compiling[0m rend v0.5.3
[1m[92m   Compiling[0m datafusion-physical-expr-adapter v55.1.0
[1m[92m   Compiling[0m datafusion-catalog v53.1.0
[1m[92m   Compiling[0m lance-encoding v7.0.0
[1m[92m   Compiling[0m rand_chacha v0.3.1
[1m[92m   Compiling[0m rkyv_derive v0.8.16
[1m[92m   Compiling[0m strum_macros v0.28.0
[1m[92m   Compiling[0m path_abs v0.5.1
[1m[92m   Compiling[0m strum v0.28.0
[1m[92m   Compiling[0m rkyv v0.8.16
[1m[92m   Compiling[0m rand v0.8.6
[1m[92m   Compiling[0m datafusion-datasource v55.1.0
[1m[92m   Compiling[0m derive_builder v0.20.2
[1m[92m   Compiling[0m lance-namespace v7.0.0
[1m[92m   Compiling[0m rstar v0.12.2
[1m[92m   Compiling[0m grust-postgres-core v0.24.0 (/repo/crates/grust-postgres-core)
[1m[92m   Compiling[0m datafusion-pruning v53.1.0
[1m[92m   Compiling[0m lance-file v7.0.0
[1m[92m   Compiling[0m fsst v7.0.0
[1m[92m   Compiling[0m hyperloglogplus v0.4.1
[1m[92m   Compiling[0m async-recursion v1.1.1
[1m[92m   Compiling[0m lindera-dictionary v3.0.7
[1m[92m   Compiling[0m geo-types v0.7.19
[1m[92m   Compiling[0m lance-io v7.0.0
[1m[92m   Compiling[0m datafusion-functions-table v53.1.0
[1m[92m   Compiling[0m datafusion-catalog-listing v53.1.0
[1m[92m   Compiling[0m datafusion-physical-optimizer v53.1.0
[1m[92m   Compiling[0m random_word v0.5.2
[1m[92m   Compiling[0m phf_macros v0.11.3
[1m[92m   Compiling[0m string_cache_codegen v0.5.4
[1m[92m   Compiling[0m datafusion-datasource-arrow v53.1.0
[1m[92m   Compiling[0m datafusion-datasource-csv v53.1.0
[1m[92m   Compiling[0m datafusion-datasource-json v53.1.0
[1m[92m   Compiling[0m lance-table v7.0.0
[1m[92m   Compiling[0m lance-datafusion v7.0.0
[1m[92m   Compiling[0m datafusion-functions-window v53.1.0
[1m[92m   Compiling[0m datafusion-optimizer v53.1.0
[1m[92m   Compiling[0m typesec-core v0.13.0 (https://github.com/querygraph/typesec.git?rev=1926f18c1d9aab640b16d530214c31f9d1492da6#1926f18c)
[1m[92m   Compiling[0m serde_yaml_ng v0.10.0
[1m[92m   Compiling[0m geo v0.32.0
[1m[92m   Compiling[0m libsqlite3-sys v0.28.0
[1m[92m   Compiling[0m lindera v3.0.7
[1m[92m   Compiling[0m jieba-rs v0.9.0
[1m[92m   Compiling[0m lance-datagen v7.0.0
[1m[92m   Compiling[0m datafusion v53.1.0
[1m[92m   Compiling[0m web_atoms v0.1.3
[1m[92m   Compiling[0m phf v0.11.3
[1m[92m   Compiling[0m rust_decimal v1.42.0
[1m[92m   Compiling[0m lance-index v7.0.0
[1m[92m   Compiling[0m unsafe-libyaml-norway v0.2.15
[1m[92m   Compiling[0m string_cache v0.8.9
[1m[92m   Compiling[0m serde_norway v0.9.42
[1m[92m   Compiling[0m lance-linalg v7.0.0
[1m[92m   Compiling[0m lance-tokenizer v7.0.0
[1m[92m   Compiling[0m typesec-memory v0.13.0 (https://github.com/querygraph/typesec.git?rev=1926f18c1d9aab640b16d530214c31f9d1492da6#1926f18c)
[1m[92m   Compiling[0m lance v7.0.0
[1m[92m   Compiling[0m typesec-rbac v0.13.0 (https://github.com/querygraph/typesec.git?rev=1926f18c1d9aab640b16d530214c31f9d1492da6#1926f18c)
[1m[92m   Compiling[0m grust-algorithm-procedures v0.24.0 (/repo/crates/grust-algorithm-procedures)
[1m[92m   Compiling[0m rustls-platform-verifier v0.7.0
[1m[92m   Compiling[0m hashlink v0.9.1
[1m[92m   Compiling[0m diskann-wide v0.54.0
[1m[92m   Compiling[0m storekey-derive v0.11.0
[1m[92m   Compiling[0m revision-derive v0.30.0
[1m[92m   Compiling[0m fallible-streaming-iterator v0.1.9
[1m[92m   Compiling[0m rusqlite v0.31.0
[1m[92m   Compiling[0m revision v0.30.0
[1m[92m   Compiling[0m storekey v0.11.0
[1m[92m   Compiling[0m diskann-vector v0.54.0
[1m[92m   Compiling[0m reqwest v0.13.4
[1m[92m   Compiling[0m markup5ever v0.35.0
[1m[92m   Compiling[0m querygraph-memory v0.24.0 (/repo/crates/querygraph-memory)
[1m[92m   Compiling[0m match_token v0.35.0
[1m[92m   Compiling[0m cssparser-macros v0.6.1
[1m[92m   Compiling[0m snafu-derive v0.8.9
[1m[92m   Compiling[0m surrealdb-types-derive v3.2.4
[1m[92m   Compiling[0m snafu v0.8.9
[1m[92m   Compiling[0m cssparser v0.35.0
[1m[92m   Compiling[0m html5ever v0.35.0
[1m[92m   Compiling[0m diskann-utils v0.54.0
[1m[92m   Compiling[0m surrealdb-protocol v0.10.2
[1m[92m   Compiling[0m datafusion-catalog v55.1.0
[1m[92m   Compiling[0m lance-namespace-impls v7.0.0
[1m[92m   Compiling[0m lance-testing v7.0.0
[1m[92m   Compiling[0m datafusion-functions-aggregate v55.1.0
[1m[92m   Compiling[0m simple_asn1 v0.6.4
[1m[92m   Compiling[0m webpki-roots v1.0.7
[1m[92m   Compiling[0m headers-core v0.3.0
[1m[92m   Compiling[0m ulid v1.2.1
[1m[92m   Compiling[0m async-stream-impl v0.3.6
[1m[92m   Compiling[0m ammonia v4.1.2
[1m[92m   Compiling[0m jsonwebtoken v10.4.0
[1m[92m   Compiling[0m tungstenite v0.28.0
[1m[92m   Compiling[0m ndarray-stats v0.7.0
[1m[92m   Compiling[0m async-stream v0.3.6
[1m[92m   Compiling[0m surrealdb-types v3.2.4
[1m[92m   Compiling[0m headers v0.4.1
[1m[92m   Compiling[0m webpki-roots v0.26.11
[1m[92m   Compiling[0m bcrypt v0.18.0
[1m[92m   Compiling[0m datafusion-functions-nested v55.1.0
[1m[92m   Compiling[0m lancedb v0.30.0
[1m[92m   Compiling[0m diskann v0.54.0
[1m[92m   Compiling[0m surrealdb-strand v3.2.4
[1m[92m   Compiling[0m surrealdb-collections v3.2.4
[1m[92m   Compiling[0m datafusion-pruning v55.1.0
[1m[92m   Compiling[0m quick_cache v0.6.22
[1m[92m   Compiling[0m surrealdb-core v3.2.4
[1m[92m   Compiling[0m datafusion-physical-optimizer v55.1.0
[1m[92m   Compiling[0m datafusion-sql v55.1.0
[1m[92m   Compiling[0m tokio-tungstenite v0.28.0
[1m[92m   Compiling[0m datafusion-catalog-listing v55.1.0
[1m[92m   Compiling[0m datafusion-functions-table v55.1.0
[1m[92m   Compiling[0m datafusion-datasource-json v55.1.0
[1m[92m   Compiling[0m datafusion-datasource-arrow v55.1.0
[1m[92m   Compiling[0m datafusion-datasource-csv v55.1.0
[1m[92m   Compiling[0m datafusion-functions-window v55.1.0
[1m[92m   Compiling[0m datafusion-optimizer v55.1.0
[1m[92m   Compiling[0m combine v4.6.7
[1m[92m   Compiling[0m redis v1.6.0
[1m[92m   Compiling[0m datafusion v55.1.0
[1m[92m   Compiling[0m surrealdb v3.2.4
[1m[92m   Compiling[0m grust-lancedb v0.24.0 (/repo/crates/grust-lancedb)
[1m[92m   Compiling[0m grust-cocoindex v0.24.0 (/repo/crates/grust-cocoindex)
[1m[92m   Compiling[0m grust-surreal v0.24.0 (/repo/crates/grust-surreal)
[1m[92m   Compiling[0m grust-datafusion v0.24.0 (/repo/crates/grust-datafusion)
[1m[92m   Compiling[0m grust-falkor v0.24.0 (/repo/crates/grust-falkor)
[1m[92m   Compiling[0m grust-postgres v0.24.0 (/repo/crates/grust-postgres)
[1m[92m   Compiling[0m grust-pggraph v0.24.0 (/repo/crates/grust-pggraph)
[1m[92m   Compiling[0m grust-postgres-pgq v0.24.0 (/repo/crates/grust-postgres-pgq)
[1m[92m   Compiling[0m ref-cast-impl v1.0.25
[1m[92m   Compiling[0m grust-graph v0.24.0 (/repo/crates/grust)
[1m[92m   Compiling[0m ref-cast v1.0.25
[1m[92m   Compiling[0m faststr v0.2.34
[1m[92m   Compiling[0m sonic-rs v0.5.8
[1m[92m   Compiling[0m helix-ast v0.1.0
[1m[92m   Compiling[0m grust-beads v0.1.0 (/repo/examples/beads)
[1m[92m   Compiling[0m helix-graph-algorithms v0.1.0
[1m[92m   Compiling[0m helix-dsl-macros v0.3.0
[1m[92m   Compiling[0m helix-db v3.0.0
[1m[92m   Compiling[0m grust-helix v0.24.0 (/repo/crates/grust-helix)
[1m[92m    Finished[0m `test` profile [unoptimized + debuginfo] target(s) in 16m 30s
[1m[92m     Running[0m unittests src/lib.rs (/target/debug/deps/grust_algorithm_procedures-077653b3ffd26b6c)

running 0 tests

test result: ok. 0 passed; 0 failed; 0 ignored; 0 measured; 0 filtered out; finished in 0.00s

[1m[92m     Running[0m tests/cypher.rs (/target/debug/deps/cypher-2385094aeafe2183)

running 29 tests
test catalog_expansion_uses_the_same_registration_and_execution_contracts ... ok
test bellman_ford_reads_negative_weights_that_every_other_procedure_refuses ... ok
test astar_reads_coordinates_and_returns_the_route ... ok
test bridges_articulation_points_and_components_are_ordinary_procedures ... ok
test betweenness_is_an_ordinary_procedure_exact_or_sampled ... ok
test correlation_and_unknown_configuration_follow_registry_rules ... ok
test degree_counts_and_strengths_use_projection_orientation ... ok
test closeness_and_harmonic_are_ordinary_procedures ... ok
test all_pairs_shortest_paths_streams_reachable_pairs_through_ordinary_cypher ... ok
test full_paths_use_normal_yield_unwind_and_aggregation ... ok
test label_propagation_is_an_ordinary_procedure ... ok
test k_core_is_an_ordinary_procedure_with_explicit_orientation ... ok
test eigenvector_katz_and_hits_are_ordinary_procedures_with_convergence_evidence ... ok
test fast_rp_returns_an_embedding_list_per_node ... ok
test direct_kernels_are_reachable_through_ordinary_cypher ... ok
test k1_coloring_is_an_ordinary_procedure_needing_an_undirected_projection ... ok
test leiden_is_an_ordinary_procedure_with_louvains_shape ... ok
test link_prediction_scores_pairs_through_ordinary_cypher ... ok
test louvain_is_an_ordinary_procedure_in_every_orientation ... ok
test modularity_reads_its_communities_from_a_node_property ... ok
test max_flow_and_min_cut_take_a_source_and_a_target ... ok
test node_similarity_returns_pair_rows_through_ordinary_cypher ... ok
test option_arrays_use_declared_types_and_empty_selection_is_explicit ... ok
test the_longest_path_reports_a_cycle_as_an_answer_rather_than_an_error ... ok
test projection_inspection_and_csr_estimates_disclose_their_scope ... ok
test triangles_and_clustering_are_ordinary_procedures_on_the_simple_graph ... ok
test spanning_tree_is_an_ordinary_procedure ... ok
test yens_ranks_its_paths_and_stops_when_there_are_no_more ... ok
test pagerank_precision_f32_reaches_cypher_as_floats_and_other_names_are_refused ... ok

test result: ok. 29 passed; 0 failed; 0 ignored; 0 measured; 0 filtered out; finished in 0.05s

[1m[92m     Running[0m tests/documented_operations.rs (/target/debug/deps/documented_operations-46f06d0d534ed14f)

running 1 test
test every_registered_kernel_is_in_the_book_s_operation_table ... ok

test result: ok. 1 passed; 0 failed; 0 ignored; 0 measured; 0 filtered out; finished in 0.00s

[1m[92m     Running[0m tests/preparation.rs (/target/debug/deps/preparation-7a0846875f7ad57a)

running 1 test
test projection_reuse_preserves_correlation_options_revision_and_principal ... ok

test result: ok. 1 passed; 0 failed; 0 ignored; 0 measured; 0 filtered out; finished in 0.01s

[1m[92m     Running[0m tests/run_on_projection.rs (/target/debug/deps/run_on_projection-707a6399d8f124f3)

running 9 tests
test projection_options_read_what_the_procedure_would ... ok
test a_kernel_declares_the_options_that_name_its_node_properties ... ok
test only_bellman_ford_is_offered_a_projection_that_admits_negative_weights ... ok
test metadata_procedures_and_unknown_names_are_refused ... ok
test rank_precision_selects_the_score_column_s_arrow_type ... ok
test link_prediction_runs_every_metric_and_asks_for_the_community_only_when_it_scores_by_it ... ok
test every_kernel_but_bellman_ford_refuses_a_signed_projection ... ok
test every_registered_projection_kernel_runs_by_name_with_its_declared_columns ... ok
test every_batch_reports_the_declared_nullability_whether_or_not_it_holds_nulls ... ok

test result: ok. 9 passed; 0 failed; 0 ignored; 0 measured; 0 filtered out; finished in 0.06s

[1m[92m     Running[0m unittests src/lib.rs (/target/debug/deps/grust_algorithms-4d7919856723d298)

running 16 tests
test betweenness::tests::a_small_sample_is_spread_and_a_large_run_is_capped ... ok
test pagerank::pull::finite::a_finite_residual_reports_finite ... ok
test pagerank::pull::finite::a_non_finite_score_is_caught_against_any_previous_score ... ok
test pagerank::pull::finite::a_residual_that_overflowed_over_finite_scores_reports_finite ... ok
test parallel::tests::ranges_cover_every_node_once_in_order_and_balance_weight ... ok
test projection::adjacency::width::the_widest_admitted_node_narrows_and_widens_unchanged ... ok
test projection::adjacency::width::an_arc_count_above_the_offset_width_is_refused_and_says_so ... ok
test projection::adjacency::width::a_node_count_above_the_target_width_is_refused_and_says_so ... ok
test projection::tests::in_arcs_carry_every_arc_with_its_weight_and_are_built_once ... ok
test random::tests::shuffles_are_permutations_and_reproducible ... ok
test random::tests::draws_are_pure_well_spread_and_in_range ... ok
test projection::adjacency::tests::an_uncounted_execution_builds_the_same_bytes ... ok
test projection::adjacency::tests::a_sparse_graph_is_counted_in_fewer_chunks_and_still_matches ... ok
test projection::adjacency::tests::a_memory_limit_is_met_or_refused_as_it_is_sequentially ... ok
test projection::adjacency::tests::the_parallel_build_and_transpose_are_the_sequential_bytes_at_every_width ... ok
test projection::adjacency::tests::a_work_budget_runs_out_at_the_same_unit_at_every_width ... ok

test result: ok. 16 passed; 0 failed; 0 ignored; 0 measured; 0 filtered out; finished in 13.14s

[1m[92m     Running[0m tests/accounting.rs (/target/debug/deps/accounting-03035cf8c320624b)

running 6 tests
test memory_admission_still_refuses_a_projection_that_does_not_fit ... ok
test a_running_kernel_with_uncounted_work_can_still_be_cancelled ... ok
test an_unchecked_kernel_cannot_be_cancelled_and_says_so ... ok
test the_fixture_reaches_the_parallel_kernels_with_accounting_off ... ok
test a_running_kernel_with_uncounted_work_still_meets_its_deadline ... ok
test results_are_bit_identical_in_every_accounting_mode_at_every_width ... ok

test result: ok. 6 passed; 0 failed; 0 ignored; 0 measured; 0 filtered out; finished in 32.91s

[1m[92m     Running[0m tests/apsp.rs (/target/debug/deps/apsp-b6cd780cc71b8142)

running 9 tests
test all_pairs_shortest_paths_rejects_invalid_options_without_leaking_admission ... ok
test all_pairs_shortest_paths_states_multigraph_and_self_loop_semantics ... ok
test all_pairs_shortest_paths_hand_computed_cases ... ok
test all_pairs_shortest_paths_charges_work_per_pair_produced ... ok
test arrow::all_pairs_shortest_paths_arrow_batches_keep_bounds_and_admission ... ok
test all_pairs_shortest_paths_observes_cancellation_and_budget_and_releases_scratch ... ok
test all_pairs_shortest_paths_matches_an_independent_oracle ... ok
test all_pairs_shortest_paths_peak_is_reached_before_the_first_pair_leaves ... ok
test arrow::all_pairs_shortest_paths_streams_in_memory_that_does_not_grow_with_the_output ... ok

test result: ok. 9 passed; 0 failed; 0 ignored; 0 measured; 0 filtered out; finished in 1.90s

[1m[92m     Running[0m tests/arrow_int64.rs (/target/debug/deps/arrow_int64-0253d94c4c29bb86)

running 6 tests
test a_node_id_is_its_decimal_text_and_is_a_valid_kernel_source ... ok
test an_empty_graph_and_a_graph_without_edges_build ... ok
test nulls_and_mixed_identity_types_are_refused ... ok
test a_work_budget_too_small_is_refused_the_same_way_at_every_width ... ok
test the_first_bad_edge_in_original_order_is_the_error_at_every_width ... ok
test integer_identity_builds_the_projection_the_text_identity_builds ... ok

test result: ok. 6 passed; 0 failed; 0 ignored; 0 measured; 0 filtered out; finished in 2.46s

[1m[92m     Running[0m tests/arrow_results.rs (/target/debug/deps/arrow_results-5170471e0f622836)

running 8 tests
test arrow_distances_preserve_nulls_batch_bounds_and_retained_admission ... ok
test unweighted_degree_arrow_nulls_and_retained_batches_keep_admission ... ok
test degree_arrow_batches_keep_exact_counts_and_weighted_strengths ... ok
test arrow_nullability_is_fixed_before_the_rows_and_a_declaration_is_enforced ... ok
test arrow_component_ids_convergence_and_terminal_cancellation ... ok
test arrow_order_and_cycle_contracts_keep_external_ids ... ok
test arrow_full_paths_are_typed_and_keep_original_edge_ordinals ... ok
test arrow_ranked_paths_carry_their_rank_and_keep_a_schema_when_empty ... ok

test result: ok. 8 passed; 0 failed; 0 ignored; 0 measured; 0 filtered out; finished in 0.01s

[1m[92m     Running[0m tests/article_rank.rs (/target/debug/deps/article_rank-5fddfc270edbce4e)

running 3 tests
test article_rank_matches_an_independent_recomputation ... ok
test article_rank_damps_what_a_sparse_citer_confers ... ok
test article_rank_is_the_same_at_every_worker_count ... ok

test result: ok. 3 passed; 0 failed; 0 ignored; 0 measured; 0 filtered out; finished in 2.51s

[1m[92m     Running[0m tests/astar.rs (/target/debug/deps/astar-15310576d2361c89)

running 4 tests
test an_inadmissible_estimate_is_the_one_error_it_cannot_catch ... ok
test haversine_reads_coordinates_and_agrees_with_dijkstra ... ok
test a_better_estimate_settles_fewer_nodes_and_returns_the_same_path ... ok
test a_star_returns_dijkstra_s_distance_under_any_admissible_estimate ... ok

test result: ok. 4 passed; 0 failed; 0 ignored; 0 measured; 0 filtered out; finished in 0.22s

[1m[92m     Running[0m tests/bellman_ford.rs (/target/debug/deps/bellman_ford-f759a382cc6caa3b)

running 4 tests
test the_documented_cases ... ok
test it_agrees_with_dijkstra_wherever_dijkstra_is_allowed ... ok
test a_long_negative_chain_and_a_far_cycle_finish_within_budget_or_say_so ... ok
test distances_or_a_checkable_negative_cycle_on_every_small_signed_graph ... ok

test result: ok. 4 passed; 0 failed; 0 ignored; 0 measured; 0 filtered out; finished in 0.30s

[1m[92m     Running[0m tests/betweenness.rs (/target/debug/deps/betweenness-2ea552ef6200463b)

running 7 tests
test betweenness_rejects_zero_weights_and_an_empty_sample ... ok
test betweenness_states_its_textbook_values ... ok
test betweenness_observes_cancellation_and_budget_and_releases_scratch ... ok
test a_sample_of_every_node_is_the_exact_answer_and_a_smaller_one_is_seeded ... ok
test betweenness_matches_the_definition_on_every_small_graph ... ok
test betweenness_matches_the_definition_on_random_multigraphs_with_and_without_weights ... ok
test betweenness_is_identical_at_any_pool_width_and_charges_the_same_work ... ok

test result: ok. 7 passed; 0 failed; 0 ignored; 0 measured; 0 filtered out; finished in 1.40s

[1m[92m     Running[0m tests/biconnected.rs (/target/debug/deps/biconnected-5205eae683822ca1)

running 5 tests
test the_multigraph_cases_are_as_documented ... ok
test biconnectivity_observes_cancellation_and_budget_and_releases_scratch ... ok
test every_simple_graph_of_up_to_five_nodes_matches_the_definitions ... ok
test random_multigraphs_with_loops_match_the_definitions ... ok
test a_million_node_path_does_not_overflow_the_stack ... ok

test result: ok. 5 passed; 0 failed; 0 ignored; 0 measured; 0 filtered out; finished in 4.03s

[1m[92m     Running[0m tests/child_context.rs (/target/debug/deps/child_context-5d1dd94862714fa4)

running 2 tests
test a_kernel_on_racing_children_is_the_kernel_on_a_root_at_every_width ... ok
test a_kernel_on_a_child_is_the_kernel_on_a_root_sequentially ... ok

test result: ok. 2 passed; 0 failed; 0 ignored; 0 measured; 0 filtered out; finished in 6.22s

[1m[92m     Running[0m tests/closeness.rs (/target/debug/deps/closeness-b111cc0295b3ed25)

running 6 tests
test distance_centralities_reject_zero_weights ... ok
test distance_centralities_state_their_textbook_values ... ok
test distance_centralities_observe_cancellation_and_budget_and_release_scratch ... ok
test distance_centralities_match_the_definition_on_every_small_graph ... ok
test distance_centralities_are_identical_at_any_pool_width_and_charge_the_same_work ... ok
test distance_centralities_match_on_random_multigraphs_up_to_forty_nodes ... ok

test result: ok. 6 passed; 0 failed; 0 ignored; 0 measured; 0 filtered out; finished in 1.68s

[1m[92m     Running[0m tests/community_quality.rs (/target/debug/deps/community_quality-4dcd7bc47285332d)

running 2 tests
test two_triangles_joined_by_an_edge_score_what_the_textbook_says ... ok
test every_figure_matches_its_definition_on_random_multigraphs ... ok

test result: ok. 2 passed; 0 failed; 0 ignored; 0 measured; 0 filtered out; finished in 0.11s

[1m[92m     Running[0m tests/degree.rs (/target/debug/deps/degree-4d4f46278c20b9a7)

running 6 tests
test result_allocation_obeys_the_shared_memory_envelope ... ok
test strength_overflow_and_cancellation_release_result_admission ... ok
test empty_projection_preserves_weight_presence_without_rows ... ok
test node_chunks_preserve_large_isolate_sets ... ok
test chunk_boundaries_preserve_arc_counts_and_exact_successful_work_charges ... ok
test exhaustive_two_node_multigraphs_match_original_edge_oracle ... ok

test result: ok. 6 passed; 0 failed; 0 ignored; 0 measured; 0 filtered out; finished in 0.01s

[1m[92m     Running[0m tests/fastrp.rs (/target/debug/deps/fastrp-49d95b065077909a)

running 7 tests
test fast_rp_rejects_bad_options_and_handles_the_empty_graph ... ok
test neighbours_in_a_clique_embed_closer_than_strangers ... ok
test fast_rp_arrow_batches_are_fixed_size_lists_of_float32 ... ok
test fast_rp_observes_cancellation_and_budget_and_releases_scratch ... ok
test the_random_vectors_are_sparse_seeded_and_independent_of_the_graph ... ok
test fast_rp_matches_a_dense_recomputation_from_its_own_random_vectors ... ok
test fast_rp_is_identical_at_any_pool_width_and_charges_the_same_work ... ok

test result: ok. 7 passed; 0 failed; 0 ignored; 0 measured; 0 filtered out; finished in 0.27s

[1m[92m     Running[0m tests/flow.rs (/target/debug/deps/flow-b551e130f58ddd38)

running 4 tests
test the_textbook_network_and_the_refusals_are_as_documented ... ok
test max_flow_observes_cancellation_and_budget_and_releases_scratch ... ok
test max_flow_equals_the_brute_force_minimum_cut_and_is_a_flow ... ok
test a_long_path_and_a_wide_network_finish_without_recursion ... ok

test result: ok. 4 passed; 0 failed; 0 ignored; 0 measured; 0 filtered out; finished in 0.65s

[1m[92m     Running[0m tests/k1_coloring.rs (/target/debug/deps/k1_coloring-2a2507dba4bce585)

running 8 tests
test an_iteration_cap_stops_the_run_and_reports_it ... ok
test k1_coloring_rejects_invalid_options_without_leaking_admission ... ok
test k1_coloring_handles_empty_single_node_and_isolates ... ok
test k1_coloring_states_multigraph_and_self_loop_semantics ... ok
test hand_computed_graphs_take_the_colours_inspection_gives ... ok
test k1_coloring_observes_cancellation_and_budget_and_releases_scratch ... ok
test k1_coloring_is_deterministic_under_a_fixed_seed ... ok
test k1_coloring_matches_an_independent_oracle ... ok

test result: ok. 8 passed; 0 failed; 0 ignored; 0 measured; 0 filtered out; finished in 0.13s

[1m[92m     Running[0m tests/kcore.rs (/target/debug/deps/kcore-5769b6e5a136407b)

running 6 tests
test k_core_handles_empty_single_node_and_isolates ... ok
test k_core_rejects_directed_projections_without_leaking_admission ... ok
test k_core_states_multigraph_and_self_loop_semantics ... ok
test k_core_arrow_batches_keep_bounds_and_admission ... ok
test k_core_observes_cancellation_and_budget_and_releases_scratch ... ok
test k_core_matches_an_independent_oracle ... ok

test result: ok. 6 passed; 0 failed; 0 ignored; 0 measured; 0 filtered out; finished in 0.07s

[1m[92m     Running[0m tests/kernels.rs (/target/debug/deps/kernels-9b97d16aa01324d5)

running 6 tests
test cancelled_kernel_releases_scratch ... ok
test additional_traversals_reuse_projection_and_report_concrete_cycles ... ok
test directed_bfs_keeps_isolates_and_parallel_edges ... ok
test components_are_canonical_minimum_node_rows ... ok
test traversal_orientation_is_explicit ... ok
test empty_components_and_long_iterative_chain ... ok

test result: ok. 6 passed; 0 failed; 0 ignored; 0 measured; 0 filtered out; finished in 0.12s

[1m[92m     Running[0m tests/label_propagation.rs (/target/debug/deps/label_propagation-a9b5afb71917bb75)

running 5 tests
test the_schedule_ties_and_direction_are_as_documented ... ok
test disjoint_cliques_separate_and_isolates_stay_alone ... ok
test label_propagation_observes_cancellation_and_budget_and_releases_scratch ... ok
test a_seed_reproduces_its_result_at_any_pool_width ... ok
test a_converged_run_is_a_fixed_point_and_undirected_runs_always_converge ... ok

test result: ok. 5 passed; 0 failed; 0 ignored; 0 measured; 0 filtered out; finished in 0.45s

[1m[92m     Running[0m tests/leiden.rs (/target/debug/deps/leiden-3d752fe521aa66da)

running 6 tests
test leiden_handles_the_degenerate_graphs_and_rejects_bad_options ... ok
test leiden_recovers_planted_cliques_in_every_orientation ... ok
test leiden_observes_cancellation_and_budget_and_releases_scratch ... ok
test leiden_is_reproducible_and_stays_connected_on_a_larger_graph ... ok
test leiden_never_exceeds_the_true_optimum_and_often_reaches_it ... ok
test every_community_is_connected_and_the_modularity_is_the_partitions_own ... ok

test result: ok. 6 passed; 0 failed; 0 ignored; 0 measured; 0 filtered out; finished in 1.02s

[1m[92m     Running[0m tests/link_prediction.rs (/target/debug/deps/link_prediction-ccbcaa1c77734f7f)

running 7 tests
test link_prediction_rejects_invalid_options_without_leaking_admission ... ok
test link_prediction_states_hand_computed_values_and_edge_cases ... ok
test link_prediction_handles_empty_single_node_and_isolates ... ok
test link_prediction_states_multigraph_and_self_loop_semantics ... ok
test link_prediction_arrow_batches_keep_bounds_and_admission ... ok
test link_prediction_observes_cancellation_and_budget_and_releases_scratch ... ok
test link_prediction_matches_an_independent_oracle ... ok

test result: ok. 7 passed; 0 failed; 0 ignored; 0 measured; 0 filtered out; finished in 0.13s

[1m[92m     Running[0m tests/longest_path.rs (/target/debug/deps/longest_path-b2fca462d479f21c)

running 5 tests
test longest_path_refuses_a_signed_projection ... ok
test the_documented_cases ... ok
test longest_path_recomputes_the_dp_over_a_larger_layered_dag ... ok
test longest_path_observes_cancellation_and_budget_and_releases_scratch ... ok
test longest_path_matches_an_independent_oracle ... ok

test result: ok. 5 passed; 0 failed; 0 ignored; 0 measured; 0 filtered out; finished in 0.22s

[1m[92m     Running[0m tests/louvain.rs (/target/debug/deps/louvain-2f44706866771e14)

running 8 tests
test louvain_rejects_invalid_options_without_leaking_admission ... ok
test resolution_moves_between_components_and_singletons ... ok
test louvain_handles_empty_single_node_isolates_and_weightless_graphs ... ok
test louvain_states_multigraph_and_self_loop_semantics ... ok
test louvain_observes_cancellation_and_budget_and_releases_scratch ... ok
test louvain_is_deterministic_under_a_fixed_seed_and_any_pool_width ... ok
test louvain_matches_an_independent_oracle ... ok
test louvain_recovers_planted_structure_and_reaches_the_optimum_there ... ok

test result: ok. 8 passed; 0 failed; 0 ignored; 0 measured; 0 filtered out; finished in 0.53s

[1m[92m     Running[0m tests/pagerank_f32.rs (/target/debug/deps/pagerank_f32-c1c1e4c93010a4e1)

running 3 tests
test f32_and_f64_agree_with_each_other_and_with_the_recurrence ... ok
test f32_scores_are_bit_identical_at_every_worker_count_and_charge_what_f64_charges ... ok
test both_precisions_converge_at_1e_8_and_f32_s_count_is_the_same_at_every_width ... ok

test result: ok. 3 passed; 0 failed; 0 ignored; 0 measured; 0 filtered out; finished in 55.68s

[1m[92m     Running[0m tests/pagerank_fused.rs (/target/debug/deps/pagerank_fused-eeacac6de6fdb00d)

running 3 tests
test weighted_probabilities_formed_once_are_the_per_arc_bits ... ok
test the_fused_pull_is_the_three_passes_bits_at_both_precisions_and_every_width ... ok
test the_uniform_path_is_the_teleport_array_s_bits_at_both_precisions ... ok

test result: ok. 3 passed; 0 failed; 0 ignored; 0 measured; 0 filtered out; finished in 52.32s

[1m[92m     Running[0m tests/pagerank_pinned.rs (/target/debug/deps/pagerank_pinned-729ed60a17cc1441)

running 6 tests
test the_small_weighted_fixture_is_the_pinned_bits ... ok
test unweighted_scores_are_the_pinned_bits_on_both_paths_at_every_width ... ok
test the_pull_refuses_budgets_at_the_pinned_unit ... ok
test weighted_scores_are_the_pinned_bits_on_both_paths_at_every_width ... ok
test dangling_scores_are_the_pinned_bits_on_both_paths_at_every_width ... ok
test the_push_loop_refuses_every_budget_at_the_pinned_unit ... ok

test result: ok. 6 passed; 0 failed; 0 ignored; 0 measured; 0 filtered out; finished in 16.47s

[1m[92m     Running[0m tests/parallel.rs (/target/debug/deps/parallel-8543f3b9245ba457)

running 6 tests
test components_are_identical_at_every_thread_count ... ok
test degree_is_identical_at_every_thread_count ... ok
test breadth_first_distances_are_identical_at_every_thread_count ... ok
test pagerank_is_bit_identical_at_every_worker_count_with_dangling_nodes ... ok
test pagerank_agrees_with_the_sequential_push_and_does_not_move_with_threads ... ok
test weighted_pagerank_pulls_and_agrees_with_the_sequential_push ... ok

test result: ok. 6 passed; 0 failed; 0 ignored; 0 measured; 0 filtered out; finished in 8.44s

[1m[92m     Running[0m tests/projection.rs (/target/debug/deps/projection-83ada391168ab065)

running 6 tests
test arrow::duplicate_structural_columns_fail_and_release_preparation ... ok
test missing_null_and_large_integer_weights_have_explicit_semantics ... ok
test rejects_ambiguous_topology_and_invalid_weights_without_leaking_admission ... ok
test selection_keeps_original_ordinals_and_ignores_unselected_properties ... ok
test arrow::native_batches_preserve_selection_ids_presence_and_global_edge_ordinals ... ok
test preparing_the_transpose_moves_its_cost_without_changing_the_answer ... ok

test result: ok. 6 passed; 0 failed; 0 ignored; 0 measured; 0 filtered out; finished in 0.02s

[1m[92m     Running[0m tests/projection_budget.rs (/target/debug/deps/projection_budget-44d8448f116e00d5)

running 1 test
test work_is_what_0_23_charged_and_memory_is_no_more ... ok

test result: ok. 1 passed; 0 failed; 0 ignored; 0 measured; 0 filtered out; finished in 0.73s

[1m[92m     Running[0m tests/projection_views.rs (/target/debug/deps/projection_views-96e60c998f7ac69c)

running 8 tests
test a_view_runs_only_on_its_owner_or_a_descendant ... ok
test a_kernel_on_a_view_builds_the_transpose_for_the_owner ... ok
test the_transpose_is_the_owners_whichever_view_builds_it ... ok
test cancelling_one_query_leaves_another_on_the_same_projection_in_parallel ... ok
test a_views_deadline_is_its_own ... ok
test a_kernel_on_a_view_is_the_kernel_on_the_owner_at_every_width ... ok
test cancelling_one_query_leaves_another_on_the_same_projection_sequentially ... ok
test a_kernel_on_a_view_is_the_kernel_on_the_owner_sequentially ... ok

test result: ok. 8 passed; 0 failed; 0 ignored; 0 measured; 0 filtered out; finished in 8.99s

[1m[92m     Running[0m tests/properties.rs (/target/debug/deps/properties-b51cef81e4d4aea9)

running 9 tests
test every_kind_is_read_in_projection_row_order_under_a_label_selection ... ok
test reviewed::a_category_keeping_nulls_is_readable ... ok
test a_missing_value_is_an_error_a_default_or_a_null_as_asked ... ok
test reviewed_arrow::arrow_batches_may_arrive_in_any_order ... ok
test a_read_fails_rather_than_guesses ... ok
test arrow::arrow_reads_fail_rather_than_guess ... ok
test arrow::arrow_batches_read_exactly_what_the_graph_reads ... ok
test reviewed_arrow::vectors_survive_any_order_including_a_defaulted_first_row ... ok
test columns_are_admitted_charged_and_released ... ok

test result: ok. 9 passed; 0 failed; 0 ignored; 0 measured; 0 filtered out; finished in 0.06s

[1m[92m     Running[0m tests/reachability_oracle.rs (/target/debug/deps/reachability_oracle-5f8b88c11e93fbdb)

running 1 test
test all_three_vertex_topologies_match_matrix_oracles ... ok

test result: ok. 1 passed; 0 failed; 0 ignored; 0 measured; 0 filtered out; finished in 0.06s

[1m[92m     Running[0m tests/similarity.rs (/target/debug/deps/similarity-e80168a1076c194c)

running 5 tests
test node_similarity_rejects_options_that_mean_nothing ... ok
test node_similarity_states_its_textbook_values_and_its_set_semantics ... ok
test node_similarity_observes_cancellation_and_budget_and_releases_scratch ... ok
test node_similarity_is_identical_at_any_pool_width_and_charges_the_same_work ... ok
test node_similarity_matches_the_definition_row_for_row ... ok

test result: ok. 5 passed; 0 failed; 0 ignored; 0 measured; 0 filtered out; finished in 0.23s

[1m[92m     Running[0m tests/spanning.rs (/target/debug/deps/spanning-3d3c9f95136ddfd6)

running 4 tests
test a_source_keeps_the_tree_of_its_own_component ... ok
test spanning_tree_observes_cancellation_and_budget_and_releases_scratch ... ok
test the_forest_is_the_one_an_exhaustive_search_finds ... ok
test the_forest_is_identical_at_any_pool_width_and_charges_the_same_work ... ok

test result: ok. 4 passed; 0 failed; 0 ignored; 0 measured; 0 filtered out; finished in 0.48s

[1m[92m     Running[0m tests/spectral.rs (/target/debug/deps/spectral-01875f82d8a66790)

running 5 tests
test the_textbook_cases_are_as_documented ... ok
test a_katz_alpha_that_is_too_large_is_reported_not_hidden ... ok
test the_iterations_observe_cancellation_and_budget_and_release_scratch ... ok
test converged_runs_satisfy_their_defining_equations ... ok
test the_iterations_are_identical_at_any_pool_width_and_charge_the_same_work ... ok

test result: ok. 5 passed; 0 failed; 0 ignored; 0 measured; 0 filtered out; finished in 0.96s

[1m[92m     Running[0m tests/triangles.rs (/target/debug/deps/triangles-3b14c80e75b068c8)

running 7 tests
test triangles_handle_empty_single_node_and_isolates ... ok
test max_degree_leaves_hubs_and_their_triangles_out ... ok
test triangles_reject_directed_projections_without_leaking_admission ... ok
test triangles_observe_cancellation_and_budget_and_release_scratch ... ok
test triangles_state_multigraph_and_self_loop_semantics ... ok
test triangles_are_identical_at_any_pool_width_and_charge_the_same_work ... ok
test triangles_match_an_independent_oracle ... ok

test result: ok. 7 passed; 0 failed; 0 ignored; 0 measured; 0 filtered out; finished in 1.15s

[1m[92m     Running[0m tests/weighted.rs (/target/debug/deps/weighted-f31590235ecc1d4f)

running 6 tests
test pagerank_rejects_invalid_configuration_and_accepts_empty_graph ... ok
test pagerank_handles_dangling_personalization_and_large_weights ... ok
test overflow_is_not_reported_as_unreachable ... ok
test weighted_paths_preserve_parallel_edge_identity_and_zero_cycles ... ok
test pull_paths_pin_projection_and_release_storage_on_completion_or_failure ... ok
test many_decreases_match_independent_bellman_ford ... ok

test result: ok. 6 passed; 0 failed; 0 ignored; 0 measured; 0 filtered out; finished in 0.01s

[1m[92m     Running[0m tests/yens.rs (/target/debug/deps/yens-75b9866a9d6dfdfa)

running 8 tests
test yens_rejects_invalid_options_and_a_signed_projection ... ok
test yens_states_multigraph_and_self_loop_semantics ... ok
test yens_returns_the_classic_hand_computed_example ... ok
test yens_states_its_tie_break_and_holds_to_it ... ok
test yens_walks_zero_weight_ties_without_leaving_the_shortest_paths ... ok
test yens_handles_a_single_edge_the_same_node_twice_and_no_path_at_all ... ok
test yens_observes_cancellation_and_budget_and_releases_scratch ... ok
test yens_matches_an_independent_oracle ... ok

test result: ok. 8 passed; 0 failed; 0 ignored; 0 measured; 0 filtered out; finished in 0.29s

[1m[92m     Running[0m unittests src/lib.rs (/target/debug/deps/grust_arrow-3741fd9ca98924e5)

running 78 tests
test bounded_write::tests::sink_limit_rejects_excess_without_extending_the_buffer ... ok
test v55::buffer_owner::tests::custom_owner_cannot_be_detached_by_mutable_conversion ... ok
test v55::buffer_owner::tests::empty_buffers_still_retain_the_owner ... ok
test v55::buffer_owner::tests::c_data_export_retains_owner_until_release ... ok
test v55::buffer_owner::tests::native_array_slice_retains_owner_after_parent_drop ... ok
test v55::buffer_owner::tests::token_and_storage_survive_cloning_slicing_and_original_drop ... ok
test v55::array_owner::tests::exported_array_holds_owner_until_c_data_release ... ok
test v55::array_owner::tests::sliced_strings_keep_validity_values_and_ownership ... ok
test v55::array_owner::tests::nested_list_child_keeps_owner_after_all_parents_drop ... ok
test v55::graph::conversion_tests::conversion_retains_strings_presence_and_parallel_edges ... ok
test v55::graph::conversion_tests::conversion_topology_errors_match_index_validation ... ok
test v55::pipeline::tests::bounded_slices_retain_buffers_and_order ... ok
test v55::pipeline::tests::c_stream_export_import_retains_native_values ... ok
test v55::graph_serialization::tests::empty_schema_only_graph_preserves_the_core_wire_contract ... ok
test adbc::tests::driver_rejection_keeps_adbc_status_and_does_not_bind ... ok
test adbc::tests::native_adbc_binding_preserves_batches_buffers_and_unknown_count ... ok
test v55::pipeline::tests::collection_limits_sum_across_batches ... ok
test v55::graph_serialization::tests::nonfinite_native_floats_follow_core_json_encoding ... ok
test v55::graph_serialization::tests::borrowed_serialization_matches_core_bytes_across_reordered_sliced_batches ... ok
test v55::pipeline::tests::projection_preserves_arrays_and_checks_required_nulls ... ok
test v55::pipeline::tests::native_graph_tables_validate_across_batch_boundaries ... ok
test v55::pipeline::tests::limits_fail_once_before_yielding_a_large_batch ... ok
test v55::pipeline::tests::pipeline_is_lazy_and_preserves_source_failure ... ok
test v55::pipeline::tests::table_preserves_metadata_batches_and_zero_column_row_counts ... ok
test v55::storage::tests::storage_preserves_complex_properties_and_explicit_empty_ids ... ok
test v55::storage::tests::storage_rejects_null_identity_and_forged_edge_keys ... ok
test v58::buffer_owner::tests::custom_owner_cannot_be_detached_by_mutable_conversion ... ok
test v58::buffer_owner::tests::empty_buffers_still_retain_the_owner ... ok
test v55::pipeline::tests::schema_drift_is_rejected_by_reader_and_writer ... ok
test v55::pipeline::tests::ipc_handles_multiple_batches_and_schema_only_streams ... ok
test v58::buffer_owner::tests::token_and_storage_survive_cloning_slicing_and_original_drop ... ok
test v58::buffer_owner::tests::native_array_slice_retains_owner_after_parent_drop ... ok
test v58::graph::conversion_tests::conversion_topology_errors_match_index_validation ... ok
test v58::buffer_owner::tests::c_data_export_retains_owner_until_release ... ok
test v58::graph::conversion_tests::conversion_retains_strings_presence_and_parallel_edges ... ok
test v58::graph_serialization::tests::empty_schema_only_graph_preserves_the_core_wire_contract ... ok
test v58::array_owner::tests::sliced_strings_keep_validity_values_and_ownership ... ok
test v58::pipeline::tests::c_stream_export_import_retains_native_values ... ok
test v58::array_owner::tests::nested_list_child_keeps_owner_after_all_parents_drop ... ok
test v58::array_owner::tests::exported_array_holds_owner_until_c_data_release ... ok
test v58::pipeline::tests::bounded_slices_retain_buffers_and_order ... ok
test v58::graph_serialization::tests::nonfinite_native_floats_follow_core_json_encoding ... ok
test v58::pipeline::tests::collection_limits_sum_across_batches ... ok
test v58::graph_serialization::tests::borrowed_serialization_matches_core_bytes_across_reordered_sliced_batches ... ok
test v58::pipeline::tests::pipeline_is_lazy_and_preserves_source_failure ... ok
test v58::pipeline::tests::projection_preserves_arrays_and_checks_required_nulls ... ok
test v58::pipeline::tests::native_graph_tables_validate_across_batch_boundaries ... ok
test v58::pipeline::tests::limits_fail_once_before_yielding_a_large_batch ... ok
test v58::pipeline::tests::table_preserves_metadata_batches_and_zero_column_row_counts ... ok
test v58::pipeline::tests::schema_drift_is_rejected_by_reader_and_writer ... ok
test v58::storage::tests::storage_preserves_complex_properties_and_explicit_empty_ids ... ok
test v58::storage::tests::storage_rejects_null_identity_and_forged_edge_keys ... ok
test v59::buffer_owner::tests::custom_owner_cannot_be_detached_by_mutable_conversion ... ok
test v58::pipeline::tests::ipc_handles_multiple_batches_and_schema_only_streams ... ok
test v59::buffer_owner::tests::c_data_export_retains_owner_until_release ... ok
test v59::buffer_owner::tests::empty_buffers_still_retain_the_owner ... ok
test v59::buffer_owner::tests::token_and_storage_survive_cloning_slicing_and_original_drop ... ok
test v59::array_owner::tests::exported_array_holds_owner_until_c_data_release ... ok
test v59::array_owner::tests::sliced_strings_keep_validity_values_and_ownership ... ok
test v59::array_owner::tests::nested_list_child_keeps_owner_after_all_parents_drop ... ok
test v59::graph::conversion_tests::conversion_topology_errors_match_index_validation ... ok
test v59::buffer_owner::tests::native_array_slice_retains_owner_after_parent_drop ... ok
test v59::graph_serialization::tests::empty_schema_only_graph_preserves_the_core_wire_contract ... ok
test v59::graph::conversion_tests::conversion_retains_strings_presence_and_parallel_edges ... ok
test v59::pipeline::tests::collection_limits_sum_across_batches ... ok
test v59::pipeline::tests::bounded_slices_retain_buffers_and_order ... ok
test v59::pipeline::tests::limits_fail_once_before_yielding_a_large_batch ... ok
test v59::graph_serialization::tests::nonfinite_native_floats_follow_core_json_encoding ... ok
test v59::pipeline::tests::native_graph_tables_validate_across_batch_boundaries ... ok
test v59::pipeline::tests::c_stream_export_import_retains_native_values ... ok
test v59::pipeline::tests::projection_preserves_arrays_and_checks_required_nulls ... ok
test v59::graph_serialization::tests::borrowed_serialization_matches_core_bytes_across_reordered_sliced_batches ... ok
test v59::pipeline::tests::schema_drift_is_rejected_by_reader_and_writer ... ok
test v59::storage::tests::storage_preserves_complex_properties_and_explicit_empty_ids ... ok
test v59::pipeline::tests::pipeline_is_lazy_and_preserves_source_failure ... ok
test v59::pipeline::tests::table_preserves_metadata_batches_and_zero_column_row_counts ... ok
test v59::storage::tests::storage_rejects_null_identity_and_forged_edge_keys ... ok
test v59::pipeline::tests::ipc_handles_multiple_batches_and_schema_only_streams ... ok

test result: ok. 78 passed; 0 failed; 0 ignored; 0 measured; 0 filtered out; finished in 0.02s

[1m[92m     Running[0m tests/roundtrip.rs (/target/debug/deps/roundtrip-285d7853ffd2240a)

running 4 tests
test rejects_invalid_graphs_and_unsupported_properties ... ok
test empty_and_parallel_edges ... ok
test rejects_invalid_schema_and_presence ... ok
test native_columns_and_ipc_preserve_values ... ok

test result: ok. 4 passed; 0 failed; 0 ignored; 0 measured; 0 filtered out; finished in 0.01s

[1m[92m     Running[0m unittests src/lib.rs (/target/debug/deps/grust_beads-062a8eb0a2d40d54)

running 0 tests

test result: ok. 0 passed; 0 failed; 0 ignored; 0 measured; 0 filtered out; finished in 0.00s

[1m[92m     Running[0m unittests src/main.rs (/target/debug/deps/grust_beads-14f39ef475580485)

running 0 tests

test result: ok. 0 passed; 0 failed; 0 ignored; 0 measured; 0 filtered out; finished in 0.00s

[1m[92m     Running[0m tests/load.rs (/target/debug/deps/load-9b433b77879ee66b)

running 4 tests
test edge_label_normalizes ... ok
test skips_non_issue_records ... ok
test builds_issue_graph_with_typed_edges ... ok
test query_issue_graph_with_grust_cypher ... ok

test result: ok. 4 passed; 0 failed; 0 ignored; 0 measured; 0 filtered out; finished in 0.00s

[1m[92m     Running[0m unittests src/lib.rs (/target/debug/deps/grust_cocoindex-d17c945d4b04e80f)

running 14 tests
test tests::explicit_edge_id_becomes_relationship_key ... ok
test tests::export_rejects_ambiguous_and_explicit_delimiter_edge_keys ... ok
test tests::export_allows_graph_with_zero_edges ... ok
test tests::import_rejects_explicit_relationship_key_with_delimiter ... ok
test tests::export_preserves_explicit_edge_id_as_relationship_key ... ok
test tests::exported_json_uses_plain_property_values ... ok
test tests::exports_nodes_and_relationships ... ok
test tests::import_rejects_malformed_keys_and_endpoint_label_mismatches ... ok
test tests::imports_exported_graph_state ... ok
test tests::imports_explicit_relationship_keys_as_edge_ids ... ok
test tests::missing_source_node_is_an_error ... ok
test tests::missing_endpoint_node_is_an_error ... ok
test tests::non_finite_float_properties_are_export_errors ... ok
test tests::non_finite_float_array_properties_are_export_errors ... ok

test result: ok. 14 passed; 0 failed; 0 ignored; 0 measured; 0 filtered out; finished in 0.00s

[1m[92m     Running[0m tests/public_export.rs (/target/debug/deps/public_export-85e96aeaaf50c2da)

running 1 test
test public_api_exports_cocoindex_target_state ... ok

test result: ok. 1 passed; 0 failed; 0 ignored; 0 measured; 0 filtered out; finished in 0.00s

[1m[92m     Running[0m unittests src/lib.rs (/target/debug/deps/grust_core-e42b952c8967f019)

running 86 tests
test json_size::tests::the_sink_can_stop_a_measurement ... ok
test json_size::tests::unmodelled_keys_are_reported_not_guessed ... ok
test tests::decimal_ordering_and_arithmetic ... ok
test tests::builder_add_edge_reports_outcome ... ok
test tests::checked_edge_key_rejects_ambiguous_structural_and_explicit_keys ... ok
test tests::datetime_value_validates_rfc3339 ... ok
test json_size::tests::enum_and_struct_encodings_match_serde_json ... ok
test tests::builder_dedupes_nodes_and_edges ... ok
test tests::decimal_parse_normalize_and_display ... ok
test json_size::tests::scalars_and_strings_match_serde_json ... ok
test tests::decimal_serde_roundtrip ... ok
test tests::duration_arithmetic_and_serde ... ok
test json_size::tests::every_value_kind_in_a_graph_matches_serde_json ... ok
test tests::graph_builder_label_conflict_replaces_node ... ok
test tests::edge_key_prefers_explicit_id_then_structural_identity ... ok
test tests::graph_builder_same_label_merges_props ... ok
test tests::graph_loads_from_json ... ok
test tests::graph_json_rejects_edges_with_unknown_nodes ... ok
test tests::duration_parse_and_display ... ok
test tests::graph_loads_from_xml ... ok
test tests::graph_schema_rejects_wrong_edge_endpoint_label ... ok
test tests::graph_index_validates_and_indexes_adjacency ... ok
test tests::graph_index_rejects_missing_edge_endpoints ... ok
test tests::graph_schema_carries_and_validates_required_constraints ... ok
test tests::graph_schema_validates_labels_fields_and_edge_endpoints ... ok
test tests::graph_serializes_to_json ... ok
test tests::graph_schema_rejects_wrong_field_type ... ok
test tests::graph_loads_from_yaml ... ok
test tests::graph_serializes_to_xml ... ok
test tests::graph_schema_validates_unique_property_constraints ... ok
test tests::graph_value_from_graph_snapshot ... ok
test tests::graph_value_relationship_identity_length_frames_components ... ok
test tests::graph_xml_rejects_edges_with_unknown_nodes ... ok
test tests::graph_serializes_to_yaml ... ok
test tests::mutation_plan_reports_and_lowers_to_graph_mutations ... ok
test tests::native_constraint_ddl_is_explicitly_unsupported_by_default ... ok
test tests::numeric_update_evaluator_is_type_checked_and_overflow_safe ... ok
test tests::normalizes_relationship_types ... ok
test tests::normalizes_schema_identifiers ... ok
test tests::graph_yaml_rejects_edges_with_unknown_nodes ... ok
test tests::schema_enforces_edge_uniqueness ... ok
test tests::graph_value_deduplicates_and_serializes ... ok
test tests::property_predicates_are_type_aware_and_missing_safe ... ok
test tests::schema_validates_datetime_and_array_fields ... ok
test tests::typed_garde_tests::typed_builder_coexists_with_raw_nodes_and_edges ... ok
test tests::rejects_physical_identifier_claim_collisions_within_a_namespace ... ok
test tests::typed_garde_tests::typed_builder_rejects_invalid_values_before_building_graph ... ok
test tests::typed_garde_tests::typed_builder_validates_and_lowers_nodes_and_edges ... ok
test tests::typed_garde_tests::typed_builder_can_extend_an_existing_graph ... ok
test tests::typed_garde_tests::typed_readback_rejects_label_and_identity_mismatches ... ok
test tests::typed_garde_tests::typed_node_and_edge_read_back_from_graph_values ... ok
test tests::undirected_edge_type_accepts_reversed_endpoints_and_unordered_uniqueness ... ok
test tests::typed_garde_tests::zod_rs_schema_errors_before_deserialize_and_garde_errors_after ... ok
test tests::typed_garde_tests::zod_rs_schema_can_feed_typed_garde_nodes_and_edges ... ok
test tests::validate_edge_props_checks_label_and_fields_only ... ok
test tests::value_json_round_trips_plain_and_tagged ... ok
test typed_graph_index::sparse_source_tests::dense_csr_reports_none_even_when_some_rows_are_empty ... ok
test typed_graph_index::sparse_source_tests::absent_relationships_and_empty_indexes_report_some_empty ... ok
test typed_graph_index::sparse_source_tests::source_slices_borrow_the_index_not_the_view_or_relationship_name ... ok
test typed_graph_index::sparse_source_tests::source_enumeration_does_not_collapse_physical_multigraph_rows ... ok
test tests::validate_edge_with_uses_label_lookup ... ok
test typed_graph_index::sparse_source_tests::sparse_source_slices_are_sorted_unique_and_exact_in_both_directions ... ok
test typed_graph_index::tests::cached_serialized_size_matches_exact_json_and_stays_on_its_snapshot ... ok
test typed_graph_index::tests::density_threshold_rounds_up_and_empty_offsets_are_safe ... ok
test typed_graph_index::tests::invalid_graphs_are_rejected ... ok
test typed_graph_index::tests::serialized_size_counter_rejects_overflow ... ok
test typed_graph_index::tests::csr_buckets_preserve_empty_source_slots_and_reverse_order ... ok
test tests::traversal_to_without_step_panics - should panic ... ok
test typed_graph_index::tests::snapshot_cannot_be_invalidated_by_another_arc_owner ... ok
test typed_graph_index::view_tests::an_absent_type_view_stays_on_its_snapshot_after_copy_on_write ... ok
test typed_graph_index::tests::sorted_typed_slices_preserve_parallel_edges_and_self_loops ... ok
test typed_graph_index::tests::sparse_offsets_only_describe_sorted_active_sources ... ok
test typed_graph_index::view_tests::empty_and_missing_types_accept_every_invalid_slot_as_an_empty_row ... ok
test typed_graph_index::view_tests::another_snapshot_owner_cannot_invalidate_a_borrowed_view ... ok
test typed_graph_index::view_tests::dense_and_sparse_views_match_direct_scans_and_existing_slices ... ok
test typed_graph_index::tests::hybrid_offsets_preserve_parallel_reciprocal_self_loops_and_isolated_vertices ... ok
test typed_graph_index::view_tests::sorted_rows_keep_loops_parallel_and_reciprocal_physical_edge_identities ... ok
test unique_values::tests::collisions_still_use_full_value_equality ... ok
test typed_graph_index::view_tests::view_is_exported_at_the_crate_root_and_in_the_prelude ... ok
test typed_graph_index::view_tests::views_do_not_borrow_type_strings_and_slices_outlive_temporary_views ... ok
test unique_values::tests::owned_values_can_be_removed_by_owner_even_when_not_self_equal ... ok
test unique_values::tests::fingerprints_preserve_value_equality_edge_cases ... ok
test typed_graph_index::tests::typed_index_matches_direct_scans_on_generated_multigraphs ... ok
test typed_graph_index::view_tests::generated_multigraph_views_match_raw_edges_for_every_vertex_and_direction ... ok
test typed_graph_index::tests::many_relationship_types_have_edge_bounded_adjacency_allocations ... ok
test typed_graph_index::tests::hybrid_generated_graphs_match_scans_in_both_directions ... ok

test result: ok. 86 passed; 0 failed; 0 ignored; 0 measured; 0 filtered out; finished in 0.06s

[1m[92m     Running[0m unittests src/lib.rs (/target/debug/deps/grust_cypher-759fd26fcd243f93)

running 831 tests
test ast::tests::binary_binding_power_orders_operators ... ok
test ast::tests::clause_classification ... ok
test gql::tests::descriptor_self_reference_is_consistent ... ok
test ast::tests::expr_constant_detection ... ok
test ast::tests::expr_constructors ... ok
test ast::tests::direction_and_range_literals ... ok
test gql::tests::all_array_covers_every_descriptor_roundtrip ... ok
test gql::tests::feature_serde_uses_stable_id ... ok
test gql::tests::manifest_loads_and_validates ... ok
test gql::tests::manifest_rejects_duplicate_ids ... ok
test gql::tests::backend_manifest_is_honest_and_consistent ... ok
test gql::tests::every_feature_has_a_unique_id ... ok
test gql::tests::full_profile_claim_is_backed ... ok
test gql::tests::manifest_requires_error_kind_for_rejected_cases ... ok
test gql::tests::manifest_rejects_unknown_feature_id ... ok
test gql::tests::profile_inclusion_is_monotonic ... ok
test gql::tests::strict_write_surface_is_classified_supported ... ok
test gql::tests::native_passthrough_capabilities_are_honest ... ok
test gql::tests::structured_errors_map_to_transport_variants ... ok
test gql::tests::support_counts_total_matches_catalog ... ok
test gql::tests::rejected_forms_are_present_in_the_manifest ... ok
test gql::tests::support_summary_is_nonempty_and_lists_families ... ok
test gql::tests::unknown_feature_id_fails_to_deserialize ... ok
test lexer::tests::empty_input_is_just_eof ... ok
test lexer::tests::identifiers_vs_keywords ... ok
test lexer::tests::backtick_identifiers_with_escapes ... ok
test lexer::tests::keywords_are_case_insensitive ... ok
test lexer::tests::invalid_character_reports_span ... ok
test lexer::tests::line_and_block_comments_are_skipped ... ok
test lexer::tests::line_col_resolves_multiline ... ok
test lexer::tests::malformed_exponent_is_an_error ... ok
test lexer::tests::numeric_families ... ok
test lexer::tests::range_dotdot_is_not_a_float ... ok
test lexer::tests::parameters ... ok
test lexer::tests::property_access_dot_then_ident ... ok
test lexer::tests::relationship_arrows_and_operators ... ok
test lexer::tests::representative_pattern_tokenizes ... ok
test lexer::tests::spans_point_at_the_token_text ... ok
test lexer::tests::statement_splitting_on_semicolons ... ok
test lexer::tests::string_literals_with_escapes ... ok
test lexer::tests::unicode_escape_forms ... ok
test lexer::tests::unterminated_block_comment_reports_span ... ok
test lexer::tests::trailing_and_empty_statements_are_dropped ... ok
test lexer::tests::unterminated_string_reports_span ... ok
test graph_type::tests::type_mismatch_and_required_are_enforced_in_both_modes ... ok
test graph_type::tests::open_allows_undeclared_labels_and_props ... ok
test graph_type::tests::closed_rejects_undeclared_label_and_property ... ok
test parser::tests::boolean_precedence_and_over_or ... ok
test lexer::tests::lex_error_converts_to_structured_syntax_error ... ok
test parser::tests::expression_precedence_is_correct ... ok
test parser::tests::comparison_and_membership_and_string_ops ... ok
test parser::tests::is_null_postfix ... ok
test parser::tests::function_calls_count_star_and_distinct ... ok
test parser::tests::not_captures_comparison ... ok
test parser::tests::lexical_error_propagates_as_syntax ... ok
test parser::tests::parameters_parse ... ok
test parser::tests::multiple_statements_split ... ok
test parser::tests::parse_call_yield_with_alias ... ok
test parser::tests::case_expression ... ok
test parser::tests::parse_error_converts_to_grust_syntax ... ok
test parser::tests::parse_standalone_call ... ok
test parser::tests::parses_incoming_and_undirected ... ok
test parser::tests::not_binds_tighter_than_and ... ok
test parser::tests::parses_node_properties_map ... ok
test parser::tests::parses_path_variable ... ok
test parser::tests::parses_merge_with_on_create_on_match ... ok
test parser::tests::parses_optional_match ... ok
test parser::tests::parses_return_distinct_star_order_skip_limit ... ok
test parser::tests::parses_relationship_pattern_with_direction ... ok
test parser::tests::parses_set_remove_delete_forms ... ok
test parser::tests::parses_variable_length_range ... ok
test parser::tests::parses_simple_match_return ... ok
test parser::tests::parses_unwind ... ok
test parser::tests::recognized_unsupported_construct_is_feature_tagged ... ok
test parser::tests::parses_union_all ... ok
test parser::tests::property_and_index_access ... ok
test parser::tests::syntax_error_carries_span ... ok
test parser::tests::parses_with_pipeline_and_where ... ok
test parser::tests::trailing_input_is_rejected ... ok
test pushdown::relationship_types::tests::type_sets_distinguish_positions_from_duplicate_alternatives ... ok
test pushdown::scalar_count::tests::renders_directed_and_shared_variable_sources ... ok
test pushdown::scalar_count::tests::rejects_malformed_count_results ... ok
test pushdown::scalar_count::tests::renders_one_scalar_without_match_row_transport_or_pagination ... ok
test pushdown::scalar_count::tests::exact_predicates_require_dialect_opt_in_without_changing_sail_sql ... ok
test pushdown::scalar_count::tests::decodes_zero_and_maximum_counts_and_preserves_aliases ... ok
test pushdown::scalar_count::tests::refuses_unproven_aggregate_or_source_shapes ... ok
test pushdown::relationship_types::tests::both_join_lowerers_and_delegates_decline_overlap ... ok
test pushdown::scalar_count::tests::resolves_exact_string_filters_and_escapes_parameters ... ok
test pushdown::tests::boolean_comparison ... ok
test pushdown::tests::boolean_structure_and_is_null ... ok
test pushdown::scalar_count::tests::requires_disjoint_relationship_types_across_positions ... ok
test pushdown::tests::correlated_subquery_where_lowers_into_join_on ... ok
test pushdown::tests::arithmetic_comparison ... ok
test pushdown::scalar_count::tests::final_pagination_and_errors_match_reference ... ok
test pushdown::tests::incoming_segment_with_rel_var_and_where ... ok
test pushdown::tests::full39075_read_features_fall_back_to_the_reference ... ok
test pushdown::tests::literal_on_left_flips_operator ... ok
test pushdown::tests::inline_props_and_where_conjoin ... ok
test pushdown::tests::label_only_scan ... ok
test pushdown::scalar_count::tests::unproven_filters_do_not_inherit_row_source_coercion ... ok
test pushdown::tests::in_list_predicate ... ok
test pushdown::tests::label_property_uses_column_without_cast ... ok
test pushdown::tests::numeric_comparison_casts_by_literal_type ... ok
test pushdown::tests::multi_pattern_shared_var_and_cross ... ok
test pushdown::tests::order_limit_pushed_only_for_typed_dialects ... ok
test pushdown::tests::outgoing_segment_join ... ok
test pushdown::tests::non_pushable_ordering_stays_in_rust ... ok
test pushdown::tests::optional_match_left_join ... ok
test pushdown::tests::project_runs_the_reference_projection ... ok
test pushdown::tests::parameter_resolves_to_literal ... ok
test pushdown::tests::schema_hints_let_spark_push_numeric_ordering ... ok
test pushdown::tests::segment_arithmetic_comparison ... ok
test pushdown::tests::procedure_row_sources_lower_and_gate_by_dialect ... ok
test pushdown::tests::order_by_alias_and_label_are_pushable ... ok
test pushdown::tests::segment_in_predicate ... ok
test pushdown::tests::segment_multiple_rel_types_and_inline_props ... ok
test pushdown::tests::project_supports_aggregates_and_distinct ... ok
test pushdown::tests::segment_edge_property_filter ... ok
test pushdown::tests::segment_order_limit_pushed_for_typed_dialect ... ok
test pushdown::tests::segment_sqlite_dialect ... ok
test pushdown::tests::segment_string_predicate ... ok
test pushdown::tests::segment_edge_property_ordering_with_hints ... ok
test pushdown::tests::segment_order_pushed_for_spark_with_hints ... ok
test pushdown::tests::segment_reconstructs_and_projects ... ok
test pushdown::tests::shortest_path_lowers_to_walk_cte ... ok
test pushdown::tests::string_predicates ... ok
test pushdown::tests::segment_unsupported_shapes_fall_back ... ok
test pushdown::tests::string_literals_are_escaped ... ok
test pushdown::tests::unlabeled_scan_has_no_where ... ok
test pushdown::tests::subquery_and_correlated_keys_lower ... ok
test pushdown::tests::union_composition ... ok
test pushdown::tests::undirected_segment_join ... ok
test pushdown::tests::var_length_unsupported_shapes_fall_back ... ok
test pushdown::tests::var_length_recursive_cte ... ok
test pushdown::tests::unsupported_shapes_fall_back_to_none ... ok
test pushdown::tests::two_segment_path_join ... ok
test pushdown::tests::writes_are_not_pushable ... ok
test pushdown::tests::with_horizon_pipeline ... ok
test read::binding_key::tests::slot_keys_cannot_collide_with_json_but_graph_free_bindings_remain_value_keyed ... ok
test read::binding_key::tests::slot_key_allocation_is_precharged_without_materializing_relationship_properties ... ok
test read::binding_key::tests::nullable_relationship_bindings_still_form_one_null_key ... ok
test read::binding_key::tests::scalar_and_computed_expression_keys_keep_existing_value_semantics ... ok
test read::count_cycle::tests::budgets::exact_arithmetic_final_overflow_and_alias_allocation ... ok
test read::binding_key::tests::distinct_and_grouped_bare_relationships_preserve_physical_parallel_edges ... ok
test read::count_cycle::tests::empty_graph_and_pagination_preserve_scalar_semantics ... ok
test read::count_cycle::tests::every_node_mention_and_duplicate_key_conjunct_is_preserved ... ok
test read::count_cycle::tests::budgets::empty_index_still_charges_large_proof_strings_before_comparing ... ok
test read::count_cycle::tests::insufficient_disjointness_and_other_unproven_shapes_are_rejected ... ok
test read::count_cycle::tests::budgets::sparse_creator_targets_probe_a_high_degree_knows_neighborhood ... ok
test read::count_cycle::tests::all_comma_atom_orders_and_arrow_spellings_have_the_same_proof ... ok
test read::count_cycle::tests::literal_edge_filters_and_numeric_property_equality_match_reference ... ok
test read::count_cycle::tests::q2_and_reordered_a2_match_three_in_the_example_fixture ... ok
test read::count_cycle::tests::nonfunctional_creators_parallel_reciprocal_edges_and_knows_loops ... ok
test read::count_cycle::tests::role_masks::labels_from_later_mentions_do_not_replace_any_other_conjunct ... ok
test read::count_cycle::tests::role_masks::long_borrowed_candidate_labels_are_charged_before_lookup_even_on_miss ... ok
test read::count_cycle::tests::role_masks::unlabeled_roles_scan_all_vertices_regardless_of_their_actual_labels ... ok
test read::count_predicate::tests::borrowed_scalar_equality_matches_all_reference_value_variants ... ok
test read::count_predicate::tests::complex_properties_are_rejected_without_copying_their_payloads ... ok
test read::count_predicate::tests::json_numbers_keep_representation_equality_and_nonfinite_null_conversion ... ok
test read::count_predicate::tests::property_and_label_domains_preserve_conjunction_and_null_semantics ... ok
test read::count_predicate::tests::string_work_and_owned_scalar_formatting_are_budgeted ... ok
test read::count_scan::budget_tests::borrowed_label_lookups_are_charged_on_hits_misses_and_empty_indexes ... ok
test read::count_cycle::tests::role_masks::irrelevant_labels_avoid_predicate_work_but_not_full_mask_and_source_charges ... ok
test read::count_cycle::tests::budgets::planner_masks_zero_degree_and_intersection_work_are_budgeted ... ok
test read::count_cycle::tests::role_masks::mixed_label_multigraphs_match_raw_edge_enumeration_and_reference ... ok
test read::count_scan::budget_tests::label_cardinality_shortcuts_do_not_charge_a_vertex_scan ... ok
test read::count_scan::tests::nonnull_counts_and_null_probes_match_hand_counts ... ok
test read::count_scan::tests::physical_edges_directions_and_self_loops_keep_multiplicity ... ok
test read::binding_forms_resource_tests::bounded_read_deadline_is_observed_inside_every_binding_form ... ok
test read::binding_forms_resource_tests::deadline_is_observed_inside_every_binding_form ... ok
test read::count_scan::tests::scalar_unions_and_per_arm_pagination_preserve_reference_contract ... ok
test read::count_scan::tests::generated_edge_counts_have_an_independent_raw_orientation_oracle ... ok
test read::count_scan::tests::unsupported_nullable_and_expression_shapes_do_not_get_scan_plans ... ok
test read::count_scan::tests::scan_work_range_memory_and_deadline_limits_are_not_bypassed ... ok
test read::count_scan::tests::zero_hops_bind_both_nodes_to_the_same_vertex_without_edges ... ok
test read::count_support::profile::profile_sparse_and_dense_orientation ... ignored, manual release-mode diagnostic; not a publication benchmark
test read::count_support::compact_tests::stored_weights_are_compact_and_conversion_is_checked ... ok
test read::count_support::tests::rank_suffix_preserves_triangle_and_original_ordinal_callback ... ok
test read::count_support::tests::clique_suffix_uses_one_comparison_and_callback_per_triangle ... ok
test read::count_support::tests::visitor_work_accounts_only_the_safe_rank_suffix ... ok
test read::count_tags::tests::budgets::budget_refusals_cover_planning_vectors_scans_intersections_and_deadline ... ok
test read::count_tags::tests::budgets::exact_subtraction_and_checked_arithmetic_never_cap_early ... ok
test read::count_tags::tests::budgets::zero_degree_work_and_output_alias_allocation_are_charged ... ok
test read::count_tags::tests::anti_existence_ignores_right_target_mask_and_right_edge_filters ... ok
test read::binding_forms_resource_tests::cancellation_is_observed_inside_every_binding_form ... ok
test read::count_scan::budget_tests::long_label_conjunctions_are_charged_before_comparing_even_without_vertices ... ok
test read::count_tags::tests::empty_graph_and_final_pagination_match_reference ... ok
test read::count_tags::tests::literal_predicates_use_real_properties_and_reference_equality ... ok
test read::count_tags::tests::unsupported_shapes_keep_the_complete_proof_conservative ... ok
test read::count_tags::tests::q5_q8_and_reordered_anti_fixture_counts ... ok
test read::count_tags::tests::self_loops_and_coincident_source_roles_do_not_reuse_edges ... ok
test read::count_tree::branch_candidate_tests::labeled_multigraph_branches_match_reference_for_every_direction ... ok
test read::count_tree::branch_candidate_tests::present_and_unlabeled_candidates_are_still_charged_even_with_zero_degree ... ok
test read::count_tree::branch_candidate_tests::reused_candidates_keep_later_labels_properties_and_optional_null_padding ... ok
test read::count_tree::edge_scan_budget_tests::active_deadline_errors_propagate_and_do_not_leave_a_stale_budget ... ok
test read::count_tree::edge_scan_budget_tests::empty_rows_have_no_scan_charge_and_full_weight_arrays_remain_required ... ok
test read::count_tree::edge_scan_budget_tests::first_second_and_partial_tail_chunks_refuse_before_affordable_prefixes ... ok
test read::count_scan::tests::range_count_retains_inclusive_signed_and_error_semantics ... ok
test read::count_tree::edge_scan_budget_tests::predicate_refusal_keeps_the_paid_chunk_and_does_not_retry ... ok
test read::count_tree::branch_candidate_tests::missing_labels_skip_branch_visits_but_keep_full_weight_initialization ... ok
test read::count_tags::tests::parallel_bridges_tags_and_anti_edges_keep_bag_semantics ... ok
test read::count_tree::edge_scan_budget_tests::optional_edges_keep_per_edge_charges_and_null_padding ... ok
test read::count_tree::label_budget_tests::borrowed_forest_labels_are_charged_before_lookup_on_hits_misses_and_empty_graphs ... ok
test read::count_tree::mandatory_adjacency::budget_tests::a_missing_second_atom_is_probed_and_short_circuits_later_atoms ... ok
test read::count_tree::edge_scan_budget_tests::scalar_alias_skip_and_limit_semantics_remain_after_complete_scanning ... ok
test read::count_tree::mandatory_adjacency::budget_tests::disabled_and_empty_candidate_paths_do_not_prepare_views ... ok
test read::count_tree::mandatory_adjacency::budget_tests::long_types_resolve_on_hits_misses_and_empty_indexes ... ok
test read::count_tree::mandatory_adjacency::budget_tests::preparation_and_probes_observe_expired_deadlines ... ok
test read::count_tree::mandatory_adjacency::budget_tests::preparation_has_exact_resolution_work_and_storage_costs ... ok
test read::count_tree::edge_scan_budget_tests::rejected_properties_and_zero_child_weights_still_consume_complete_rows ... ok
test read::count_tree::mandatory_adjacency::budget_tests::absent_adjacency_skips_long_properties_but_not_weight_initialization ... ok
test read::count_tree::mandatory_adjacency::candidate_tests::dense_and_undirected_atoms_are_not_seeds_but_directed_absence_is_empty ... ok
test read::count_tree::mandatory_adjacency::candidate_tests::a_seed_does_not_replace_other_mandatory_checks ... ok
test read::count_tree::mandatory_adjacency::candidate_tests::initial_empty_labels_keep_the_exact_allocation_and_work_bypass ... ok
test read::count_tree::mandatory_adjacency::candidate_tests::long_type_resolution_is_not_recharged_during_candidate_selection ... ok
test read::count_scan::budget_tests::null_probe_lookup_charges_map_search_on_hits_and_misses ... ok
test read::count_tree::mandatory_adjacency::candidate_tests::role_relative_direction_at_either_pattern_end_selects_the_correct_sources ... ok
test read::count_tree::mandatory_adjacency::candidate_tests::selection_charges_every_atom_even_after_empty_and_allocates_no_storage ... ok
test read::count_tree::mandatory_adjacency::candidate_tests::nonempty_seed_keeps_candidate_branch_and_full_vertex_accounting ... ok
test read::count_tree::mandatory_adjacency::candidate_tests::shorter_sources_preserve_later_mentions_edge_filters_and_optional_padding ... ok
test read::count_tree::mandatory_adjacency::candidate_tests::strictly_shorter_sets_win_and_ties_keep_the_existing_borrow ... ok
test read::count_tree::mandatory_adjacency::tests::disabled_leaf_roles_keep_optional_null_padding ... ok
test read::count_tree::mandatory_adjacency::tests::every_mandatory_atom_is_checked_not_just_one_selected_type ... ok
test read::count_tree::mandatory_adjacency::tests::both_pattern_ends_every_direction_and_physical_loops_match_raw_edges ... ok
test read::count_tree::mandatory_adjacency::tests::only_property_bearing_mandatory_branch_roles_are_enabled ... ok
test read::count_tree::mandatory_adjacency::tests::original_mentions_edge_and_neighbor_filters_and_optional_padding_remain_required ... ok
test read::count_tree::optional::tests::anchor_leaf_and_relationship_predicates_pad_inside_the_optional ... ok
test read::count_tree::optional::tests::budgets_charge_planning_allocation_zero_degree_and_edge_scans ... ok
test read::count_tree::optional::tests::capped_optional_products_keep_zero_annihilation_and_final_overflow ... ok
test read::count_tree::optional::tests::empty_matches_and_independent_padding ... ok
test read::count_tree::optional::tests::final_projection_keeps_alias_and_pagination_semantics ... ok
test read::count_cycle::tests::generated_multigraphs_match_independent_edge_quadruples_and_reference ... ok
test read::count_tree::optional::tests::q7_and_a4_preserve_dropped_tag_multiplicity_but_differ_on_reply_kind ... ok
test read::count_tree::optional::tests::undirected_parallel_reciprocal_and_self_edges_are_physical_matches ... ok
test read::count_tree::optional::tests::unsupported_scope_correlation_and_relationship_reuse_fall_back ... ok
test read::count_tree::tests::budgets_refuse_dp_allocation_and_typed_edge_scanning ... ok
test read::count_tree::tests::cap_preserves_zero_annihilation_and_rejects_final_overflow ... ok
test read::count_tree::tests::chain_branches_reversal_and_match_boundaries ... ok
test read::count_tree::tests::forest_products_and_empty_domains ... ok
test read::count_tree::mandatory_adjacency::budget_tests::prepared_views_reuse_type_resolution_and_charge_only_actual_probes ... ok
test read::count_tree::tests::inline_filters_use_actual_properties ... ok
test read::count_tree::tests::output_alias_is_charged_before_cloning ... ok
test read::count_tree::tests::q4_star_counts_degrees_without_materializing_the_product ... ok
test read::count_tree::tests::scalar_limit_and_skip_are_after_aggregation ... ok
test read::count_tree::tests::undirected_self_loops_are_not_doubled ... ok
test read::count_tree::tests::unsupported_forest_shapes_preserve_reference_results ... ok
test read::count_tree::tests::work_memory_and_deadline_remain_enforced ... ok
test read::count_triangle::tests::actual_q3_shape_counts_an_ordered_simple_triangle ... ok
test read::count_tree::mandatory_adjacency::candidate_tests::generated_sparse_multigraphs_match_raw_weighted_counts_and_reference ... ok
test read::count_tree::tests::generated_small_multigraphs_match_the_old_executor ... ok
test read::count_triangle::tests::pagination_alias_and_empty_inputs_keep_scalar_shape ... ok
test read::count_triangle::tests::nonfunctional_location_paths_are_independent_across_match_clauses ... ok
test read::count_triangle::tests::physical_edge_uniqueness_covers_all_vertex_equality_partitions ... ok
test read::count_triangle::tests::reciprocal_and_parallel_edges_retain_physical_multiplicity ... ok
test read::count_triangle::tests::sparse_intersections_and_zero_role_vertices_consume_work_budget ... ok
test read::count_triangle::tests::work_memory_and_deadline_budgets_are_not_bypassed ... ok
test read::count_wedge::anti::active_domain_tests::expired_deadlines_refuse_even_an_empty_domain ... ok
test read::count_wedge::anti::active_domain_tests::insufficient_work_refuses_the_next_chunk_or_inverse_initialization ... ok
test read::count_wedge::anti::active_domain_tests::mask_patterns_and_chunk_boundaries_preserve_domains_and_exact_work ... ok
test read::count_triangle::tests::unsupported_asymmetry_scope_and_projection_shapes_fall_back ... ok
test read::count_wedge::anti::count_tests::cancellation_happens_in_u128_without_an_intermediate_i64_cap ... ok
test read::count_wedge::anti::count_tests::triangle_subtraction_uses_only_the_two_incident_arm_weights ... ok
test read::count_wedge::anti_tests::anti_work_is_charged_and_scratch_stays_linear ... ok
test read::count_tree::mandatory_adjacency::tests::generated_multigraphs_match_independent_counts_and_reference ... ok
test read::count_wedge::anti_tests::physical_node_aliases_and_empty_graph_match_reference ... ok
test read::count_wedge::anti_tests::q9_pinned_example_counts_four ... ok
test read::count_wedge::anti_tests::pagination_and_conservative_fallback_stay_reference_equivalent ... ok
test read::count_wedge::anti_tests::scope_and_null_proof_accept_only_exact_antijoin ... ok
test read::count_wedge::anti::budget_tests::work_and_byte_limits_refuse_each_late_phase_before_eventual_success ... ok
test read::count_tree::optional::tests::generated_multigraphs_match_padded_rows_and_reference ... ok
test read::count_wedge::anti_tests::union_exclusion_preserves_parallel_weights_but_not_anti_multiplicity ... ok
test read::count_wedge::anti_triangle_tests::closure_direction_and_parallel_copies_only_change_existence ... ok
test read::count_wedge::anti_triangle_tests::all_six_asymmetric_role_placements_remove_weighted_closed_triangles ... ok
test read::count_wedge::anti_triangle_tests::u_edges_keep_parallel_self_loop_and_outgoing_only_leaf_semantics ... ok
test read::count_wedge::base::tests::every_single_pass_accumulator_operation_is_checked ... ok
test read::count_wedge::base::tests::exact_budget_records_one_grouped_neighbor_pass_and_no_allocation ... ok
test read::count_wedge::base::tests::generated_multigroup_totals_match_the_independent_per_c_formula ... ok
test read::count_wedge::base::tests::globally_bounded_edges_are_not_narrowed_before_overlap_cancellation ... ok
test read::count_wedge::base::tests::int64_conversion_precedes_limit_and_skip_suppression ... ok
test read::count_wedge::base::tests::weighted_loops_parallel_reciprocal_groups_match_raw_slots_and_reference ... ok
test read::count_wedge::base::tests::weighted_totals_apply_the_outer_vertex_exclusion_once ... ok
test read::count_wedge::groups::tests::chunk_carry_never_splits_a_group_direction_or_self_loop ... ok
test read::count_wedge::groups::tests::chunk_prepayment_precedes_the_first_visitors_own_work ... ok
test read::count_wedge::groups::tests::compact_multiplicity_checks_u32_and_usize_boundaries ... ok
test read::count_wedge::groups::tests::parallel_chunk_boundaries_keep_exact_work_and_zero_bytes ... ok
test read::count_wedge::groups::tests::sorted_groups_match_raw_physical_slots_and_empty_rows ... ok
test read::count_wedge::groups::tests::sparse_rows_refill_before_work_and_charge_each_callback ... ok
test read::count_wedge::groups::tests::visitor_budget_calls_are_reentrant_and_finish_checks_deadlines ... ok
test read::count_wedge::role_masks::tests::all_sixteen_label_selections_match_masks_raw_edges_and_reference ... ok
test read::count_wedge::role_masks::tests::borrowed_label_lookup_and_equal_string_bytes_are_charged ... ok
test read::count_wedge::role_masks::tests::candidate_labels_never_replace_other_conjuncts ... ok
test read::count_wedge::role_masks::tests::every_repeated_label_conjunct_is_budgeted ... ok
test read::count_wedge::role_masks::tests::missing_leaf_and_center_labels_skip_candidate_scans_but_not_full_initialization ... ok
test read::count_wedge::role_masks::tests::retained_conjunct_candidates_have_exact_work_and_no_owned_bytes ... ok
test read::count_wedge::role_masks::tests::unlabeled_bits_keep_exact_full_initialization_work_and_bytes ... ok
test read::count_wedge::role_masks::tests::unlabeled_property_maps_remain_outside_the_proof ... ok
test read::count_wedge::tests::active_budgets_and_bounded_policy_still_apply ... ok
test read::count_wedge::tests::exact_subtraction_overflow_and_output_accounting ... ok
test read::count_wedge::anti_triangle_tests::generated_asymmetric_multigraphs_match_both_independent_oracles ... ok
test read::count_wedge::tests::graph_roles_may_alias_except_the_inequality_endpoints ... ok
test read::count_wedge::tests::hand_count_parallel_reciprocal_edges_and_self_loops ... ok
test read::count_wedge::tests::high_degree_center_stays_inside_a_linear_work_budget ... ok
test read::count_wedge::tests::pagination_and_fallback_results_match_the_existing_executor ... ok
test read::count_wedge::tests::q6_example_counts_eight ... ok
test read::count_wedge::tests::unsupported_shapes_keep_the_clause_pipeline ... ok
test read::expression_scope::tests::nested_frames_share_resolution_without_modifying_row ... ok
test read::indexed::tests::indexed_classification_and_execution_both_charge_active_budgets ... ok
test read::indexed::tests::indexed_classification_does_not_override_query_policy ... ok
test read::indexed::tests::indexed_classification_matches_the_executed_count_proofs ... ok
test read::indexed::tests::indexed_text_entrypoint_retains_parser_semantics_and_graph_selection ... ok
test read::count_tree::edge_scan_budget_tests::directed_chunk_boundaries_keep_exact_physical_work_and_no_added_storage ... ok
test read::match_scope::tests::comma_paths_share_scope_and_separate_matches_reset_it ... ok
test read::match_scope::tests::fixed_and_variable_segments_and_comma_paths_share_identity ... ok
test read::match_scope::tests::indexed_and_contiguous_edge_iteration_use_the_same_physical_identity ... ok
test read::match_scope::tests::named_relationships_preserve_slot_identity_through_match_and_with_aliases ... ok
test read::match_scope::tests::one_loop_cannot_fill_triangle_but_three_physical_loops_have_six_permutations ... ok
test read::match_scope::tests::optional_failed_uniqueness_null_pads_and_starts_a_new_scope ... ok
test read::match_scope::tests::repeated_relationship_lists_fail_closed_instead_of_overwriting_identity ... ok
test read::match_scope::tests::scope_memory_work_and_deadline_are_accounted_before_copying_or_searching ... ok
test read::match_scope::tests::generated_three_hop_walks_match_an_independent_physical_slot_oracle ... ok
test read::match_scope::tests::shortest_selection_is_preserved_then_checked_for_scope_reuse ... ok
test read::property_equality::tests::bounded_reference_node_candidates_cannot_clone_before_property_guard ... ok
test read::property_equality::tests::checked_equality_matches_pure_equality_for_all_value_kinds ... ok
test read::property_equality::tests::converted_arrays_and_enormous_decimal_scale_are_precharged_without_formatting ... ok
test read::property_equality::tests::literal_shortcuts_retain_per_property_work_and_deadline_checks ... ok
test read::property_equality::tests::missing_property_still_evaluates_nonliteral_parameter_errors ... ok
test read::property_equality::tests::nonliteral_parameter_and_list_fallbacks_refuse_before_json_conversion ... ok
test read::property_equality::tests::scalar_literal_rejection_borrows_large_reference_properties ... ok
test read::tests::adjacency_planning_keeps_short_selective_paths_on_contiguous_scans ... ok
test read::tests::all_shortest_paths_keeps_ties ... ok
test read::tests::arithmetic_projection ... ok
test read::tests::call_subquery_column_collision_rejected ... ok
test read::tests::call_subquery_correlated_join ... ok
test read::tests::call_subquery_distinct_computed_return ... ok
test read::tests::call_subquery_requires_return ... ok
test read::tests::call_subquery_return_star_is_feature_tagged ... ok
test read::tests::call_subquery_returns_node_binding_for_later_match ... ok
test read::tests::call_subquery_uncorrelated_aggregate ... ok
test read::tests::call_subquery_union_arms ... ok
test read::tests::case_without_else_is_null ... ok
test read::tests::catalog_procedure_rejects_arguments ... ok
test read::tests::coalesce_picks_first_non_null ... ok
test read::tests::collect_gathers_values ... ok
test read::tests::count_distinct ... ok
test read::tests::count_over_empty_match_is_zero ... ok
test read::tests::count_property_skips_nulls ... ok
test read::tests::count_star ... ok
test read::tests::distinct_dedups ... ok
test read::tests::executes_against_memory_graph_store ... ok
test read::tests::graph_constructor_builds_first_class_graph_value ... ok
test read::tests::graph_constructor_rejects_non_list_arguments ... ok
test read::tests::graph_value_deduplicates_repeated_elements ... ok
test read::tests::graph_value_nodes_and_relationships_accessors ... ok
test read::tests::group_by_label_with_count ... ok
test read::tests::head_and_last_over_collect ... ok
test read::tests::indexed_undirected_traversal_visits_self_loops_once ... ok
test read::tests::is_null_predicate ... ok
test read::tests::labels_type_id ... ok
test read::tests::map_literals_and_indexing_evaluate ... ok
test read::tests::match_all_by_label ... ok
test read::tests::match_with_inline_property ... ok
test read::tests::min_max_avg ... ok
test read::tests::multi_label_patterns_are_conjunctive ... ok
test read::tests::null_comparison_is_unknown_and_filters ... ok
test read::tests::optional_match_null_pads ... ok
test read::tests::optional_match_where_excludes_all_null_pads ... ok
test read::tests::order_by_desc_skip_limit ... ok
test read::tests::parameters_bind ... ok
test read::tests::path_variable_length_and_nodes ... ok
test read::tests::path_variable_over_var_length_rejected ... ok
test read::tests::path_variable_returns_first_class_path_value ... ok
test read::tests::path_variable_two_hop ... ok
test read::tests::range_with_unwind ... ok
test read::tests::relationship_hop ... ok
test read::tests::relationship_incoming ... ok
test read::count_wedge::anti_tests::random_multigraphs_match_raw_edge_oracle_and_reference ... ok
test read::tests::return_star_lists_bound_variables ... ok
test read::tests::scalar_function_null_propagates ... ok
test read::tests::scalar_in_where_filters ... ok
test read::tests::return_distinct_with_order_by ... ok
test read::tests::scalar_range_handles_integer_max_without_overflow ... ok
test read::tests::scalar_numeric_functions ... ok
test read::count_tree::edge_scan_budget_tests::undirected_loops_parallel_and_reciprocal_edges_keep_counts_and_scan_debits ... ok
test read::tests::searched_case_expression ... ok
test read::tests::scalar_string_functions ... ok
test read::tests::scalar_range_rejects_unbounded_allocation_without_a_policy ... ok
test read::tests::shortest_path_binds_endpoints_and_relationships ... ok
test read::tests::shortest_path_finds_minimal_route ... ok
test read::tests::shortest_path_multi_segment_is_rejected ... ok
test read::tests::shortest_path_no_route_yields_no_rows ... ok
test read::tests::shortest_path_without_star_is_one_hop ... ok
test read::tests::shortest_path_prefers_direct_edge ... ok
test read::tests::shortest_path_per_endpoint_pair ... ok
test read::tests::tvf_keys_is_correlated_per_row ... ok
test read::tests::tvf_range_standalone_call_shapes_result ... ok
test read::tests::star_with_aggregates_groups_by_bound_variables ... ok
test read::tests::tvf_range_with_correlated_argument ... ok
test read::tests::simple_case_expression ... ok
test read::tests::unbound_variable_rejected_by_semantics ... ok
test read::tests::tvf_range_yields_rows ... ok
test read::tests::union_all_concatenates ... ok
test read::tests::union_deduplicates ... ok
test read::tests::union_all_keeps_duplicates ... ok
test read::tests::two_hop_path ... ok
test read::tests::union_mismatched_columns_rejected ... ok
test read::tests::unwind_list ... ok
test read::tests::unknown_scalar_function_is_feature_tagged ... ok
test read::tests::unwind_cross_product_with_match ... ok
test read::tests::variable_length_binds_edge_list ... ok
test read::tests::variable_length_exact_bound ... ok
test read::tests::where_boolean_and_or ... ok
test read::tests::variable_length_paths ... ok
test read::tests::where_comparison_filters ... ok
test read::tests::where_in_list ... ok
test read::tests::where_starts_with ... ok
test read::tests::with_computed_alias ... ok
test read::tests::with_aggregate_then_return ... ok
test read::tests::with_carry_and_filter ... ok
test read::tests::with_carries_node_into_later_match ... ok
test read::tests::with_distinct_over_computed_alias ... ok
test read::tests::with_order_limit_horizon ... ok
test read_policy::indexed_tests::factorized_q4_runs_under_the_active_intermediate_budget ... ok
test read_policy::indexed_tests::factorized_execution_accounts_for_work_and_weight_allocations ... ok
test read_policy::indexed_tests::fallback_and_allowed_use_match_the_existing_bounded_entrypoint ... ok
test read_policy::indexed_tests::indexed_reads_retain_input_output_and_deadline_limits ... ok
test read_policy::indexed_tests::indexed_reads_keep_query_policy_and_semantic_checks ... ok
test read_policy::indexed_tests::immutable_snapshot_size_preserves_the_exact_graph_byte_boundary ... ok
test read_policy::indexed_tests::scan_cardinalities_do_not_spend_a_budget_on_unnecessary_node_copies ... ok
test read_policy::prepared::tests::graph_count_rejection_precedes_native_serialization ... ok
test read_policy::prepared::tests::graph_and_index_admission_agree_at_exact_byte_boundary ... ok
test read_policy::prepared::tests::output_and_input_checks_keep_the_original_deadline ... ok
test read_policy::prepared::tests::request_retains_parameters_and_policy_without_encoding_copies ... ok
test read_policy::prepared::tests::prepared_request_retains_the_validated_registry_generation ... ok
test read_policy::indexed_tests::scalar_scans_keep_range_hop_and_output_limits_without_match_rows ... ok
test read_policy::tests::execution_deadline_is_enforced ... ok
test read_policy::tests::candidate_work_accounts_for_correlated_catalog_scans ... ok
test read_policy::tests::candidate_work_accounts_for_correlated_subquery_index_builds ... ok
test read_policy::tests::intermediate_byte_budget_stops_deep_binding_clone_amplification ... ok
test read_policy::tests::candidate_work_stops_cartesian_expansion_before_return_limit ... ok
test read_policy::tests::intermediate_byte_budget_stops_literal_projection_amplification_before_limit ... ok
test read_policy::tests::path_limit_is_cumulative_across_segments ... ok
test read_policy::tests::keywords_inside_values_do_not_confuse_the_policy ... ok
test read_policy::tests::parameter_graph_output_and_range_budgets_are_enforced ... ok
test read_policy::tests::parser_backed_policy_executes_bounded_reads ... ok
test read_policy::tests::policy_rejects_updates_and_nonliteral_or_unbounded_limits ... ok
test read_policy::tests::serialized_size_is_exact_whether_counted_or_written ... ok
test semantics::tests::call_subquery_collision_with_outer_scope_is_an_error ... ok
test semantics::tests::binds_pattern_variables_and_resolves_where ... ok
test semantics::tests::call_subquery_without_return_is_an_error ... ok
test semantics::tests::call_subquery_sees_outer_scope_and_exports_return ... ok
test semantics::tests::create_then_set_is_well_scoped ... ok
test semantics::tests::delete_value_is_a_type_error ... ok
test semantics::tests::feature_gates_are_collected ... ok
test semantics::tests::order_by_can_reference_alias ... ok
test semantics::tests::return_allows_unaliased_expression ... ok
test semantics::tests::set_property_on_value_is_a_type_error ... ok
test semantics::tests::unbound_variable_in_delete_is_an_error ... ok
test semantics::tests::reusing_node_var_as_relationship_is_a_kind_error ... ok
test semantics::tests::unbound_variable_in_where_is_an_error ... ok
test semantics::tests::with_horizon_drops_out_of_scope_variables ... ok
test semantics::tests::with_carries_aliases_forward ... ok
test semantics::tests::union_is_gated ... ok
test semantics::tests::with_requires_alias_for_nonvariable ... ok
test tests::catalog_metadata::catalog_procedures_return_deterministic_metadata_tables ... ok
test tests::catalog_metadata::registry_builds_catalog_snapshot ... ok
test tests::ddl_schema::cypher_constraint_registry_applies_create_and_drop ... ok
test tests::catalog_metadata::unknown_catalog_procedure_is_structured_non_support ... ok
test tests::ddl_schema::cypher_constraint_registry_batches_are_atomic ... ok
test tests::ddl_schema::cypher_constraint_registry_can_start_from_schema_constraints ... ok
test tests::ddl_schema::cypher_constraint_registry_preserves_anonymous_constraints ... ok
test tests::ddl_schema::cypher_constraint_registry_honors_if_modifiers ... ok
test tests::ddl_schema::cypher_constraint_registry_projects_into_existing_schema ... ok
test tests::ddl_schema::cypher_constraint_registry_rejects_duplicate_or_missing_names ... ok
test tests::ddl_schema::cypher_constraint_registry_serializes_for_external_persistence ... ok
test tests::ddl_schema::cypher_ddl_parses_drop_constraint ... ok
test tests::ddl_schema::cypher_constraints_rejects_drop ... ok
test tests::ddl_schema::cypher_constraints_collects_multiple_statements ... ok
test tests::ddl_schema::cypher_ddl_accepts_legacy_on_assert_spelling ... ok
test tests::ddl_schema::cypher_ddl_parses_node_required_constraint_without_name ... ok
test tests::ddl_schema::cypher_ddl_parses_node_unique_constraint ... ok
test tests::ddl_schema::cypher_ddl_parses_relationship_constraint ... ok
test tests::ddl_schema::cypher_ddl_rejects_predicate_variable_mismatch ... ok
test tests::ddl_schema::cypher_ddl_rejects_unknown_predicate ... ok
test tests::ddl_schema::cypher_ddl_schema_helper_does_not_mutate_registry_when_store_rejects_schema ... ok
test tests::ddl_schema::cypher_errors_are_structured_for_callers ... ok
test tests::ddl_schema::cypher_local_variables_reject_rebinding_and_unbound_refs ... ok
test tests::ddl_schema::cypher_ddl_schema_helper_applies_schema_to_store ... ok
test tests::ddl_schema::cypher_native_constraint_helper_applies_memory_constraints ... ok
test tests::ddl_schema::cypher_native_constraint_helper_rejects_drop_constraint ... ok
test tests::ddl_schema::cypher_local_variables_resolve_edge_endpoints_and_deletes ... ok
test tests::ddl_schema::cypher_parser_polish_handles_comments_keyword_case_and_statement_splitting ... ok
test tests::ddl_schema::cypher_returning_orders_skips_and_limits_rows ... ok
test tests::ddl_schema::cypher_returning_orders_ascending_with_alias ... ok
test tests::ddl_schema::cypher_row_producing_edge_accepts_single_explicit_id ... ok
test tests::ddl_schema::cypher_row_producing_edge_collects_structural_identity ... ok
test tests::ddl_schema::cypher_row_producing_edge_generates_ids_for_create ... ok
test tests::ddl_schema::cypher_row_producing_edge_generates_ids_for_merge_when_requested ... ok
test tests::ddl_schema::cypher_row_producing_edge_rejects_multirow_explicit_id ... ok
test tests::ddl_schema::cypher_schema_manager_keeps_state_when_schema_apply_fails ... ok
test tests::ddl_schema::cypher_write_rejects_deferred_v1_semantics ... ok
test tests::ddl_schema::cypher_row_producing_match_create_and_merge_execute_on_memory_facade ... ok
test tests::graph_type_ddl::graph_type_ddl_parses_drop_graph_type ... ok
test tests::graph_type_ddl::graph_type_ddl_rejected_by_constraints_collector ... ok
test tests::graph_type_ddl::graph_type_ddl_parses_node_and_edge_types ... ok
test tests::ddl_schema::cypher_schema_manager_applies_ddl_and_exports_registry ... ok
test tests::graph_type_ddl::graph_type_ddl_rejects_unknown_field_type ... ok
test tests::index_ddl::index_ddl_parses_node_index ... ok
test tests::graph_type_ddl::graph_type_registry_tracks_named_graph_types ... ok
test tests::index_ddl::index_ddl_parses_relationship_index_and_drop ... ok
test tests::index_ddl::index_ddl_rejected_by_constraints_collector ... ok
test tests::index_ddl::index_ddl_rejects_composite_index ... ok
test tests::index_ddl::index_registry_tracks_named_indexes ... ok
test tests::match_misc::cypher_match_remove_lowers_resolved_node_and_edge_properties ... ok
test tests::match_misc::cypher_match_set_numeric_expression_lowers_edge_updates ... ok
test tests::match_misc::cypher_cross_variable_set_executes_on_memory_facade ... ok
test tests::match_misc::cypher_match_set_numeric_expression_lowers_node_updates ... ok
test tests::match_misc::cypher_match_set_numeric_expression_rejects_unsupported_forms ... ok
test tests::match_misc::cypher_mixed_relationship_row_delete_executes_on_memory_facade ... ok
test tests::match_misc::cypher_multi_statement_batch_preserves_order_and_aggregates_report ... ok
test tests::match_misc::cypher_multi_target_delete_executes_on_memory_facade ... ok
test tests::match_misc::cypher_match_set_rejects_deferred_patch_forms ... ok
test tests::match_misc::cypher_null_assignment_defaults_to_storing_null ... ok
test tests::match_misc::cypher_multiple_set_assignments_execute_in_order_on_memory_facade ... ok
test tests::match_misc::cypher_null_assignment_option_removes_properties ... ok
test tests::match_misc::cypher_relationship_row_endpoint_delete_executes_on_memory_facade ... ok
test tests::match_misc::cypher_plan_executes_on_memory_facade ... ok
test tests::match_misc::cypher_returning_executes_on_memory_facade ... ok
test tests::match_misc::cypher_returning_projects_bound_edge_properties_on_memory_facade ... ok
test tests::match_misc::cypher_numeric_edge_updates_execute_on_memory_facade ... ok
test tests::match_misc::cypher_returning_projects_bound_elements_on_memory_facade ... ok
test tests::match_misc::cypher_returning_projects_new_concrete_edge_properties_on_memory_facade ... ok
test tests::match_misc::cypher_write_result_rows_validate_path_endpoint_alignment ... ok
test tests::mutations::cypher_edge_detection_ignores_arrow_inside_string_literals ... ok
test tests::mutations::cypher_delete_lowers_resolved_node_and_edge_patterns ... ok
test tests::match_misc::cypher_returning_projects_star_on_memory_facade ... ok
test tests::match_misc::cypher_returning_row_model_preserves_alignment_and_star_order ... ok
test tests::mutations::cypher_generated_node_id_policy_is_opt_in_for_create_only ... ok
test tests::mutations::cypher_generated_node_id_can_bind_local_create_variable ... ok
test tests::mutations::cypher_merge_edge_requires_resolved_endpoint_ids ... ok
test tests::mutations::cypher_multiple_relationship_patterns_per_write ... ok
test tests::mutations::cypher_incoming_edge_writes_normalize_to_source_destination ... ok
test tests::mutations::cypher_mutation_options_default_to_upsert_compatible_create ... ok
test tests::mutations::cypher_parser_classifies_top_level_mutation_statements ... ok
test tests::mutations::strict_create_edge_conflicts_on_sail_write_identity ... ok
test tests::mutations::cypher_node_create_requires_explicit_id_and_lowers_to_mutation ... ok
test tests::mutations::cypher_parameters_bind_literal_values_only ... ok
test tests::mutations::strict_create_plan_conflicts_reject_duplicate_concrete_create_targets ... ok
test tests::mutations::strict_create_plan_rejects_reserved_edge_key_components ... ok
test tests::named_graph_selection::named_graph_read_executor_accepts_matching_selection ... ok
test tests::named_graph_selection::parses_use_clause_and_reports_selection ... ok
test tests::mutations::unique_edge_conflicts_ignore_updates_to_the_same_stable_key ... ok
test tests::named_graph_selection::catalog_graph_selection_finds_named_graph ... ok
test tests::named_graph_selection::read_executor_rejects_wrong_single_graph_selection ... ok
test tests::named_graph_selection::read_executor_accepts_use_default_single_graph_fallback ... ok
test tests::named_graph_selection::reset_all_clears_session_settings ... ok
test tests::named_graph_selection::session_commands_parse_and_update_state ... ok
test tests::named_graph_selection::session_use_validates_catalog_when_provided ... ok
test tests::predicates1::cypher_match_delete_lowers_broad_node_patterns_with_cardinality ... ok
test tests::predicates1::cypher_match_delete_lowers_mixed_relationship_row_targets ... ok
test tests::predicates1::cypher_match_delete_lowers_id_resolved_patterns ... ok
test tests::predicates1::cypher_match_delete_lowers_relationship_row_endpoint_target ... ok
test tests::predicates1::cypher_match_delete_lowers_multiple_relationship_pattern_targets ... ok
test tests::predicates1::cypher_match_delete_rejects_unresolved_or_mismatched_patterns ... ok
test tests::predicates1::cypher_match_where_canonicalizes_empty_in_intersection_to_no_match ... ok
test tests::predicates1::cypher_match_where_boolean_ast_lowers_unparenthesized_factored_or ... ok
test tests::predicates1::cypher_match_where_canonicalizes_equality_inequality_contradictions ... ok
test tests::predicates1::cypher_match_where_canonicalizes_equality_inside_order_range ... ok
test tests::predicates1::cypher_match_where_canonicalizes_equality_membership_contradictions ... ok
test tests::predicates1::cypher_match_where_canonicalizes_equality_membership_matches ... ok
test tests::predicates1::cypher_match_where_canonicalizes_impossible_order_ranges ... ok
test tests::predicates1::cypher_match_where_canonicalizes_factored_or_branch_predicates ... ok
test tests::predicates1::cypher_match_where_canonicalizes_equality_outside_order_range ... ok
test tests::predicates1::cypher_match_where_canonicalizes_in_minus_not_equal_predicates ... ok
test tests::predicates1::cypher_match_where_canonicalizes_in_values_inside_order_range ... ok
test tests::predicates1::cypher_match_where_canonicalizes_in_values_outside_order_range ... ok
test tests::predicates1::cypher_match_where_canonicalizes_in_minus_not_in_predicates ... ok
test tests::predicates1::cypher_match_where_canonicalizes_repeated_not_equal_predicates ... ok
test tests::predicates1::cypher_match_where_canonicalizes_stricter_lower_bounds ... ok
test tests::predicates1::cypher_match_where_canonicalizes_stricter_upper_bounds ... ok
test tests::predicates1::cypher_match_where_canonicalizes_range_factored_or_branch_predicates ... ok
test tests::predicates1::cypher_match_where_canonicalizes_trailing_in_values_inside_order_range ... ok
test tests::predicates1::cypher_match_where_collapses_all_impossible_factored_or_branches ... ok
test tests::predicates1::cypher_match_where_collapses_duplicate_negated_and_predicates ... ok
test tests::predicates1::cypher_match_where_deduplicates_factored_or_branches_before_folding ... ok
test tests::predicates1::cypher_match_where_deduplicates_folded_membership_values ... ok
test tests::predicates1::cypher_match_where_deduplicates_identical_bounded_predicates ... ok
test tests::predicates1::cypher_match_where_deduplicates_folded_string_predicate_needles ... ok
test tests::predicates1::cypher_match_where_factors_or_of_and_groups ... ok
test tests::predicates1::cypher_match_where_flattens_nested_foldable_or_predicates ... ok
test tests::predicates1::cypher_match_where_folds_negated_same_property_and_predicates ... ok
test tests::predicates1::cypher_match_where_folds_negated_same_property_in_or_equal_predicates ... ok
test tests::predicates1::cypher_match_where_factors_nested_or_terms_inside_and_branches ... ok
test tests::predicates1::cypher_match_where_folds_negated_same_property_string_or_predicates ... ok
test tests::predicates1::cypher_match_where_folds_nested_negated_string_and_predicates ... ok
test tests::predicates1::cypher_match_where_folds_negated_same_property_or_to_not_in_predicate ... ok
test tests::predicates1::cypher_match_where_folds_negated_same_property_string_and_predicates ... ok
test tests::predicates1::cypher_match_where_folds_same_property_in_or_equal_predicates ... ok
test tests::predicates1::cypher_match_where_folds_same_property_string_or_predicates ... ok
test tests::predicates1::cypher_match_where_folds_same_property_or_to_in_predicate ... ok
test tests::predicates1::cypher_match_where_keeps_predicated_identity_matches_on_matching_path ... ok
test tests::predicates1::cypher_match_where_intersects_same_property_in_predicates ... ok
test tests::predicates1::cypher_match_where_lowers_double_negation ... ok
test tests::predicates1::cypher_match_where_lowers_edge_and_endpoint_predicates ... ok
test tests::predicates1::cypher_match_where_lowers_negated_mixed_string_or_terms_to_bounded_and ... ok
test tests::predicates1::cypher_match_where_lowers_negated_mixed_order_membership_or_terms_to_bounded_and ... ok
test tests::predicates1::cypher_match_where_lowers_negated_null_membership_or_terms_to_bounded_and ... ok
test tests::predicates1::cypher_match_where_lowers_negated_null_mixed_order_or_terms_to_bounded_and ... ok
test tests::predicates1::cypher_match_where_lowers_negated_mixed_order_or_terms_to_bounded_and ... ok
test tests::predicates1::cypher_match_where_lowers_negated_mixed_string_order_or_terms_to_bounded_and ... ok
test tests::predicates1::cypher_match_where_lowers_negated_null_or_terms_to_bounded_and ... ok
test tests::predicates1::cypher_match_where_lowers_negated_null_order_or_terms_to_bounded_and ... ok
test tests::predicates1::cypher_match_where_lowers_negated_null_string_or_terms_to_bounded_and ... ok
test tests::predicates1::cypher_match_where_lowers_negated_null_mixed_string_or_terms_to_bounded_and ... ok
test tests::predicates1::cypher_match_where_lowers_negated_null_mixed_string_order_or_terms_to_bounded_and ... ok
test tests::predicates1::cypher_match_where_lowers_negated_null_string_order_or_terms_to_bounded_and ... ok
test tests::predicates1::cypher_match_where_lowers_negated_string_order_or_terms_to_bounded_and ... ok
test tests::predicates1::cypher_match_where_lowers_negated_string_equality_or_terms_to_bounded_and ... ok
test tests::predicates1::cypher_match_where_lowers_negated_order_or_terms_to_bounded_and ... ok
test tests::predicates1::cypher_match_where_lowers_nested_negated_mixed_order_or_terms_to_bounded_and ... ok
test tests::predicates1::cypher_match_where_lowers_nested_negated_null_membership_or_terms_to_bounded_and ... ok
test tests::predicates1::cypher_match_where_lowers_nested_negated_mixed_string_or_terms_to_bounded_and ... ok
test tests::predicates1::cypher_match_where_lowers_nested_negated_mixed_string_order_or_terms_to_bounded_and ... ok
test tests::predicates1::cypher_match_where_lowers_nested_negated_null_mixed_order_or_terms_to_bounded_and ... ok
test tests::predicates1::cypher_match_where_lowers_nested_negated_null_mixed_string_or_terms_to_bounded_and ... ok
test tests::predicates1::cypher_match_where_lowers_nested_negated_null_order_or_terms_to_bounded_and ... ok
test tests::predicates1::cypher_match_where_lowers_nested_negated_null_mixed_string_order_or_terms_to_bounded_and ... ok
test tests::predicates1::cypher_match_where_lowers_nested_negated_null_or_terms_to_bounded_and ... ok
test tests::predicates1::cypher_match_where_lowers_nested_negated_null_string_order_or_terms_to_bounded_and ... ok
test tests::predicates1::cypher_match_where_lowers_nested_negated_order_or_terms_to_bounded_and ... ok
test tests::predicates1::cypher_match_where_lowers_nested_negated_null_string_or_terms_to_bounded_and ... ok
test tests::predicates1::cypher_match_where_lowers_nested_negated_string_order_or_terms_to_bounded_and ... ok
test tests::predicates1::cypher_match_where_lowers_node_predicates ... ok
test tests::predicates1::cypher_match_where_negated_string_or_predicates_execute_on_memory_facade ... ok
test tests::predicates1::cypher_match_where_prunes_impossible_factored_or_branches ... ok
test tests::predicates1::cypher_match_where_prefers_equality_over_singleton_in_factored_or_branches ... ok
test tests::predicates1::cypher_match_where_prunes_negated_and_terms_to_single_predicate ... ok
test tests::predicates1::cypher_match_where_prunes_negated_equality_subsumed_simple_or_terms ... ok
test tests::predicates1::cypher_match_where_prunes_leading_subsuming_factored_or_branches ... ok
test tests::predicates1::cypher_match_where_prunes_negated_subsumed_factored_or_to_single_predicate ... ok
test tests::predicates1::cypher_match_where_prunes_negated_null_check_subsumed_simple_or_terms ... ok
test tests::predicates1::cypher_match_where_prunes_negated_string_subsumed_factored_or_branches ... ok
test tests::predicates1::cypher_match_where_prunes_null_check_subsumed_factored_or_branches ... ok
test tests::predicates1::cypher_match_where_prunes_null_check_subsumed_simple_or_terms ... ok
test tests::predicates1::cypher_match_where_prunes_order_inequality_subsumed_factored_or_branches ... ok
test tests::predicates1::cypher_match_where_prunes_order_not_in_subsumed_factored_or_branches ... ok
test tests::predicates1::cypher_match_where_prunes_order_subsumed_factored_or_branches ... ok
test tests::predicates1::cypher_match_where_prunes_semantically_subsumed_factored_or_branches ... ok
test tests::predicates1::cypher_match_where_prunes_singleton_in_subsumed_factored_or_branches ... ok
test tests::predicates1::cypher_match_where_prunes_stricter_lower_bound_factored_or_branches ... ok
test tests::predicates1::cypher_match_where_prunes_singleton_not_in_subsumed_factored_or_branches ... ok
test tests::predicates1::cypher_match_where_prunes_stricter_upper_bound_factored_or_branches ... ok
test tests::predicates1::cypher_match_where_prunes_string_subsumed_factored_or_branches ... ok
test tests::predicates1::cypher_match_where_prunes_subsumed_factored_or_branches ... ok
test tests::predicates1::cypher_match_where_rejects_deferred_predicate_forms ... ok
test tests::predicates1::cypher_match_where_rejects_incomparable_order_not_in_subsumption ... ok
test tests::predicates1::cypher_match_where_rejects_incomparable_negated_mixed_order_or_terms ... ok
test tests::predicates1::cypher_match_where_rejects_incomparable_negated_null_order_or_terms ... ok
test tests::predicates1::cypher_match_where_rejects_mixed_type_negated_order_or_terms ... ok
test tests::predicates1::cypher_match_where_rejects_negated_mixed_string_numeric_membership ... ok
test tests::predicates1::cypher_match_where_rejects_negated_null_mixed_string_membership_families ... ok
test tests::predicates1::cypher_match_where_rejects_negated_mixed_string_order_numeric_membership ... ok
test tests::predicates1::cypher_match_where_rejects_negated_null_mixed_property_string_or_terms ... ok
test tests::predicates1::cypher_match_where_rejects_negated_null_mixed_string_family_or_terms ... ok
test tests::predicates1::cypher_match_where_rejects_negated_null_mixed_string_order_numeric_membership ... ok
test tests::predicates1::cypher_match_where_rejects_negated_null_string_numeric_order_or_terms ... ok
test tests::predicates1::cypher_match_where_rejects_null_membership_negated_null_mixed_order_or_terms ... ok
test tests::predicates1::cypher_match_where_string_or_predicates_execute_on_memory_facade ... ok
test tests::predicates1::cypher_match_where_unions_same_property_not_in_predicates ... ok
test tests::predicates1::cypher_match_where_rejects_negated_string_numeric_order_or_terms ... ok
test tests::predicates2::cypher_match_create_lowers_id_resolved_edge_pattern ... ok
test tests::predicates2::cypher_match_create_lowers_row_producing_edge_pattern ... ok
test tests::predicates2::cypher_match_create_lowers_row_producing_edge_variable ... ok
test tests::predicates2::cypher_match_create_rejects_unresolved_or_broad_forms ... ok
test tests::predicates2::cypher_match_merge_lowers_id_resolved_edge_pattern ... ok
test tests::predicates2::cypher_match_edge_mutations_accept_relationship_property_predicates ... ok
test tests::predicates2::cypher_match_merge_lowers_row_producing_edge_pattern ... ok
test tests::predicates2::cypher_match_merge_rejects_unresolved_or_broad_forms ... ok
test tests::predicates2::cypher_match_set_map_patch_lowers_broad_nodes_with_cardinality ... ok
test tests::predicates2::cypher_match_set_map_patch_lowers_id_resolved_node ... ok
test tests::predicates2::cypher_match_set_map_patch_lowers_id_resolved_edge ... ok
test tests::predicates2::cypher_match_set_multiple_assignments_lowers_in_order ... ok
test tests::predicates2::cypher_match_set_multiple_assignments_rejects_invalid_items ... ok
test tests::predicates2::cypher_match_set_multiple_assignments_supports_null_removal ... ok
test tests::predicates2::cypher_match_set_multiple_assignments_preserves_nested_commas ... ok
test tests::predicates2::cypher_match_set_property_assignment_lowers_resolved_node_and_edge ... ok
test tests::predicates2::cypher_match_where_double_negation_executes_on_memory_facade ... ok
test tests::predicates2::cypher_match_where_boolean_ast_factored_or_executes_on_memory_facade ... ok
test tests::predicates2::cypher_match_where_duplicate_factored_branch_predicates_execute_on_memory_facade ... ok
test tests::predicates2::cypher_match_where_duplicate_predicates_execute_once_on_memory_facade ... ok
test tests::predicates2::cypher_match_where_duplicate_negated_and_predicates_execute_on_memory_facade ... ok
test tests::predicates2::cypher_match_where_duplicate_folded_values_execute_once_on_memory_facade ... ok
test tests::predicates2::cypher_match_where_empty_in_intersection_matches_no_memory_rows ... ok
test tests::predicates2::cypher_match_where_canonicalized_or_branch_predicates_execute_on_memory_facade ... ok
test tests::predicates2::cypher_match_where_equality_order_canonicalization_executes_on_memory_facade ... ok
test tests::predicates2::cypher_match_where_equality_membership_canonicalization_executes_on_memory_facade ... ok
test tests::predicates2::cypher_match_where_equality_preferred_over_singleton_in_executes_on_memory_facade ... ok
test tests::predicates2::cypher_match_where_in_or_equal_predicates_execute_on_memory_facade ... ok
test tests::predicates2::cypher_match_where_intersected_in_predicates_execute_on_memory_facade ... ok
test tests::predicates2::cypher_match_where_is_not_null_executes_on_memory_facade ... ok
test tests::predicates2::cypher_match_where_inequality_canonicalization_executes_on_memory_facade ... ok
test tests::predicates2::cypher_match_where_is_null_executes_on_memory_facade ... ok
test tests::predicates2::cypher_match_where_in_predicates_execute_on_memory_facade ... ok
test tests::predicates2::cypher_match_where_membership_order_canonicalization_executes_on_memory_facade ... ok
test tests::predicates2::cypher_match_where_negated_and_predicates_execute_on_memory_facade ... ok
test tests::predicates2::cypher_match_where_negated_and_subsumed_terms_execute_on_memory_facade ... ok
test tests::predicates2::cypher_match_where_negated_mixed_string_or_terms_execute_on_memory_facade ... ok
test tests::predicates2::cypher_match_where_negated_null_checks_execute_on_memory_facade ... ok
test tests::predicates2::cypher_match_where_negated_mixed_order_or_terms_execute_on_memory_facade ... ok
test tests::predicates2::cypher_match_where_negated_mixed_string_order_or_terms_execute_on_memory_facade ... ok
test tests::predicates2::cypher_match_where_negated_null_mixed_string_or_terms_execute_on_memory_facade ... ok
test tests::predicates2::cypher_match_where_negated_null_mixed_order_or_terms_execute_on_memory_facade ... ok
test tests::predicates2::cypher_match_where_negated_null_mixed_string_order_or_terms_execute_on_memory_facade ... ok
test tests::predicates2::cypher_match_where_negated_null_or_terms_execute_on_memory_facade ... ok
test tests::predicates2::cypher_match_where_negated_null_membership_or_terms_execute_on_memory_facade ... ok
test tests::predicates2::cypher_match_where_negated_null_order_or_terms_execute_on_memory_facade ... ok
test tests::predicates2::cypher_match_where_negated_null_string_or_terms_execute_on_memory_facade ... ok
test tests::predicates2::cypher_match_where_negated_or_predicates_execute_on_memory_facade ... ok
test tests::predicates2::cypher_match_where_negated_null_string_order_or_terms_execute_on_memory_facade ... ok
test tests::predicates2::cypher_match_where_negated_order_or_terms_execute_on_memory_facade ... ok
test tests::predicates2::cypher_match_where_negated_string_order_or_terms_execute_on_memory_facade ... ok
test tests::predicates2::cypher_match_where_negated_string_and_predicates_execute_on_memory_facade ... ok
test tests::predicates2::cypher_match_where_negated_subsumed_factored_or_executes_on_memory_facade ... ok
test tests::predicates2::cypher_match_where_nested_negated_mixed_order_or_terms_execute_on_memory_facade ... ok
test tests::predicates2::cypher_match_where_nested_negated_mixed_string_or_terms_execute_on_memory_facade ... ok
test tests::predicates2::cypher_match_where_nested_negated_mixed_string_order_or_terms_execute_on_memory_facade ... ok
test tests::predicates2::cypher_match_where_negated_string_subsumed_or_branches_execute_on_memory_facade ... ok
test tests::predicates2::cypher_match_where_nested_negated_null_mixed_string_or_terms_execute_on_memory_facade ... ok
test tests::predicates2::cypher_match_where_nested_negated_null_or_terms_execute_on_memory_facade ... ok
test tests::predicates2::cypher_match_where_nested_negated_null_mixed_order_or_terms_execute_on_memory_facade ... ok
test tests::predicates2::cypher_match_where_nested_negated_null_order_or_terms_execute_on_memory_facade ... ok
test tests::predicates2::cypher_match_where_nested_negated_null_mixed_string_order_or_terms_execute_on_memory_facade ... ok
test tests::predicates2::cypher_match_where_nested_negated_null_string_or_terms_execute_on_memory_facade ... ok
test tests::predicates2::cypher_match_where_nested_negated_string_and_predicates_execute_on_memory_facade ... ok
test tests::predicates2::cypher_match_where_nested_negated_null_string_order_or_terms_execute_on_memory_facade ... ok
test tests::predicates2::cypher_match_where_nested_negated_order_or_terms_execute_on_memory_facade ... ok
test tests::predicates2::cypher_match_where_nested_negated_string_order_or_terms_execute_on_memory_facade ... ok
test tests::predicates2::cypher_match_where_nested_or_predicates_execute_on_memory_facade ... ok
test tests::predicates2::cypher_match_where_not_executes_on_memory_facade ... ok
test tests::predicates2::cypher_match_where_nested_or_terms_inside_and_branches_execute_on_memory_facade ... ok
test tests::predicates2::cypher_match_where_or_of_and_groups_execute_on_memory_facade ... ok
test tests::predicates2::cypher_match_where_or_predicates_execute_on_memory_facade ... ok
test tests::predicates2::cypher_match_where_null_check_subsumed_or_branches_execute_on_memory_facade ... ok
test tests::predicates2::cypher_match_where_order_canonicalization_executes_on_memory_facade ... ok
test tests::predicates2::cypher_match_where_order_inequality_subsumed_or_branches_execute_on_memory_facade ... ok
test tests::predicates2::cypher_match_where_parenthesized_terms_execute_on_memory_facade ... ok
test tests::predicates2::cypher_match_where_order_subsumed_or_branches_execute_on_memory_facade ... ok
test tests::predicates2::cypher_match_where_pruned_or_branches_execute_on_memory_facade ... ok
test tests::predicates2::cypher_match_where_order_not_in_subsumed_or_branches_execute_on_memory_facade ... ok
test tests::predicates2::cypher_match_where_semantically_subsumed_or_branches_execute_on_memory_facade ... ok
test tests::predicates2::cypher_match_where_string_predicates_execute_on_memory_facade ... ok
test tests::predicates2::cypher_match_where_singleton_not_in_subsumed_or_branches_execute_on_memory_facade ... ok
test tests::predicates2::cypher_match_where_singleton_in_subsumed_or_branches_execute_on_memory_facade ... ok
test tests::predicates2::cypher_match_where_subsumed_or_branches_execute_on_memory_facade ... ok
test tests::predicates2::cypher_match_where_string_subsumed_or_branches_execute_on_memory_facade ... ok
test tests::returning1::cypher_returning_projects_deleted_relationship_paths_on_memory_facade ... ok
test tests::returning1::cypher_returning_projects_restricted_abs_on_memory_facade ... ok
test tests::returning1::cypher_returning_projects_matched_relationship_paths_on_memory_facade ... ok
test tests::returning1::cypher_returning_projects_relationship_endpoints_on_memory_facade ... ok
test tests::returning1::cypher_returning_projects_restricted_element_functions_on_memory_facade ... ok
test tests::returning1::cypher_returning_projects_restricted_coalesce_on_memory_facade ... ok
test tests::returning1::cypher_returning_projects_restricted_exists_on_memory_facade ... ok
test tests::returning1::cypher_returning_projects_restricted_identity_functions_on_memory_facade ... ok
test tests::returning1::cypher_returning_projects_restricted_list_elements_on_memory_facade ... ok
test tests::returning1::cypher_returning_projects_restricted_list_membership_on_memory_facade ... ok
test tests::returning1::cypher_returning_projects_restricted_is_empty_on_memory_facade ... ok
test tests::returning1::cypher_returning_projects_restricted_list_indexes_on_memory_facade ... ok
test tests::returning1::cypher_returning_projects_restricted_list_predicates_on_memory_facade ... ok
test tests::returning1::cypher_returning_projects_restricted_list_slices_on_memory_facade ... ok
test tests::returning1::cypher_returning_projects_restricted_lists_on_memory_facade ... ok
test tests::returning1::cypher_returning_projects_restricted_literals_on_memory_facade ... ok
test tests::returning1::cypher_returning_projects_restricted_list_tail_on_memory_facade ... ok
test tests::returning1::cypher_returning_projects_restricted_maps_on_memory_facade ... ok
test tests::returning1::cypher_returning_projects_restricted_properties_and_keys_on_memory_facade ... ok
test tests::returning1::cypher_returning_projects_restricted_size_on_memory_facade ... ok
test tests::returning1::cypher_returning_projects_restricted_numeric_rounds_on_memory_facade ... ok
test tests::returning2::cypher_returning_accepts_limit_all_on_memory_facade ... ok
test tests::returning2::cypher_returning_accepts_offset_control ... ok
test tests::returning2::cypher_returning_allows_control_words_as_aliases ... ok
test tests::returning2::cypher_returning_builds_scalar_ast ... ok
test tests::returning2::cypher_returning_classifies_materialization_targets ... ok
test tests::returning2::cypher_returning_classifies_scalar_ast_families ... ok
test tests::returning2::cypher_returning_classifies_scalar_projection_kinds ... ok
test tests::returning1::cypher_returning_projects_restricted_to_string_on_memory_facade ... ok
test tests::returning2::cypher_returning_count_rejects_unbound_variables ... ok
test tests::returning2::cypher_returning_collects_bound_elements ... ok
test tests::returning2::cypher_returning_counts_distinct_materialized_values ... ok
test tests::returning2::cypher_returning_collects_restricted_materialized_values ... ok
test tests::returning2::cypher_returning_distinct_requires_projection ... ok
test tests::returning2::cypher_returning_distinct_dedupes_materialized_rows ... ok
test tests::returning1::cypher_returning_projects_row_producing_paths_on_memory_facade ... ok
test tests::returning2::cypher_returning_counts_materialized_rows_on_memory_facade ... ok
test tests::returning2::cypher_returning_evaluates_row_produced_edge_values ... ok
test tests::returning2::cypher_returning_generic_row_producing_edges_memory_facade ... ok
test tests::returning2::cypher_returning_evaluates_restricted_numeric_aggregates ... ok
test tests::returning2::cypher_returning_generic_strict_create_checks_memory_facade ... ok
test tests::returning2::cypher_returning_orders_by_projection_expression ... ok
test tests::returning2::cypher_returning_projects_broad_edge_rows_on_memory_facade ... ok
test tests::returning2::cypher_returning_projects_broad_node_rows_on_memory_facade ... ok
test tests::returning2::cypher_returning_groups_mixed_aggregate_rows ... ok
test tests::returning2::cypher_returning_projects_deleted_broad_edge_rows_on_memory_facade ... ok
test tests::returning2::cypher_returning_projects_restricted_list_casts_on_memory_facade ... ok
test tests::returning2::cypher_returning_projects_deleted_broad_node_rows_on_memory_facade ... ok
test tests::returning2::cypher_returning_projects_restricted_case_on_memory_facade ... ok
test tests::returning2::cypher_returning_projects_restricted_numeric_sign_on_memory_facade ... ok
test tests::returning2::cypher_returning_projects_restricted_numeric_casts_on_memory_facade ... ok
test tests::returning2::cypher_returning_projects_restricted_boolean_cast_on_memory_facade ... ok
test tests::returning2::cypher_returning_projects_restricted_replace_on_memory_facade ... ok
test tests::returning2::cypher_returning_projects_restricted_string_predicates_on_memory_facade ... ok
test tests::returning2::cypher_returning_projects_restricted_string_slices_on_memory_facade ... ok
test tests::returning2::cypher_returning_projects_restricted_string_transforms_on_memory_facade ... ok
test tests::returning2::cypher_returning_projects_restricted_string_reverse_on_memory_facade ... ok
test tests::returning2::cypher_returning_projects_restricted_string_split_on_memory_facade ... ok
test tests::returning2::cypher_returning_projects_restricted_string_trims_on_memory_facade ... ok
test tests::returning2::cypher_returning_rejects_deferred_result_forms ... ok
test tests::returning2::cypher_returning_rejects_ambiguous_edge_keys_before_capture_or_refetch ... ok
test transaction::tests::malformed_transaction_command_errors ... ok
test transaction::tests::non_transaction_sources_are_none ... ok
test transaction::tests::commit_on_non_transactional_store_is_refused ... ok
test transaction::tests::read_only_transaction_refuses_writes ... ok
test tests::returning2::cypher_returning_rejects_unsupported_aggregate_forms ... ok
test transaction::tests::rollback_script_touches_no_store_on_any_backend ... ok
test transaction::tests::recognizes_transaction_commands ... ok
test transaction::tests::transaction_batch_accumulates_planned_statements ... ok
test transaction::tests::transaction_batch_fails_eagerly_on_malformed_statement ... ok
test transaction::tests::transaction_script_shape_is_validated ... ok
test transaction::tests::transactional_capability_is_reported ... ok
test tests::returning2::cypher_returning_projects_restricted_substring_on_memory_facade ... ok
test read::count_wedge::tests::generated_small_multigraphs_match_literal_enumeration_and_reference ... ok
test read::count_wedge::anti_triangle_tests::t_self_loops_do_not_change_anti_counts_in_distinct_or_overlapping_domains ... ok
test read::count_tags::tests::generated_multigraphs_match_raw_edge_tuples_and_reference ... ok
test read::count_triangle::tests::generated_tiny_multigraphs_match_the_raw_edge_slot_oracle ... ok

test result: ok. 830 passed; 0 failed; 1 ignored; 0 measured; 0 filtered out; finished in 1.64s

[1m[92m     Running[0m tests/binding_forms.rs (/target/debug/deps/binding_forms-e6ecf6a1d946bdbb)

running 9 tests
test malformed_reduce_names_the_form ... ok
test reduce_declines_pushdown_even_inside_return ... ok
test reduce_budget_fails_inside_fold ... ok
test comprehension_rejects_bad_scope_types_and_syntax ... ok
test reduce_in_aggregate_with_and_where ... ok
test reduce_empty_null_elements_and_nested_scopes ... ok
test comprehension_optional_clauses_nulls_and_nested_scopes ... ok
test reduce_rejects_shadowing_unbound_names_and_types ... ok
test quantifiers_accept_general_lists_predicates_and_three_valued_logic ... ok

test result: ok. 9 passed; 0 failed; 0 ignored; 0 measured; 0 filtered out; finished in 0.01s

[1m[92m     Running[0m tests/binding_forms_write.rs (/target/debug/deps/binding_forms_write-623797b833bc510e)

running 7 tests
test write_binding_shadowing_is_rejected_before_execution ... ok
test malformed_write_forms_name_the_form ... ok
test legacy_write_quantifiers_keep_exact_equality_and_null_contract ... ok
test existing_quantifier_rhs_string_functions_keep_working ... ok
test write_aggregate_folds_every_materialized_row ... ok
test write_returns_use_general_scope_for_all_forms_and_multiple_variables ... ok
test write_forms_compose_with_grouping_distinct_ordering_and_enclosing_expressions ... ok

test result: ok. 7 passed; 0 failed; 0 ignored; 0 measured; 0 filtered out; finished in 0.01s

[1m[92m     Running[0m tests/gql_conformance.rs (/target/debug/deps/gql_conformance-ca9dea89b2fbfeae)

running 3 tests
test support_summary_generates ... ok
test corpus_directory_has_manifests ... ok
test every_manifest_parses_and_is_consistent ... ok

test result: ok. 3 passed; 0 failed; 0 ignored; 0 measured; 0 filtered out; finished in 0.00s

[1m[92m     Running[0m tests/indexed_memory.rs (/target/debug/deps/indexed_memory-76e63a056eed865b)

running 2 tests
test nonfactorized_queries_keep_reference_results_and_limits ... ok
test bounded_counts_reuse_snapshot_and_follow_store_mutations ... ok

test result: ok. 2 passed; 0 failed; 0 ignored; 0 measured; 0 filtered out; finished in 0.01s

[1m[92m     Running[0m tests/indexed_memory_lean.rs (/target/debug/deps/indexed_memory_lean-02cdfcd444de74c9)

running 3 tests
test lean_snapshot_is_not_a_copy_and_survives_later_writes ... ok
test lean_snapshot_reads_match_the_materialized_graph_row_for_row ... ok
test lean_snapshot_bounded_reads_match_including_refusals ... ok

test result: ok. 3 passed; 0 failed; 0 ignored; 0 measured; 0 filtered out; finished in 0.05s

[1m[92m     Running[0m tests/integer_ordering.rs (/target/debug/deps/integer_ordering-2436bfd9d0a18453)

running 1 test
test integer_ordering_preserves_adjacent_values_above_float_precision ... ok

test result: ok. 1 passed; 0 failed; 0 ignored; 0 measured; 0 filtered out; finished in 0.00s

[1m[92m     Running[0m tests/procedure_snapshot_materialization.rs (/target/debug/deps/procedure_snapshot_materialization-ce2c7746af2432e8)

running 1 test
test provider_metadata_controls_materialization_in_both_pipelines ... ok

test result: ok. 1 passed; 0 failed; 0 ignored; 0 measured; 0 filtered out; finished in 0.01s

[1m[92m     Running[0m tests/read_conformance.rs (/target/debug/deps/read_conformance-61dcb9953265b665)

running 38 tests
test aggregation_group_by ... ok
test case_expression ... ok
test datetime_ordering ... ok
test call_yield_into_pipeline ... ok
test catalog_procedures ... ok
test duration_values_and_arithmetic ... ok
test decimal_values_and_arithmetic ... ok
test node_scan_and_filter ... ok
test empty_sum::null_only_groups_have_zero_sum_but_empty_grouped_input_has_no_rows ... ok
test parameters ... ok
test optional_match_null_pads ... ok
test numeric_scalar_functions ... ok
test path_variable_and_functions ... ok
test empty_sum::empty_and_null_sums_match_across_owned_and_indexed_reads ... ok
test procedures::explain_uses_pinned_metadata_and_native_requests_do_not_fallback ... ok
test procedures::call_subqueries_keep_the_same_registry_and_per_row_correlation ... ok
test procedures::external_provider_is_correlated_and_supports_aliases_and_yield_filtering ... ok
test procedures::cypher_catalog_tracks_the_final_registry_and_pins_prepared_generations ... ok
test procedures::bounded_admission_keeps_catalog_and_graph_reads_separate ... ok
test procedures::implicit_yield_scopes_work_for_default_and_bounded_registry_entrypoints ... ok
test procedures::prepared_execution_preserves_authorized_snapshot_identity ... ok
test procedures::prepared_query_pins_its_provider_generation_and_revalidates_parameters ... ok
test empty_sum::mutation_returning_uses_the_same_null_only_sum_contract ... ok
test procedures::provider_batch_and_downstream_copies_consume_one_memory_allowance ... ok
test procedures::whole_query_signature_validation_precedes_every_invocation ... ok
test procedures::named_graph_mismatch_is_rejected_before_external_invocation ... ok
test streaming::retained_rows_still_share_the_streaming_memory_ceiling ... ok
test relationship_and_var_length ... ok
test streaming::limit_stops_an_enormous_provider_without_consuming_its_tail ... ok
test unsupported_read_shapes_error ... ok
test union_distinct ... ok
test with_horizon_and_aggregate ... ok
test unwind_and_scalar_functions ... ok
test streaming::fused_array_aggregates_match_the_ordinary_incremental_path ... ok
test portable_corpus_executes_as_expected ... ok
test streaming::indexed_array_consumption_copies_only_the_selected_element ... ok
test streaming::unwind_reuses_large_live_arrays_and_matches_empty_aggregate_rules ... ok
test streaming::incremental_aggregates_do_not_retain_consumed_range_rows ... ok

test result: ok. 38 passed; 0 failed; 0 ignored; 0 measured; 0 filtered out; finished in 0.84s

[1m[92m     Running[0m tests/write_golden.rs (/target/debug/deps/write_golden-c4695c3bbd27cf48)

running 2 tests
test regenerate ... ignored, regenerates the golden snapshot file
test write_planner_matches_golden ... ok

test result: ok. 1 passed; 0 failed; 1 ignored; 0 measured; 0 filtered out; finished in 0.01s

[1m[92m     Running[0m unittests src/lib.rs (/target/debug/deps/grust_datafusion-5b74f9d892d19c0c)

running 57 tests
test control::tests::cancellation_drops_pending_operation_and_its_reservation ... ok
test control::tests::deadline_ends_a_pending_operation_without_provider_wakeups ... ok
test control::tests::dropping_wrapper_releases_resources_without_cancelling_sibling_work ... ok
test control::tests::cancelled_entry_never_polls_operation_and_errors_are_not_retried ... ok
test controlled_stream::tests::dropping_stream_releases_provider_without_cancelling_siblings ... ok
test controlled_stream::tests::deadline_drops_pending_provider_without_source_wakeups ... ok
test controlled_stream::tests::cancellation_drops_pending_provider_and_returns_one_error ... ok
test controlled_stream::tests::batches_pass_without_copies_and_provider_errors_are_terminal_without_a_runtime ... ok
test cypher::planning_tests::extrema_of_missing_properties_return_null_on_nonempty_input ... ok
test cypher::binding_tests::aggregates_resolve_multiple_bindings_and_preserve_nulls ... ok
test cypher::collect_tests::output_limits_count_complete_json_across_batches ... ok
test cypher::binding_tests::multiple_bindings_keep_literal_columns_distinct ... ok
test cypher::planning_tests::node_identity_predicates_preserve_external_ids ... ok
test controlled_stream::tests::sql_stream_retains_control_through_blocking_arrow_consumption ... ok
test cypher::planning_tests::planned_scan_retains_provider_when_catalog_registration_changes ... ok
test cypher::planning_tests::unsupported_plans_and_invalid_queries_remain_distinct ... ok
test cypher::planning_tests::integer_extrema_preserve_nulls_and_exact_limits ... ok
test cypher::result_tests::admitted_decoding_charges_only_the_slice_and_retains_cumulative_usage ... ok
test cypher::result_tests::decoding_does_not_coerce_unsupported_result_types ... ok
test cypher::result_tests::decoding_preserves_names_nulls_and_exact_scalar_values ... ok
test cypher::planning_tests::string_extrema_follow_rust_lexicographic_order ... ok
test cypher::route_tests::capture_failure_keeps_the_reference_route ... ok
test cypher::planner_tests::common_planner_selects_shapes_without_hiding_errors ... ok
test cypher::planning_tests::anonymous_node_scan_preserves_label_and_map_filters ... ok
test cypher::planning_tests::scalar_where_filters_match_reference_true_only_rule ... ok
test cypher::relationship_tests::endpoint_joins_preserve_exact_relationship_multiplicity ... ok
test cypher::snapshot_tests::combined_capture_preserves_input_limit_and_original_deadline ... ok
test cypher::snapshot_tests::empty_snapshot_statistics_are_exact_without_executing_a_plan ... ok
test cypher::snapshot_tests::native_input_admission_matches_exact_graph_bytes_and_retains_measurement ... ok
test cypher::snapshot_tests::ordinal_admission_follows_emitted_arrays_after_snapshot_drop ... ok
test cypher::snapshot_tests::physical_edge_identity_survives_batches_partitions_and_catalog_replacement ... ok
test cypher::execute_tests::text_execution_preserves_results_and_error_boundaries ... ok
test cypher::tests::boolean_null_truth_tables_execute_with_cypher_results ... ok
test cypher::tests::count_expression_ignores_nulls_and_distinct_removes_duplicates ... ok
test cypher::tests::count_star_retains_empty_input_identity ... ok
test cypher::tests::implicit_projection_names_match_the_reference_contract ... ok
test cypher::tests::grouped_counts_preserve_null_groups_and_projection_order ... ok
test cypher::tests::mixed_types_and_unqualified_arithmetic_are_not_lowered ... ok
test cypher::tests::inline_parameter_maps_select_nodes_and_duplicate_names_decline ... ok
test cypher::tests::ordering_and_parameterized_pagination_match_cypher_null_order ... ok
test cypher::tests::parsed_node_scan_filters_and_projects_native_property_columns ... ok
test cypher::tests::property_keys_are_literal_and_missing_values_are_null ... ok
test cypher::tests::scalar_parameters_are_bound_without_lossy_numeric_conversion ... ok
test cypher::tests::native_scan_matches_reference_for_nulls_duplicates_and_large_integers ... ok
test tests::blocking_reader_composes_with_arrow_and_adbc_reader_contract ... ok
test tests::disabled_spill_and_small_pool_reject_sort_work ... ok
test tests::graph_registration_preserves_isolates_and_parallel_edges ... ok
test tests::read_only_queries_reject_ddl_and_dml_before_mutation ... ok
test tests::relational_queries_consume_shared_multi_batch_tables ... ok
test tests::typed_relational_plans_execute_without_sql_serialization ... ok
test cypher::trail_tests::trail_joins_preserve_parallel_edges_and_exclude_physical_reuse ... ok
test cypher::route_tests::joins_and_unsupported_shapes_stay_on_reference ... ok
test cypher::route_tests::threshold_and_candidate_work_decline_before_execution ... ok
test cypher::route_tests::intermediate_bytes_are_enforced_across_partitions ... ok
test cypher::relationship_tests::parsed_relationship_queries_match_portable_results ... ok
test cypher::route_tests::single_large_batches_are_split_without_round_robin ... ok
test cypher::route_tests::automatic_scans_match_reference_results ... ok

test result: ok. 57 passed; 0 failed; 0 ignored; 0 measured; 0 filtered out; finished in 1.40s

[1m[92m     Running[0m unittests src/lib.rs (/target/debug/deps/grust_falkor-d2e335494292a183)

running 13 tests
test tests::cypher_string_escapes_special_characters ... ok
test tests::live_put_graph_and_schema ... ignored, requires a live FalkorDB server on 127.0.0.1:6379
test tests::batch_queries_use_unwind_and_preserve_properties ... ok
test tests::generated_maps_quote_keys_and_reject_identifier_injection ... ok
test tests::graph_schema_creates_falkor_indexes ... ok
test tests::pool_error_does_not_render_connection_credentials ... ok
test tests::configured_id_is_quoted_and_cannot_be_overridden_by_props ... ok
test tests::graph_preflight_rejects_lossy_label_collisions_but_allows_repeats ... ok
test tests::property_identifiers_are_quoted_without_lossy_normalization ... ok
test tests::graph_schema_rejects_falkor_identifier_collisions ... ok
test tests::query_errors_do_not_echo_cypher_or_property_values ... ok
test tests::put_graph_preflights_every_property_before_connecting ... ok
test tests::store_uses_configured_connection_pool_size ... ok

test result: ok. 12 passed; 0 failed; 1 ignored; 0 measured; 0 filtered out; finished in 0.00s

[1m[92m     Running[0m unittests src/lib.rs (/target/debug/deps/grust-f4a276f6e3c59517)

running 9 tests
test semantic::tests::duplicate_names_invalid_hashes_and_ambiguous_text_are_rejected ... ok
test lakecat::tests::imports_lakecat_catalog_graph_envelope ... ok
test lakecat::tests::rejects_lakecat_catalog_graph_edges_with_unknown_endpoints ... ok
test lakecat::tests::projects_lakecat_catalog_event_taxonomy ... ok
test semantic::tests::projection_is_complete_and_replay_stable ... ok
test semantic::tests::length_prefixed_ids_do_not_collide_on_structural_delimiters ... ok
test semantic::tests::parallel_relationships_keep_distinct_stable_identities ... ok
test semantic::tests::version_changes_identity_and_unknown_relationships_fail ... ok
test semantic::tests::pinned_apache_ossie_tpcds_fixture_parses_hashes_and_replays ... ok

test result: ok. 9 passed; 0 failed; 0 ignored; 0 measured; 0 filtered out; finished in 0.01s

[1m[92m     Running[0m tests/algorithm_snapshots.rs (/target/debug/deps/algorithm_snapshots-a6513958e34224b7)

running 1 test
test memory_and_private_turso_snapshots_run_the_same_pinned_plan ... ok

test result: ok. 1 passed; 0 failed; 0 ignored; 0 measured; 0 filtered out; finished in 0.07s

[1m[92m     Running[0m tests/datafusion_cypher.rs (/target/debug/deps/datafusion_cypher-8e2737d099c110d2)

running 1 test
test combined_facade_features_execute_cypher_without_direct_adapter_dependencies ... ok

test result: ok. 1 passed; 0 failed; 0 ignored; 0 measured; 0 filtered out; finished in 0.10s

[1m[92m     Running[0m tests/indexed_read.rs (/target/debug/deps/indexed_read-9004e348931f3039)

running 1 test
test facade_and_prelude_expose_bounded_indexed_reads ... ok

test result: ok. 1 passed; 0 failed; 0 ignored; 0 measured; 0 filtered out; finished in 0.01s

[1m[92m     Running[0m unittests src/lib.rs (/target/debug/deps/grust_helix-791507740fa6a6d0)

running 22 tests
test sdk_read::tests::unsupported_predicate_remains_rejected_before_transport ... ok
test tests::graph_schema_is_validated_for_dynamic_helix_names ... ok
test tests::graph_preflight_rejects_normalized_relationship_collisions ... ok
test tests::helix_edge_writes_reject_structural_metadata_overrides ... ok
test tests::helix_get_edges_request_filters_by_grust_metadata ... ok
test tests::helix_edge_writes_store_grust_edge_metadata ... ok
test sdk_read::tests::node_read_preserves_identifier_as_data_in_nested_ast ... ok
test sdk_read::tests::edge_reads_keep_all_filters_and_edge_property_projection ... ok
test sdk_read::tests::a_node_the_store_created_is_read_by_its_handle ... ok
test sdk_read::tests::traversal_covers_directions_and_retains_node_label_filter ... ok
test tests::helix_http_node_batch_preserves_supported_values ... ok
test tests::helix_http_edge_batch_uses_target_variable ... ok
test tests::helix_node_writes_protect_structural_id_and_label ... ok
test tests::helix_http_node_batch_rejects_json_properties ... ok
test tests::helix_response_parsers_rebuild_grust_values ... ok
test tests::helix_traversal_request_lowers_to_direction_steps ... ok
test tests::live_http_put_read_and_traverse ... ignored, requires a live HelixDB server on 127.0.0.1:8080
test tests::strips_v1_query_for_sdk_base_url ... ok
test tests::transport_errors_do_not_render_configured_url_secrets ... ok
test tests::sdk_edges_between_created_nodes_are_written_by_handle_and_others_by_lookup ... ok
test tests::both_put_graph_paths_preflight_later_chunks_before_transport ... ok
test tests::both_put_graph_paths_preflight_decoder_metadata_before_transport ... ok

test result: ok. 21 passed; 0 failed; 1 ignored; 0 measured; 0 filtered out; finished in 0.10s

[1m[92m     Running[0m unittests src/lib.rs (/target/debug/deps/grust_lancedb-85436d82debdf1a4)

running 33 tests
test tests::applied_schema_rejects_wrong_typed_property ... ok
test tests::apply_schema_rejects_physical_table_and_field_collisions ... ok
test table_handles::tests::recreation_and_first_lookup_share_one_gate ... ok
test table_handles::tests::cached_reader_observes_writes_through_another_connection ... ok
test snapshot::tests::recreation_rejects_a_snapshot_published_by_an_older_reader ... ok
test tests::arrow_readers_reject_forged_keys_before_edge_write ... ok
test tests::edge_batch_rejects_ambiguous_and_explicit_delimiter_keys ... ok
test tests::edge_key_prefers_explicit_id ... ok
test tests::bootstrap_creates_empty_tables ... ok
test tests::live_local_lancedb_put_read_traverse_and_schema ... ignored, explicit LanceDB integration test; run through scripts/integration-test.sh --backend lancedb
test tests::arrow_readers_bulk_upsert_and_preserve_edge_identity ... ok
test tests::put_and_get_node ... ok
test tests::put_edge_validates_applied_schema_before_any_table_write ... ok
test tests::idempotent_put_node_updates_props ... ok
test tests::clear_removes_graph ... ok
test tests::put_graph_preflights_all_edge_keys_before_writing_nodes ... ok
test tests::property_start_matches_exact_property_value_only ... ok
test write_queue::cancellation_tests::apply_failure_reaches_every_batch_caller_and_does_not_strand_the_queue ... ok
test snapshot::tests::a_resident_snapshot_never_hides_a_later_write ... ok
test write_queue::cancellation_tests::cancelling_an_inflight_batch_reports_uncertain_durability_to_its_followers ... ok
test write_queue::cancellation_tests::cancelling_handoff_before_receiver_poll_releases_leadership ... ok
test write_queue::cancellation_tests::cancelling_handoff_promotes_an_already_waiting_writer ... ok
test write_queue::cancellation_tests::one_row_still_validates_its_key_and_releases_leadership_on_failure ... ok
test write_queue::cancellation_tests::cancelled_waiters_are_skipped_without_recursive_handoff ... ok
test tests::apply_schema_creates_typed_tables_and_mirrors_writes ... ok
test write_queue::tests::last_row_per_key_wins_in_queue_order ... ok
test tests::put_graph_and_get_edges ... ok
test tests::starts_by_label_and_property ... ok
test tests::traverse_one_and_two_hops ... ok
test write_queue::tests::concurrent_upserts_of_one_key_leave_one_row ... ok
test snapshot::tests::snapshot_reads_match_direct_scans_over_many_fragments ... ok
test write_queue::tests::concurrent_writers_on_clones_commit_every_row_once ... ok
test snapshot::tests::snapshot_reads_match_direct_scans_after_incremental_writes ... ok

test result: ok. 32 passed; 0 failed; 1 ignored; 0 measured; 0 filtered out; finished in 45.69s

[1m[92m     Running[0m unittests src/lib.rs (/target/debug/deps/grust_memory-4ca7f5e04e452860)

running 38 tests
test indexed_reads::tests::a_graph_the_index_rejects_keeps_the_map_path ... ok
test indexed_reads::tests::a_load_into_a_populated_store_leaves_the_maps_in_charge ... ok
test indexed_snapshot::tests::cached_snapshot_is_shared_across_calls_and_cloned_stores ... ok
test indexed_reads::tests::a_write_after_the_load_returns_reads_to_the_maps ... ok
test indexed_reads::tests::indexed_edge_queries_match_the_map_walk ... ok
test indexed_reads::tests::indexed_traversal_matches_the_map_walk_except_both_order ... ok
test indexed_reads::tests::traverse_ids_matches_traverse_on_both_paths ... ok
test indexed_snapshot::tests::edge_node_deletes_and_delete_all_plan_invalidate_the_index ... ok
test indexed_snapshot::tests::invalid_index_build_does_not_cache_a_failure_or_change_store_semantics ... ok
test indexed_snapshot::tests::node_edge_and_batch_writes_leave_previous_snapshots_immutable ... ok
test tests::applied_schema_validates_memory_graph_writes ... ok
test tests::adjacency_indexes_follow_edge_and_node_mutations ... ok
test tests::apply_mutations_upserts_and_deletes ... ok
test indexed_snapshot::tests::every_direct_mutation_plan_branch_rebuilds_the_snapshot ... ok
test indexed_snapshot::tests::schema_native_constraints_and_rejected_writes_invalidate_conservatively ... ok
test tests::default_mutation_batches_are_ordered_but_not_atomic ... ok
test tests::delete_node_cascades_to_incident_edges ... ok
test tests::executes_matching_node_property_removal ... ok
test tests::executes_matching_node_numeric_property_updates ... ok
test tests::executes_mutation_plan_with_cardinality_aware_node_changes ... ok
test indexed_snapshot::tests::trait_mutations_and_partially_failing_plans_cannot_leave_a_stale_cache ... ok
test tests::executes_matching_edge_mutations ... ok
test tests::get_nodes_reads_multiple_ids ... ok
test tests::matching_edge_mutations_filter_relationship_properties ... ok
test tests::executor_classifies_inserts_and_updates_precisely ... ok
test tests::matching_node_numeric_property_updates_fail_before_writing_invalid_values ... ok
test tests::matching_node_mutations_filter_property_predicates ... ok
test indexed_snapshot::tests::concurrent_first_readers_share_one_snapshot_and_observe_coherent_updates ... ok
test tests::memory_edge_uniqueness_uses_directed_and_undirected_endpoint_semantics ... ok
test tests::memory_native_constraints_validate_existing_and_future_writes ... ok
test tests::memory_validates_unique_edge_constraints_before_writes ... ok
test tests::memory_reports_constraint_capabilities_and_validates_constraints ... ok
test tests::node_label_updates_revalidate_incident_edge_endpoints ... ok
test tests::put_reports_insert_vs_update ... ok
test tests::preserves_parallel_edges_with_distinct_explicit_ids ... ok
test tests::stores_graph_and_traverses_one_step ... ok
test tests::typed_graph_round_trips_through_memory_store ... ok
test tests::row_producing_edge_create_matches_endpoint_nodes ... ok

test result: ok. 38 passed; 0 failed; 0 ignored; 0 measured; 0 filtered out; finished in 0.01s

[1m[92m     Running[0m unittests src/lib.rs (/target/debug/deps/grust_pggraph-3a039777ef4defc2)

running 3 tests
test tests::live_postgres_put_read_traverse_and_schema ... ignored, requires PostgreSQL with the pgGraph graph extension
test tests::build_mode_maps_to_pggraph_projection_modes ... ok
test tests::bootstrap_registers_pggraph_projection ... ok

test result: ok. 2 passed; 0 failed; 1 ignored; 0 measured; 0 filtered out; finished in 0.00s

[1m[92m     Running[0m unittests src/lib.rs (/target/debug/deps/grust_postgres-4b63ebfbc310b1d1)

running 0 tests

test result: ok. 0 passed; 0 failed; 0 ignored; 0 measured; 0 filtered out; finished in 0.00s

[1m[92m     Running[0m unittests src/lib.rs (/target/debug/deps/grust_postgres_core-ec9103ef855e399d)

running 20 tests
test tests::live_invalid_typed_schema_is_rejected_before_bootstrap_ddl ... ignored, requires PostgreSQL
test tests::live_postgres_put_read_traverse_and_schema ... ignored, requires PostgreSQL
test sql_safety::tests::autocommit_guard_ignores_keywords_in_sql_literals_and_comments ... ok
test tests::bootstrap_creates_universal_postgres_tables ... ok
test sql_safety::tests::autocommit_guard_rejects_transaction_control_in_batches ... ok
test sql_safety::tests::autocommit_guard_rejects_unterminated_lexical_regions_and_nul ... ok
test tests::graph_schema_creates_typed_views_and_indexes ... ok
test tests::graph_schema_enforces_postgres_identifier_byte_limit ... ok
test tests::mutation_batch_sql_wraps_ordered_mutations_in_transaction ... ok
test tests::postgres_typed_column_validates_its_public_input ... ok
test tests::edge_upsert_uses_grust_edge_identity ... ok
test tests::node_upsert_uses_jsonb_and_conflict_update ... ok
test tests::postgres_config_enforces_schema_and_derived_prefix_boundaries ... ok
test tests::rejects_unsafe_json_property_keys ... ok
test tests::typed_views_reject_fixed_and_duplicate_column_aliases ... ok
test tests::typed_field_aliases_use_postgres_utf8_byte_length ... ok
test tests::postgres_recursive_walk_tokens_are_delimiter_free ... ok
test tests::rejects_invalid_config_identifiers ... ok
test tests::traversal_sql_builds_exact_out_step ... ok
test tests::traversal_sql_builds_property_start ... ok

test result: ok. 18 passed; 0 failed; 2 ignored; 0 measured; 0 filtered out; finished in 0.00s

[1m[92m     Running[0m tests/pg_cypher_live.rs (/target/debug/deps/pg_cypher_live-1634235762b8e181)

running 5 tests
test cypher_writes_execute_on_postgres ... ignored, requires live PostgreSQL (GRUST_PG_URL)
test gated_reads_fall_back_to_the_reference ... ignored, requires live PostgreSQL (GRUST_PG_URL)
test pushed_reads_match_the_reference ... ignored, requires live PostgreSQL (GRUST_PG_URL)
test resident_snapshot_reflects_the_store_and_every_write_drops_it ... ignored, requires live PostgreSQL (GRUST_PG_URL)
test transaction_scripts_commit_and_roll_back_atomically ... ignored, requires live PostgreSQL (GRUST_PG_URL)

test result: ok. 0 passed; 0 failed; 5 ignored; 0 measured; 0 filtered out; finished in 0.00s

[1m[92m     Running[0m tests/scalar_count_sql.rs (/target/debug/deps/scalar_count_sql-c1e2574b9783c180)

running 3 tests
test postgres_zero_count_has_one_row_without_pagination ... ok
test postgres_scalar_count_uses_qualified_universal_tables ... ok
test postgres_exact_payload_type_and_byte_comparison_are_required ... ok

test result: ok. 3 passed; 0 failed; 0 ignored; 0 measured; 0 filtered out; finished in 0.00s

[1m[92m     Running[0m unittests src/lib.rs (/target/debug/deps/grust_postgres_pgq-adc04ae2369be6e9)

running 7 tests
test tests::live_invalid_typed_schema_is_rejected_before_pgq_bootstrap_ddl ... ignored, requires PostgreSQL 19 with SQL/PGQ
test tests::live_postgres_pgq_put_read_traverse_and_schema ... ignored, requires PostgreSQL 19 with SQL/PGQ
test tests::bootstrap_defines_native_property_graph ... ok
test tests::pgq_traversal_builds_graph_table_query ... ok
test tests::pgq_bootstrap_validates_graph_name_boundaries ... ok
test tests::pgq_traversal_builds_property_start ... ok
test tests::pgq_bootstrap_validates_schema_and_derived_prefix_names ... ok

test result: ok. 5 passed; 0 failed; 2 ignored; 0 measured; 0 filtered out; finished in 0.00s

[1m[92m     Running[0m unittests src/lib.rs (/target/debug/deps/grust_procedures-f11c57bd0d17c888)

running 4 tests
test resources::balance::tests::a_kernels_meters_each_own_their_line ... ok
test resources::balance::tests::consecutively_allocated_balances_never_share_a_line ... ok
test resources::balance::tests::the_balance_is_one_line_with_the_word_first_and_not_over_aligned ... ok
test resources::accounting::tests::uncounted_charges_touch_no_shared_work_state ... ok

test result: ok. 4 passed; 0 failed; 0 ignored; 0 measured; 0 filtered out; finished in 0.00s

[1m[92m     Running[0m tests/contracts.rs (/target/debug/deps/contracts-9c8360230bbc0b25)

running 69 tests
test accounting::a_deadline_with_interruption_disabled_is_refused_at_construction ... ok
test accounting::a_work_budget_with_uncounted_work_is_refused_at_construction ... ok
test accounting::an_uncounted_meter_samples_the_deadline_at_the_counted_cadence ... ok
test accounting::unchecked_execution_refuses_cancellation_instead_of_ignoring_it ... ok
test accounting::an_uninterruptible_execution_still_enforces_its_work_budget_exactly ... ok
test accounting::the_default_counts_work_and_an_unlimited_budget_does_not_opt_out ... ok
test accounting::every_mode_has_a_distinct_stable_label ... ok
test accounting::memory_admission_is_enforced_in_every_mode ... ok
test accounting::uncounted_work_still_observes_an_expired_deadline_on_both_charge_paths ... ok
test accounting::uncounted_work_reports_not_counted_rather_than_zero ... ok
test accounting::uncounted_work_still_observes_cancellation_at_every_charge_point ... ok
test builtins::graph_free_catalog_invocation_is_explicitly_unsupported ... ok
test budget_failure_and_cancellation_release_owned_reservations ... ok
test builtins::range_full_integer_domain_can_be_dropped_after_one_bounded_batch ... ok
test builtins::keys_preserves_existing_null_and_serialized_element_semantics ... ok
test cache::preparation_cache_initializes_once_and_keeps_retained_storage_admitted ... ok
test builtins::range_zero_step_is_an_error_before_consumption ... ok
test builtins::range_answers_are_independent_of_batch_size ... ok
test builtins::catalog_keeps_sorted_distinct_labels_types_and_property_keys ... ok
test cancellation::cancellation_wakers_can_reenter_the_context ... ok
test cancellation::repoll_replaces_the_waiter_waker ... ok
test cancellation::cancellation_wakes_every_live_waiter_and_unregisters_dropped_waiters ... ok
test children::a_child_inherits_batch_rows_and_concurrency_unless_it_sets_its_own ... ok
test children::a_childs_memory_counts_against_its_parent_and_returns_when_released ... ok
test children::a_sub_limit_binds_beside_the_parent_and_cannot_exceed_it ... ok
test children::cancelling_the_parent_reaches_every_descendant_and_wakes_their_waiters ... ok
test children::cancelling_a_child_reaches_neither_its_parent_nor_its_sibling ... ok
test children::a_childs_accounting_mode_is_its_own_within_what_its_parent_can_stop ... ok
test children::each_childs_deadline_is_its_own_and_never_later_than_its_parents ... ok
test children::each_childs_work_budget_is_its_own ... ok
test children::a_claim_the_parent_refuses_never_refuses_a_charge_that_fits ... ok
test children::siblings_cannot_jointly_exceed_their_parent ... ok
test cumulative_copies_and_live_reservations_share_one_envelope ... ok
test duplicate_alias_registration_is_atomic ... ok
test external_provider_is_pinned_and_alias_resolution_is_case_insensitive ... ok
test accounting::an_expiring_deadline_stops_every_uncounted_worker ... ok
test failures::a_deadline_that_expires_mid_run_is_observed_within_the_sampling_interval ... ok
test failures::cancellation_and_budgets_are_never_sampled ... ok
test failures::cancellation_during_consumption_releases_cursor_state ... ok
test failures::expired_deadline_rejects_before_provider_invocation ... ok
test failures::malformed_batches_fail_and_immediately_release_provider_scratch ... ok
test failures::provider_failure_preserves_the_original_cause_and_never_becomes_success ... ok
test failures::an_explicit_checkpoint_observes_expiry_without_waiting_for_a_sample ... ok
test invalid_arguments_never_invoke_provider ... ok
test children::a_released_reservation_shrinks_through_every_level ... ok
test memory::overflowing_the_counter_is_a_budget_failure_not_a_wrap ... ok
test memory::accounts_and_reservations_dropped_on_many_threads_return_to_zero ... ok
test options_reject_unknown_keys_and_fill_defaults_without_float_coercion ... ok
test parallel::a_budget_one_unit_short_fails_at_one_worker ... ok
test parallel::a_budget_that_exactly_fits_succeeds_and_counts_the_work_performed ... ok
test parallel::a_dropped_meter_returns_what_it_did_not_spend ... ok
test memory::the_peak_is_the_true_maximum_of_a_sequence_and_never_below_live ... ok
test parallel::an_expired_deadline_stops_every_worker ... ok
test parallel::an_idle_meters_unspent_block_does_not_refuse_work_that_fits ... ok
test parallel::concurrency_is_one_unless_set_and_cannot_change_once_shared ... ok
test parallel::every_worker_observes_cancellation ... ok
test children::racing_children_are_admitted_exactly_what_the_parent_fits ... ok
test parallel::per_worker_scratch_is_admitted_before_the_region ... ok
test parallel::skewed_work_that_exactly_fits_succeeds_at_sixteen_threads ... ok
test reservations_survive_cursor_drop_and_batch_cloning ... ok
test separate_queries_do_not_share_reservations_or_cancellation ... ok
test temporary_memory_accounts_release_only_their_own_admission ... ok
test children::children_meter_work_exactly_and_independently_under_contention ... ok
test children::concurrent_children_never_jointly_overrun_their_parent ... ok
test parallel::a_meter_dropping_its_block_does_not_hide_it_from_a_refusal ... ok
test memory::concurrent_reservations_never_admit_more_than_the_limit ... ok
test children::concurrent_charges_never_overrun_a_childs_sub_limit ... ok
test children::a_child_created_while_its_parent_is_cancelled_is_never_missed ... ok
test parallel::many_meters_racing_for_the_last_of_a_budget_that_exactly_fits ... ok

test result: ok. 69 passed; 0 failed; 0 ignored; 0 measured; 0 filtered out; finished in 1.67s

[1m[92m     Running[0m unittests src/lib.rs (/target/debug/deps/grust_sail-ee5c44cad1c6c83f)

running 94 tests
test arrow_ipc::tests::exact_chunk_and_byte_limits_are_accepted ... ok
test arrow_ipc::tests::unbounded_collection_preserves_legacy_output_without_copying_batches ... ok
test arrow_load::tests::native_reader_load_initializes_tables_without_an_applied_schema ... ignored, requires a live Sail server on 127.0.0.1:50051
test arrow_load::tests::native_readers_load_multiple_batches_and_keep_typed_tables ... ignored, requires a live Sail server on 127.0.0.1:50051
test arrow_ipc::tests::cumulative_byte_overflow_is_rejected_even_at_the_maximum_limit ... ok
test arrow_ipc::tests::excessive_cumulative_bytes_are_rejected_before_collection ... ok
test arrow_ipc::tests::excessive_chunk_is_rejected_before_collection ... ok
test config::tests::default_config_leaves_warehouse_server_managed ... ok
test config::tests::explicit_warehouse_requires_an_absolute_path ... ok
test config::tests::config_rejects_invalid_session_and_zero_batch_size ... ok
test config::tests::local_warehouse_is_absolute_and_session_scoped ... ok
test config::tests::explicit_warehouse_preserves_the_server_visible_path ... ok
test session_config::tests::server_managed_policy_builds_no_config_rpc ... ok
test session_config::tests::set_then_get_transcript_binds_one_session ... ok
test session_close::tests::release_binds_the_owned_session_and_disallows_reconnect ... ok
test session_config::tests::verification_requires_exact_session_and_warehouse ... ok
test session_close::tests::acknowledgement_must_identify_the_requested_session ... ok
test temp_view::tests::drop_sql_accepts_only_safe_session_view_names ... ok
test tests::arrow_temp_view_names_must_be_safe_lower_snake_identifiers ... ok
test tests::close_releases_only_the_owned_session ... ignored, requires a live Sail server; GRUST_SAIL_TEST_PORT selects the port
test spark_client::tests::decoding_limit_includes_a_bounded_protobuf_envelope_reserve ... ok
test tests::clear_sql_drops_delta_tables_for_robust_reset ... ok
test arrow_load::tests::malformed_node_identity_is_rejected ... ok
test tests::edge_key_delete_sql_targets_persisted_edge_identity ... ok
test tests::cypher_constraint_registry_staging_preserves_values ... ok
test tests::generic_degree_sql_uses_persisted_sail_graph_tables ... ok
test arrow_load::tests::native_node_stage_retains_identity_and_normalized_property_buffers ... ok
test arrow_load::tests::explicit_empty_edge_id_survives_native_ingestion ... ok
test tests::generic_edge_merge_persists_edge_identity_columns ... ok
test tests::matching_edges_sql_filters_by_relationship_properties ... ok
test tests::graph_table_contract_helpers_are_shared ... ok
test tests::graph_schema_typed_table_contract_is_public ... ok
test tests::matching_nodes_sql_filters_by_label_and_properties ... ok
test tests::matching_nodes_sql_filters_by_property_predicates ... ok
test tests::degree_pair_arrow_results_parse_to_public_rows ... ok
test tests::parse_optional_single_string_from_arrow_rejects_multiple_rows ... ok
test tests::degree_arrow_results_parse_to_public_rows ... ok
test tests::generic_edge_arrow_results_preserve_explicit_edge_id ... ok
test tests::parse_optional_single_string_from_arrow_reads_one_value ... ok
test tests::props_json_is_plain_and_reads_legacy_tagged_form ... ok
test tests::props_json_rejects_non_finite_floats ... ok
test tests::sql_str_escapes_backslashes_and_quotes ... ok
test tests::schema_sql_creates_typed_delta_tables ... ok
test tests::staged_edge_batch_rejects_ambiguous_and_explicit_delimiter_keys ... ok
test tests::sail_reports_validate_before_write_for_required_and_unique_constraints ... ok
test tests::staged_edge_batch_preserves_explicit_arrow_edge_id ... ok
test tests::sql_arguments_are_named_for_sail_parser ... ok
test tests::query_request_rejects_placeholder_argument_mismatches ... ok
test tests::query_request_sends_named_arguments_without_inlining ... ok
test tests::test_cypher_match_over_grust_backend_tables ... ignored, requires a live Sail server on 127.0.0.1:50051
test tests::test_delete_node_and_edge ... ignored, requires a live Sail server on 127.0.0.1:50051
test tests::connect_error_does_not_render_configured_endpoint_secrets ... ok
test tests::start_clause_binds_values_and_rejects_unsafe_json_keys ... ok
test tests::staged_node_batch_round_trips_through_arrow_ipc ... ok
test tests::test_execute_cypher_broad_match_delete_nodes ... ignored, requires a live Sail server on 127.0.0.1:50051
test tests::test_execute_cypher_broad_match_set_nodes ... ignored, requires a live Sail server on 127.0.0.1:50051
test tests::test_execute_cypher_broad_match_set_updates_typed_nodes ... ignored, requires a live Sail server on 127.0.0.1:50051
test tests::test_execute_cypher_match_set_and_remove_edge_properties ... ignored, requires a live Sail server on 127.0.0.1:50051
test tests::staged_edge_batch_round_trips_through_arrow_ipc ... ok
test tests::test_execute_cypher_match_set_and_remove_node_properties ... ignored, requires a live Sail server on 127.0.0.1:50051
test tests::test_execute_cypher_match_set_edge_patch_updates_typed_edges ... ignored, requires a live Sail server on 127.0.0.1:50051
test tests::test_execute_cypher_mutation_collects_written_edge_identities ... ignored, requires a live Sail server on 127.0.0.1:50051
test tests::test_execute_cypher_mutation_collects_written_node_identities ... ignored, requires a live Sail server on 127.0.0.1:50051
test tests::test_execute_cypher_mutation_generated_node_ids ... ignored, requires a live Sail server on 127.0.0.1:50051
test tests::test_execute_cypher_mutation_strict_create ... ignored, requires a live Sail server on 127.0.0.1:50051
test tests::test_execute_cypher_mutations ... ignored, requires a live Sail server on 127.0.0.1:50051
test tests::test_execute_cypher_reports_resolved_insert_update_classification ... ignored, requires a live Sail server on 127.0.0.1:50051
test tests::test_execute_cypher_returning_broad_match_delete_edges ... ignored, requires a live Sail server on 127.0.0.1:50051
test tests::test_execute_cypher_returning_broad_match_delete_nodes ... ignored, requires a live Sail server on 127.0.0.1:50051
test tests::test_execute_cypher_returning_generates_row_edge_ids ... ignored, requires a live Sail server on 127.0.0.1:50051
test tests::test_execute_cypher_returning_generates_row_merge_edge_ids ... ignored, requires a live Sail server on 127.0.0.1:50051
test tests::test_execute_cypher_returning_row_producing_edges ... ignored, requires a live Sail server on 127.0.0.1:50051
test tests::test_execute_cypher_row_producing_match_create_and_merge_edges ... ignored, requires a live Sail server on 127.0.0.1:50051
test tests::test_get_edges ... ignored, requires a live Sail server on 127.0.0.1:50051
test tests::test_idempotent_put_node ... ignored, requires a live Sail server on 127.0.0.1:50051
test tests::test_put_and_get_node ... ignored, requires a live Sail server on 127.0.0.1:50051
test tests::test_put_graph_and_traverse ... ignored, requires a live Sail server on 127.0.0.1:50051
test tests::test_read_pushdown_matches_reference ... ignored, requires a live Sail server on 127.0.0.1:50051
test tests::test_save_and_load_cypher_constraint_registry ... ignored, requires live Sail server on 127.0.0.1:50051
test tests::traversal_sql_joins_edges_by_id_and_binds_args ... ok
test tests::typed_edge_merge_extracts_fields_from_staged_json ... ok
test tests::typed_node_identity_field_requires_string_type ... ok
test tests::typed_node_merge_extracts_fields_from_staged_json ... ok
test tests::triplet_arrow_results_parse_to_public_rows ... ok
test tests::typed_schema_rejects_normalized_table_and_column_collisions ... ok
test tests::unique_edge_conflict_uses_structural_identity ... ok
test tests::typed_node_identity_field_reuses_the_structural_column ... ok
test tests::unique_node_conflict_allows_same_id_update_and_other_labels ... ok
test tests::unique_node_conflict_detects_persisted_duplicate ... ok
test text_rows::tests::text_and_integer_columns_preserve_order_and_nulls ... ok
test text_rows::tests::empty_marker_batch_has_no_matches ... ok
test text_rows::tests::unsupported_types_are_not_silently_coerced ... ok
test text_rows::tests::sail_recursive_paths_are_gated_before_sql_execution ... ok
test text_rows::tests::integer_markers_preserve_match_multiplicity_across_batches ... ok

test result: ok. 65 passed; 0 failed; 29 ignored; 0 measured; 0 filtered out; finished in 0.02s

[1m[92m     Running[0m tests/not_null_live.rs (/target/debug/deps/not_null_live-d25cedf60af52b56)

running 1 test
test typed_table_rejects_null_structural_identity ... ignored, requires a live Sail server on 127.0.0.1:50051

test result: ok. 0 passed; 0 failed; 1 ignored; 0 measured; 0 filtered out; finished in 0.00s

[1m[92m     Running[0m tests/temp_view_live.rs (/target/debug/deps/temp_view_live-e4fadc2e2b1a0bb4)

running 1 test
test staged_arrow_view_can_be_dropped_idempotently ... ignored, requires a live Sail server on 127.0.0.1:50051

test result: ok. 0 passed; 0 failed; 1 ignored; 0 measured; 0 filtered out; finished in 0.00s

[1m[92m     Running[0m unittests src/lib.rs (/target/debug/deps/grust_sql_core-b91735b2c580fb14)

running 3 tests
test tests::generated_schema_names_reject_composed_index_collisions ... ok
test tests::generated_schema_names_apply_only_configured_byte_limit ... ok
test tests::generated_schema_names_reject_normalization_collisions ... ok

test result: ok. 3 passed; 0 failed; 0 ignored; 0 measured; 0 filtered out; finished in 0.00s

[1m[92m     Running[0m unittests src/lib.rs (/target/debug/deps/grust_surreal-76ff9cb52fb14b94)

running 47 tests
test edge_read_tests::unfiltered_edge_read_preserves_the_full_relation_scan ... ok
test edge_read_tests::missing_endpoint_filters_do_not_bypass_relationship_validation ... ok
test edge_read_tests::edge_read_combines_endpoint_filters_with_an_explicit_relationship_table ... ok
test edge_read_tests::endpoint_predicate_values_are_escaped_data_even_with_query_punctuation ... ok
test edge_read_tests::edge_read_pushes_from_and_to_independently ... ok
test edge_read_tests::endpoint_filter_searches_the_same_candidate_tables_as_a_node_read ... ok
test edge_read_tests::endpoint_literals_round_trip_through_the_surrealql_parser ... ok
test hardening_tests::invalid_url_errors_do_not_echo_embedded_secrets ... ok
test hardening_tests::inferred_endpoint_tables_share_the_configured_physical_namespace ... ok
test hardening_tests::leading_digit_and_reserved_table_names_are_quoted ... ok
test hardening_tests::property_keys_are_losslessly_quoted_in_writes_and_predicates ... ok
test hardening_tests::read_delete_and_mutation_helpers_reject_inferred_table_aliases ... ok
test hardening_tests::schema_rejects_table_collisions_and_fixed_or_duplicate_fields ... ok
test edge_read_tests::decoded_edge_postfilters_keep_exact_endpoints_labels_and_multiplicity ... ok
test hardening_tests::graph_endpoints_use_known_node_tables_and_validate_unknown_prefixes ... ok
test hardening_tests::runtime_writes_reject_reserved_storage_fields ... ok
test identifiers::tests::config_rejects_normalized_table_collisions ... ok
test hardening_tests::sdk_connect_validates_config_before_network_io ... ok
test identifiers::tests::config_rejects_the_fixed_base_table_and_invalid_scopes ... ok
test identifiers::tests::identifier_quoting_is_lossless_and_escapes_delimiters ... ok
test tests::clear_response_ignores_missing_tables ... ok
test tests::clear_response_keeps_non_missing_table_errors ... ok
test tests::delete_edge_query_uses_candidate_endpoint_tables ... ok
test tests::delete_node_query_requires_relationship_config ... ok
test tests::get_edges_query_accepts_explicit_label_without_relationship_config ... ok
test tests::get_edges_query_requires_relationship_config_for_generic_scan ... ok
test tests::get_edges_query_uses_relationship_tables_in_one_statement ... ok
test tests::an_edge_without_a_resolved_endpoint_relates_the_record_the_node_read_would_find ... ok
test tests::get_node_query_scans_candidate_tables_in_one_statement ... ok
test tests::get_nodes_queries_are_bounded_by_batch_size ... ok
test tests::graph_schema_defines_schemafull_tables_and_fields ... ok
test tests::live_http_put_read_and_traverse ... ignored, requires a live SurrealDB server on 127.0.0.1:8000
test tests::get_nodes_query_batches_candidate_records_in_one_statement ... ok
test tests::mutation_batch_query_wraps_ordered_mutations_in_transaction ... ok
test tests::relate_edges_are_idempotent_by_endpoints ... ok
test tests::node_round_trip_preserves_logical_label_and_colons_inside_record_keys ... ok
test tests::schema_relation_tables_carry_endpoint_index ... ok
test tests::sdk_uses_ws_address_from_http_sql_url ... ok
test tests::surreal_response_parsers_rebuild_grust_values ... ok
test tests::traverse_steps_follow_edges_and_filter_target_label ... ok
test tests::upsert_nodes_preserves_arrays ... ok
test tests::request_timeout_defaults_to_a_minute_and_is_configurable ... ok
test hardening_tests::namespace_and_database_identifiers_are_quoted_and_validated_on_connect ... ok
test hardening_tests::invalid_schema_and_late_graph_property_fail_before_http_network_io ... ok
test tests::signin_url_is_the_sql_endpoint_s_origin ... ok
test tests::http_store_reports_transactional_mutation_batches ... ok
test hardening_tests::inferred_endpoint_collisions_fail_before_http_network_io ... ok

test result: ok. 46 passed; 0 failed; 1 ignored; 0 measured; 0 filtered out; finished in 0.07s

[1m[92m     Running[0m unittests src/lib.rs (/target/debug/deps/grust_turso-0191dce242f2495f)

running 21 tests
test tests::bootstrap_creates_universal_turso_tables ... ok
test tests::is_mvcc_conflict_detects_retryable_errors ... ok
test tests::mutation_batch_sql_wraps_ordered_mutations_in_transaction ... ok
test tests::default_journal_mode_is_wal ... ok
test tests::cypher_mutation_plan_rejects_before_writing_any_operation ... ok
test tests::bootstrap_omits_the_edge_source_index_and_drops_a_legacy_one ... ok
test tests::cypher_mutation_executor_patches_matching_nodes ... ok
test tests::cypher_mutation_plan_preserves_order_inside_transaction ... ok
test tests::next_call_rolls_back_an_abandoned_transaction ... ok
test tests::in_memory_put_read_traverse_schema_and_mutations ... ok
test tests::rejects_invalid_table_prefix ... ok
test tests::mvcc_apply_mutations_batch_round_trips ... ok
test tests::schema_creates_json_views_and_indexes ... ok
test tests::traversal_sql_builds_exact_out_step ... ok
test tests::resident_snapshot_reflects_the_store_and_every_write_drops_it ... ok
test tests::mvcc_journal_mode_enables_concurrent_writes_and_round_trips ... ok
test tests::mvcc_concurrent_writers_resolve_conflicts_via_retry ... ok
test tests::prepared_bulk_load_writes_exactly_the_rows_of_the_sql_text_upserts ... ok
test tests::a_live_mvcc_store_switched_to_wal_and_back ... ok
test tests::mvcc_put_graph_commits_in_groups_and_keeps_every_row ... ok
test tests::mvcc_bulk_load_stores_the_rows_of_the_wal_load_and_keeps_concurrent_writers ... ok

test result: ok. 21 passed; 0 failed; 0 ignored; 0 measured; 0 filtered out; finished in 3.88s

[1m[92m     Running[0m tests/dangling_edges.rs (/target/debug/deps/dangling_edges-5dc51e6010dc19be)

running 1 test
test a_dangling_edge_loads_the_same_on_every_path ... ok

test result: ok. 1 passed; 0 failed; 0 ignored; 0 measured; 0 filtered out; finished in 0.83s

[1m[92m     Running[0m tests/exact_scalar_strings.rs (/target/debug/deps/exact_scalar_strings-b7cf79da38c1bae4)

running 3 tests
test nul_literal_is_not_admitted_by_the_dialect ... ok
test plain_json_string_guard_does_not_coerce_other_json_types ... ok
test tagged_node_edge_and_shared_variable_filters_match_reference ... ok

test result: ok. 3 passed; 0 failed; 0 ignored; 0 measured; 0 filtered out; finished in 0.20s

[1m[92m     Running[0m tests/fresh_load_duplicates.rs (/target/debug/deps/fresh_load_duplicates-70b44733db912fd1)

running 1 test
test a_fresh_load_with_duplicate_keys_stores_one_row_per_key ... ok

test result: ok. 1 passed; 0 failed; 0 ignored; 0 measured; 0 filtered out; finished in 0.85s

[1m[92m     Running[0m tests/group_commit.rs (/target/debug/deps/group_commit-1aa1ce5d09babf30)

running 2 tests
test group_commit_failure_is_reported_to_its_own_caller_only ... ok
test group_commit_applies_every_concurrent_write_once ... ok

test result: ok. 2 passed; 0 failed; 0 ignored; 0 measured; 0 filtered out; finished in 0.91s

[1m[92m     Running[0m tests/guarded_commit.rs (/target/debug/deps/guarded_commit-016e9defa7b75ad4)

running 9 tests
test guarded_commit_recovery_rejects_empty_identity_inputs ... ok
test guarded_commit_receipt_preserves_submillisecond_ordering ... ok
test guarded_commit_recovery_is_read_only_and_stable ... ok
test concurrent_same_request_commits_once ... ok
test guarded_commit_replays_and_rejects_key_digest_collision ... ok
test absent_and_exact_expectations_fail_without_partial_writes ... ok
test commit_receipt_survives_close_and_reopen ... ok
test mutation_failure_rolls_back_graph_and_commit_ledger ... ok
test malformed_commit_receipt_fails_closed_after_reopen ... ok

test result: ok. 9 passed; 0 failed; 0 ignored; 0 measured; 0 filtered out; finished in 0.21s

[1m[92m     Running[0m tests/parallel_edges.rs (/target/debug/deps/parallel_edges-142326caeaff31db)

running 6 tests
test missing_empty_and_prefix_like_ids_are_distinct ... ok
test edges_with_distinct_ids_between_the_same_endpoints_are_all_kept ... ok
test an_edge_without_an_id_still_replaces_the_earlier_one ... ok
test re_putting_an_edge_id_updates_that_edge_in_place ... ok
test a_database_with_the_old_edge_key_is_migrated_and_keeps_its_rows ... ok
test an_unreleased_identity_layout_preserves_migrated_ids ... ok

test result: ok. 6 passed; 0 failed; 0 ignored; 0 measured; 0 filtered out; finished in 0.09s

[1m[92m     Running[0m tests/parallel_load.rs (/target/debug/deps/parallel_load-140c0debfd6181f4)

running 1 test
test a_parallel_mvcc_load_stores_every_row_once ... ok

test result: ok. 1 passed; 0 failed; 0 ignored; 0 measured; 0 filtered out; finished in 6.48s

[1m[92m     Running[0m tests/read_pushdown_oracle.rs (/target/debug/deps/read_pushdown_oracle-e574131c949a0f25)

running 23 tests
test correlated_keys_pushdown_matches_reference ... ok
test property_keys_and_range_pushdown_match_reference ... ok
test catalog_procedure_pushdown_matches_reference ... ok
test arithmetic_pushdown_matches_reference ... ok
test optional_match_pushdown_matches_reference ... ok
test multi_pattern_pushdown_matches_reference ... ok
test correlated_subquery_pushdown_matches_reference ... ok
test overlapping_join_queries_keep_real_store_fallback_and_exact_rows ... ok
test recursive_walk_pushdown_handles_unit_separator_node_ids ... ok
test binding_forms_decline_pushdown_and_match_reference ... ok
test pushdown_matches_reference_with_parameters ... ok
test pushed_ordering_preserves_sequence ... ok
test segment_arithmetic_matches_reference ... ok
test schema_aware_ordering_casts_match_reference ... ok
test pushdown_matches_reference ... ok
test var_length_pushdown_matches_reference ... ok
test segment_pushed_ordering_preserves_sequence ... ok
test shortest_path_pushdown_matches_reference ... ok
test untyped_segment_edge_ordering_matches_reference ... ok
test union_pushdown_matches_reference ... ok
test uncorrelated_subquery_pushdown_matches_reference ... ok
test with_pipeline_matches_reference ... ok
test segment_pushdown_matches_reference ... ok

test result: ok. 23 passed; 0 failed; 0 ignored; 0 measured; 0 filtered out; finished in 0.13s

[1m[92m     Running[0m tests/relationship_uniqueness.rs (/target/debug/deps/relationship_uniqueness-9932eb10693a4aee)

running 2 tests
test separate_match_clauses_reset_relationship_uniqueness ... ok
test embedded_counterexamples_preserve_physical_parallel_edges_not_public_ids ... ok

test result: ok. 2 passed; 0 failed; 0 ignored; 0 measured; 0 filtered out; finished in 0.06s

[1m[92m     Running[0m tests/scalar_count.rs (/target/debug/deps/scalar_count-21b46865210d6582)

running 5 tests
test real_store_filters_parameters_aliases_and_pagination_match ... ok
test unproven_counts_keep_existing_execution_paths ... ok
test parallel_edges_preserve_bag_multiplicity_without_deduplication ... ok
test real_store_counts_match_reference_including_empty_and_self_loops ... ok
test deterministic_small_graph_differential ... ok

test result: ok. 5 passed; 0 failed; 0 ignored; 0 measured; 0 filtered out; finished in 2.64s

[1m[92m     Running[0m tests/transaction_atomic.rs (/target/debug/deps/transaction_atomic-60bc0dce65594d4f)

running 3 tests
test planning_error_aborts_before_any_store_write ... ok
test rollback_leaves_the_store_untouched ... ok
test commit_applies_the_batch_atomically ... ok

test result: ok. 3 passed; 0 failed; 0 ignored; 0 measured; 0 filtered out; finished in 0.06s

[1m[92m     Running[0m tests/turso_read_query.rs (/target/debug/deps/turso_read_query-ddcd631d8fe99240)

running 2 tests
test gated_shapes_fall_back_to_the_reference ... ok
test pushed_shapes_match_the_reference ... ok

test result: ok. 2 passed; 0 failed; 0 ignored; 0 measured; 0 filtered out; finished in 0.08s

[1m[92m     Running[0m tests/wal_bulk_load.rs (/target/debug/deps/wal_bulk_load-719a0727dbd8a344)

running 1 test
test an_mvcc_bulk_load_through_wal_keeps_every_row_and_mvcc_writers ... ok

test result: ok. 1 passed; 0 failed; 0 ignored; 0 measured; 0 filtered out; finished in 1.30s

[1m[92m     Running[0m tests/wal_to_mvcc.rs (/target/debug/deps/wal_to_mvcc-33c8780b7e5d4208)

running 1 test
test a_wal_loaded_database_reopened_as_mvcc ... ok

test result: ok. 1 passed; 0 failed; 0 ignored; 0 measured; 0 filtered out; finished in 0.49s

[1m[92m     Running[0m unittests src/lib.rs (/target/debug/deps/querygraph_memory-6076af95f1869a3c)

running 74 tests
test cognition::budget::tests::arrow_budget_reuses_the_grust_sail_transport_limit ... ok
test analytics::tests::importance_weights_recency_and_kind ... ok
test analytics::tests::contradiction_detects_and_invalidates_the_older ... ok
test cognition::budget::tests::reconcile_budget_is_checked_from_the_pairwise_work_bound ... ok
test cognition::budget::tests::resource_errors_are_fixed_and_do_not_include_observed_counts ... ok
test analytics::tests::dedup_groups_exact_duplicates ... ok
test cognition::budget::tests::scalar_budgets_accept_the_limit_and_reject_the_next_value ... ok
test cognition::budget::tests::source_budget_errors_are_mapped_without_type_sec_details ... ok
test analytics::planning::tests::validity_ties_use_the_staged_microsecond_then_id_order ... ok
test analytics::planning::tests::multiple_groups_have_canonical_step_and_member_order ... ok
test cognition::commit_outcome::tests::affected_ids_must_retain_typesec_canonical_order ... ok
test analytics::planning::tests::plans_are_stable_across_input_permutations ... ok
test cognition::commit_outcome::tests::malformed_backend_commit_time_fails_closed_without_leaking_input ... ok
test cognition::budget::tests::authorized_id_and_text_budget_accepts_exactly_four_mibibytes ... ok
test cognition::commit_outcome::tests::durable_vectors_match_the_declared_effect_exactly ... ok
test cognition::commit_outcome::tests::canonical_backend_commit_time_is_preserved_exactly ... ok
test cognition::commit_validation::tests::collection_limits_are_inclusive_and_reject_the_next_value ... ok
test cognition::commit_outcome::tests::regressive_backend_commit_time_fails_closed ... ok
test cognition::commit_outcome::tests::recovered_audit_rejects_schema_snapshot_and_phase_time_drift ... ok
test cognition::commit_outcome::tests::malformed_persisted_governed_scope_fails_closed ... ok
test cognition::commit_validation::tests::effect_requires_its_exact_mutation_shape ... ok
test cognition::commit_outcome::tests::durable_vector_counts_are_rejected_before_uniqueness_work ... ok
test cognition::commit_outcome::tests::durable_vector_bytes_are_rejected_before_uniqueness_work ... ok
test cognition::graph::tests::authority_scope_matching_rederives_the_verified_scope ... ok
test cognition::commit_validation::tests::entity_names_and_kinds_must_be_bounded_canonical_text ... ok
test cognition::commit_validation::tests::duplicate_and_conflicting_entity_identities_fail_closed ... ok
test cognition::commit_outcome::tests::local_and_governed_audit_scopes_round_trip_losslessly ... ok
test cognition::graph::tests::every_derived_graph_identity_is_authority_scoped ... ok
test cognition::sail::output::tests::output_validation_errors_never_echo_source_or_attacker_values ... ok
test cognition::sail::output::tests::dedup_rows_are_source_bound_and_form_real_groups ... ok
test cognition::sail::output::tests::pair_decoder_rejects_excess_chunks_before_arrow_decoding ... ok
test cognition::sail::output::tests::reconcile_rows_must_match_source_ids_and_precedence_semantics ... ok
test cognition::sail::output::tests::reconcile_uses_sail_microsecond_precision_before_the_id_tiebreak ... ok
test cognition::sail::request::tests::bounded_writer_accepts_its_limit_and_rejects_the_next_byte ... ok
test cognition::sail::request::tests::detached_planning_input_drops_fields_the_worker_does_not_use ... ok
test cognition::sail::output::tests::pair_decoder_rejects_a_non_pair_schema_without_panicking ... ok
test cognition::sail::output::preflight::tests::a_declared_body_larger_than_the_available_stream_is_rejected ... ok
test cognition::sail::request::tests::staged_schema_contains_only_fields_used_by_sail_planning ... ok
test cognition::sail::output::tests::pair_decoder_rejects_null_rows_instead_of_dropping_them ... ok
test cognition::sail::output::preflight::tests::a_small_compressed_pair_stream_passes_preflight_and_decoding ... ok
test cognition::sail::tests::assertion_split_matches_reference_heuristic ... ok
test cognition::sail::tests::concurrent_view_names_are_random_unique_and_safe ... ok
test cognition::sail::tests::cleanup_failure_preserves_the_primary_failure ... ok
test cognition::sail::tests::outer_abort_still_drops_the_staged_view ... ok
test cognition::sail::tests::adapter_failures_never_echo_backend_values ... ok
test cognition::sail::tests::cleanup_failure_turns_success_into_an_error ... ok
test cognition::sail::tests::temp_view_cleanup_runs_after_staging_failure ... ok
test cognition::sail::tests::temp_view_cleanup_runs_after_success ... ok
test cognition::sail::worker::tests::caller_cancellation_cannot_leave_a_hung_operation_forever ... ok
test cognition::sail::worker::tests::hung_cleanup_is_cancelled_at_its_own_deadline ... ok
test cognition::sail::worker::tests::timed_out_operation_is_aborted_before_cleanup ... ok
test cognition::snapshot::tests::field_mapping_duplicates_and_denials_have_fixed_errors ... ok
test cognition::snapshot::tests::projection_and_field_mapping_reject_control_text_and_overlong_fields ... ok
test cognition::sail::tests::worker_join_failure_is_fixed_and_still_cleans_up ... ok
test cognition::snapshot::tests::projection_count_limit_is_inclusive_and_duplicates_fail_closed ... ok
test cognition::snapshot::tests::snapshot_identity_byte_limit_is_inclusive_and_canonical ... ok
test cognition::commit_validation::tests::aggregate_output_entity_limit_is_inclusive ... ok
test tests::analytics_plan_flows_through_the_vault_front_door ... ok
test tests::bridge_owns_tokio_drivers ... ok
test tests::consolidation_over_graphstore_supersedes_atomically ... ok
test tests::duplicate_relationship_assertions_survive_independent_tombstones ... ok
test tests::relationship_assertion_id_has_fixed_width_length_prefixes ... ok
test vector::tests::hybrid_rerank_boosts_co_mentioned_entities ... ok
test vector::tests::local_embedder_may_index_every_label ... ok
test vector::tests::ranks_by_cosine_similarity ... ok
test vector::tests::remote_embedder_never_sees_above_internal_content ... ok
test vector::tests::remove_prunes_vectors_and_entities ... ok
test tests::vault_over_graphstore_gates_and_traverses ... ok
test tests::conforms_to_the_marciana_corpus ... ok
test cognition::snapshot::tests::projection_aggregate_byte_limit_is_inclusive ... ok
test cognition::sail::output::preflight::tests::declared_rows_are_bounded_before_record_batch_decoding ... ok
test tests::bridge_survives_being_called_from_inside_tokio ... ok
test cognition::sail::request::tests::sail_encoder_enforces_the_shared_authorized_input_byte_boundary ... ok
test cognition::sail::output::preflight::tests::compressed_expansion_budget_accepts_the_boundary_and_rejects_one_more_byte ... ok

test result: ok. 74 passed; 0 failed; 0 ignored; 0 measured; 0 filtered out; finished in 0.23s

[1m[92m     Running[0m tests/cognition_backend_hardening.rs (/target/debug/deps/cognition_backend_hardening-64b2437515cb4f9c)

running 4 tests
test replayed_submission_and_transition_require_the_exact_durable_job ... ok
test repeated_missing_ledger_recovery_never_creates_a_receipt ... ok
test replayed_outbox_claim_requires_the_exact_durable_lease ... ok
test generic_backend_errors_never_echo_protected_values ... ok

test result: ok. 4 passed; 0 failed; 0 ignored; 0 measured; 0 filtered out; finished in 0.16s

[1m[92m     Running[0m tests/cognition_bearer_traits.rs (/target/debug/deps/cognition_bearer_traits-ebba11f6cdfde46f)

running 1 test
test bearer_types_have_no_ambient_logging_copy_or_serde_traits ... ok

test result: ok. 1 passed; 0 failed; 0 ignored; 0 measured; 0 filtered out; finished in 0.00s

[1m[92m     Running[0m tests/cognition_commit.rs (/target/debug/deps/cognition_commit-85654417ce765f43)

running 9 tests
test expired_worker_lease_commits_only_through_fresh_vault_authority ... ok
test committed_key_rejects_a_different_proposal_digest ... ok
test commit_rejects_a_staged_job_bound_to_another_typedid_request ... ok
test concurrent_identical_apply_recovers_byte_stable_committed_evidence ... ok
test outbox_payload_is_id_only ... ok
test recovery_rejects_corrupt_durable_outcome_digests ... ok
test recovery_rejects_a_completed_job_bound_to_another_typedid_request ... ok
test commit_atomically_writes_memory_outbox_audit_outcome_and_terminal_job ... ok
test replay_after_reopen_returns_original_receipt_time_and_audit ... ok

test result: ok. 9 passed; 0 failed; 0 ignored; 0 measured; 0 filtered out; finished in 0.20s

[1m[92m     Running[0m tests/cognition_commit_integrity.rs (/target/debug/deps/cognition_commit_integrity-e24bfd0fc5a60299)

running 3 tests
test unsupported_outcome_schema_fails_closed ... ok
test coordinated_durable_evidence_tampering_cannot_bypass_the_ledger ... ok
test checked_in_legacy_outcome_and_audit_schemas_fail_precisely ... ok

test result: ok. 3 passed; 0 failed; 0 ignored; 0 measured; 0 filtered out; finished in 0.33s

[1m[92m     Running[0m tests/cognition_commit_races.rs (/target/debug/deps/cognition_commit_races-b8ba9a55e94d772f)

running 3 tests
test exact_source_guard_rolls_back_every_cognition_side_effect_on_race ... ok
test deterministic_output_collision_cannot_overwrite_or_partially_commit ... ok
test identical_commit_after_initial_recovery_wins_over_its_own_stale_source ... ok

test result: ok. 3 passed; 0 failed; 0 ignored; 0 measured; 0 filtered out; finished in 0.14s

[1m[92m     Running[0m tests/cognition_commit_recovery.rs (/target/debug/deps/cognition_commit_recovery-f6fe18f67c2a5cef)

running 4 tests
test current_wire_shape_matches_checked_in_golden_after_reopen ... ok
test governed_scope_survives_atomic_commit_and_reopen ... ok
test commit_then_response_loss_recovers_once_on_retry_and_reopen ... ok
test regressive_and_invalid_receipt_times_fail_closed_after_commit_and_reopen ... ok

test result: ok. 4 passed; 0 failed; 0 ignored; 0 measured; 0 filtered out; finished in 0.24s

[1m[92m     Running[0m tests/cognition_commit_validation.rs (/target/debug/deps/cognition_commit_validation-d66715d14d4c3b9c)

running 3 tests
test vault_rejects_an_unguarded_plan_before_the_authoritative_commit ... ok
test vault_rejects_a_binding_subject_that_does_not_own_the_capability ... ok
test prepared_time_cannot_move_the_staged_job_clock_backward ... ok

test result: ok. 3 passed; 0 failed; 0 ignored; 0 measured; 0 filtered out; finished in 0.09s

[1m[92m     Running[0m tests/cognition_engine.rs (/target/debug/deps/cognition_engine-8c5fb58c8bedbe18)

running 13 tests
test native_host_profiles_are_exact_and_available_before_execution ... ok
test malformed_snapshot_and_empty_projection_fail_closed ... ok
test one_column_cannot_supply_multiple_staged_semantics ... ok
test governed_scope_mismatch_fails_before_planning ... ok
test executor_out_of_source_mutation_is_rejected_without_echoing_text ... ok
test governed_scope_is_preserved_in_the_born_bound_proposal ... ok
test executor_over_budget_evidence_is_rejected_without_echoing_text ... ok
test noncanonical_job_ids_never_reach_the_sail_executor ... ok
test proposal_is_born_with_canonical_binding_manifest_and_label_join ... ok
test external_executor_cannot_inject_dynamic_backend_text ... ok
test unauthorized_staged_field_fails_before_planning ... ok
test reference_and_sail_proposals_agree_on_typed_effect ... ok
test reference_engine_accepts_large_input_prebounded_by_type_sec ... ok

test result: ok. 13 passed; 0 failed; 0 ignored; 0 measured; 0 filtered out; finished in 0.31s

[1m[92m     Running[0m tests/cognition_entity_guard.rs (/target/debug/deps/cognition_entity_guard-7a0dbbc97fc09a2b)

running 1 test
test conflicting_shared_entity_identity_aborts_the_whole_commit ... ok

test result: ok. 1 passed; 0 failed; 0 ignored; 0 measured; 0 filtered out; finished in 0.09s

[1m[92m     Running[0m tests/cognition_job_state.rs (/target/debug/deps/cognition_job_state-b2d33ef1c96ffcdd)

running 10 tests
test graph_job_nodes_contain_only_digest_safe_state ... ok
test identical_space_and_job_ids_are_isolated_by_authority_scope ... ok
test proposal_staging_rejects_a_substituted_typedid_request ... ok
test failure_text_is_hashed_and_digest_inputs_reject_plaintext ... ok
test identical_job_ids_are_isolated_by_memory_space ... ok
test caller_controlled_hash_inputs_are_bounded_before_state_access ... ok
test expired_leases_recover_until_the_bounded_attempt_budget_cancels ... ok
test leases_are_exclusive_and_stale_tokens_fail_closed ... ok
test submission_and_proposal_digest_collisions_fail_closed ... ok
test staged_proposal_digest_survives_reopen_without_proposal_content ... ok

test result: ok. 10 passed; 0 failed; 0 ignored; 0 measured; 0 filtered out; finished in 0.16s

[1m[92m     Running[0m tests/cognition_no_change.rs (/target/debug/deps/cognition_no_change-52128aa77caf7e35)

running 5 tests
test concurrent_identical_no_change_recovers_byte_stable_evidence ... ok
test no_change_commits_decision_without_memory_or_outbox_mutation ... ok
test no_change_retry_and_reopen_return_the_original_decision ... ok
test no_change_response_loss_recovers_without_recommit_or_outbox ... ok
test no_change_effect_and_outbox_tampering_fail_closed ... ok

test result: ok. 5 passed; 0 failed; 0 ignored; 0 measured; 0 filtered out; finished in 0.22s

[1m[92m     Running[0m tests/cognition_operation.rs (/target/debug/deps/cognition_operation-80461ac5ae38fe8e)

running 5 tests
test canonical_operation_names_round_trip_without_duplication ... ok
test native_algorithm_identity_accepts_only_exact_bounded_pairs ... ok
test operation_parsing_is_strict ... ok
test unsupported_operation_error_is_fixed_and_retains_no_caller_text ... ok
test per_operation_spec_versions_are_explicit_and_package_independent ... ok

test result: ok. 5 passed; 0 failed; 0 ignored; 0 measured; 0 filtered out; finished in 0.00s

[1m[92m     Running[0m tests/cognition_outbox.rs (/target/debug/deps/cognition_outbox-54af3576a75c3cfa)

running 8 tests
test outbox_claim_limit_is_public_and_fail_closed ... ok
test acknowledgement_inputs_are_bounded_before_graph_access ... ok
test outbox_rejects_backdated_claim_and_acknowledgement_clocks ... ok
test corrupt_outbox_status_and_lease_state_fails_closed ... ok
test outbox_schema_and_copied_entry_identity_fail_closed ... ok
test concurrent_workers_cannot_claim_the_same_outbox_entry ... ok
test failed_delivery_recovers_after_reopen_and_ack_is_idempotent ... ok
test outbox_claims_are_bound_to_the_exact_committed_job ... ok

test result: ok. 8 passed; 0 failed; 0 ignored; 0 measured; 0 filtered out; finished in 0.23s

[1m[92m     Running[0m tests/cognition_scheduler_invariants.rs (/target/debug/deps/cognition_scheduler_invariants-c3dc1f34c77049e6)

running 6 tests
test scheduler_rejects_noncanonical_job_and_owner_identities ... ok
test persisted_job_schema_names_the_exact_typedid_request_digest ... ok
test unsupported_persisted_job_schema_is_rejected ... ok
test addressed_job_digest_mismatch_is_rejected_as_corrupt_state ... ok
test impossible_persisted_attempt_budget_is_rejected ... ok
test scheduler_rejects_backdated_transitions_and_shorter_renewals ... ok

test result: ok. 6 passed; 0 failed; 0 ignored; 0 measured; 0 filtered out; finished in 0.10s

[1m[92m     Running[0m tests/multi_tenant.rs (/target/debug/deps/multi_tenant-c349f21421183743)

running 1 test
test one_backend_many_vaults_tenants_cannot_cross ... ok

test result: ok. 1 passed; 0 failed; 0 ignored; 0 measured; 0 filtered out; finished in 0.00s

[1m[92m     Running[0m tests/sail_cognition_live.rs (/target/debug/deps/sail_cognition_live-5d95ac774ff6bbe1)

running 2 tests
test live_sail_deduplication_matches_reference_and_keeps_evidence_secret ... ignored, requires a live Sail Spark Connect endpoint (run scripts/integration-test.sh --backend sail)
test live_sail_reconciliation_matches_reference_and_keeps_evidence_secret ... ignored, requires a live Sail Spark Connect endpoint (run scripts/integration-test.sh --backend sail)

test result: ok. 0 passed; 0 failed; 2 ignored; 0 measured; 0 filtered out; finished in 0.00s

[1m[92m     Running[0m tests/turso_persistence.rs (/target/debug/deps/turso_persistence-74fd2bdfa9b287fa)

running 4 tests
test open_creates_the_database_parent_directory ... ok
test consolidation_is_transactional_and_survives_reopen ... ok
test turso_store_opens_and_runs_inside_an_existing_runtime ... ok
test persistent_turso_conforms_and_reopens ... ok

test result: ok. 4 passed; 0 failed; 0 ignored; 0 measured; 0 filtered out; finished in 0.15s

[1m[92m   Doc-tests[0m grust_algorithm_procedures

running 0 tests

test result: ok. 0 passed; 0 failed; 0 ignored; 0 measured; 0 filtered out; finished in 0.00s

[1m[92m   Doc-tests[0m grust_algorithms

running 0 tests

test result: ok. 0 passed; 0 failed; 0 ignored; 0 measured; 0 filtered out; finished in 0.00s

[1m[92m   Doc-tests[0m grust_arrow

running 0 tests

test result: ok. 0 passed; 0 failed; 0 ignored; 0 measured; 0 filtered out; finished in 0.00s

[1m[92m   Doc-tests[0m grust_beads

running 0 tests

test result: ok. 0 passed; 0 failed; 0 ignored; 0 measured; 0 filtered out; finished in 0.00s

[1m[92m   Doc-tests[0m grust_cocoindex

running 0 tests

test result: ok. 0 passed; 0 failed; 0 ignored; 0 measured; 0 filtered out; finished in 0.00s

[1m[92m   Doc-tests[0m grust_core

running 1 test
test crates/grust-core/src/typed_graph_index.rs - typed_graph_index::TypedAdjacencyView (line 158) - compile fail ... ok

test result: ok. 1 passed; 0 failed; 0 ignored; 0 measured; 0 filtered out; finished in 0.16s

[1m[92m   Doc-tests[0m grust_cypher

running 0 tests

test result: ok. 0 passed; 0 failed; 0 ignored; 0 measured; 0 filtered out; finished in 0.00s

[1m[92m   Doc-tests[0m grust_datafusion

running 0 tests

test result: ok. 0 passed; 0 failed; 0 ignored; 0 measured; 0 filtered out; finished in 0.00s

[1m[92m   Doc-tests[0m grust_falkor

running 0 tests

test result: ok. 0 passed; 0 failed; 0 ignored; 0 measured; 0 filtered out; finished in 0.00s

[1m[92m   Doc-tests[0m grust

running 0 tests

test result: ok. 0 passed; 0 failed; 0 ignored; 0 measured; 0 filtered out; finished in 0.00s

[1m[92m   Doc-tests[0m grust_helix

running 0 tests

test result: ok. 0 passed; 0 failed; 0 ignored; 0 measured; 0 filtered out; finished in 0.00s

[1m[92m   Doc-tests[0m grust_lancedb

running 0 tests

test result: ok. 0 passed; 0 failed; 0 ignored; 0 measured; 0 filtered out; finished in 0.00s

[1m[92m   Doc-tests[0m grust_memory

running 0 tests

test result: ok. 0 passed; 0 failed; 0 ignored; 0 measured; 0 filtered out; finished in 0.00s

[1m[92m   Doc-tests[0m grust_pggraph

running 0 tests

test result: ok. 0 passed; 0 failed; 0 ignored; 0 measured; 0 filtered out; finished in 0.00s

[1m[92m   Doc-tests[0m grust_postgres

running 0 tests

test result: ok. 0 passed; 0 failed; 0 ignored; 0 measured; 0 filtered out; finished in 0.00s

[1m[92m   Doc-tests[0m grust_postgres_core

running 0 tests

test result: ok. 0 passed; 0 failed; 0 ignored; 0 measured; 0 filtered out; finished in 0.00s

[1m[92m   Doc-tests[0m grust_postgres_pgq

running 0 tests

test result: ok. 0 passed; 0 failed; 0 ignored; 0 measured; 0 filtered out; finished in 0.00s

[1m[92m   Doc-tests[0m grust_procedures

running 0 tests

test result: ok. 0 passed; 0 failed; 0 ignored; 0 measured; 0 filtered out; finished in 0.00s

[1m[92m   Doc-tests[0m grust_sail

running 0 tests

test result: ok. 0 passed; 0 failed; 0 ignored; 0 measured; 0 filtered out; finished in 0.00s

[1m[92m   Doc-tests[0m grust_sql_core

running 0 tests

test result: ok. 0 passed; 0 failed; 0 ignored; 0 measured; 0 filtered out; finished in 0.00s

[1m[92m   Doc-tests[0m grust_surreal

running 0 tests

test result: ok. 0 passed; 0 failed; 0 ignored; 0 measured; 0 filtered out; finished in 0.00s

[1m[92m   Doc-tests[0m grust_turso

running 0 tests

test result: ok. 0 passed; 0 failed; 0 ignored; 0 measured; 0 filtered out; finished in 0.00s

[1m[92m   Doc-tests[0m querygraph_memory

running 1 test
test crates/querygraph-memory/src/cognition/error.rs - cognition::error::SailCognitionExecutorError (line 53) - compile fail ... ok

test result: ok. 1 passed; 0 failed; 0 ignored; 0 measured; 0 filtered out; finished in 0.74s


==> Ladybug tests
[1m[92m   Compiling[0m syn v2.0.117
[1m[92m   Compiling[0m num-traits v0.2.19
[1m[92m   Compiling[0m num-integer v0.1.46
[1m[92m   Compiling[0m libc v0.2.186
[1m[92m   Compiling[0m num-bigint v0.4.6
[1m[92m   Compiling[0m zerocopy-derive v0.8.50
[1m[92m   Compiling[0m num-rational v0.4.2
[1m[92m   Compiling[0m num-iter v0.1.45
[1m[92m   Compiling[0m zerocopy v0.8.50
[1m[92m   Compiling[0m num-complex v0.4.6
[1m[92m   Compiling[0m getrandom v0.3.4
[1m[92m   Compiling[0m ahash v0.8.12
[1m[92m   Compiling[0m num v0.4.3
[1m[92m   Compiling[0m once_cell v1.21.4
[1m[92m   Compiling[0m bytes v1.11.1
[1m[92m   Compiling[0m chrono v0.4.45
[1m[92m   Compiling[0m serde_core v1.0.228
[1m[92m   Compiling[0m hashbrown v0.15.5
[1m[92m   Compiling[0m half v2.7.1
[1m[92m   Compiling[0m arrow-buffer v55.2.0
[1m[92m   Compiling[0m cc v1.2.63
[1m[92m   Compiling[0m arrow-data v55.2.0
[1m[92m   Compiling[0m arrow-array v55.2.0
[1m[92m   Compiling[0m serde v1.0.228
[1m[92m   Compiling[0m serde_derive v1.0.228
[1m[92m   Compiling[0m arrow-select v55.2.0
[1m[92m   Compiling[0m hashbrown v0.17.1
[1m[92m   Compiling[0m serde_json v1.0.150
[1m[92m   Compiling[0m indexmap v2.14.0
[1m[92m   Compiling[0m flatbuffers v25.12.19
[1m[92m   Compiling[0m link-cplusplus v1.0.12
[1m[92m   Compiling[0m regex-syntax v0.8.10
[1m[92m   Compiling[0m regex-automata v0.4.14
[1m[92m   Compiling[0m atoi v2.0.0
[1m[92m   Compiling[0m cxx v1.0.138
[1m[92m   Compiling[0m arrow-cast v55.2.0
[1m[92m   Compiling[0m regex v1.12.3
[1m[92m   Compiling[0m csv v1.4.0
[1m[92m   Compiling[0m cxx-build v1.0.138
[1m[92m   Compiling[0m arrow-ipc v55.2.0
[1m[92m   Compiling[0m cmake v0.1.58
[1m[92m   Compiling[0m thiserror-impl v2.0.18
[1m[92m   Compiling[0m syn v3.0.4
[1m[92m   Compiling[0m rust_decimal v1.42.0
[1m[92m   Compiling[0m simdutf8 v0.1.5
[1m[92m   Compiling[0m rustix v1.1.4
[1m[92m   Compiling[0m arrow-json v55.2.0
[1m[92m   Compiling[0m serde_yaml v0.9.34+deprecated
[1m[92m   Compiling[0m async-trait v0.1.92
[1m[92m   Compiling[0m getrandom v0.4.2
[1m[92m   Compiling[0m lbug v0.20.4
[1m[92m   Compiling[0m thiserror v2.0.18
[1m[92m   Compiling[0m arrow-csv v55.2.0
[1m[92m   Compiling[0m arrow-string v55.2.0
[1m[92m   Compiling[0m cxxbridge-macro v1.0.138
[1m[92m   Compiling[0m arrow-ord v55.2.0
[1m[92m   Compiling[0m quick-xml v0.40.1
[1m[92m   Compiling[0m arrow-arith v55.2.0
[1m[92m   Compiling[0m arrow-row v55.2.0
[1m[92m   Compiling[0m arrayvec v0.7.6
[1m[92m   Compiling[0m linux-raw-sys v0.12.1
[1m[92m   Compiling[0m arrow v55.2.0
[1m[92m   Compiling[0m time v0.3.47
[1m[92m   Compiling[0m grust-core v0.24.0 (/repo/crates/grust-core)
[1m[92m   Compiling[0m uuid v1.23.2
[1m[92m   Compiling[0m tempfile v3.27.0
[1m[92m   Compiling[0m grust-arrow v0.24.0 (/repo/crates/grust-arrow)
[1m[92m   Compiling[0m tokio-macros v2.7.0
[1m[92m   Compiling[0m tokio v1.52.3
[1m[92m   Compiling[0m grust-ladybug v0.24.0 (/repo/crates/grust-ladybug)
[1m[92m    Finished[0m `test` profile [unoptimized + debuginfo] target(s) in 1m 08s
[1m[92m     Running[0m unittests src/lib.rs (/target/debug/deps/grust_ladybug-c8be2c681db818f6)

running 20 tests
test tests::apply_schema_rejects_generated_table_name_collisions ... ok
test arrow_load_tests::reader_limit_fails_before_registering_and_callback_error_is_preserved ... ok
test tests::applied_schema_validates_later_untyped_writes ... ok
test tests::arrow_tests::arrow_ipc_node_table_queries_through_ladybug ... ok
test tests::arrow_tests::arrow_ipc_relationship_table_queries_through_ladybug ... ok
test arrow_load_tests::native_readers_register_multiple_batches_and_stream_relationships ... ok
test tests::applies_schema_before_typed_graph_write ... ok
test tests::ladybug_graph_mode_helpers_map_to_dynamic_schema ... ok
test bulk_load::tests::bulk_copy_round_trips_hostile_props_and_then_upserts ... ok
test tests::clear_removes_managed_graph ... ok
test tests::typed_mode_requires_schema_before_writes ... ok
test bulk_load::tests::fresh_rows_mode_skips_carried_endpoints_across_chunks ... ok
test tests::idless_edges_round_trip_and_can_be_updated ... ok
test tests::bulk_load_keeps_upsert_semantics_and_serves_traversals ... ok
test tests::clear_preserves_applied_schema_tables_in_typed_mode ... ok
test tests::writes_reject_ambiguous_edge_keys_before_mutation ... ok
test tests::writes_reject_node_ids_that_alias_metadata_before_mutation ... ok
test tests::put_graph_reads_nodes_edges_and_traverses ... ok
test tests::persists_to_directory ... ok
test tests::concurrent_writers_all_land_or_report_a_conflict ... ok

test result: ok. 20 passed; 0 failed; 0 ignored; 0 measured; 0 filtered out; finished in 0.94s

[1m[92m   Doc-tests[0m grust_ladybug

running 0 tests

test result: ok. 0 passed; 0 failed; 0 ignored; 0 measured; 0 filtered out; finished in 0.00s


==> Pinned LSQB sources
fetch-upstream.sh: /repo/benchmarks/lsqb/upstream/lsqb is LSQB 242cb2fd31340ca688954cb94794d74c0d5b6f92

==> Graph benchmark tests
[1m[92m   Compiling[0m libc v0.2.189
[1m[92m   Compiling[0m memchr v2.8.3
[1m[92m   Compiling[0m zerofrom v0.1.8
[1m[92m   Compiling[0m yoke v0.8.3
[1m[92m   Compiling[0m zerovec v0.11.8
[1m[92m   Compiling[0m getrandom v0.2.17
[1m[92m   Compiling[0m rand_core v0.6.4
[1m[92m   Compiling[0m crypto-common v0.1.7
[1m[92m   Compiling[0m getrandom v0.4.3
[1m[92m   Compiling[0m serde_core v1.0.229
[1m[92m   Compiling[0m bitflags v2.13.1
[1m[92m   Compiling[0m thiserror v2.0.20
[1m[92m   Compiling[0m cpufeatures v0.3.1
[1m[92m   Compiling[0m smallvec v1.16.0
[1m[92m   Compiling[0m zmij v1.0.23
[1m[92m   Compiling[0m tinystr v0.8.4
[1m[92m   Compiling[0m log v0.4.34
[1m[92m   Compiling[0m litemap v0.8.3
[1m[92m   Compiling[0m icu_locale_core v2.3.0
[1m[92m   Compiling[0m serde v1.0.229
[1m[92m   Compiling[0m serde_json v1.0.151
[1m[92m   Compiling[0m chacha20 v0.10.2
[1m[92m   Compiling[0m potential_utf v0.1.6
[1m[92m   Compiling[0m zerotrie v0.2.5
[1m[92m   Compiling[0m bytes v1.12.1
[1m[92m   Compiling[0m icu_provider v2.3.1
[1m[92m   Compiling[0m rand v0.10.2
[1m[92m   Compiling[0m num-traits v0.2.19
[1m[92m   Compiling[0m aho-corasick v1.1.5
[1m[92m   Compiling[0m regex-syntax v0.8.11
[1m[92m   Compiling[0m icu_collections v2.3.0
[1m[92m   Compiling[0m regex-automata v0.4.18
[1m[92m   Compiling[0m getrandom v0.3.4
[1m[92m   Compiling[0m hybrid-array v0.4.14
[1m[92m   Compiling[0m subtle v2.6.1
[1m[92m   Compiling[0m universal-hash v0.5.1
[1m[92m   Compiling[0m cipher v0.4.4
[1m[92m   Compiling[0m zerocopy v0.8.56
[1m[92m   Compiling[0m parking_lot_core v0.9.12
[1m[92m   Compiling[0m crossbeam-utils v0.8.22
[1m[92m   Compiling[0m rustix v1.1.4
[1m[92m   Compiling[0m ppv-lite86 v0.2.21
[1m[92m   Compiling[0m uuid v1.26.0
[1m[92m   Compiling[0m polyval v0.6.2
[1m[92m   Compiling[0m indexmap v2.14.1
[1m[92m   Compiling[0m rustix v0.38.44
[1m[92m   Compiling[0m tracing v0.1.44
[1m[92m   Compiling[0m bytemuck v1.25.2
[1m[92m   Compiling[0m parking_lot v0.12.5
[1m[92m   Compiling[0m matchers v0.2.0
[1m[92m   Compiling[0m icu_locale_fallback v2.3.0
[1m[92m   Compiling[0m crypto-common v0.2.2
[1m[92m   Compiling[0m block-buffer v0.12.1
[1m[92m   Compiling[0m tracing-log v0.2.0
[1m[92m   Compiling[0m rand_core v0.9.5
[1m[92m   Compiling[0m num-integer v0.1.47
[1m[92m   Compiling[0m thread_local v1.1.10
[1m[92m   Compiling[0m serde_yaml v0.9.34+deprecated
[1m[92m   Compiling[0m which v4.4.2
[1m[92m   Compiling[0m icu_normalizer v2.3.0
[1m[92m   Compiling[0m miette v7.6.0
[1m[92m   Compiling[0m chrono v0.4.45
[1m[92m   Compiling[0m tracing-subscriber v0.3.23
[1m[92m   Compiling[0m digest v0.11.3
[1m[92m   Compiling[0m num-bigint v0.4.8
[1m[92m   Compiling[0m rand_chacha v0.9.0
[1m[92m   Compiling[0m clang-sys v1.9.1
[1m[92m   Compiling[0m ghash v0.5.1
[1m[92m   Compiling[0m strum v0.26.3
[1m[92m   Compiling[0m ctr v0.9.2
[1m[92m   Compiling[0m aes v0.8.4
[1m[92m   Compiling[0m icu_properties v2.3.0
[1m[92m   Compiling[0m quick-xml v0.40.1
[1m[92m   Compiling[0m aead v0.5.2
[1m[92m   Compiling[0m fastrand v2.5.0
[1m[92m   Compiling[0m grust-core v0.24.0 (/repo/crates/grust-core)
[1m[92m   Compiling[0m tempfile v3.27.0
[1m[92m   Compiling[0m bindgen v0.69.5
[1m[92m   Compiling[0m tinyvec v1.13.2
[1m[92m   Compiling[0m aegis v0.9.15
[1m[92m   Compiling[0m aristo v0.4.1
[1m[92m   Compiling[0m aes-gcm v0.10.3
[1m[92m   Compiling[0m icu_collator v2.3.1
[1m[92m   Compiling[0m turso_parser v0.7.2
[1m[92m   Compiling[0m icu_locale v2.3.1
[1m[92m   Compiling[0m bigdecimal v0.4.10
[1m[92m   Compiling[0m rand v0.9.5
[1m[92m   Compiling[0m branches v0.4.6
[1m[92m   Compiling[0m simsimd v6.5.16
[1m[92m   Compiling[0m io-uring v0.7.14
[1m[92m   Compiling[0m turso_ext v0.7.2
[1m[92m   Compiling[0m crossbeam-epoch v0.9.20
[1m[92m   Compiling[0m polling v3.11.0
[1m[92m   Compiling[0m fastbloom v0.14.1
[1m[92m   Compiling[0m pack1 v1.1.0
[1m[92m   Compiling[0m roaring v0.11.5
[1m[92m   Compiling[0m regex v1.13.1
[1m[92m   Compiling[0m arc-swap v1.9.2
[1m[92m   Compiling[0m rapidhash v4.5.1
[1m[92m   Compiling[0m twox-hash v2.1.4
[1m[92m   Compiling[0m rustc-hash v2.1.3
[1m[92m   Compiling[0m time-core v0.1.9
[1m[92m   Compiling[0m either v1.18.0
[1m[92m   Compiling[0m deranged v0.5.8
[1m[92m   Compiling[0m turso_core v0.7.2
[1m[92m   Compiling[0m time v0.3.55
[1m[92m   Compiling[0m turso_sdk_kit v0.7.2
[1m[92m   Compiling[0m unicode-normalization v0.1.25
[1m[92m   Compiling[0m crossbeam-channel v0.5.16
[1m[92m   Compiling[0m env_filter v2.0.0
[1m[92m   Compiling[0m mio v1.2.3
[1m[92m   Compiling[0m socket2 v0.6.5
[1m[92m   Compiling[0m futures-core v0.3.34
[1m[92m   Compiling[0m futures-sink v0.3.34
[1m[92m   Compiling[0m stringprep v0.1.5
[1m[92m   Compiling[0m tracing-appender v0.2.5
[1m[92m   Compiling[0m tokio v1.53.1
[1m[92m   Compiling[0m env_logger v0.11.11
[1m[92m   Compiling[0m prost v0.14.4
[1m[92m   Compiling[0m sha2 v0.11.0
[1m[92m   Compiling[0m hmac v0.13.0
[1m[92m   Compiling[0m md-5 v0.11.0
[1m[92m   Compiling[0m http v1.5.0
[1m[92m   Compiling[0m postgres-protocol v0.6.12
[1m[92m   Compiling[0m grust-procedures v0.24.0 (/repo/crates/grust-procedures)
[1m[92m   Compiling[0m phf_shared v0.13.1
[1m[92m   Compiling[0m futures-task v0.3.34
[1m[92m   Compiling[0m futures-util v0.3.34
[1m[92m   Compiling[0m phf v0.13.1
[1m[92m   Compiling[0m grust-cypher v0.24.0 (/repo/crates/grust-cypher)
[1m[92m   Compiling[0m turso_sync_engine v0.7.2
[1m[92m   Compiling[0m postgres-types v0.2.14
[1m[92m   Compiling[0m tokio-util v0.7.19
[1m[92m   Compiling[0m futures-channel v0.3.34
[1m[92m   Compiling[0m grust-sql-core v0.24.0 (/repo/crates/grust-sql-core)
[1m[92m   Compiling[0m whoami v2.1.3
[1m[92m   Compiling[0m tokio-postgres v0.7.18
[1m[92m   Compiling[0m digest v0.10.7
[1m[92m   Compiling[0m sha2 v0.10.9
[1m[92m   Compiling[0m grust-memory v0.24.0 (/repo/crates/grust-memory)
[1m[92m   Compiling[0m grust-postgres-core v0.24.0 (/repo/crates/grust-postgres-core)
[1m[92m   Compiling[0m turso_sync_sdk_kit v0.7.2
[1m[92m   Compiling[0m turso v0.7.2
[1m[92m   Compiling[0m grust-turso v0.24.0 (/repo/crates/grust-turso)
[1m[92m   Compiling[0m grust-lsqb-runner v0.13.0 (/repo/benchmarks/lsqb)
[1m[92m    Finished[0m `test` profile [unoptimized + debuginfo] target(s) in 1m 59s
[1m[92m     Running[0m unittests src/lib.rs (/target/debug/deps/grust_lsqb_runner-85138c90f9a9fc57)

running 82 tests
test backend::tests::backend_lifecycle_contracts_are_explicit ... ok
test backend::tests::falkor_native_timeout_reserves_a_bounded_acknowledgement_window ... ok
test backend::execution_plan::tests::current_execution_plan_mapping_covers_only_actual_routes ... ok
test backend::tests::scoped_patch_reports_the_actual_adapter_versions ... ok
test backend::tests::postgres_workers_receive_a_unique_deadline_and_session_identity ... ok
test backend::tests::resource_components_distinguish_external_services ... ok
test backend::tests::sdk_lanes_attach_and_fail_closed_without_remote_recovery_proof ... ok
test backend::tests::remote_backends_without_recovery_proof_fail_closed ... ok
grust-lsqb-progress {"event":"load_chunk_complete","chunks":1,"nodes":2,"edges":0,"elapsed_ms":0}
grust-lsqb-progress {"event":"load_chunk_complete","chunks":2,"nodes":2,"edges":1,"elapsed_ms":0}
test backend::turso_snapshot::tests::owned_file_is_private_and_removed_with_its_siblings ... ok
grust-lsqb-progress {"event":"load_chunk_complete","chunks":1,"nodes":0,"edges":1,"elapsed_ms":0}
test backend::tests::projected_chunks_are_loaded_incrementally_in_node_edge_order ... ok
test load_progress::tests::load_telemetry_contains_only_cumulative_counts_and_elapsed_time ... ok
test load_progress::tests::resident_index_telemetry_contains_only_sizes_and_elapsed_time ... ok
test dataset::tests::maps_lsqb_relationship_names ... ok
test matrix_args::tests::requires_a_backend_and_measurement ... ok
test matrix_args::tests::parses_explicit_timing_protocol ... ok
test backend::execution_plan::tests::worker_execution_plan_matches_memory_and_sql_query_selection ... ok
test dataset::tests::chunk_reader_orders_nodes_before_edges_and_preserves_row_ids ... ok
test matrix_catalog::tests::export_adapter_is_not_a_query_backend ... ok
test matrix_catalog::tests::catalog_contains_every_backend_once ... ok
test matrix_catalog::tests::sdk_lanes_preserve_http_identities_and_capabilities ... ok
test matrix_progress::tests::ready_reports_setup_completion_with_one_atomic_flushed_record ... ok
test matrix_progress::tests::every_executed_outcome_has_its_canonical_spelling ... ok
test matrix_progress::tests::start_is_exact_jsonl_with_escaping_and_an_explicit_flush ... ok
test matrix_progress::tests::finish_discloses_only_protocol_coordinates_outcome_and_elapsed_time ... ok
test matrix_progress::tests::oversized_events_are_dropped_before_any_write_or_flush ... ok
test matrix_worker::tests::only_process_owned_backends_reload ... ok
test backend::tests::projected_chunks_build_one_owned_memory_graph_inside_the_load_interval ... ok
test matrix_worker::tests::timeout_classification_is_narrow ... ok
test matrix_worker::tests::worker_identities_are_strict_and_secret_agnostic ... ok
test observation_journal::tests::propagates_failed_writes ... ok
test observation_journal::tests::writes_one_complete_json_line ... ok
test observation_journal::tests::incremental_observation_preserves_the_worker_execution_plan ... ok
test observation_process::plan_tests::execution_plan_ready_is_additive_and_native_ready_bytes_stay_unchanged ... ok
test observation_process::cleanup_tests::failed_cleanup_invalidates_an_already_emitted_result ... ok
test backend::tests::slow_blocking_timeout_waits_for_quiescence ... ok
test observation_process::plan_tests::unknown_and_null_execution_plans_are_invalid_ready_records ... ok
test observation_process::tests::control_records_do_not_echo_untrusted_values_in_errors ... ok
test observation_process::tests::deadline_records_an_exit_observed_before_signal_delivery ... ok
grust-lsqb-progress {"event":"resident_index_built","nodes":0,"edges":0,"serialized_graph_bytes":23,"elapsed_ms":1}
test observation_process::plan_tests::legacy_worker_is_supported_but_cannot_supply_a_new_matrix_plan ... ok
test backend::execution_plan::tests::scalar_capability_and_filter_proof_gate_all_metadata ... ok
test observation_process::cleanup_tests::hung_cleanup_cannot_hold_the_coordinator_indefinitely ... grust-lsqb-progress {"event":"load_chunk_complete","chunks":1,"nodes":2,"edges":1,"elapsed_ms":6}
ok
grust-lsqb-progress {"event":"resident_index_built","nodes":2,"edges":1,"serialized_graph_bytes":226,"elapsed_ms":1}
test backend::turso_snapshot::tests::a_worker_copy_serves_the_coordinator_graph_and_leaves_no_file_behind ... ok
test observation_process::tests::result_must_be_nonce_bound_to_go_and_cannot_be_emitted_early ... ok
test observation_process::tests::malformed_and_late_results_are_not_accepted_as_success ... ok
test observation_process::tests::ready_wait_is_bounded_and_worker_stderr_is_never_echoed ... ok
test policy::tests::extended_policy_fixtures_hit_exact_rejection_classes ... ok
test policy::tests::per_case_overrides_are_explicit_and_exhaustive ... ok
test policy::tests::rejection_classifier_is_stable ... ok
test policy::tests::report_policy_is_the_full_effective_base_policy ... ok
test provenance::tests::rejects_a_directory_named_like_an_official_scale_with_different_bytes ... ok
test provenance::tests::rejects_unknown_scales_without_claiming_archive_provenance ... ok
test provenance::tests::verifies_before_attaching_archive_provenance ... ok
test queries::tests::adapter_lowers_negated_patterns ... ok
test queries::tests::adapter_only_lowers_inherited_message_types ... ok
test queries::tests::derives_adversarial_counts_from_baseline_and_dataset ... ok
test queries::tests::derives_dataset_stats_from_the_adapted_graph ... ok
test observation_process::tests::wrong_token_duplicate_and_oversized_records_are_fatal ... ok
test queries::tests::parses_scale_specific_expected_counts ... ok
test queries::tests::rejects_a_cartesian_oracle_that_exceeds_i64 ... ok
test queries::tests::rejects_an_incomplete_scale_oracle ... ok
test report::execution_plan::tests::a_fallback_cannot_keep_the_non_materializing_row_exemption ... ok
test report::execution_plan::tests::current_execution_plan_values_roundtrip_without_future_claims ... ok
test report::execution_plan::tests::legacy_observations_keep_their_absent_plan ... ok
test report::execution_plan::tests::unknown_and_explicit_null_plans_are_rejected ... ok
test report::policy_report_tests::no_case_override_serializes_as_an_empty_object ... ok
test report::policy_report_tests::policy_snapshot_serializes_every_read_policy_field_with_an_explicit_time_unit ... ok
test report::v2_tests::execution_and_timing_names_are_stable ... ok
test observation_process::tests::timeout_kills_descendants_in_the_worker_group ... ok
test report::v2_tests::legacy_environment_defaults_to_per_container_limits ... ok
test report::v2_tests::outcome_names_are_stable_and_exhaustive ... ok
test report::v3_tests::every_observation_discloses_setup_termination_and_recovery ... ok
test report::v3_tests::hard_timeout_contract_round_trips_without_changing_v2 ... ok
test safe_output::tests::creates_once_and_refuses_overwrite ... ok
test safe_output::tests::rejects_symlink_output_and_parent ... ok
test sample_schedule::tests::every_round_visits_every_query_and_rotates_its_start ... ok
test report::v2_tests::schema_v2_round_trips_a_terminal_backend_cell ... ok
test observation_process::tests::spinning_worker_is_killed_at_deadline_and_next_worker_succeeds ... ok
test observation_process::tests::escaped_pipe_holder_fails_recovery_within_the_reader_bound ... ok
test observation_process::plan_tests::ready_execution_plan_survives_success_error_and_backend_timeout ... ok
test queries::tests::manifest_pins_execution_class_specific_rust_row_cardinality ... ok
test observation_process::cleanup_tests::post_result_cleanup_is_recovery_not_query_time ... ok
test observation_process::plan_tests::ready_execution_plan_survives_hard_timeout_without_a_result_record ... ok

test result: ok. 82 passed; 0 failed; 0 ignored; 0 measured; 0 filtered out; finished in 1.08s

[1m[92m     Running[0m unittests src/matrix_main.rs (/target/debug/deps/grust_lsqb_matrix-56d27964cb7ba13c)

running 12 tests
test tests::downloaded_scales_exclude_only_materialize_then_reference_queries ... ok
test tests::nonexecuted_memory_is_still_an_in_process_reference ... ok
test tests::only_an_unconfigured_external_transport_failure_is_unavailable ... ok
test tests::downloaded_owned_and_row_source_backends_stream_projected_data ... ok
test tests::rotation_remains_deterministic_after_any_prior_outcome ... ok
test tests::unacknowledged_worker_error_requires_recovery_before_another_sample ... ok
test tests::terminated_cell_marks_every_short_query_as_an_explicit_error ... ok
test tests::warmup_failures_are_part_of_the_reduced_query_outcome ... ok
test tests::nonexecuted_portable_cells_use_query_specific_plans ... ok
test tests::row_admission_limit_matches_the_bundled_evidence_manifest ... ok
test tests::downloaded_scale_refuses_query_level_materialization_fallback ... ok
test tests::downloaded_scale_bounds_rust_row_production_but_keeps_native_aggregates ... ok

test result: ok. 12 passed; 0 failed; 0 ignored; 0 measured; 0 filtered out; finished in 0.01s

[1m[92m     Running[0m unittests src/main.rs (/target/debug/deps/grust_lsqb_runner-2f43e218e2e27ed9)

running 1 test
test tests::policy_suite_is_fixed_to_the_example_graph ... ok

test result: ok. 1 passed; 0 failed; 0 ignored; 0 measured; 0 filtered out; finished in 0.00s

[1m[92m     Running[0m tests/count_plans.rs (/target/debug/deps/count_plans-3f0ccea832d3b538)

running 25 tests
grust-lsqb-progress {"event":"resident_index_built","nodes":28,"edges":72,"serialized_graph_bytes":12400,"elapsed_ms":2}
grust-lsqb-progress {"event":"resident_index_built","nodes":28,"edges":72,"serialized_graph_bytes":12400,"elapsed_ms":3}
grust-lsqb-progress {"event":"resident_index_built","nodes":28,"edges":72,"serialized_graph_bytes":12400,"elapsed_ms":3}
grust-lsqb-progress {"event":"resident_index_built","nodes":28,"edges":72,"serialized_graph_bytes":12400,"elapsed_ms":3}
grust-lsqb-progress {"event":"resident_index_built","nodes":28,"edges":72,"serialized_graph_bytes":12400,"elapsed_ms":4}
grust-lsqb-progress {"event":"resident_index_built","nodes":28,"edges":72,"serialized_graph_bytes":12400,"elapsed_ms":4}
grust-lsqb-progress {"event":"resident_index_built","nodes":28,"edges":72,"serialized_graph_bytes":12400,"elapsed_ms":5}
grust-lsqb-progress {"event":"resident_index_built","nodes":28,"edges":72,"serialized_graph_bytes":12400,"elapsed_ms":5}
test a12_parser_comment_trivia ... ok
test a10_unicode_literal ... ok
test a4_optional_fanout ... ok
test a11_schema_null_probe ... ok
test a1_reversed_chain ... ok
test a2_reordered_join ... ok
test a13_resource_edge_scan ... ok
test a3_split_match ... ok
test native_sql_hashes_match_the_exact_adapter_renderers_without_services ... ok
test postgres_declares_the_resident_route_without_a_service ... ok
grust-lsqb-progress {"event":"resident_index_built","nodes":28,"edges":72,"serialized_graph_bytes":12400,"elapsed_ms":2}
grust-lsqb-progress {"event":"resident_index_built","nodes":28,"edges":72,"serialized_graph_bytes":12400,"elapsed_ms":2}
grust-lsqb-progress {"event":"resident_index_built","nodes":28,"edges":72,"serialized_graph_bytes":12400,"elapsed_ms":2}
grust-lsqb-progress {"event":"resident_index_built","nodes":28,"edges":72,"serialized_graph_bytes":12400,"elapsed_ms":3}
grust-lsqb-progress {"event":"resident_index_built","nodes":28,"edges":72,"serialized_graph_bytes":12400,"elapsed_ms":3}
test a8_union_dedup ... ok
test a9_path_zero_hop ... ok
test a5_negated_pattern ... ok
test prepared_backends_keep_the_loaded_graph_across_distinct_queries ... ok
test a7_cartesian_count ... ok
grust-lsqb-progress {"event":"resident_index_built","nodes":28,"edges":72,"serialized_graph_bytes":12400,"elapsed_ms":2}
test q1 ... ok
grust-lsqb-progress {"event":"resident_index_built","nodes":28,"edges":72,"serialized_graph_bytes":12400,"elapsed_ms":2}
grust-lsqb-progress {"event":"resident_index_built","nodes":28,"edges":72,"serialized_graph_bytes":12400,"elapsed_ms":2}
test a6_range_expansion ... ok
test q2 ... ok
grust-lsqb-progress {"event":"resident_index_built","nodes":28,"edges":72,"serialized_graph_bytes":12400,"elapsed_ms":2}
grust-lsqb-progress {"event":"resident_index_built","nodes":28,"edges":72,"serialized_graph_bytes":12400,"elapsed_ms":2}
test q6 ... ok
grust-lsqb-progress {"event":"resident_index_built","nodes":28,"edges":72,"serialized_graph_bytes":12400,"elapsed_ms":3}
test q5 ... ok
grust-lsqb-progress {"event":"resident_index_built","nodes":28,"edges":72,"serialized_graph_bytes":12400,"elapsed_ms":3}
grust-lsqb-progress {"event":"resident_index_built","nodes":28,"edges":72,"serialized_graph_bytes":12400,"elapsed_ms":3}
grust-lsqb-progress {"event":"resident_index_built","nodes":28,"edges":72,"serialized_graph_bytes":12400,"elapsed_ms":3}
test q4 ... ok
test q7 ... ok
test q3 ... ok
test q8 ... ok
grust-lsqb-progress {"event":"resident_index_built","nodes":28,"edges":72,"serialized_graph_bytes":12400,"elapsed_ms":2}
test q9 ... ok

test result: ok. 25 passed; 0 failed; 0 ignored; 0 measured; 0 filtered out; finished in 0.27s

[1m[92m     Running[0m tests/plan_registry.rs (/target/debug/deps/plan_registry-ae01363e74a59ce8)

running 1 test
test registry_matches_every_optimized_plan_without_authorizing_fallbacks ... ok

test result: ok. 1 passed; 0 failed; 0 ignored; 0 measured; 0 filtered out; finished in 0.03s

[1m[92m     Running[0m tests/sail_session_lease.rs (/target/debug/deps/sail_session_lease-fe45fa8f5821ffb8)

running 0 tests

test result: ok. 0 passed; 0 failed; 0 ignored; 0 measured; 0 filtered out; finished in 0.00s

[1m[92m     Running[0m tests/worker_count_plans.rs (/target/debug/deps/worker_count_plans-774365af79caf5ae)

running 2 tests
grust-lsqb-progress {"event":"load_chunk_complete","chunks":1,"nodes":28,"edges":72,"elapsed_ms":21}
grust-lsqb-progress {"event":"resident_index_built","nodes":28,"edges":72,"serialized_graph_bytes":12400,"elapsed_ms":2}
test turso_worker_declares_the_resident_route_for_every_pinned_case ... ok
test memory_worker_declares_and_executes_every_pinned_count_plan ... ok

test result: ok. 2 passed; 0 failed; 0 ignored; 0 measured; 0 filtered out; finished in 1.86s

[1m[92m   Doc-tests[0m grust_lsqb_runner

running 0 tests

test result: ok. 0 passed; 0 failed; 0 ignored; 0 measured; 0 filtered out; finished in 0.00s


==> Release package verification
[1m[92m   Packaging[0m grust-core v0.24.0 (/repo/crates/grust-core)
[1m[92m    Updating[0m crates.io index
[1m[92m    Packaged[0m 15 files, 314.6KiB (64.0KiB compressed)
[1m[92m   Packaging[0m grust-arrow v0.24.0 (/repo/crates/grust-arrow)
[1m[92m    Updating[0m crates.io index
[1m[92m    Packaged[0m 29 files, 134.2KiB (34.9KiB compressed)
[1m[92m   Packaging[0m grust-procedures v0.24.0 (/repo/crates/grust-procedures)
[1m[92m    Updating[0m crates.io index
[1m[92m    Packaged[0m 28 files, 225.4KiB (54.0KiB compressed)
[1m[92m   Packaging[0m grust-algorithms v0.24.0 (/repo/crates/grust-algorithms)
[1m[92m    Updating[0m crates.io index
[1m[92m    Packaged[0m 94 files, 1.1MiB (259.1KiB compressed)
[1m[92m   Packaging[0m grust-memory v0.24.0 (/repo/crates/grust-memory)
[1m[92m    Updating[0m crates.io index
[1m[92m    Packaged[0m 12 files, 201.0KiB (36.2KiB compressed)
[1m[92m   Packaging[0m grust-cypher v0.24.0 (/repo/crates/grust-cypher)
[1m[92m    Updating[0m crates.io index
[1m[92m    Packaged[0m 142 files, 2.6MiB (437.2KiB compressed)
[1m[92m   Packaging[0m grust-algorithm-procedures v0.24.0 (/repo/crates/grust-algorithm-procedures)
[1m[92m    Updating[0m crates.io index
[1m[92m    Packaged[0m 19 files, 221.8KiB (49.3KiB compressed)
[1m[92m   Packaging[0m grust-beads v0.1.0 (/repo/examples/beads)
[1m[92m    Updating[0m crates.io index
[1m[92m    Packaged[0m 9 files, 29.4KiB (8.9KiB compressed)
[1m[92m   Packaging[0m grust-cocoindex v0.24.0 (/repo/crates/grust-cocoindex)
[1m[92m    Updating[0m crates.io index
[1m[92m    Packaged[0m 6 files, 28.1KiB (6.5KiB compressed)
[1m[92m   Packaging[0m grust-datafusion v0.24.0 (/repo/crates/grust-datafusion)
[1m[92m    Updating[0m crates.io index
[1m[92m    Packaged[0m 38 files, 280.5KiB (66.4KiB compressed)
[1m[92m   Packaging[0m grust-falkor v0.24.0 (/repo/crates/grust-falkor)
[1m[92m    Updating[0m crates.io index
[1m[92m    Packaged[0m 6 files, 48.5KiB (12.3KiB compressed)
[1m[92m   Packaging[0m grust-lancedb v0.24.0 (/repo/crates/grust-lancedb)
[1m[92m    Updating[0m crates.io index
[1m[92m    Packaged[0m 17 files, 269.8KiB (63.7KiB compressed)
[1m[92m   Packaging[0m grust-sql-core v0.24.0 (/repo/crates/grust-sql-core)
[1m[92m    Updating[0m crates.io index
[1m[92m    Packaged[0m 5 files, 32.9KiB (8.1KiB compressed)
[1m[92m   Packaging[0m grust-postgres-core v0.24.0 (/repo/crates/grust-postgres-core)
[1m[92m    Updating[0m crates.io index
[1m[92m    Packaged[0m 9 files, 118.1KiB (29.2KiB compressed)
[1m[92m   Packaging[0m grust-pggraph v0.24.0 (/repo/crates/grust-pggraph)
[1m[92m    Updating[0m crates.io index
[1m[92m    Packaged[0m 6 files, 40.7KiB (11.5KiB compressed)
[1m[92m   Packaging[0m grust-postgres v0.24.0 (/repo/crates/grust-postgres)
[1m[92m    Updating[0m crates.io index
[1m[92m    Packaged[0m 5 files, 30.1KiB (8.6KiB compressed)
[1m[92m   Packaging[0m grust-postgres-pgq v0.24.0 (/repo/crates/grust-postgres-pgq)
[1m[92m    Updating[0m crates.io index
[1m[92m    Packaged[0m 6 files, 49.1KiB (13.5KiB compressed)
[1m[92m   Packaging[0m grust-sail v0.24.0 (/repo/crates/grust-sail)
[1m[92m    Updating[0m crates.io index
[1m[92m    Packaged[0m 34 files, 794.8KiB (143.2KiB compressed)
[1m[92m   Packaging[0m grust-surreal v0.24.0 (/repo/crates/grust-surreal)
[1m[92m    Updating[0m crates.io index
[1m[92m    Packaged[0m 9 files, 246.2KiB (56.7KiB compressed)
[1m[92m   Packaging[0m grust-turso v0.24.0 (/repo/crates/grust-turso)
[1m[92m    Updating[0m crates.io index
[1m[92m    Packaged[0m 23 files, 339.8KiB (78.0KiB compressed)
[1m[92m   Packaging[0m grust-graph v0.24.0 (/repo/crates/grust)
[1m[92m    Updating[0m crates.io index
[1m[92m    Packaged[0m 19 files, 395.4KiB (98.9KiB compressed)
[1m[92m   Packaging[0m grust-helix v0.24.0 (/repo/crates/grust-helix)
[1m[92m    Updating[0m crates.io index
[1m[92m    Packaged[0m 7 files, 119.0KiB (27.8KiB compressed)
[1m[92m   Packaging[0m grust-ladybug v0.24.0 (/repo/crates/grust-ladybug)
[1m[92m    Updating[0m crates.io index
[1m[92m    Packaged[0m 11 files, 147.4KiB (34.6KiB compressed)
[1m[92m   Packaging[0m querygraph-memory v0.24.0 (/repo/crates/querygraph-memory)
[1m[92m    Updating[0m crates.io index
[1m[92m    Packaged[0m 75 files, 527.7KiB (116.3KiB compressed)
[1m[92m   Verifying[0m grust-core v0.24.0 (/repo/crates/grust-core)
[1m[92m   Compiling[0m serde_core v1.0.228
[1m[92m   Compiling[0m syn v2.0.117
[1m[92m   Compiling[0m serde_derive v1.0.228
[1m[92m   Compiling[0m thiserror-impl v2.0.18
[1m[92m   Compiling[0m syn v3.0.4
[1m[92m   Compiling[0m serde v1.0.228
[1m[92m   Compiling[0m serde_yaml v0.9.34+deprecated
[1m[92m   Compiling[0m quick-xml v0.40.1
[1m[92m   Compiling[0m async-trait v0.1.92
[1m[92m   Compiling[0m thiserror v2.0.18
[1m[92m   Compiling[0m serde_json v1.0.150
[1m[92m   Compiling[0m grust-core v0.24.0 (/target/package/grust-core-0.24.0)
[1m[92m    Finished[0m `dev` profile [unoptimized + debuginfo] target(s) in 29.96s
[1m[92m   Verifying[0m grust-arrow v0.24.0 (/repo/crates/grust-arrow)
[1m[92m   Unpacking[0m grust-core v0.24.0 (registry `/target/package/tmp-registry`)
[1m[92m   Compiling[0m syn v2.0.117
[1m[92m   Compiling[0m num-bigint v0.5.1
[1m[92m   Compiling[0m arrow-schema v59.3.0
[1m[92m   Compiling[0m once_cell v1.21.4
[1m[92m   Compiling[0m bitflags v2.11.1
[1m[92m   Compiling[0m flatbuffers v25.12.19
[1m[92m   Compiling[0m zerocopy-derive v0.8.50
[1m[92m   Compiling[0m serde_derive v1.0.228
[1m[92m   Compiling[0m zerocopy v0.8.50
[1m[92m   Compiling[0m serde v1.0.228
[1m[92m   Compiling[0m thiserror-impl v2.0.18
[1m[92m   Compiling[0m thiserror v2.0.18
[1m[92m   Compiling[0m serde_yaml v0.9.34+deprecated
[1m[92m   Compiling[0m half v2.7.1
[1m[92m   Compiling[0m arrow-buffer v59.3.0
[1m[92m   Compiling[0m ahash v0.8.12
[1m[92m   Compiling[0m quick-xml v0.40.1
[1m[92m   Compiling[0m arrow-data v59.3.0
[1m[92m   Compiling[0m arrow-array v59.3.0
[1m[92m   Compiling[0m grust-core v0.24.0
[1m[92m   Compiling[0m arrow-select v59.3.0
[1m[92m   Compiling[0m arrow-ipc v59.3.0
[1m[92m   Compiling[0m grust-arrow v0.24.0 (/target/package/grust-arrow-0.24.0)
[1m[92m    Finished[0m `dev` profile [unoptimized + debuginfo] target(s) in 50.78s
[1m[92m   Verifying[0m grust-procedures v0.24.0 (/repo/crates/grust-procedures)
[1m[92m   Compiling[0m grust-core v0.24.0
[1m[92m   Compiling[0m grust-procedures v0.24.0 (/target/package/grust-procedures-0.24.0)
[1m[92m    Finished[0m `dev` profile [unoptimized + debuginfo] target(s) in 55.23s
[1m[92m   Verifying[0m grust-algorithms v0.24.0 (/repo/crates/grust-algorithms)
[1m[92m   Unpacking[0m grust-procedures v0.24.0 (registry `/target/package/tmp-registry`)
[1m[92m   Compiling[0m crossbeam-epoch v0.9.18
[1m[92m   Compiling[0m either v1.16.0
[1m[92m   Compiling[0m grust-procedures v0.24.0
[1m[92m   Compiling[0m crossbeam-deque v0.8.6
[1m[92m   Compiling[0m rayon-core v1.13.0
[1m[92m   Compiling[0m rayon v1.12.0
[1m[92m   Compiling[0m grust-algorithms v0.24.0 (/target/package/grust-algorithms-0.24.0)
[1m[33mwarning[0m[1m: associated items `indexed` and `columns_mut` are never used[0m
  [1m[94m--> [0msrc/projection/edges.rs:48:19
   [1m[94m|[0m
[1m[94m35[0m [1m[94m|[0m impl EdgeTable {
   [1m[94m|[0m [1m[94m--------------[0m [1m[94massociated items in this implementation[0m
[1m[94m...[0m
[1m[94m48[0m [1m[94m|[0m     pub(crate) fn indexed(
   [1m[94m|[0m                   [1m[33m^^^^^^^[0m
[1m[94m...[0m
[1m[94m67[0m [1m[94m|[0m     pub(crate) fn columns_mut(
   [1m[94m|[0m                   [1m[33m^^^^^^^^^^^[0m
   [1m[94m|[0m
   [1m[94m= [0m[1mnote[0m: `#[warn(dead_code)]` (part of `#[warn(unused)]`) on by default

[1m[33mwarning[0m: `grust-algorithms` (lib) generated 1 warning
[1m[92m    Finished[0m `dev` profile [unoptimized + debuginfo] target(s) in 1m 02s
[1m[92m   Verifying[0m grust-memory v0.24.0 (/repo/crates/grust-memory)
[1m[92m   Compiling[0m grust-memory v0.24.0 (/target/package/grust-memory-0.24.0)
[1m[92m    Finished[0m `dev` profile [unoptimized + debuginfo] target(s) in 1m 04s
[1m[92m   Verifying[0m grust-cypher v0.24.0 (/repo/crates/grust-cypher)
[1m[92m   Compiling[0m uuid v1.23.2
[1m[92m   Compiling[0m grust-cypher v0.24.0 (/target/package/grust-cypher-0.24.0)
[1m[92m    Finished[0m `dev` profile [unoptimized + debuginfo] target(s) in 1m 12s
[1m[92m   Verifying[0m grust-algorithm-procedures v0.24.0 (/repo/crates/grust-algorithm-procedures)
[1m[92m   Unpacking[0m grust-algorithms v0.24.0 (registry `/target/package/tmp-registry`)
[1m[92m   Compiling[0m grust-algorithms v0.24.0
[1m[92m   Compiling[0m grust-algorithm-procedures v0.24.0 (/target/package/grust-algorithm-procedures-0.24.0)
[1m[92m    Finished[0m `dev` profile [unoptimized + debuginfo] target(s) in 1m 17s
[1m[92m   Verifying[0m grust-beads v0.1.0 (/repo/examples/beads)
[1m[92m   Unpacking[0m grust-cypher v0.24.0 (registry `/target/package/tmp-registry`)
[1m[92m   Compiling[0m grust-cypher v0.24.0
[1m[92m   Compiling[0m grust-beads v0.1.0 (/target/package/grust-beads-0.1.0)
[1m[92m    Finished[0m `dev` profile [unoptimized + debuginfo] target(s) in 1m 26s
[1m[92m   Verifying[0m grust-cocoindex v0.24.0 (/repo/crates/grust-cocoindex)
[1m[92m   Compiling[0m grust-cocoindex v0.24.0 (/target/package/grust-cocoindex-0.24.0)
[1m[92m    Finished[0m `dev` profile [unoptimized + debuginfo] target(s) in 1m 26s
[1m[92m   Verifying[0m grust-datafusion v0.24.0 (/repo/crates/grust-datafusion)
[1m[92m   Unpacking[0m grust-arrow v0.24.0 (registry `/target/package/tmp-registry`)
[1m[92m   Compiling[0m serde_core v1.0.228
[1m[92m   Compiling[0m indexmap v2.14.0
[1m[92m   Compiling[0m num-integer v0.1.46
[1m[92m   Compiling[0m chrono v0.4.45
[1m[92m   Compiling[0m serde_json v1.0.150
[1m[92m   Compiling[0m zerofrom v0.1.8
[1m[92m   Compiling[0m num-bigint v0.5.1
[1m[92m   Compiling[0m half v2.7.1
[1m[92m   Compiling[0m stable_deref_trait v1.2.1
[1m[92m   Compiling[0m arrow-buffer v59.3.0
[1m[92m   Compiling[0m yoke v0.8.3
[1m[92m   Compiling[0m arrow-schema v59.3.0
[1m[92m   Compiling[0m chrono-tz v0.10.4
[1m[92m   Compiling[0m ahash v0.8.12
[1m[92m   Compiling[0m arrow-data v59.3.0
[1m[92m   Compiling[0m zerovec v0.11.8
[1m[92m   Compiling[0m zstd-sys v2.0.16+zstd.1.5.7
[1m[92m   Compiling[0m tinystr v0.8.4
[1m[92m   Compiling[0m litemap v0.8.2
[1m[92m   Compiling[0m writeable v0.6.4
[1m[92m   Compiling[0m smallvec v1.15.1
[1m[92m   Compiling[0m icu_locale_core v2.3.0
[1m[92m   Compiling[0m arrow-array v59.3.0
[1m[92m   Compiling[0m arrow-select v59.3.0
[1m[92m   Compiling[0m zerotrie v0.2.5
[1m[92m   Compiling[0m potential_utf v0.1.5
[1m[92m   Compiling[0m icu_collections v2.3.0
[1m[92m   Compiling[0m icu_provider v2.3.1
[1m[92m   Compiling[0m zstd-safe v7.2.4
[1m[92m   Compiling[0m futures-channel v0.3.32
[1m[92m   Compiling[0m slab v0.4.12
[1m[92m   Compiling[0m futures-io v0.3.32
[1m[92m   Compiling[0m regex-automata v0.4.14
[1m[92m   Compiling[0m futures-util v0.3.32
[1m[92m   Compiling[0m tokio v1.52.3
[1m[92m   Compiling[0m icu_normalizer v2.3.0
[1m[92m   Compiling[0m icu_properties v2.3.0
[1m[92m   Compiling[0m arrow-ord v59.3.0
[1m[92m   Compiling[0m twox-hash v2.1.2
[1m[92m   Compiling[0m lock_api v0.4.14
[1m[92m   Compiling[0m arrow-cast v59.3.0
[1m[92m   Compiling[0m lz4_flex v0.14.0
[1m[92m   Compiling[0m idna_adapter v1.2.2
[1m[92m   Compiling[0m zstd v0.13.3
[1m[92m   Compiling[0m regex v1.12.3
[1m[92m   Compiling[0m parking_lot_core v0.9.12
[1m[92m   Compiling[0m either v1.16.0
[1m[92m   Compiling[0m form_urlencoded v1.2.2
[1m[92m   Compiling[0m csv v1.4.0
[1m[92m   Compiling[0m arrow-ipc v59.3.0
[1m[92m   Compiling[0m idna v1.1.0
[1m[92m   Compiling[0m getrandom v0.4.2
[1m[92m   Compiling[0m tracing-core v0.1.36
[1m[92m   Compiling[0m simdutf8 v0.1.5
[1m[92m   Compiling[0m log v0.4.30
[1m[92m   Compiling[0m arrow-json v59.3.0
[1m[92m   Compiling[0m tracing v0.1.44
[1m[92m   Compiling[0m url v2.5.8
[1m[92m   Compiling[0m arrow-csv v59.3.0
[1m[92m   Compiling[0m itertools v0.14.0
[1m[92m   Compiling[0m parking_lot v0.12.5
[1m[92m   Compiling[0m arrow-string v59.3.0
[1m[92m   Compiling[0m arrow-arith v59.3.0
[1m[92m   Compiling[0m arrow-row v59.3.0
[1m[92m   Compiling[0m http v1.4.1
[1m[92m   Compiling[0m sqlparser v0.62.0
[1m[92m   Compiling[0m object_store v0.13.2
[1m[92m   Compiling[0m arrow v59.3.0
[1m[92m   Compiling[0m uuid v1.23.2
[1m[92m   Compiling[0m itertools v0.15.0
[1m[92m   Compiling[0m hashbrown v0.15.5
[1m[92m   Compiling[0m futures-executor v0.3.32
[1m[92m   Compiling[0m petgraph v0.8.3
[1m[92m   Compiling[0m futures v0.3.32
[1m[92m   Compiling[0m tokio-util v0.7.18
[1m[92m   Compiling[0m dashmap v6.2.1
[1m[92m   Compiling[0m tempfile v3.27.0
[1m[92m   Compiling[0m datafusion-common-runtime v55.1.0
[1m[92m   Compiling[0m serde v1.0.228
[1m[92m   Compiling[0m serde_yaml v0.9.34+deprecated
[1m[92m   Compiling[0m quick-xml v0.40.1
[1m[92m   Compiling[0m datafusion-common v55.1.0
[1m[92m   Compiling[0m datafusion-expr-common v55.1.0
[1m[92m   Compiling[0m datafusion-physical-expr-common v55.1.0
[1m[92m   Compiling[0m datafusion-functions-aggregate-common v55.1.0
[1m[92m   Compiling[0m datafusion-functions-window-common v55.1.0
[1m[92m   Compiling[0m num-bigint v0.4.6
[1m[92m   Compiling[0m datafusion-expr v55.1.0
[1m[92m   Compiling[0m bigdecimal v0.4.10
[1m[92m   Compiling[0m grust-core v0.24.0
[1m[92m   Compiling[0m datafusion-physical-expr v55.1.0
[1m[92m   Compiling[0m datafusion-execution v55.1.0
[1m[92m   Compiling[0m datafusion-functions v55.1.0
[1m[92m   Compiling[0m datafusion-physical-plan v55.1.0
[1m[92m   Compiling[0m datafusion-physical-expr-adapter v55.1.0
[1m[92m   Compiling[0m datafusion-functions-aggregate v55.1.0
[1m[92m   Compiling[0m datafusion-session v55.1.0
[1m[92m   Compiling[0m datafusion-functions-nested v55.1.0
[1m[92m   Compiling[0m datafusion-datasource v55.1.0
[1m[92m   Compiling[0m datafusion-catalog v55.1.0
[1m[92m   Compiling[0m datafusion-pruning v55.1.0
[1m[92m   Compiling[0m tokio-stream v0.1.18
[1m[92m   Compiling[0m datafusion-datasource-json v55.1.0
[1m[92m   Compiling[0m datafusion-physical-optimizer v55.1.0
[1m[92m   Compiling[0m datafusion-datasource-csv v55.1.0
[1m[92m   Compiling[0m datafusion-datasource-arrow v55.1.0
[1m[92m   Compiling[0m datafusion-sql v55.1.0
[1m[92m   Compiling[0m datafusion-optimizer v55.1.0
[1m[92m   Compiling[0m datafusion-functions-window v55.1.0
[1m[92m   Compiling[0m grust-procedures v0.24.0
[1m[92m   Compiling[0m grust-arrow v0.24.0
[1m[92m   Compiling[0m datafusion-functions-table v55.1.0
[1m[92m   Compiling[0m datafusion-catalog-listing v55.1.0
[1m[92m   Compiling[0m datafusion v55.1.0
[1m[92m   Compiling[0m grust-datafusion v0.24.0 (/target/package/grust-datafusion-0.24.0)
[1m[92m    Finished[0m `dev` profile [unoptimized + debuginfo] target(s) in 5m 44s
[1m[92m   Verifying[0m grust-falkor v0.24.0 (/repo/crates/grust-falkor)
[1m[92m   Compiling[0m syn v2.0.117
[1m[92m   Compiling[0m num-traits v0.2.19
[1m[92m   Compiling[0m num-integer v0.1.46
[1m[92m   Compiling[0m combine v4.6.7
[1m[92m   Compiling[0m synstructure v0.13.2
[1m[92m   Compiling[0m zerofrom-derive v0.1.7
[1m[92m   Compiling[0m zerofrom v0.1.8
[1m[92m   Compiling[0m yoke-derive v0.8.2
[1m[92m   Compiling[0m yoke v0.8.3
[1m[92m   Compiling[0m zerovec v0.11.8
[1m[92m   Compiling[0m displaydoc v0.2.6
[1m[92m   Compiling[0m potential_utf v0.1.5
[1m[92m   Compiling[0m tinystr v0.8.4
[1m[92m   Compiling[0m zerotrie v0.2.5
[1m[92m   Compiling[0m icu_locale_core v2.3.0
[1m[92m   Compiling[0m icu_collections v2.3.0
[1m[92m   Compiling[0m serde_derive v1.0.228
[1m[92m   Compiling[0m icu_provider v2.3.1
[1m[92m   Compiling[0m icu_properties v2.3.0
[1m[92m   Compiling[0m icu_normalizer v2.3.0
[1m[92m   Compiling[0m serde v1.0.228
[1m[92m   Compiling[0m idna_adapter v1.2.2
[1m[92m   Compiling[0m idna v1.1.0
[1m[92m   Compiling[0m thiserror-impl v2.0.18
[1m[92m   Compiling[0m url v2.5.8
[1m[92m   Compiling[0m thiserror v2.0.18
[1m[92m   Compiling[0m quick-xml v0.40.1
[1m[92m   Compiling[0m serde_yaml v0.9.34+deprecated
[1m[92m   Compiling[0m scheduled-thread-pool v0.2.7
[1m[92m   Compiling[0m num-bigint v0.5.1
[1m[92m   Compiling[0m r2d2 v0.8.10
[1m[92m   Compiling[0m grust-core v0.24.0
[1m[92m   Compiling[0m redis v1.6.0
[1m[92m   Compiling[0m grust-falkor v0.24.0 (/target/package/grust-falkor-0.24.0)
[1m[92m    Finished[0m `dev` profile [unoptimized + debuginfo] target(s) in 6m 02s
[1m[92m   Verifying[0m grust-lancedb v0.24.0 (/repo/crates/grust-lancedb)
[1m[92m   Compiling[0m serde v1.0.228
[1m[92m   Compiling[0m serde_json v1.0.150
[1m[92m   Compiling[0m chrono v0.4.45
[1m[92m   Compiling[0m half v2.7.1
[1m[92m   Compiling[0m arrow-buffer v58.3.0
[1m[92m   Compiling[0m arrow-schema v58.3.0
[1m[92m   Compiling[0m chrono-tz v0.10.4
[1m[92m   Compiling[0m arrow-data v58.3.0
[1m[92m   Compiling[0m parking_lot v0.12.5
[1m[92m   Compiling[0m futures-util v0.3.32
[1m[92m   Compiling[0m arrow-array v58.3.0
[1m[92m   Compiling[0m tokio v1.52.3
[1m[92m   Compiling[0m arrow-select v58.3.0
[1m[92m   Compiling[0m semver v1.0.28
[1m[92m   Compiling[0m rustc_version v0.4.1
[1m[92m   Compiling[0m icu_normalizer v2.3.0
[1m[92m   Compiling[0m idna_adapter v1.2.2
[1m[92m   Compiling[0m flatbuffers v25.12.19
[1m[92m   Compiling[0m idna v1.1.0
[1m[92m   Compiling[0m arrow-ord v58.3.0
[1m[92m   Compiling[0m url v2.5.8
[1m[92m   Compiling[0m arrow-ipc v58.3.0
[1m[92m   Compiling[0m arrow-cast v58.3.0
[1m[92m   Compiling[0m arrow-csv v58.3.0
[1m[92m   Compiling[0m arrow-json v58.3.0
[1m[92m   Compiling[0m arrow-string v58.3.0
[1m[92m   Compiling[0m arrow-row v58.3.0
[1m[92m   Compiling[0m arrow-arith v58.3.0
[1m[92m   Compiling[0m foldhash v0.2.0
[1m[92m   Compiling[0m arrow v58.3.0
[1m[92m   Compiling[0m hashbrown v0.16.1
[1m[92m   Compiling[0m object_store v0.13.2
[1m[92m   Compiling[0m sqlparser v0.61.0
[1m[92m   Compiling[0m futures-executor v0.3.32
[1m[92m   Compiling[0m typenum v1.20.1
[1m[92m   Compiling[0m generic-array v0.14.7
[1m[92m   Compiling[0m futures v0.3.32
[1m[92m   Compiling[0m crypto-common v0.1.7
[1m[92m   Compiling[0m block-buffer v0.10.4
[1m[92m   Compiling[0m petgraph v0.8.3
[1m[92m   Compiling[0m digest v0.10.7
[1m[92m   Compiling[0m either v1.16.0
[1m[92m   Compiling[0m dashmap v6.2.1
[1m[92m   Compiling[0m itertools v0.14.0
[1m[92m   Compiling[0m prost-derive v0.14.3
[1m[92m   Compiling[0m uuid v1.23.2
[1m[92m   Compiling[0m sha2 v0.10.9
[1m[92m   Compiling[0m blake3 v1.8.5
[1m[92m   Compiling[0m md-5 v0.10.6
[1m[92m   Compiling[0m blake2 v0.10.6
[1m[92m   Compiling[0m regex-syntax v0.8.10
[1m[92m   Compiling[0m datafusion-common v53.1.0
[1m[92m   Compiling[0m prettyplease v0.2.37
[1m[92m   Compiling[0m regex-automata v0.4.14
[1m[92m   Compiling[0m datafusion-expr-common v53.1.0
[1m[92m   Compiling[0m datafusion-physical-expr-common v53.1.0
[1m[92m   Compiling[0m prost v0.14.3
[1m[92m   Compiling[0m datafusion-functions-window-common v53.1.0
[1m[92m   Compiling[0m datafusion-functions-aggregate-common v53.1.0
[1m[92m   Compiling[0m tokio-util v0.7.18
[1m[92m   Compiling[0m indexmap v2.14.0
[1m[92m   Compiling[0m datafusion-expr v53.1.0
[1m[92m   Compiling[0m tempfile v3.27.0
[1m[92m   Compiling[0m prost-types v0.14.3
[1m[92m   Compiling[0m datafusion-physical-expr v53.1.0
[1m[92m   Compiling[0m datafusion-execution v53.1.0
[1m[92m   Compiling[0m datafusion-functions v53.1.0
[1m[92m   Compiling[0m regex v1.12.3
[1m[92m   Compiling[0m prost-build v0.14.3
[1m[92m   Compiling[0m datafusion-common-runtime v53.1.0
[1m[92m   Compiling[0m datafusion-physical-plan v53.1.0
[1m[92m   Compiling[0m zeroize v1.8.2
[1m[92m   Compiling[0m rustls-pki-types v1.14.1
[1m[92m   Compiling[0m datafusion-physical-expr-adapter v53.1.0
[1m[92m   Compiling[0m datafusion-session v53.1.0
[1m[92m   Compiling[0m datafusion-functions-aggregate v53.1.0
[1m[92m   Compiling[0m http-body v1.0.1
[1m[92m   Compiling[0m getrandom v0.2.17
[1m[92m   Compiling[0m ring v0.17.14
[1m[92m   Compiling[0m jsonb v0.5.6
[1m[92m   Compiling[0m datafusion-functions-nested v53.1.0
[1m[92m   Compiling[0m datafusion-datasource v53.1.0
[1m[92m   Compiling[0m tokio-stream v0.1.18
[1m[92m   Compiling[0m rustls v0.23.40
[1m[92m   Compiling[0m h2 v0.4.14
[1m[92m   Compiling[0m datafusion-sql v53.1.0
[1m[92m   Compiling[0m lance-arrow v7.0.0
[1m[92m   Compiling[0m rustls-webpki v0.103.13
[1m[92m   Compiling[0m darling_core v0.23.0
[1m[92m   Compiling[0m bytemuck v1.25.0
[1m[92m   Compiling[0m roaring v0.11.4
[1m[92m   Compiling[0m darling_macro v0.23.0
[1m[92m   Compiling[0m moka v0.12.15
[1m[92m   Compiling[0m hyper v1.10.1
[1m[92m   Compiling[0m darling_core v0.20.11
[1m[92m   Compiling[0m rustls-native-certs v0.8.3
[1m[92m   Compiling[0m hyper-util v0.1.20
[1m[92m   Compiling[0m tower v0.5.3
[1m[92m   Compiling[0m lance-core v7.0.0
[1m[92m   Compiling[0m darling_macro v0.20.11
[1m[92m   Compiling[0m tokio-rustls v0.26.4
[1m[92m   Compiling[0m darling v0.23.0
[1m[92m   Compiling[0m async-compression v0.4.42
[1m[92m   Compiling[0m http-body-util v0.1.3
[1m[92m   Compiling[0m tower-http v0.6.11
[1m[92m   Compiling[0m serde_with_macros v3.20.0
[1m[92m   Compiling[0m hyper-rustls v0.27.9
[1m[92m   Compiling[0m darling v0.20.11
[1m[92m   Compiling[0m serde_urlencoded v0.7.1
[1m[92m   Compiling[0m bytecheck v0.8.2
[1m[92m   Compiling[0m reqwest v0.12.28
[1m[92m   Compiling[0m derive_builder_core v0.20.2
[1m[92m   Compiling[0m serde_with v3.20.0
[1m[92m   Compiling[0m phf_shared v0.13.1
[1m[92m   Compiling[0m lance-namespace-reqwest-client v0.7.7
[1m[92m   Compiling[0m phf_generator v0.13.1
[1m[92m   Compiling[0m derive_builder_macro v0.20.2
[1m[92m   Compiling[0m rend v0.5.3
[1m[92m   Compiling[0m datafusion-catalog v53.1.0
[1m[92m   Compiling[0m lance-encoding v7.0.0
[1m[92m   Compiling[0m path_abs v0.5.1
[1m[92m   Compiling[0m rkyv v0.8.16
[1m[92m   Compiling[0m lance-namespace v7.0.0
[1m[92m   Compiling[0m derive_builder v0.20.2
[1m[92m   Compiling[0m phf_codegen v0.13.1
[1m[92m   Compiling[0m datafusion-pruning v53.1.0
[1m[92m   Compiling[0m lance-file v7.0.0
[1m[92m   Compiling[0m fsst v7.0.0
[1m[92m   Compiling[0m hyperloglogplus v0.4.1
[1m[92m   Compiling[0m lindera-dictionary v3.0.7
[1m[92m   Compiling[0m lance-io v7.0.0
[1m[92m   Compiling[0m datafusion-catalog-listing v53.1.0
[1m[92m   Compiling[0m datafusion-functions-table v53.1.0
[1m[92m   Compiling[0m datafusion-physical-optimizer v53.1.0
[1m[92m   Compiling[0m jieba-macros v0.9.0
[1m[92m   Compiling[0m serde_yaml_ng v0.10.0
[1m[92m   Compiling[0m datafusion-datasource-json v53.1.0
[1m[92m   Compiling[0m datafusion-datasource-csv v53.1.0
[1m[92m   Compiling[0m datafusion-datasource-arrow v53.1.0
[1m[92m   Compiling[0m lance-table v7.0.0
[1m[92m   Compiling[0m lance-datafusion v7.0.0
[1m[92m   Compiling[0m datafusion-functions-window v53.1.0
[1m[92m   Compiling[0m datafusion-optimizer v53.1.0
[1m[92m   Compiling[0m lindera v3.0.7
[1m[92m   Compiling[0m jieba-rs v0.9.0
[1m[92m   Compiling[0m datafusion v53.1.0
[1m[92m   Compiling[0m lance-datagen v7.0.0
[1m[92m   Compiling[0m lance-index v7.0.0
[1m[92m   Compiling[0m rust-stemmers v1.2.0
[1m[92m   Compiling[0m lance-tokenizer v7.0.0
[1m[92m   Compiling[0m lance-linalg v7.0.0
[1m[92m   Compiling[0m ndarray v0.16.1
[1m[92m   Compiling[0m lance v7.0.0
[1m[92m   Compiling[0m serde_yaml v0.9.34+deprecated
[1m[92m   Compiling[0m quick-xml v0.40.1
[1m[92m   Compiling[0m grust-core v0.24.0
[1m[92m   Compiling[0m lance-testing v7.0.0
[1m[92m   Compiling[0m grust-arrow v0.24.0
[1m[92m   Compiling[0m lance-namespace-impls v7.0.0
[1m[92m   Compiling[0m lancedb v0.30.0
[1m[92m   Compiling[0m grust-lancedb v0.24.0 (/target/package/grust-lancedb-0.24.0)
[1m[92m    Finished[0m `dev` profile [unoptimized + debuginfo] target(s) in 11m 54s
[1m[92m   Verifying[0m grust-sql-core v0.24.0 (/repo/crates/grust-sql-core)
[1m[92m   Compiling[0m grust-sql-core v0.24.0 (/target/package/grust-sql-core-0.24.0)
[1m[92m    Finished[0m `dev` profile [unoptimized + debuginfo] target(s) in 11m 55s
[1m[92m   Verifying[0m grust-postgres-core v0.24.0 (/repo/crates/grust-postgres-core)
[1m[92m   Unpacking[0m grust-sql-core v0.24.0 (registry `/target/package/tmp-registry`)
[1m[92m   Compiling[0m serde v1.0.228
[1m[92m   Compiling[0m tokio-macros v2.7.0
[1m[92m   Compiling[0m serde_yaml v0.9.34+deprecated
[1m[92m   Compiling[0m quick-xml v0.40.1
[1m[92m   Compiling[0m grust-core v0.24.0
[1m[92m   Compiling[0m smallvec v1.15.1
[1m[92m   Compiling[0m postgres-protocol v0.6.12
[1m[92m   Compiling[0m parking_lot_core v0.9.12
[1m[92m   Compiling[0m tokio v1.52.3
[1m[92m   Compiling[0m futures-task v0.3.32
[1m[92m   Compiling[0m futures-util v0.3.32
[1m[92m   Compiling[0m tokio-util v0.7.18
[1m[92m   Compiling[0m grust-procedures v0.24.0
[1m[92m   Compiling[0m parking_lot v0.12.5
[1m[92m   Compiling[0m postgres-types v0.2.14
[1m[92m   Compiling[0m uuid v1.23.2
[1m[92m   Compiling[0m tokio-postgres v0.7.18
[1m[92m   Compiling[0m grust-cypher v0.24.0
[1m[92m   Compiling[0m grust-sql-core v0.24.0
[1m[92m   Compiling[0m grust-postgres-core v0.24.0 (/target/package/grust-postgres-core-0.24.0)
[1m[92m    Finished[0m `dev` profile [unoptimized + debuginfo] target(s) in 12m 13s
[1m[92m   Verifying[0m grust-pggraph v0.24.0 (/repo/crates/grust-pggraph)
[1m[92m   Unpacking[0m grust-postgres-core v0.24.0 (registry `/target/package/tmp-registry`)
[1m[92m   Compiling[0m grust-postgres-core v0.24.0
[1m[92m   Compiling[0m grust-pggraph v0.24.0 (/target/package/grust-pggraph-0.24.0)
[1m[92m    Finished[0m `dev` profile [unoptimized + debuginfo] target(s) in 12m 14s
[1m[92m   Verifying[0m grust-postgres v0.24.0 (/repo/crates/grust-postgres)
[1m[92m   Compiling[0m grust-postgres v0.24.0 (/target/package/grust-postgres-0.24.0)
[1m[92m    Finished[0m `dev` profile [unoptimized + debuginfo] target(s) in 12m 15s
[1m[92m   Verifying[0m grust-postgres-pgq v0.24.0 (/repo/crates/grust-postgres-pgq)
[1m[92m   Compiling[0m grust-postgres-pgq v0.24.0 (/target/package/grust-postgres-pgq-0.24.0)
[1m[92m    Finished[0m `dev` profile [unoptimized + debuginfo] target(s) in 12m 16s
[1m[92m   Verifying[0m grust-sail v0.24.0 (/repo/crates/grust-sail)
[1m[92m   Compiling[0m syn v2.0.117
[1m[92m   Compiling[0m getrandom v0.3.4
[1m[92m   Compiling[0m arrow-schema v58.3.0
[1m[92m   Compiling[0m futures-task v0.3.32
[1m[92m   Compiling[0m futures-util v0.3.32
[1m[92m   Compiling[0m anyhow v1.0.102
[1m[92m   Compiling[0m futures-channel v0.3.32
[1m[92m   Compiling[0m sync_wrapper v1.0.2
[1m[92m   Compiling[0m smallvec v1.15.1
[1m[92m   Compiling[0m itertools v0.14.0
[1m[92m   Compiling[0m zerocopy-derive v0.8.50
[1m[92m   Compiling[0m tokio-macros v2.7.0
[1m[92m   Compiling[0m zerocopy v0.8.50
[1m[92m   Compiling[0m tokio v1.52.3
[1m[92m   Compiling[0m half v2.7.1
[1m[92m   Compiling[0m arrow-buffer v58.3.0
[1m[92m   Compiling[0m arrow-data v58.3.0
[1m[92m   Compiling[0m ahash v0.8.12
[1m[92m   Compiling[0m tracing-attributes v0.1.31
[1m[92m   Compiling[0m arrow-array v58.3.0
[1m[92m   Compiling[0m tracing v0.1.44
[1m[92m   Compiling[0m tokio-util v0.7.18
[1m[92m   Compiling[0m serde_derive v1.0.228
[1m[92m   Compiling[0m arrow-select v58.3.0
[1m[92m   Compiling[0m serde v1.0.228
[1m[92m   Compiling[0m h2 v0.4.14
[1m[92m   Compiling[0m thiserror-impl v2.0.18
[1m[92m   Compiling[0m thiserror v2.0.18
[1m[92m   Compiling[0m hyper v1.10.1
[1m[92m   Compiling[0m arrow-ord v58.3.0
[1m[92m   Compiling[0m serde_yaml v0.9.34+deprecated
[1m[92m   Compiling[0m quick-xml v0.40.1
[1m[92m   Compiling[0m axum-core v0.5.6
[1m[92m   Compiling[0m arrow-cast v58.3.0
[1m[92m   Compiling[0m prost-derive v0.14.3
[1m[92m   Compiling[0m grust-core v0.24.0
[1m[92m   Compiling[0m hyper-util v0.1.20
[1m[92m   Compiling[0m tower v0.5.3
[1m[92m   Compiling[0m pin-project-internal v1.1.13
[1m[92m   Compiling[0m axum v0.8.9
[1m[92m   Compiling[0m pin-project v1.1.13
[1m[92m   Compiling[0m hyper-timeout v0.5.2
[1m[92m   Compiling[0m prost v0.14.3
[1m[92m   Compiling[0m arrow-ipc v58.3.0
[1m[92m   Compiling[0m tokio-stream v0.1.18
[1m[92m   Compiling[0m arrow-json v58.3.0
[1m[92m   Compiling[0m tonic v0.14.6
[1m[92m   Compiling[0m uuid v1.23.2
[1m[92m   Compiling[0m arrow-csv v58.3.0
[1m[92m   Compiling[0m grust-procedures v0.24.0
[1m[92m   Compiling[0m arrow-string v58.3.0
[1m[92m   Compiling[0m arrow-arith v58.3.0
[1m[92m   Compiling[0m arrow-row v58.3.0
[1m[92m   Compiling[0m grust-sail v0.24.0 (/target/package/grust-sail-0.24.0)
[1m[92m   Compiling[0m arrow v58.3.0
[1m[92m   Compiling[0m grust-cypher v0.24.0
[1m[92m   Compiling[0m tonic-prost v0.14.6
[1m[92m   Compiling[0m grust-arrow v0.24.0
[1m[92m   Compiling[0m prost-types v0.14.3
[1m[92m    Finished[0m `dev` profile [unoptimized + debuginfo] target(s) in 13m 15s
[1m[92m   Verifying[0m grust-surreal v0.24.0 (/repo/crates/grust-surreal)
[1m[92m   Compiling[0m tokio v1.52.3
[1m[92m   Compiling[0m indexmap v2.14.0
[1m[92m   Compiling[0m tracing v0.1.44
[1m[92m   Compiling[0m bytemuck v1.25.0
[1m[92m   Compiling[0m digest v0.10.7
[1m[92m   Compiling[0m icu_normalizer v2.3.0
[1m[92m   Compiling[0m rayon v1.12.0
[1m[92m   Compiling[0m idna_adapter v1.2.2
[1m[92m   Compiling[0m tokio-util v0.7.18
[1m[92m   Compiling[0m h2 v0.4.14
[1m[92m   Compiling[0m parking_lot_core v0.9.12
[1m[92m   Compiling[0m heapless v0.8.0
[1m[92m   Compiling[0m idna v1.1.0
[1m[92m   Compiling[0m hyper v1.10.1
[1m[92m   Compiling[0m url v2.5.8
[1m[92m   Compiling[0m hyper-util v0.1.20
[1m[92m   Compiling[0m rstar v0.12.2
[1m[92m   Compiling[0m tower v0.5.3
[1m[92m   Compiling[0m parking_lot v0.12.5
[1m[92m   Compiling[0m itertools v0.11.0
[1m[92m   Compiling[0m rustls v0.23.40
[1m[92m   Compiling[0m i_overlay v4.0.7
[1m[92m   Compiling[0m earcutr v0.4.3
[1m[92m   Compiling[0m rustls-webpki v0.103.13
[1m[92m   Compiling[0m spade v2.15.1
[1m[92m   Compiling[0m geo-types v0.7.19
[1m[92m   Compiling[0m half v2.7.1
[1m[92m   Compiling[0m uuid v1.23.2
[1m[92m   Compiling[0m geo v0.32.0
[1m[92m   Compiling[0m prost-derive v0.14.3
[1m[92m   Compiling[0m inout v0.1.4
[1m[92m   Compiling[0m string_cache v0.8.9
[1m[92m   Compiling[0m axum v0.8.9
[1m[92m   Compiling[0m cipher v0.4.4
[1m[92m   Compiling[0m prost v0.14.3
[1m[92m   Compiling[0m hyper-timeout v0.5.2
[1m[92m   Compiling[0m tokio-stream v0.1.18
[1m[92m   Compiling[0m matrixmultiply v0.3.10
[1m[92m   Compiling[0m event-listener v5.4.1
[1m[92m   Compiling[0m web_atoms v0.1.3
[1m[92m   Compiling[0m tonic v0.14.6
[1m[92m   Compiling[0m phf_shared v0.13.1
[1m[92m   Compiling[0m diskann-wide v0.54.0
[1m[92m   Compiling[0m sha1 v0.10.6
[1m[92m   Compiling[0m roaring v0.11.4
[1m[92m   Compiling[0m futures-executor v0.3.32
[1m[92m   Compiling[0m fastrand v2.4.1
[1m[92m   Compiling[0m phf_generator v0.13.1
[1m[92m   Compiling[0m revision v0.30.0
[1m[92m   Compiling[0m storekey v0.11.0
[1m[92m   Compiling[0m futures v0.3.32
[1m[92m   Compiling[0m diskann-vector v0.54.0
[1m[92m   Compiling[0m tonic-prost v0.14.6
[1m[92m   Compiling[0m markup5ever v0.35.0
[1m[92m   Compiling[0m flatbuffers v25.12.19
[1m[92m   Compiling[0m event-listener-strategy v0.5.4
[1m[92m   Compiling[0m prost-types v0.14.3
[1m[92m   Compiling[0m tokio-rustls v0.26.4
[1m[92m   Compiling[0m num-bigint v0.4.6
[1m[92m   Compiling[0m sha2 v0.10.9
[1m[92m   Compiling[0m hmac v0.12.1
[1m[92m   Compiling[0m num-complex v0.4.6
[1m[92m   Compiling[0m fst v0.4.7
[1m[92m   Compiling[0m ndarray v0.17.2
[1m[92m   Compiling[0m ciborium-ll v0.2.2
[1m[92m   Compiling[0m cssparser v0.35.0
[1m[92m   Compiling[0m html5ever v0.35.0
[1m[92m   Compiling[0m surrealdb-protocol v0.10.2
[1m[92m   Compiling[0m pbkdf2 v0.12.2
[1m[92m   Compiling[0m simple_asn1 v0.6.4
[1m[92m   Compiling[0m async-channel v2.5.0
[1m[92m   Compiling[0m diskann-utils v0.54.0
[1m[92m   Compiling[0m phf_macros v0.13.1
[1m[92m   Compiling[0m salsa20 v0.10.2
[1m[92m   Compiling[0m blowfish v0.9.1
[1m[92m   Compiling[0m blake2 v0.10.6
[1m[92m   Compiling[0m itertools v0.13.0
[1m[92m   Compiling[0m ammonia v4.1.2
[1m[92m   Compiling[0m ndarray-stats v0.7.0
[1m[92m   Compiling[0m tungstenite v0.28.0
[1m[92m   Compiling[0m jsonwebtoken v10.4.0
[1m[92m   Compiling[0m object_store v0.13.2
[1m[92m   Compiling[0m dashmap v6.2.1
[1m[92m   Compiling[0m surrealdb-types v3.2.4
[1m[92m   Compiling[0m headers v0.4.1
[1m[92m   Compiling[0m argon2 v0.5.3
[1m[92m   Compiling[0m phf v0.13.1
[1m[92m   Compiling[0m bcrypt v0.18.0
[1m[92m   Compiling[0m scrypt v0.11.0
[1m[92m   Compiling[0m quick_cache v0.6.22
[1m[92m   Compiling[0m diskann v0.54.0
[1m[92m   Compiling[0m async-compression v0.4.42
[1m[92m   Compiling[0m ciborium v0.2.2
[1m[92m   Compiling[0m surrealdb-collections v3.2.4
[1m[92m   Compiling[0m surrealdb-strand v3.2.4
[1m[92m   Compiling[0m md-5 v0.10.6
[1m[92m   Compiling[0m serde_yaml v0.9.34+deprecated
[1m[92m   Compiling[0m surrealdb-core v3.2.4
[1m[92m   Compiling[0m tower-http v0.6.11
[1m[92m   Compiling[0m tokio-tungstenite v0.28.0
[1m[92m   Compiling[0m rustls-platform-verifier v0.7.0
[1m[92m   Compiling[0m hyper-rustls v0.27.9
[1m[92m   Compiling[0m reqwest v0.13.4
[1m[92m   Compiling[0m grust-core v0.24.0
[1m[92m   Compiling[0m surrealdb v3.2.4
[1m[92m   Compiling[0m grust-surreal v0.24.0 (/target/package/grust-surreal-0.24.0)
[1m[92m    Finished[0m `dev` profile [unoptimized + debuginfo] target(s) in 16m 06s
[1m[92m   Verifying[0m grust-turso v0.24.0 (/repo/crates/grust-turso)
[1m[92m   Compiling[0m rand_core v0.6.4
[1m[92m   Compiling[0m zerocopy v0.8.50
[1m[92m   Compiling[0m crypto-common v0.1.7
[1m[92m   Compiling[0m serde v1.0.228
[1m[92m   Compiling[0m libc v0.2.186
[1m[92m   Compiling[0m universal-hash v0.5.1
[1m[92m   Compiling[0m cipher v0.4.4
[1m[92m   Compiling[0m regex-syntax v0.8.10
[1m[92m   Compiling[0m regex-automata v0.4.14
[1m[92m   Compiling[0m ppv-lite86 v0.2.21
[1m[92m   Compiling[0m rand_chacha v0.9.0
[1m[92m   Compiling[0m polyval v0.6.2
[1m[92m   Compiling[0m tracing v0.1.44
[1m[92m   Compiling[0m bytemuck v1.25.0
[1m[92m   Compiling[0m num-integer v0.1.46
[1m[92m   Compiling[0m simsimd v6.5.16
[1m[92m   Compiling[0m aegis v0.9.12
[1m[92m   Compiling[0m uuid v1.23.2
[1m[92m   Compiling[0m clang-sys v1.8.1
[1m[92m   Compiling[0m which v4.4.2
[1m[92m   Compiling[0m tracing-subscriber v0.3.23
[1m[92m   Compiling[0m num-bigint v0.4.6
[1m[92m   Compiling[0m ghash v0.5.1
[1m[92m   Compiling[0m rand v0.9.4
[1m[92m   Compiling[0m regex v1.12.3
[1m[92m   Compiling[0m aes v0.8.4
[1m[92m   Compiling[0m ctr v0.9.2
[1m[92m   Compiling[0m icu_properties v2.3.0
[1m[92m   Compiling[0m aead v0.5.2
[1m[92m   Compiling[0m tempfile v3.27.0
[1m[92m   Compiling[0m bindgen v0.69.5
[1m[92m   Compiling[0m roaring v0.11.4
[1m[92m   Compiling[0m aes-gcm v0.10.3
[1m[92m   Compiling[0m icu_collator v2.3.1
[1m[92m   Compiling[0m twox-hash v2.1.2
[1m[92m   Compiling[0m bigdecimal v0.4.10
[1m[92m   Compiling[0m turso_ext v0.7.2
[1m[92m   Compiling[0m pack1 v1.1.0
[1m[92m   Compiling[0m either v1.16.0
[1m[92m   Compiling[0m serde_yaml v0.9.34+deprecated
[1m[92m   Compiling[0m turso_core v0.7.2
[1m[92m   Compiling[0m time v0.3.47
[1m[92m   Compiling[0m prost-derive v0.14.3
[1m[92m   Compiling[0m turso_sdk_kit v0.7.2
[1m[92m   Compiling[0m quick-xml v0.40.1
[1m[92m   Compiling[0m tracing-appender v0.2.5
[1m[92m   Compiling[0m grust-core v0.24.0
[1m[92m   Compiling[0m prost v0.14.3
[1m[92m   Compiling[0m grust-procedures v0.24.0
[1m[92m   Compiling[0m tokio v1.52.3
[1m[92m   Compiling[0m grust-cypher v0.24.0
[1m[92m   Compiling[0m grust-sql-core v0.24.0
[1m[92m   Compiling[0m turso_sync_engine v0.7.2
[1m[92m   Compiling[0m turso_sync_sdk_kit v0.7.2
[1m[92m   Compiling[0m turso v0.7.2
[1m[92m   Compiling[0m grust-turso v0.24.0 (/target/package/grust-turso-0.24.0)
[1m[92m    Finished[0m `dev` profile [unoptimized + debuginfo] target(s) in 17m 22s
[1m[92m   Verifying[0m grust-graph v0.24.0 (/repo/crates/grust)
[1m[92m   Compiling[0m grust-graph v0.24.0 (/target/package/grust-graph-0.24.0)
[1m[92m    Finished[0m `dev` profile [unoptimized + debuginfo] target(s) in 17m 23s
[1m[92m   Verifying[0m grust-helix v0.24.0 (/repo/crates/grust-helix)
[1m[92m   Compiling[0m syn v2.0.117
[1m[92m   Compiling[0m serde_core v1.0.228
[1m[92m   Compiling[0m aws-lc-rs v1.17.0
[1m[92m   Compiling[0m synstructure v0.13.2
[1m[92m   Compiling[0m displaydoc v0.2.6
[1m[92m   Compiling[0m zerofrom-derive v0.1.7
[1m[92m   Compiling[0m yoke-derive v0.8.2
[1m[92m   Compiling[0m zerofrom v0.1.8
[1m[92m   Compiling[0m tokio-macros v2.7.0
[1m[92m   Compiling[0m yoke v0.8.3
[1m[92m   Compiling[0m zerovec v0.11.8
[1m[92m   Compiling[0m tokio v1.52.3
[1m[92m   Compiling[0m tinystr v0.8.4
[1m[92m   Compiling[0m serde_derive v1.0.228
[1m[92m   Compiling[0m serde v1.0.228
[1m[92m   Compiling[0m icu_locale_core v2.3.0
[1m[92m   Compiling[0m potential_utf v0.1.5
[1m[92m   Compiling[0m zerotrie v0.2.5
[1m[92m   Compiling[0m icu_provider v2.3.1
[1m[92m   Compiling[0m icu_collections v2.3.0
[1m[92m   Compiling[0m tokio-util v0.7.18
[1m[92m   Compiling[0m rustls v0.23.40
[1m[92m   Compiling[0m rustls-webpki v0.103.13
[1m[92m   Compiling[0m tracing v0.1.44
[1m[92m   Compiling[0m icu_properties v2.3.0
[1m[92m   Compiling[0m icu_normalizer v2.3.0
[1m[92m   Compiling[0m thiserror-impl v2.0.18
[1m[92m   Compiling[0m h2 v0.4.14
[1m[92m   Compiling[0m thiserror v2.0.18
[1m[92m   Compiling[0m num-traits v0.2.19
[1m[92m   Compiling[0m idna_adapter v1.2.2
[1m[92m   Compiling[0m hyper v1.10.1
[1m[92m   Compiling[0m idna v1.1.0
[1m[92m   Compiling[0m serde_json v1.0.150
[1m[92m   Compiling[0m ref-cast-impl v1.0.25
[1m[92m   Compiling[0m faststr v0.2.34
[1m[92m   Compiling[0m tower v0.5.3
[1m[92m   Compiling[0m hyper-util v0.1.20
[1m[92m   Compiling[0m ref-cast v1.0.25
[1m[92m   Compiling[0m url v2.5.8
[1m[92m   Compiling[0m ahash v0.8.12
[1m[92m   Compiling[0m tokio-rustls v0.26.4
[1m[92m   Compiling[0m async-compression v0.4.42
[1m[92m   Compiling[0m bumpalo v3.20.3
[1m[92m   Compiling[0m tower-http v0.6.11
[1m[92m   Compiling[0m rustls-platform-verifier v0.7.0
[1m[92m   Compiling[0m chrono v0.4.45
[1m[92m   Compiling[0m sonic-rs v0.5.8
[1m[92m   Compiling[0m hyper-rustls v0.27.9
[1m[92m   Compiling[0m reqwest v0.13.4
[1m[92m   Compiling[0m helix-ast v0.1.0
[1m[92m   Compiling[0m serde_yaml v0.9.34+deprecated
[1m[92m   Compiling[0m helix-graph-algorithms v0.1.0
[1m[92m   Compiling[0m quick-xml v0.40.1
[1m[92m   Compiling[0m helix-dsl-macros v0.3.0
[1m[92m   Compiling[0m uuid v1.23.2
[1m[92m   Compiling[0m grust-core v0.24.0
[1m[92m   Compiling[0m helix-db v3.0.0
[1m[92m   Compiling[0m grust-helix v0.24.0 (/target/package/grust-helix-0.24.0)
[1m[92m    Finished[0m `dev` profile [unoptimized + debuginfo] target(s) in 18m 01s
[1m[92m   Verifying[0m grust-ladybug v0.24.0 (/repo/crates/grust-ladybug)
[1m[92m   Compiling[0m grust-core v0.24.0
[1m[92m   Compiling[0m grust-arrow v0.24.0
[1m[92m   Compiling[0m grust-ladybug v0.24.0 (/target/package/grust-ladybug-0.24.0)
[1m[92m    Finished[0m `dev` profile [unoptimized + debuginfo] target(s) in 18m 06s
[1m[92m   Verifying[0m querygraph-memory v0.24.0 (/repo/crates/querygraph-memory)
[1m[92m   Unpacking[0m grust-turso v0.24.0 (registry `/target/package/tmp-registry`)
[1m[92m Downloading[0m crates ...
[1m[92m  Downloaded[0m typesec-memory v0.13.1
[1m[92m  Downloaded[0m typesec-core v0.13.1
[1m[92m   Compiling[0m crypto-common v0.1.7
[1m[92m   Compiling[0m chrono v0.4.45
[1m[92m   Compiling[0m universal-hash v0.5.1
[1m[92m   Compiling[0m cipher v0.4.4
[1m[92m   Compiling[0m polyval v0.6.2
[1m[92m   Compiling[0m clang-sys v1.8.1
[1m[92m   Compiling[0m ghash v0.5.1
[1m[92m   Compiling[0m ctr v0.9.2
[1m[92m   Compiling[0m aes v0.8.4
[1m[92m   Compiling[0m aead v0.5.2
[1m[92m   Compiling[0m bindgen v0.69.5
[1m[92m   Compiling[0m aes-gcm v0.10.3
[1m[92m   Compiling[0m turso_ext v0.7.2
[1m[92m   Compiling[0m turso_core v0.7.2
[1m[92m   Compiling[0m turso_sdk_kit v0.7.2
[1m[92m   Compiling[0m digest v0.10.7
[1m[92m   Compiling[0m tokio v1.52.3
[1m[92m   Compiling[0m sha2 v0.10.9
[1m[92m   Compiling[0m typesec-core v0.13.1
[1m[92m   Compiling[0m typesec-memory v0.13.1
[1m[92m   Compiling[0m turso_sync_engine v0.7.2
[1m[92m   Compiling[0m turso_sync_sdk_kit v0.7.2
[1m[92m   Compiling[0m turso v0.7.2
[1m[92m   Compiling[0m grust-turso v0.24.0
[1m[92m   Compiling[0m querygraph-memory v0.24.0 (/target/package/querygraph-memory-0.24.0)
[1m[92m    Finished[0m `dev` profile [unoptimized + debuginfo] target(s) in 19m 09s

==> Third-party package attribution
verified Apache Ossie fixture attribution in /target/package/grust-graph-0.24.0.crate

ci-local: PASSED every gate at d2668ec on Linux x86_64 in 3904s
