run_id,partitions,repetition,action,phase,category,observations,intervals,events,inclusive_elapsed_ns_sum,elapsed_ns_p50,elapsed_ns_p95,outside_client_epoch_window
c2-observer-p4-01,4,1,cold-first-data-action,c2.operation.binding,planning,1,0,1,,,,0
c2-observer-p4-01,4,1,cold-first-data-action,c2.job.accepted,scheduler,1,0,1,,,,0
c2-observer-p4-01,4,1,cold-first-data-action,c2.task.assigned,scheduler,8,0,8,,,,0
c2-observer-p4-01,4,1,cold-first-data-action,c2.plan.resolve,planning,1,1,0,524584,524584.0,524584.0,0
c2-observer-p4-01,4,1,cold-first-data-action,c2.plan.logical_execute,planning,1,1,0,11303,11303.0,11303.0,0
c2-observer-p4-01,4,1,cold-first-data-action,c2.plan.optimize,planning,1,1,0,814888,814888.0,814888.0,0
c2-observer-p4-01,4,1,cold-first-data-action,c2.plan.physical,planning,1,1,0,1564697,1564697.0,1564697.0,0
c2-observer-p4-01,4,1,cold-first-data-action,c2.job.graph,planning,1,1,0,52160,52160.0,52160.0,0
c2-observer-p4-01,4,1,cold-first-data-action,c2.job.topology,planning,1,1,0,19316,19316.0,19316.0,0
c2-observer-p4-01,4,1,cold-first-data-action,c2.scheduler.select_assign,scheduler,10,10,0,37180,2655.5,7801.0,0
c2-observer-p4-01,4,1,cold-first-data-action,c2.stage.definition,serialization,2,2,0,295215,147607.5,220310.0,0
c2-observer-p4-01,4,1,cold-first-data-action,c2.stage.physical_encode,serialization,2,2,0,279470,139735.0,208329.0,0
c2-observer-p4-01,4,1,cold-first-data-action,c2.task.preparation_queue,scheduler,8,8,0,1966204,251235.0,291967.0,0
c2-observer-p4-01,4,1,cold-first-data-action,c2.task.preparation,scheduler,8,8,0,8399107,1057775.0,1160534.0,0
c2-observer-p4-01,4,1,cold-first-data-action,c2.stage.definition_cache_hit,scheduler,2,0,2,,,,0
c2-observer-p4-01,4,1,cold-first-data-action,c2.batch.dispatch,scheduler,4,4,0,5373444,1341992.0,1437477.0,0
c2-observer-p4-01,4,1,cold-first-data-action,c2.task.dispatched,scheduler,8,0,8,,,,0
c2-observer-p4-01,4,1,cold-first-data-action,c2.batch.definition_encode,serialization,4,4,0,71977,14096.5,36381.0,0
c2-observer-p4-01,4,1,cold-first-data-action,c2.batch.definition_decode,serialization,4,4,0,132069,31769.5,48503.0,0
c2-observer-p4-01,4,1,cold-first-data-action,c2.batch.physical_decode,serialization,4,4,0,220007,51577.5,109099.0,0
c2-observer-p4-01,4,1,cold-first-data-action,c2.task.physical_decode,serialization,8,8,0,5092658,645160.0,753631.0,0
c2-observer-p4-01,4,1,cold-first-data-action,c2.batch.admission,scheduler,4,4,0,972355,218322.5,343260.0,0
c2-observer-p4-01,4,1,cold-first-data-action,c2.task.admitted,scheduler,8,0,8,,,,0
c2-observer-p4-01,4,1,cold-first-data-action,c2.task.terminal,scheduler,8,0,8,,,,0
c2-observer-p4-01,4,1,cold-first-data-action,c2.reader.declaration,stream,4,0,4,,,,0
c2-observer-p4-01,4,1,cold-first-data-action,c2.writer.declaration,stream,8,0,8,,,,0
c2-observer-p4-01,4,1,cold-first-data-action,c2.reader.open,stream,4,4,0,2935188,745448.0,788368.0,0
c2-observer-p4-01,4,1,cold-first-data-action,c2.writer.open,stream,8,8,0,405459,49413.0,70325.0,0
c2-observer-p4-01,4,1,cold-first-data-action,c2.stream.consumption,stream,22,22,0,80287758,2844914.5,8746819.0,0
c2-observer-p4-01,4,1,cold-first-data-action,c2.stream.owner,stream,34,34,0,129552860,3916721.0,9559387.0,0
c2-observer-p4-01,4,1,cold-first-data-action,c2.stream.first_poll,stream,22,0,22,,,,0
c2-observer-p4-01,4,1,cold-first-data-action,c2.stream.first_batch,stream,22,0,22,,,,0
c2-observer-p4-01,4,1,cold-first-data-action,c2.sink.commit,stream,8,8,0,64031,4616.5,18317.0,0
c2-observer-p4-01,4,1,cold-first-data-action,c2.sink.abort,stream,0,0,0,,,,0
c2-observer-p4-01,4,1,cold-first-data-action,c2.output.forward,stream,1,1,0,8241971,8241971.0,8241971.0,0
c2-observer-p4-01,4,1,cold-first-data-action,c2.cleanup.dispatch,cleanup,4,4,0,1104416,278614.0,320022.0,0
c2-observer-p4-01,4,1,cold-first-data-action,c2.cleanup.queued_ack,cleanup,4,4,0,25836,6422.5,7030.0,0
c2-observer-p4-01,4,1,cold-first-data-action,c2.cleanup.close_job_executed,cleanup,3,3,0,20178,6361.0,8085.0,0
c2-observer-p4-01,4,1,cold-first-data-action,c2.cleanup.local_streams_removed,cleanup,4,4,0,24903,3297.0,17059.0,0
c2-observer-p4-01,4,1,cold-first-data-action,c2.release.response_buffer,cleanup,5,5,0,23071,2951.0,9332.0,0
c2-observer-p4-01,4,1,cold-first-data-action,c2.release.operation,cleanup,1,1,0,6859,6859.0,6859.0,1
c2-observer-p4-01,4,1,cold-first-data-action,c2.executor.owner,resources,1,1,0,24472827,24472827.0,24472827.0,1
c2-observer-p4-01,4,1,cold-first-data-action,c2.executor.buffer_owner,resources,1,1,0,24474511,24474511.0,24474511.0,1
c2-observer-p4-01,4,1,warm-same-query-same-server,c2.operation.binding,planning,1,0,1,,,,0
c2-observer-p4-01,4,1,warm-same-query-same-server,c2.job.accepted,scheduler,1,0,1,,,,0
c2-observer-p4-01,4,1,warm-same-query-same-server,c2.task.assigned,scheduler,8,0,8,,,,0
c2-observer-p4-01,4,1,warm-same-query-same-server,c2.plan.resolve,planning,1,1,0,678075,678075.0,678075.0,0
c2-observer-p4-01,4,1,warm-same-query-same-server,c2.plan.logical_execute,planning,1,1,0,8251,8251.0,8251.0,0
c2-observer-p4-01,4,1,warm-same-query-same-server,c2.plan.optimize,planning,1,1,0,404113,404113.0,404113.0,0
c2-observer-p4-01,4,1,warm-same-query-same-server,c2.plan.physical,planning,1,1,0,611836,611836.0,611836.0,0
c2-observer-p4-01,4,1,warm-same-query-same-server,c2.job.graph,planning,1,1,0,15484,15484.0,15484.0,0
c2-observer-p4-01,4,1,warm-same-query-same-server,c2.job.topology,planning,1,1,0,5344,5344.0,5344.0,0
c2-observer-p4-01,4,1,warm-same-query-same-server,c2.scheduler.select_assign,scheduler,10,10,0,25000,2306.0,5428.0,0
c2-observer-p4-01,4,1,warm-same-query-same-server,c2.stage.definition,serialization,2,2,0,95474,47737.0,59796.0,0
c2-observer-p4-01,4,1,warm-same-query-same-server,c2.stage.physical_encode,serialization,2,2,0,87110,43555.0,55478.0,0
c2-observer-p4-01,4,1,warm-same-query-same-server,c2.task.preparation_queue,scheduler,8,8,0,177904,22202.5,31399.0,0
c2-observer-p4-01,4,1,warm-same-query-same-server,c2.task.preparation,scheduler,8,8,0,2017717,241945.5,310111.0,0
c2-observer-p4-01,4,1,warm-same-query-same-server,c2.stage.definition_cache_hit,scheduler,2,0,2,,,,0
c2-observer-p4-01,4,1,warm-same-query-same-server,c2.batch.dispatch,scheduler,4,4,0,1952650,468830.0,635508.0,0
c2-observer-p4-01,4,1,warm-same-query-same-server,c2.task.dispatched,scheduler,8,0,8,,,,0
c2-observer-p4-01,4,1,warm-same-query-same-server,c2.batch.definition_encode,serialization,4,4,0,36306,9122.0,12130.0,0
c2-observer-p4-01,4,1,warm-same-query-same-server,c2.batch.definition_decode,serialization,4,4,0,24069,5420.0,8811.0,0
c2-observer-p4-01,4,1,warm-same-query-same-server,c2.batch.physical_decode,serialization,4,4,0,80966,21093.5,35527.0,0
c2-observer-p4-01,4,1,warm-same-query-same-server,c2.task.physical_decode,serialization,8,8,0,781812,91777.5,165856.0,0
c2-observer-p4-01,4,1,warm-same-query-same-server,c2.batch.admission,scheduler,4,4,0,240165,65315.5,72688.0,0
c2-observer-p4-01,4,1,warm-same-query-same-server,c2.task.admitted,scheduler,8,0,8,,,,0
c2-observer-p4-01,4,1,warm-same-query-same-server,c2.task.terminal,scheduler,8,0,8,,,,0
c2-observer-p4-01,4,1,warm-same-query-same-server,c2.reader.declaration,stream,4,0,4,,,,0
c2-observer-p4-01,4,1,warm-same-query-same-server,c2.writer.declaration,stream,8,0,8,,,,0
c2-observer-p4-01,4,1,warm-same-query-same-server,c2.reader.open,stream,4,4,0,2696872,669708.5,874044.0,0
c2-observer-p4-01,4,1,warm-same-query-same-server,c2.writer.open,stream,8,8,0,388958,40665.0,94849.0,0
c2-observer-p4-01,4,1,warm-same-query-same-server,c2.stream.consumption,stream,22,22,0,39384091,1447204.5,4428525.0,0
c2-observer-p4-01,4,1,warm-same-query-same-server,c2.stream.owner,stream,34,34,0,64468139,1931222.5,4754666.0,0
c2-observer-p4-01,4,1,warm-same-query-same-server,c2.stream.first_poll,stream,22,0,22,,,,0
c2-observer-p4-01,4,1,warm-same-query-same-server,c2.stream.first_batch,stream,22,0,22,,,,0
c2-observer-p4-01,4,1,warm-same-query-same-server,c2.sink.commit,stream,8,8,0,46735,4301.5,13434.0,0
c2-observer-p4-01,4,1,warm-same-query-same-server,c2.sink.abort,stream,0,0,0,,,,0
c2-observer-p4-01,4,1,warm-same-query-same-server,c2.output.forward,stream,1,1,0,4022176,4022176.0,4022176.0,0
c2-observer-p4-01,4,1,warm-same-query-same-server,c2.cleanup.dispatch,cleanup,4,4,0,947237,234266.5,259722.0,0
c2-observer-p4-01,4,1,warm-same-query-same-server,c2.cleanup.queued_ack,cleanup,4,4,0,27790,6264.0,9406.0,0
c2-observer-p4-01,4,1,warm-same-query-same-server,c2.cleanup.close_job_executed,cleanup,3,3,0,8412,2723.0,3322.0,0
c2-observer-p4-01,4,1,warm-same-query-same-server,c2.cleanup.local_streams_removed,cleanup,4,4,0,9059,2167.5,3665.0,0
c2-observer-p4-01,4,1,warm-same-query-same-server,c2.release.response_buffer,cleanup,5,5,0,15568,2489.0,5805.0,0
c2-observer-p4-01,4,1,warm-same-query-same-server,c2.release.operation,cleanup,1,1,0,2857,2857.0,2857.0,0
c2-observer-p4-01,4,1,warm-same-query-same-server,c2.executor.owner,resources,1,1,0,8163074,8163074.0,8163074.0,0
c2-observer-p4-01,4,1,warm-same-query-same-server,c2.executor.buffer_owner,resources,1,1,0,8158682,8158682.0,8158682.0,0
c2-observer-p16-01,16,1,cold-first-data-action,c2.operation.binding,planning,1,0,1,,,,0
c2-observer-p16-01,16,1,cold-first-data-action,c2.job.accepted,scheduler,1,0,1,,,,0
c2-observer-p16-01,16,1,cold-first-data-action,c2.task.assigned,scheduler,24,0,24,,,,0
c2-observer-p16-01,16,1,cold-first-data-action,c2.plan.resolve,planning,1,1,0,513202,513202.0,513202.0,0
c2-observer-p16-01,16,1,cold-first-data-action,c2.plan.logical_execute,planning,1,1,0,15033,15033.0,15033.0,0
c2-observer-p16-01,16,1,cold-first-data-action,c2.plan.optimize,planning,1,1,0,871164,871164.0,871164.0,0
c2-observer-p16-01,16,1,cold-first-data-action,c2.plan.physical,planning,1,1,0,1651678,1651678.0,1651678.0,0
c2-observer-p16-01,16,1,cold-first-data-action,c2.job.graph,planning,1,1,0,52493,52493.0,52493.0,0
c2-observer-p16-01,16,1,cold-first-data-action,c2.job.topology,planning,1,1,0,20443,20443.0,20443.0,0
c2-observer-p16-01,16,1,cold-first-data-action,c2.scheduler.select_assign,scheduler,26,26,0,116748,2780.5,14933.0,0
c2-observer-p16-01,16,1,cold-first-data-action,c2.stage.definition,serialization,2,2,0,294721,147360.5,212138.0,0
c2-observer-p16-01,16,1,cold-first-data-action,c2.stage.physical_encode,serialization,2,2,0,269682,134841.0,199432.0,0
c2-observer-p16-01,16,1,cold-first-data-action,c2.task.preparation_queue,scheduler,24,24,0,34244074,1353026.5,2251199.0,0
c2-observer-p16-01,16,1,cold-first-data-action,c2.task.preparation,scheduler,24,24,0,36252128,1523263.0,2260242.0,0
c2-observer-p16-01,16,1,cold-first-data-action,c2.stage.definition_cache_hit,scheduler,2,0,2,,,,0
c2-observer-p16-01,16,1,cold-first-data-action,c2.batch.dispatch,scheduler,4,4,0,9289428,2340737.5,2681172.0,0
c2-observer-p16-01,16,1,cold-first-data-action,c2.task.dispatched,scheduler,24,0,24,,,,0
c2-observer-p16-01,16,1,cold-first-data-action,c2.batch.definition_encode,serialization,4,4,0,56857,13300.0,23946.0,0
c2-observer-p16-01,16,1,cold-first-data-action,c2.batch.definition_decode,serialization,4,4,0,159731,40420.5,54566.0,0
c2-observer-p16-01,16,1,cold-first-data-action,c2.batch.physical_decode,serialization,4,4,0,284831,60612.0,146671.0,0
c2-observer-p16-01,16,1,cold-first-data-action,c2.task.physical_decode,serialization,24,24,0,21979782,905561.5,1817026.0,0
c2-observer-p16-01,16,1,cold-first-data-action,c2.batch.admission,scheduler,4,4,0,2490555,572156.0,1141322.0,0
c2-observer-p16-01,16,1,cold-first-data-action,c2.task.admitted,scheduler,24,0,24,,,,0
c2-observer-p16-01,16,1,cold-first-data-action,c2.task.terminal,scheduler,24,0,24,,,,0
c2-observer-p16-01,16,1,cold-first-data-action,c2.reader.declaration,stream,16,0,16,,,,0
c2-observer-p16-01,16,1,cold-first-data-action,c2.writer.declaration,stream,24,0,24,,,,0
c2-observer-p16-01,16,1,cold-first-data-action,c2.reader.open,stream,16,16,0,66890234,4798179.0,5634496.0,0
c2-observer-p16-01,16,1,cold-first-data-action,c2.writer.open,stream,24,24,0,6975147,291342.0,538336.0,0
c2-observer-p16-01,16,1,cold-first-data-action,c2.stream.consumption,stream,66,66,0,263117271,5067630.0,6887259.0,0
c2-observer-p16-01,16,1,cold-first-data-action,c2.stream.owner,stream,106,106,0,497149992,5640445.5,7560264.0,0
c2-observer-p16-01,16,1,cold-first-data-action,c2.stream.first_poll,stream,66,0,66,,,,0
c2-observer-p16-01,16,1,cold-first-data-action,c2.stream.first_batch,stream,66,0,66,,,,0
c2-observer-p16-01,16,1,cold-first-data-action,c2.sink.commit,stream,24,24,0,192912,3412.0,22167.0,0
c2-observer-p16-01,16,1,cold-first-data-action,c2.sink.abort,stream,0,0,0,,,,0
c2-observer-p16-01,16,1,cold-first-data-action,c2.output.forward,stream,1,1,0,13223872,13223872.0,13223872.0,0
c2-observer-p16-01,16,1,cold-first-data-action,c2.cleanup.dispatch,cleanup,4,4,0,1057741,263318.0,289010.0,0
c2-observer-p16-01,16,1,cold-first-data-action,c2.cleanup.queued_ack,cleanup,4,4,0,25214,6291.5,6512.0,0
c2-observer-p16-01,16,1,cold-first-data-action,c2.cleanup.close_job_executed,cleanup,3,3,0,26660,8000.0,11173.0,0
c2-observer-p16-01,16,1,cold-first-data-action,c2.cleanup.local_streams_removed,cleanup,4,4,0,18409,4598.5,7812.0,0
c2-observer-p16-01,16,1,cold-first-data-action,c2.release.response_buffer,cleanup,17,17,0,59096,2336.0,13682.0,0
c2-observer-p16-01,16,1,cold-first-data-action,c2.release.operation,cleanup,1,1,0,5237,5237.0,5237.0,0
c2-observer-p16-01,16,1,cold-first-data-action,c2.executor.owner,resources,1,1,0,26743063,26743063.0,26743063.0,0
c2-observer-p16-01,16,1,cold-first-data-action,c2.executor.buffer_owner,resources,1,1,0,26743416,26743416.0,26743416.0,0
c2-observer-p16-01,16,1,warm-same-query-same-server,c2.operation.binding,planning,1,0,1,,,,0
c2-observer-p16-01,16,1,warm-same-query-same-server,c2.job.accepted,scheduler,1,0,1,,,,0
c2-observer-p16-01,16,1,warm-same-query-same-server,c2.task.assigned,scheduler,24,0,24,,,,0
c2-observer-p16-01,16,1,warm-same-query-same-server,c2.plan.resolve,planning,1,1,0,609231,609231.0,609231.0,0
c2-observer-p16-01,16,1,warm-same-query-same-server,c2.plan.logical_execute,planning,1,1,0,5357,5357.0,5357.0,0
c2-observer-p16-01,16,1,warm-same-query-same-server,c2.plan.optimize,planning,1,1,0,371314,371314.0,371314.0,0
c2-observer-p16-01,16,1,warm-same-query-same-server,c2.plan.physical,planning,1,1,0,634673,634673.0,634673.0,0
c2-observer-p16-01,16,1,warm-same-query-same-server,c2.job.graph,planning,1,1,0,17124,17124.0,17124.0,0
c2-observer-p16-01,16,1,warm-same-query-same-server,c2.job.topology,planning,1,1,0,7197,7197.0,7197.0,0
c2-observer-p16-01,16,1,warm-same-query-same-server,c2.scheduler.select_assign,scheduler,26,26,0,62304,2294.5,3548.0,0
c2-observer-p16-01,16,1,warm-same-query-same-server,c2.stage.definition,serialization,2,2,0,120804,60402.0,83531.0,0
c2-observer-p16-01,16,1,warm-same-query-same-server,c2.stage.physical_encode,serialization,2,2,0,107619,53809.5,79849.0,0
c2-observer-p16-01,16,1,warm-same-query-same-server,c2.task.preparation_queue,scheduler,24,24,0,853395,31661.5,71342.0,0
c2-observer-p16-01,16,1,warm-same-query-same-server,c2.task.preparation,scheduler,24,24,0,8992794,325891.5,646487.0,0
c2-observer-p16-01,16,1,warm-same-query-same-server,c2.stage.definition_cache_hit,scheduler,2,0,2,,,,0
c2-observer-p16-01,16,1,warm-same-query-same-server,c2.batch.dispatch,scheduler,4,4,0,2660695,639722.0,842094.0,0
c2-observer-p16-01,16,1,warm-same-query-same-server,c2.task.dispatched,scheduler,24,0,24,,,,0
c2-observer-p16-01,16,1,warm-same-query-same-server,c2.batch.definition_encode,serialization,4,4,0,36035,9092.5,13647.0,0
c2-observer-p16-01,16,1,warm-same-query-same-server,c2.batch.definition_decode,serialization,4,4,0,47201,11388.5,16457.0,0
c2-observer-p16-01,16,1,warm-same-query-same-server,c2.batch.physical_decode,serialization,4,4,0,77411,18527.5,30229.0,0
c2-observer-p16-01,16,1,warm-same-query-same-server,c2.task.physical_decode,serialization,24,24,0,2570269,76368.5,263593.0,0
c2-observer-p16-01,16,1,warm-same-query-same-server,c2.batch.admission,scheduler,4,4,0,553321,132680.5,243296.0,0
c2-observer-p16-01,16,1,warm-same-query-same-server,c2.task.admitted,scheduler,24,0,24,,,,0
c2-observer-p16-01,16,1,warm-same-query-same-server,c2.task.terminal,scheduler,24,0,24,,,,0
c2-observer-p16-01,16,1,warm-same-query-same-server,c2.reader.declaration,stream,16,0,16,,,,0
c2-observer-p16-01,16,1,warm-same-query-same-server,c2.writer.declaration,stream,24,0,24,,,,0
c2-observer-p16-01,16,1,warm-same-query-same-server,c2.reader.open,stream,16,16,0,55936059,3585421.0,4852974.0,0
c2-observer-p16-01,16,1,warm-same-query-same-server,c2.writer.open,stream,24,24,0,12662412,506369.0,727066.0,0
c2-observer-p16-01,16,1,warm-same-query-same-server,c2.stream.consumption,stream,66,66,0,191107380,3304122.0,6087804.0,0
c2-observer-p16-01,16,1,warm-same-query-same-server,c2.stream.owner,stream,106,106,0,374487264,4330066.0,6356256.0,0
c2-observer-p16-01,16,1,warm-same-query-same-server,c2.stream.first_poll,stream,66,0,66,,,,0
c2-observer-p16-01,16,1,warm-same-query-same-server,c2.stream.first_batch,stream,66,0,66,,,,0
c2-observer-p16-01,16,1,warm-same-query-same-server,c2.sink.commit,stream,24,24,0,153463,3902.5,13192.0,0
c2-observer-p16-01,16,1,warm-same-query-same-server,c2.sink.abort,stream,0,0,0,,,,0
c2-observer-p16-01,16,1,warm-same-query-same-server,c2.output.forward,stream,1,1,0,8373536,8373536.0,8373536.0,0
c2-observer-p16-01,16,1,warm-same-query-same-server,c2.cleanup.dispatch,cleanup,4,4,0,1125445,276285.5,307808.0,0
c2-observer-p16-01,16,1,warm-same-query-same-server,c2.cleanup.queued_ack,cleanup,4,4,0,34901,8483.5,11436.0,0
c2-observer-p16-01,16,1,warm-same-query-same-server,c2.cleanup.close_job_executed,cleanup,3,3,0,14470,3257.0,8192.0,0
c2-observer-p16-01,16,1,warm-same-query-same-server,c2.cleanup.local_streams_removed,cleanup,4,4,0,15022,3755.0,6424.0,0
c2-observer-p16-01,16,1,warm-same-query-same-server,c2.release.response_buffer,cleanup,17,17,0,45487,2417.0,6848.0,0
c2-observer-p16-01,16,1,warm-same-query-same-server,c2.release.operation,cleanup,1,1,0,2096,2096.0,2096.0,0
c2-observer-p16-01,16,1,warm-same-query-same-server,c2.executor.owner,resources,1,1,0,14237628,14237628.0,14237628.0,0
c2-observer-p16-01,16,1,warm-same-query-same-server,c2.executor.buffer_owner,resources,1,1,0,14238607,14238607.0,14238607.0,0
c2-observer-p32-01,32,1,cold-first-data-action,c2.operation.binding,planning,1,0,1,,,,0
c2-observer-p32-01,32,1,cold-first-data-action,c2.job.accepted,scheduler,1,0,1,,,,0
c2-observer-p32-01,32,1,cold-first-data-action,c2.task.assigned,scheduler,40,0,40,,,,0
c2-observer-p32-01,32,1,cold-first-data-action,c2.plan.resolve,planning,1,1,0,545917,545917.0,545917.0,0
c2-observer-p32-01,32,1,cold-first-data-action,c2.plan.logical_execute,planning,1,1,0,12269,12269.0,12269.0,0
c2-observer-p32-01,32,1,cold-first-data-action,c2.plan.optimize,planning,1,1,0,872971,872971.0,872971.0,0
c2-observer-p32-01,32,1,cold-first-data-action,c2.plan.physical,planning,1,1,0,1572629,1572629.0,1572629.0,0
c2-observer-p32-01,32,1,cold-first-data-action,c2.job.graph,planning,1,1,0,54005,54005.0,54005.0,0
c2-observer-p32-01,32,1,cold-first-data-action,c2.job.topology,planning,1,1,0,24979,24979.0,24979.0,0
c2-observer-p32-01,32,1,cold-first-data-action,c2.scheduler.select_assign,scheduler,42,42,0,157821,3001.5,9634.0,0
c2-observer-p32-01,32,1,cold-first-data-action,c2.stage.definition,serialization,2,2,0,309747,154873.5,214881.0,0
c2-observer-p32-01,32,1,cold-first-data-action,c2.stage.physical_encode,serialization,2,2,0,275418,137709.0,202206.0,0
c2-observer-p32-01,32,1,cold-first-data-action,c2.task.preparation_queue,scheduler,40,40,0,94386299,2123114.5,4249097.0,0
c2-observer-p32-01,32,1,cold-first-data-action,c2.task.preparation,scheduler,40,40,0,53783929,1288055.5,2073790.0,0
c2-observer-p32-01,32,1,cold-first-data-action,c2.stage.definition_cache_hit,scheduler,2,0,2,,,,0
c2-observer-p32-01,32,1,cold-first-data-action,c2.batch.dispatch,scheduler,4,4,0,8162536,2196895.5,2522988.0,0
c2-observer-p32-01,32,1,cold-first-data-action,c2.task.dispatched,scheduler,40,0,40,,,,0
c2-observer-p32-01,32,1,cold-first-data-action,c2.batch.definition_encode,serialization,4,4,0,111243,17940.0,64727.0,0
c2-observer-p32-01,32,1,cold-first-data-action,c2.batch.definition_decode,serialization,4,4,0,167736,45281.0,55818.0,0
c2-observer-p32-01,32,1,cold-first-data-action,c2.batch.physical_decode,serialization,4,4,0,295794,60987.0,156626.0,0
c2-observer-p32-01,32,1,cold-first-data-action,c2.task.physical_decode,serialization,40,40,0,22501802,512771.5,1166266.0,0
c2-observer-p32-01,32,1,cold-first-data-action,c2.batch.admission,scheduler,4,4,0,3169227,743092.0,1489056.0,0
c2-observer-p32-01,32,1,cold-first-data-action,c2.task.admitted,scheduler,40,0,40,,,,0
c2-observer-p32-01,32,1,cold-first-data-action,c2.task.terminal,scheduler,40,0,40,,,,0
c2-observer-p32-01,32,1,cold-first-data-action,c2.reader.declaration,stream,32,0,32,,,,0
c2-observer-p32-01,32,1,cold-first-data-action,c2.writer.declaration,stream,40,0,40,,,,0
c2-observer-p32-01,32,1,cold-first-data-action,c2.reader.open,stream,32,32,0,198572383,6184205.0,7946677.0,0
c2-observer-p32-01,32,1,cold-first-data-action,c2.writer.open,stream,40,40,0,39613146,856150.0,2143382.0,0
c2-observer-p32-01,32,1,cold-first-data-action,c2.stream.consumption,stream,114,114,0,625706531,6848755.0,9831897.0,0
c2-observer-p32-01,32,1,cold-first-data-action,c2.stream.owner,stream,186,186,0,1257007560,8127324.0,10127512.0,0
c2-observer-p32-01,32,1,cold-first-data-action,c2.stream.first_poll,stream,114,0,114,,,,0
c2-observer-p32-01,32,1,cold-first-data-action,c2.stream.first_batch,stream,114,0,114,,,,0
c2-observer-p32-01,32,1,cold-first-data-action,c2.sink.commit,stream,40,40,0,468018,4784.5,40580.0,0
c2-observer-p32-01,32,1,cold-first-data-action,c2.sink.abort,stream,0,0,0,,,,0
c2-observer-p32-01,32,1,cold-first-data-action,c2.output.forward,stream,1,1,0,19310573,19310573.0,19310573.0,0
c2-observer-p32-01,32,1,cold-first-data-action,c2.cleanup.dispatch,cleanup,4,4,0,1132991,282742.5,300563.0,0
c2-observer-p32-01,32,1,cold-first-data-action,c2.cleanup.queued_ack,cleanup,4,4,0,35326,8813.0,11529.0,0
c2-observer-p32-01,32,1,cold-first-data-action,c2.cleanup.close_job_executed,cleanup,3,3,0,28248,9836.0,10212.0,0
c2-observer-p32-01,32,1,cold-first-data-action,c2.cleanup.local_streams_removed,cleanup,4,4,0,23609,5911.0,10242.0,0
c2-observer-p32-01,32,1,cold-first-data-action,c2.release.response_buffer,cleanup,33,33,0,94695,2320.0,6767.0,0
c2-observer-p32-01,32,1,cold-first-data-action,c2.release.operation,cleanup,1,1,0,5465,5465.0,5465.0,0
c2-observer-p32-01,32,1,cold-first-data-action,c2.executor.owner,resources,1,1,0,30445909,30445909.0,30445909.0,0
c2-observer-p32-01,32,1,cold-first-data-action,c2.executor.buffer_owner,resources,1,1,0,30450154,30450154.0,30450154.0,0
c2-observer-p32-01,32,1,warm-same-query-same-server,c2.operation.binding,planning,1,0,1,,,,0
c2-observer-p32-01,32,1,warm-same-query-same-server,c2.job.accepted,scheduler,1,0,1,,,,0
c2-observer-p32-01,32,1,warm-same-query-same-server,c2.task.assigned,scheduler,40,0,40,,,,0
c2-observer-p32-01,32,1,warm-same-query-same-server,c2.plan.resolve,planning,1,1,0,778177,778177.0,778177.0,0
c2-observer-p32-01,32,1,warm-same-query-same-server,c2.plan.logical_execute,planning,1,1,0,6740,6740.0,6740.0,0
c2-observer-p32-01,32,1,warm-same-query-same-server,c2.plan.optimize,planning,1,1,0,429030,429030.0,429030.0,0
c2-observer-p32-01,32,1,warm-same-query-same-server,c2.plan.physical,planning,1,1,0,695025,695025.0,695025.0,0
c2-observer-p32-01,32,1,warm-same-query-same-server,c2.job.graph,planning,1,1,0,23114,23114.0,23114.0,0
c2-observer-p32-01,32,1,warm-same-query-same-server,c2.job.topology,planning,1,1,0,11237,11237.0,11237.0,0
c2-observer-p32-01,32,1,warm-same-query-same-server,c2.scheduler.select_assign,scheduler,42,42,0,147071,2820.0,7114.0,0
c2-observer-p32-01,32,1,warm-same-query-same-server,c2.stage.definition,serialization,2,2,0,145410,72705.0,79459.0,0
c2-observer-p32-01,32,1,warm-same-query-same-server,c2.stage.physical_encode,serialization,2,2,0,118993,59496.5,75658.0,0
c2-observer-p32-01,32,1,warm-same-query-same-server,c2.task.preparation_queue,scheduler,40,40,0,1962951,26437.0,143680.0,0
c2-observer-p32-01,32,1,warm-same-query-same-server,c2.task.preparation,scheduler,40,40,0,16207291,338926.0,734097.0,0
c2-observer-p32-01,32,1,warm-same-query-same-server,c2.stage.definition_cache_hit,scheduler,2,0,2,,,,0
c2-observer-p32-01,32,1,warm-same-query-same-server,c2.batch.dispatch,scheduler,4,4,0,2587926,601801.5,859967.0,0
c2-observer-p32-01,32,1,warm-same-query-same-server,c2.task.dispatched,scheduler,40,0,40,,,,0
c2-observer-p32-01,32,1,warm-same-query-same-server,c2.batch.definition_encode,serialization,4,4,0,55221,13705.0,25453.0,0
c2-observer-p32-01,32,1,warm-same-query-same-server,c2.batch.definition_decode,serialization,4,4,0,78241,17491.0,32467.0,0
c2-observer-p32-01,32,1,warm-same-query-same-server,c2.batch.physical_decode,serialization,4,4,0,130945,40298.0,41660.0,0
c2-observer-p32-01,32,1,warm-same-query-same-server,c2.task.physical_decode,serialization,40,40,0,4125921,72209.5,224578.0,0
c2-observer-p32-01,32,1,warm-same-query-same-server,c2.batch.admission,scheduler,4,4,0,608249,161271.5,202888.0,0
c2-observer-p32-01,32,1,warm-same-query-same-server,c2.task.admitted,scheduler,40,0,40,,,,0
c2-observer-p32-01,32,1,warm-same-query-same-server,c2.task.terminal,scheduler,40,0,40,,,,0
c2-observer-p32-01,32,1,warm-same-query-same-server,c2.reader.declaration,stream,32,0,32,,,,0
c2-observer-p32-01,32,1,warm-same-query-same-server,c2.writer.declaration,stream,40,0,40,,,,0
c2-observer-p32-01,32,1,warm-same-query-same-server,c2.reader.open,stream,32,32,0,169884974,5259718.0,7335982.0,0
c2-observer-p32-01,32,1,warm-same-query-same-server,c2.writer.open,stream,40,40,0,56734183,1486749.0,1878066.0,0
c2-observer-p32-01,32,1,warm-same-query-same-server,c2.stream.consumption,stream,114,114,0,525699597,5288982.0,9449590.0,0
c2-observer-p32-01,32,1,warm-same-query-same-server,c2.stream.owner,stream,186,186,0,1073969657,6616803.0,9994481.0,0
c2-observer-p32-01,32,1,warm-same-query-same-server,c2.stream.first_poll,stream,114,0,114,,,,0
c2-observer-p32-01,32,1,warm-same-query-same-server,c2.stream.first_batch,stream,114,0,114,,,,0
c2-observer-p32-01,32,1,warm-same-query-same-server,c2.sink.commit,stream,40,40,0,314818,4409.0,23462.0,0
c2-observer-p32-01,32,1,warm-same-query-same-server,c2.sink.abort,stream,0,0,0,,,,0
c2-observer-p32-01,32,1,warm-same-query-same-server,c2.output.forward,stream,1,1,0,13755000,13755000.0,13755000.0,0
c2-observer-p32-01,32,1,warm-same-query-same-server,c2.cleanup.dispatch,cleanup,4,4,0,1020201,253102.5,276606.0,0
c2-observer-p32-01,32,1,warm-same-query-same-server,c2.cleanup.queued_ack,cleanup,4,4,0,30748,6393.5,11985.0,0
c2-observer-p32-01,32,1,warm-same-query-same-server,c2.cleanup.close_job_executed,cleanup,3,3,0,18648,5344.0,8092.0,0
c2-observer-p32-01,32,1,warm-same-query-same-server,c2.cleanup.local_streams_removed,cleanup,4,4,0,21153,4776.5,10158.0,0
c2-observer-p32-01,32,1,warm-same-query-same-server,c2.release.response_buffer,cleanup,33,33,0,103049,2481.0,6518.0,0
c2-observer-p32-01,32,1,warm-same-query-same-server,c2.release.operation,cleanup,1,1,0,1976,1976.0,1976.0,0
c2-observer-p32-01,32,1,warm-same-query-same-server,c2.executor.owner,resources,1,1,0,29694188,29694188.0,29694188.0,0
c2-observer-p32-01,32,1,warm-same-query-same-server,c2.executor.buffer_owner,resources,1,1,0,29697054,29697054.0,29697054.0,0
c2-observer-p4-02,4,2,cold-first-data-action,c2.operation.binding,planning,1,0,1,,,,0
c2-observer-p4-02,4,2,cold-first-data-action,c2.job.accepted,scheduler,1,0,1,,,,0
c2-observer-p4-02,4,2,cold-first-data-action,c2.task.assigned,scheduler,8,0,8,,,,0
c2-observer-p4-02,4,2,cold-first-data-action,c2.plan.resolve,planning,1,1,0,528541,528541.0,528541.0,0
c2-observer-p4-02,4,2,cold-first-data-action,c2.plan.logical_execute,planning,1,1,0,12405,12405.0,12405.0,0
c2-observer-p4-02,4,2,cold-first-data-action,c2.plan.optimize,planning,1,1,0,850040,850040.0,850040.0,0
c2-observer-p4-02,4,2,cold-first-data-action,c2.plan.physical,planning,1,1,0,1502832,1502832.0,1502832.0,0
c2-observer-p4-02,4,2,cold-first-data-action,c2.job.graph,planning,1,1,0,69370,69370.0,69370.0,0
c2-observer-p4-02,4,2,cold-first-data-action,c2.job.topology,planning,1,1,0,19268,19268.0,19268.0,0
c2-observer-p4-02,4,2,cold-first-data-action,c2.scheduler.select_assign,scheduler,10,10,0,34102,2586.0,8903.0,0
c2-observer-p4-02,4,2,cold-first-data-action,c2.stage.definition,serialization,2,2,0,308175,154087.5,226168.0,0
c2-observer-p4-02,4,2,cold-first-data-action,c2.stage.physical_encode,serialization,2,2,0,290845,145422.5,213375.0,0
c2-observer-p4-02,4,2,cold-first-data-action,c2.task.preparation_queue,scheduler,8,8,0,2120501,250244.5,383243.0,0
c2-observer-p4-02,4,2,cold-first-data-action,c2.task.preparation,scheduler,8,8,0,8013061,967390.0,1143778.0,0
c2-observer-p4-02,4,2,cold-first-data-action,c2.stage.definition_cache_hit,scheduler,2,0,2,,,,0
c2-observer-p4-02,4,2,cold-first-data-action,c2.batch.dispatch,scheduler,4,4,0,5927618,1485170.0,1636754.0,0
c2-observer-p4-02,4,2,cold-first-data-action,c2.task.dispatched,scheduler,8,0,8,,,,0
c2-observer-p4-02,4,2,cold-first-data-action,c2.batch.definition_encode,serialization,4,4,0,60511,14749.0,25373.0,0
c2-observer-p4-02,4,2,cold-first-data-action,c2.batch.definition_decode,serialization,4,4,0,132362,32495.0,46858.0,0
c2-observer-p4-02,4,2,cold-first-data-action,c2.batch.physical_decode,serialization,4,4,0,231583,58701.5,112579.0,0
c2-observer-p4-02,4,2,cold-first-data-action,c2.task.physical_decode,serialization,8,8,0,4751330,556030.5,721679.0,0
c2-observer-p4-02,4,2,cold-first-data-action,c2.batch.admission,scheduler,4,4,0,913879,228126.0,305843.0,0
c2-observer-p4-02,4,2,cold-first-data-action,c2.task.admitted,scheduler,8,0,8,,,,0
c2-observer-p4-02,4,2,cold-first-data-action,c2.task.terminal,scheduler,8,0,8,,,,0
c2-observer-p4-02,4,2,cold-first-data-action,c2.reader.declaration,stream,4,0,4,,,,0
c2-observer-p4-02,4,2,cold-first-data-action,c2.writer.declaration,stream,8,0,8,,,,0
c2-observer-p4-02,4,2,cold-first-data-action,c2.reader.open,stream,4,4,0,3163628,782637.0,864712.0,0
c2-observer-p4-02,4,2,cold-first-data-action,c2.writer.open,stream,8,8,0,451946,58173.0,82402.0,0
c2-observer-p4-02,4,2,cold-first-data-action,c2.stream.consumption,stream,22,22,0,78019323,2746343.0,8621795.0,0
c2-observer-p4-02,4,2,cold-first-data-action,c2.stream.owner,stream,34,34,0,125827885,3645114.0,9371542.0,0
c2-observer-p4-02,4,2,cold-first-data-action,c2.stream.first_poll,stream,22,0,22,,,,0
c2-observer-p4-02,4,2,cold-first-data-action,c2.stream.first_batch,stream,22,0,22,,,,0
c2-observer-p4-02,4,2,cold-first-data-action,c2.sink.commit,stream,8,8,0,65194,4554.5,17571.0,0
c2-observer-p4-02,4,2,cold-first-data-action,c2.sink.abort,stream,0,0,0,,,,0
c2-observer-p4-02,4,2,cold-first-data-action,c2.output.forward,stream,1,1,0,8182835,8182835.0,8182835.0,0
c2-observer-p4-02,4,2,cold-first-data-action,c2.cleanup.dispatch,cleanup,4,4,0,1153027,290702.5,330090.0,0
c2-observer-p4-02,4,2,cold-first-data-action,c2.cleanup.queued_ack,cleanup,4,4,0,27526,6830.0,8045.0,0
c2-observer-p4-02,4,2,cold-first-data-action,c2.cleanup.close_job_executed,cleanup,3,3,0,23976,7610.0,9579.0,0
c2-observer-p4-02,4,2,cold-first-data-action,c2.cleanup.local_streams_removed,cleanup,4,4,0,13197,3325.5,5428.0,0
c2-observer-p4-02,4,2,cold-first-data-action,c2.release.response_buffer,cleanup,5,5,0,16681,2435.0,7029.0,0
c2-observer-p4-02,4,2,cold-first-data-action,c2.release.operation,cleanup,1,1,0,5319,5319.0,5319.0,1
c2-observer-p4-02,4,2,cold-first-data-action,c2.executor.owner,resources,1,1,0,24518934,24518934.0,24518934.0,1
c2-observer-p4-02,4,2,cold-first-data-action,c2.executor.buffer_owner,resources,1,1,0,24520811,24520811.0,24520811.0,1
c2-observer-p4-02,4,2,warm-same-query-same-server,c2.operation.binding,planning,1,0,1,,,,0
c2-observer-p4-02,4,2,warm-same-query-same-server,c2.job.accepted,scheduler,1,0,1,,,,0
c2-observer-p4-02,4,2,warm-same-query-same-server,c2.task.assigned,scheduler,8,0,8,,,,0
c2-observer-p4-02,4,2,warm-same-query-same-server,c2.plan.resolve,planning,1,1,0,708388,708388.0,708388.0,0
c2-observer-p4-02,4,2,warm-same-query-same-server,c2.plan.logical_execute,planning,1,1,0,5663,5663.0,5663.0,0
c2-observer-p4-02,4,2,warm-same-query-same-server,c2.plan.optimize,planning,1,1,0,399712,399712.0,399712.0,0
c2-observer-p4-02,4,2,warm-same-query-same-server,c2.plan.physical,planning,1,1,0,606805,606805.0,606805.0,0
c2-observer-p4-02,4,2,warm-same-query-same-server,c2.job.graph,planning,1,1,0,15373,15373.0,15373.0,0
c2-observer-p4-02,4,2,warm-same-query-same-server,c2.job.topology,planning,1,1,0,4756,4756.0,4756.0,0
c2-observer-p4-02,4,2,warm-same-query-same-server,c2.scheduler.select_assign,scheduler,10,10,0,24851,2415.0,5383.0,0
c2-observer-p4-02,4,2,warm-same-query-same-server,c2.stage.definition,serialization,2,2,0,106464,53232.0,73078.0,0
c2-observer-p4-02,4,2,warm-same-query-same-server,c2.stage.physical_encode,serialization,2,2,0,98838,49419.0,69392.0,0
c2-observer-p4-02,4,2,warm-same-query-same-server,c2.task.preparation_queue,scheduler,8,8,0,164297,18812.5,40373.0,0
c2-observer-p4-02,4,2,warm-same-query-same-server,c2.task.preparation,scheduler,8,8,0,2085275,282045.0,317230.0,0
c2-observer-p4-02,4,2,warm-same-query-same-server,c2.stage.definition_cache_hit,scheduler,2,0,2,,,,0
c2-observer-p4-02,4,2,warm-same-query-same-server,c2.batch.dispatch,scheduler,4,4,0,2250487,538615.5,668624.0,0
c2-observer-p4-02,4,2,warm-same-query-same-server,c2.task.dispatched,scheduler,8,0,8,,,,0
c2-observer-p4-02,4,2,warm-same-query-same-server,c2.batch.definition_encode,serialization,4,4,0,27539,6643.5,9934.0,0
c2-observer-p4-02,4,2,warm-same-query-same-server,c2.batch.definition_decode,serialization,4,4,0,33862,7396.0,12623.0,0
c2-observer-p4-02,4,2,warm-same-query-same-server,c2.batch.physical_decode,serialization,4,4,0,75842,18264.0,31487.0,0
c2-observer-p4-02,4,2,warm-same-query-same-server,c2.task.physical_decode,serialization,8,8,0,689809,80667.5,145856.0,0
c2-observer-p4-02,4,2,warm-same-query-same-server,c2.batch.admission,scheduler,4,4,0,368449,90799.5,102531.0,0
c2-observer-p4-02,4,2,warm-same-query-same-server,c2.task.admitted,scheduler,8,0,8,,,,0
c2-observer-p4-02,4,2,warm-same-query-same-server,c2.task.terminal,scheduler,8,0,8,,,,0
c2-observer-p4-02,4,2,warm-same-query-same-server,c2.reader.declaration,stream,4,0,4,,,,0
c2-observer-p4-02,4,2,warm-same-query-same-server,c2.writer.declaration,stream,8,0,8,,,,0
c2-observer-p4-02,4,2,warm-same-query-same-server,c2.reader.open,stream,4,4,0,2219339,566739.5,591168.0,0
c2-observer-p4-02,4,2,warm-same-query-same-server,c2.writer.open,stream,8,8,0,272488,33796.0,50835.0,0
c2-observer-p4-02,4,2,warm-same-query-same-server,c2.stream.consumption,stream,22,22,0,35551988,1317715.5,3802594.0,0
c2-observer-p4-02,4,2,warm-same-query-same-server,c2.stream.owner,stream,34,34,0,60425492,1716689.5,4713287.0,0
c2-observer-p4-02,4,2,warm-same-query-same-server,c2.stream.first_poll,stream,22,0,22,,,,0
c2-observer-p4-02,4,2,warm-same-query-same-server,c2.stream.first_batch,stream,22,0,22,,,,0
c2-observer-p4-02,4,2,warm-same-query-same-server,c2.sink.commit,stream,8,8,0,51527,6025.0,10699.0,0
c2-observer-p4-02,4,2,warm-same-query-same-server,c2.sink.abort,stream,0,0,0,,,,0
c2-observer-p4-02,4,2,warm-same-query-same-server,c2.output.forward,stream,1,1,0,4056982,4056982.0,4056982.0,0
c2-observer-p4-02,4,2,warm-same-query-same-server,c2.cleanup.dispatch,cleanup,4,4,0,1042482,261090.0,268405.0,0
c2-observer-p4-02,4,2,warm-same-query-same-server,c2.cleanup.queued_ack,cleanup,4,4,0,32116,8276.0,9772.0,0
c2-observer-p4-02,4,2,warm-same-query-same-server,c2.cleanup.close_job_executed,cleanup,3,3,0,10209,3481.0,4073.0,0
c2-observer-p4-02,4,2,warm-same-query-same-server,c2.cleanup.local_streams_removed,cleanup,4,4,0,18808,2813.0,11861.0,0
c2-observer-p4-02,4,2,warm-same-query-same-server,c2.release.response_buffer,cleanup,5,5,0,12909,2403.0,3941.0,0
c2-observer-p4-02,4,2,warm-same-query-same-server,c2.release.operation,cleanup,1,1,0,3149,3149.0,3149.0,0
c2-observer-p4-02,4,2,warm-same-query-same-server,c2.executor.owner,resources,1,1,0,54995444,54995444.0,54995444.0,0
c2-observer-p4-02,4,2,warm-same-query-same-server,c2.executor.buffer_owner,resources,1,1,0,54995441,54995441.0,54995441.0,0
c2-observer-p16-02,16,2,cold-first-data-action,c2.operation.binding,planning,1,0,1,,,,0
c2-observer-p16-02,16,2,cold-first-data-action,c2.job.accepted,scheduler,1,0,1,,,,0
c2-observer-p16-02,16,2,cold-first-data-action,c2.task.assigned,scheduler,24,0,24,,,,0
c2-observer-p16-02,16,2,cold-first-data-action,c2.plan.resolve,planning,1,1,0,472253,472253.0,472253.0,0
c2-observer-p16-02,16,2,cold-first-data-action,c2.plan.logical_execute,planning,1,1,0,12295,12295.0,12295.0,0
c2-observer-p16-02,16,2,cold-first-data-action,c2.plan.optimize,planning,1,1,0,815653,815653.0,815653.0,0
c2-observer-p16-02,16,2,cold-first-data-action,c2.plan.physical,planning,1,1,0,1542708,1542708.0,1542708.0,0
c2-observer-p16-02,16,2,cold-first-data-action,c2.job.graph,planning,1,1,0,51695,51695.0,51695.0,0
c2-observer-p16-02,16,2,cold-first-data-action,c2.job.topology,planning,1,1,0,20505,20505.0,20505.0,0
c2-observer-p16-02,16,2,cold-first-data-action,c2.scheduler.select_assign,scheduler,26,26,0,80045,1391.0,12344.0,0
c2-observer-p16-02,16,2,cold-first-data-action,c2.stage.definition,serialization,2,2,0,295787,147893.5,215277.0,0
c2-observer-p16-02,16,2,cold-first-data-action,c2.stage.physical_encode,serialization,2,2,0,271100,135550.0,203258.0,0
c2-observer-p16-02,16,2,cold-first-data-action,c2.task.preparation_queue,scheduler,24,24,0,35426055,1365382.0,2726440.0,0
c2-observer-p16-02,16,2,cold-first-data-action,c2.task.preparation,scheduler,24,24,0,39975944,1720533.0,2386832.0,0
c2-observer-p16-02,16,2,cold-first-data-action,c2.stage.definition_cache_hit,scheduler,2,0,2,,,,0
c2-observer-p16-02,16,2,cold-first-data-action,c2.batch.dispatch,scheduler,4,4,0,7277958,1658328.0,2585050.0,0
c2-observer-p16-02,16,2,cold-first-data-action,c2.task.dispatched,scheduler,24,0,24,,,,0
c2-observer-p16-02,16,2,cold-first-data-action,c2.batch.definition_encode,serialization,4,4,0,87427,13850.5,50002.0,0
c2-observer-p16-02,16,2,cold-first-data-action,c2.batch.definition_decode,serialization,4,4,0,145551,35388.5,46761.0,0
c2-observer-p16-02,16,2,cold-first-data-action,c2.batch.physical_decode,serialization,4,4,0,211307,52816.5,97019.0,0
c2-observer-p16-02,16,2,cold-first-data-action,c2.task.physical_decode,serialization,24,24,0,20314846,861491.0,1571191.0,0
c2-observer-p16-02,16,2,cold-first-data-action,c2.batch.admission,scheduler,4,4,0,1289301,266974.0,504969.0,0
c2-observer-p16-02,16,2,cold-first-data-action,c2.task.admitted,scheduler,24,0,24,,,,0
c2-observer-p16-02,16,2,cold-first-data-action,c2.task.terminal,scheduler,24,0,24,,,,0
c2-observer-p16-02,16,2,cold-first-data-action,c2.reader.declaration,stream,16,0,16,,,,0
c2-observer-p16-02,16,2,cold-first-data-action,c2.writer.declaration,stream,24,0,24,,,,0
c2-observer-p16-02,16,2,cold-first-data-action,c2.reader.open,stream,16,16,0,50842524,3174654.0,5088953.0,0
c2-observer-p16-02,16,2,cold-first-data-action,c2.writer.open,stream,24,24,0,7718678,330499.0,533834.0,0
c2-observer-p16-02,16,2,cold-first-data-action,c2.stream.consumption,stream,66,66,0,280253614,5018708.5,6674846.0,0
c2-observer-p16-02,16,2,cold-first-data-action,c2.stream.owner,stream,106,106,0,525019058,5804058.5,7285927.0,0
c2-observer-p16-02,16,2,cold-first-data-action,c2.stream.first_poll,stream,66,0,66,,,,0
c2-observer-p16-02,16,2,cold-first-data-action,c2.stream.first_batch,stream,66,0,66,,,,0
c2-observer-p16-02,16,2,cold-first-data-action,c2.sink.commit,stream,24,24,0,273677,4592.0,27763.0,0
c2-observer-p16-02,16,2,cold-first-data-action,c2.sink.abort,stream,0,0,0,,,,0
c2-observer-p16-02,16,2,cold-first-data-action,c2.output.forward,stream,1,1,0,15732001,15732001.0,15732001.0,0
c2-observer-p16-02,16,2,cold-first-data-action,c2.cleanup.dispatch,cleanup,4,4,0,1116441,279055.0,290134.0,0
c2-observer-p16-02,16,2,cold-first-data-action,c2.cleanup.queued_ack,cleanup,4,4,0,28810,6597.5,9534.0,0
c2-observer-p16-02,16,2,cold-first-data-action,c2.cleanup.close_job_executed,cleanup,3,3,0,35808,8544.0,19314.0,0
c2-observer-p16-02,16,2,cold-first-data-action,c2.cleanup.local_streams_removed,cleanup,4,4,0,18403,4443.5,8182.0,0
c2-observer-p16-02,16,2,cold-first-data-action,c2.release.response_buffer,cleanup,17,17,0,60735,2492.0,8178.0,0
c2-observer-p16-02,16,2,cold-first-data-action,c2.release.operation,cleanup,1,1,0,5557,5557.0,5557.0,0
c2-observer-p16-02,16,2,cold-first-data-action,c2.executor.owner,resources,1,1,0,21222651,21222651.0,21222651.0,0
c2-observer-p16-02,16,2,cold-first-data-action,c2.executor.buffer_owner,resources,1,1,0,21234982,21234982.0,21234982.0,0
c2-observer-p16-02,16,2,warm-same-query-same-server,c2.operation.binding,planning,1,0,1,,,,0
c2-observer-p16-02,16,2,warm-same-query-same-server,c2.job.accepted,scheduler,1,0,1,,,,0
c2-observer-p16-02,16,2,warm-same-query-same-server,c2.task.assigned,scheduler,24,0,24,,,,0
c2-observer-p16-02,16,2,warm-same-query-same-server,c2.plan.resolve,planning,1,1,0,699168,699168.0,699168.0,0
c2-observer-p16-02,16,2,warm-same-query-same-server,c2.plan.logical_execute,planning,1,1,0,5691,5691.0,5691.0,0
c2-observer-p16-02,16,2,warm-same-query-same-server,c2.plan.optimize,planning,1,1,0,402329,402329.0,402329.0,0
c2-observer-p16-02,16,2,warm-same-query-same-server,c2.plan.physical,planning,1,1,0,554534,554534.0,554534.0,0
c2-observer-p16-02,16,2,warm-same-query-same-server,c2.job.graph,planning,1,1,0,15095,15095.0,15095.0,0
c2-observer-p16-02,16,2,warm-same-query-same-server,c2.job.topology,planning,1,1,0,6708,6708.0,6708.0,0
c2-observer-p16-02,16,2,warm-same-query-same-server,c2.scheduler.select_assign,scheduler,26,26,0,64712,1783.0,7695.0,0
c2-observer-p16-02,16,2,warm-same-query-same-server,c2.stage.definition,serialization,2,2,0,92676,46338.0,55220.0,0
c2-observer-p16-02,16,2,warm-same-query-same-server,c2.stage.physical_encode,serialization,2,2,0,79430,39715.0,51313.0,0
c2-observer-p16-02,16,2,warm-same-query-same-server,c2.task.preparation_queue,scheduler,24,24,0,707156,26094.5,55548.0,0
c2-observer-p16-02,16,2,warm-same-query-same-server,c2.task.preparation,scheduler,24,24,0,10069162,426546.5,714204.0,0
c2-observer-p16-02,16,2,warm-same-query-same-server,c2.stage.definition_cache_hit,scheduler,2,0,2,,,,0
c2-observer-p16-02,16,2,warm-same-query-same-server,c2.batch.dispatch,scheduler,4,4,0,2744171,736098.0,788438.0,0
c2-observer-p16-02,16,2,warm-same-query-same-server,c2.task.dispatched,scheduler,24,0,24,,,,0
c2-observer-p16-02,16,2,warm-same-query-same-server,c2.batch.definition_encode,serialization,4,4,0,34314,8968.0,12627.0,0
c2-observer-p16-02,16,2,warm-same-query-same-server,c2.batch.definition_decode,serialization,4,4,0,51892,12349.0,17275.0,0
c2-observer-p16-02,16,2,warm-same-query-same-server,c2.batch.physical_decode,serialization,4,4,0,87579,21853.5,36964.0,0
c2-observer-p16-02,16,2,warm-same-query-same-server,c2.task.physical_decode,serialization,24,24,0,3478976,92625.5,352868.0,0
c2-observer-p16-02,16,2,warm-same-query-same-server,c2.batch.admission,scheduler,4,4,0,436120,118039.0,156538.0,0
c2-observer-p16-02,16,2,warm-same-query-same-server,c2.task.admitted,scheduler,24,0,24,,,,0
c2-observer-p16-02,16,2,warm-same-query-same-server,c2.task.terminal,scheduler,24,0,24,,,,0
c2-observer-p16-02,16,2,warm-same-query-same-server,c2.reader.declaration,stream,16,0,16,,,,0
c2-observer-p16-02,16,2,warm-same-query-same-server,c2.writer.declaration,stream,24,0,24,,,,0
c2-observer-p16-02,16,2,warm-same-query-same-server,c2.reader.open,stream,16,16,0,49195845,3071320.0,4196388.0,0
c2-observer-p16-02,16,2,warm-same-query-same-server,c2.writer.open,stream,24,24,0,13990490,610853.5,739677.0,0
c2-observer-p16-02,16,2,warm-same-query-same-server,c2.stream.consumption,stream,66,66,0,176397669,2975471.5,5492921.0,0
c2-observer-p16-02,16,2,warm-same-query-same-server,c2.stream.owner,stream,106,106,0,350094434,3974360.5,5800521.0,0
c2-observer-p16-02,16,2,warm-same-query-same-server,c2.stream.first_poll,stream,66,0,66,,,,0
c2-observer-p16-02,16,2,warm-same-query-same-server,c2.stream.first_batch,stream,66,0,66,,,,0
c2-observer-p16-02,16,2,warm-same-query-same-server,c2.sink.commit,stream,24,24,0,148257,3396.5,13868.0,0
c2-observer-p16-02,16,2,warm-same-query-same-server,c2.sink.abort,stream,0,0,0,,,,0
c2-observer-p16-02,16,2,warm-same-query-same-server,c2.output.forward,stream,1,1,0,7251432,7251432.0,7251432.0,0
c2-observer-p16-02,16,2,warm-same-query-same-server,c2.cleanup.dispatch,cleanup,4,4,0,1168394,289797.0,336444.0,0
c2-observer-p16-02,16,2,warm-same-query-same-server,c2.cleanup.queued_ack,cleanup,4,4,0,29841,6872.0,9804.0,0
c2-observer-p16-02,16,2,warm-same-query-same-server,c2.cleanup.close_job_executed,cleanup,3,3,0,11392,3946.0,4231.0,0
c2-observer-p16-02,16,2,warm-same-query-same-server,c2.cleanup.local_streams_removed,cleanup,4,4,0,13481,3211.0,5647.0,0
c2-observer-p16-02,16,2,warm-same-query-same-server,c2.release.response_buffer,cleanup,17,17,0,47106,2342.0,7715.0,0
c2-observer-p16-02,16,2,warm-same-query-same-server,c2.release.operation,cleanup,1,1,0,3759,3759.0,3759.0,0
c2-observer-p16-02,16,2,warm-same-query-same-server,c2.executor.owner,resources,1,1,0,66410091,66410091.0,66410091.0,0
c2-observer-p16-02,16,2,warm-same-query-same-server,c2.executor.buffer_owner,resources,1,1,0,66407185,66407185.0,66407185.0,0
c2-observer-p32-02,32,2,cold-first-data-action,c2.operation.binding,planning,1,0,1,,,,0
c2-observer-p32-02,32,2,cold-first-data-action,c2.job.accepted,scheduler,1,0,1,,,,0
c2-observer-p32-02,32,2,cold-first-data-action,c2.task.assigned,scheduler,40,0,40,,,,0
c2-observer-p32-02,32,2,cold-first-data-action,c2.plan.resolve,planning,1,1,0,541750,541750.0,541750.0,0
c2-observer-p32-02,32,2,cold-first-data-action,c2.plan.logical_execute,planning,1,1,0,12416,12416.0,12416.0,0
c2-observer-p32-02,32,2,cold-first-data-action,c2.plan.optimize,planning,1,1,0,821963,821963.0,821963.0,0
c2-observer-p32-02,32,2,cold-first-data-action,c2.plan.physical,planning,1,1,0,1638020,1638020.0,1638020.0,0
c2-observer-p32-02,32,2,cold-first-data-action,c2.job.graph,planning,1,1,0,72477,72477.0,72477.0,0
c2-observer-p32-02,32,2,cold-first-data-action,c2.job.topology,planning,1,1,0,25077,25077.0,25077.0,0
c2-observer-p32-02,32,2,cold-first-data-action,c2.scheduler.select_assign,scheduler,42,42,0,147567,2019.5,11937.0,0
c2-observer-p32-02,32,2,cold-first-data-action,c2.stage.definition,serialization,2,2,0,315835,157917.5,218961.0,0
c2-observer-p32-02,32,2,cold-first-data-action,c2.stage.physical_encode,serialization,2,2,0,279485,139742.5,205926.0,0
c2-observer-p32-02,32,2,cold-first-data-action,c2.task.preparation_queue,scheduler,40,40,0,104021475,2442854.0,4398607.0,0
c2-observer-p32-02,32,2,cold-first-data-action,c2.task.preparation,scheduler,40,40,0,52773006,1128688.0,2381791.0,0
c2-observer-p32-02,32,2,cold-first-data-action,c2.stage.definition_cache_hit,scheduler,2,0,2,,,,0
c2-observer-p32-02,32,2,cold-first-data-action,c2.batch.dispatch,scheduler,4,4,0,7357782,1913608.5,2231156.0,0
c2-observer-p32-02,32,2,cold-first-data-action,c2.task.dispatched,scheduler,40,0,40,,,,0
c2-observer-p32-02,32,2,cold-first-data-action,c2.batch.definition_encode,serialization,4,4,0,118095,31690.5,50862.0,0
c2-observer-p32-02,32,2,cold-first-data-action,c2.batch.definition_decode,serialization,4,4,0,167296,42820.0,50979.0,0
c2-observer-p32-02,32,2,cold-first-data-action,c2.batch.physical_decode,serialization,4,4,0,336943,73768.5,166462.0,0
c2-observer-p32-02,32,2,cold-first-data-action,c2.task.physical_decode,serialization,40,40,0,22806121,453180.5,1622550.0,0
c2-observer-p32-02,32,2,cold-first-data-action,c2.batch.admission,scheduler,4,4,0,2559604,579297.5,1206044.0,0
c2-observer-p32-02,32,2,cold-first-data-action,c2.task.admitted,scheduler,40,0,40,,,,0
c2-observer-p32-02,32,2,cold-first-data-action,c2.task.terminal,scheduler,40,0,40,,,,0
c2-observer-p32-02,32,2,cold-first-data-action,c2.reader.declaration,stream,32,0,32,,,,0
c2-observer-p32-02,32,2,cold-first-data-action,c2.writer.declaration,stream,40,0,40,,,,0
c2-observer-p32-02,32,2,cold-first-data-action,c2.reader.open,stream,32,32,0,188183364,5818195.5,7508313.0,0
c2-observer-p32-02,32,2,cold-first-data-action,c2.writer.open,stream,40,40,0,39516025,1056542.0,1673830.0,0
c2-observer-p32-02,32,2,cold-first-data-action,c2.stream.consumption,stream,114,114,0,600060803,6725243.0,9022648.0,0
c2-observer-p32-02,32,2,cold-first-data-action,c2.stream.owner,stream,186,186,0,1209146751,7846807.0,9655332.0,0
c2-observer-p32-02,32,2,cold-first-data-action,c2.stream.first_poll,stream,114,0,114,,,,0
c2-observer-p32-02,32,2,cold-first-data-action,c2.stream.first_batch,stream,114,0,114,,,,0
c2-observer-p32-02,32,2,cold-first-data-action,c2.sink.commit,stream,40,40,0,388107,5085.5,34609.0,0
c2-observer-p32-02,32,2,cold-first-data-action,c2.sink.abort,stream,0,0,0,,,,0
c2-observer-p32-02,32,2,cold-first-data-action,c2.output.forward,stream,1,1,0,18395673,18395673.0,18395673.0,0
c2-observer-p32-02,32,2,cold-first-data-action,c2.cleanup.dispatch,cleanup,4,4,0,1164749,289642.5,296292.0,0
c2-observer-p32-02,32,2,cold-first-data-action,c2.cleanup.queued_ack,cleanup,4,4,0,30309,6886.0,10703.0,0
c2-observer-p32-02,32,2,cold-first-data-action,c2.cleanup.close_job_executed,cleanup,3,3,0,26705,8597.0,9948.0,0
c2-observer-p32-02,32,2,cold-first-data-action,c2.cleanup.local_streams_removed,cleanup,4,4,0,21973,5329.0,10137.0,0
c2-observer-p32-02,32,2,cold-first-data-action,c2.release.response_buffer,cleanup,33,33,0,93516,2227.0,7433.0,0
c2-observer-p32-02,32,2,cold-first-data-action,c2.release.operation,cleanup,1,1,0,5289,5289.0,5289.0,0
c2-observer-p32-02,32,2,cold-first-data-action,c2.executor.owner,resources,1,1,0,29830243,29830243.0,29830243.0,0
c2-observer-p32-02,32,2,cold-first-data-action,c2.executor.buffer_owner,resources,1,1,0,29833893,29833893.0,29833893.0,0
c2-observer-p32-02,32,2,warm-same-query-same-server,c2.operation.binding,planning,1,0,1,,,,0
c2-observer-p32-02,32,2,warm-same-query-same-server,c2.job.accepted,scheduler,1,0,1,,,,0
c2-observer-p32-02,32,2,warm-same-query-same-server,c2.task.assigned,scheduler,40,0,40,,,,0
c2-observer-p32-02,32,2,warm-same-query-same-server,c2.plan.resolve,planning,1,1,0,626248,626248.0,626248.0,0
c2-observer-p32-02,32,2,warm-same-query-same-server,c2.plan.logical_execute,planning,1,1,0,5207,5207.0,5207.0,0
c2-observer-p32-02,32,2,warm-same-query-same-server,c2.plan.optimize,planning,1,1,0,371320,371320.0,371320.0,0
c2-observer-p32-02,32,2,warm-same-query-same-server,c2.plan.physical,planning,1,1,0,610736,610736.0,610736.0,0
c2-observer-p32-02,32,2,warm-same-query-same-server,c2.job.graph,planning,1,1,0,17380,17380.0,17380.0,0
c2-observer-p32-02,32,2,warm-same-query-same-server,c2.job.topology,planning,1,1,0,9818,9818.0,9818.0,0
c2-observer-p32-02,32,2,warm-same-query-same-server,c2.scheduler.select_assign,scheduler,42,42,0,138438,2618.0,4325.0,0
c2-observer-p32-02,32,2,warm-same-query-same-server,c2.stage.definition,serialization,2,2,0,157168,78584.0,93046.0,0
c2-observer-p32-02,32,2,warm-same-query-same-server,c2.stage.physical_encode,serialization,2,2,0,132724,66362.0,88944.0,0
c2-observer-p32-02,32,2,warm-same-query-same-server,c2.task.preparation_queue,scheduler,40,40,0,1413739,30533.0,69745.0,0
c2-observer-p32-02,32,2,warm-same-query-same-server,c2.task.preparation,scheduler,40,40,0,15658131,342344.0,712248.0,0
c2-observer-p32-02,32,2,warm-same-query-same-server,c2.stage.definition_cache_hit,scheduler,2,0,2,,,,0
c2-observer-p32-02,32,2,warm-same-query-same-server,c2.batch.dispatch,scheduler,4,4,0,2648486,698280.0,823148.0,0
c2-observer-p32-02,32,2,warm-same-query-same-server,c2.task.dispatched,scheduler,40,0,40,,,,0
c2-observer-p32-02,32,2,warm-same-query-same-server,c2.batch.definition_encode,serialization,4,4,0,88052,20171.5,35971.0,0
c2-observer-p32-02,32,2,warm-same-query-same-server,c2.batch.definition_decode,serialization,4,4,0,67648,17446.5,27016.0,0
c2-observer-p32-02,32,2,warm-same-query-same-server,c2.batch.physical_decode,serialization,4,4,0,93425,21731.0,42589.0,0
c2-observer-p32-02,32,2,warm-same-query-same-server,c2.task.physical_decode,serialization,40,40,0,4761286,72675.0,339786.0,0
c2-observer-p32-02,32,2,warm-same-query-same-server,c2.batch.admission,scheduler,4,4,0,538674,155143.5,176191.0,0
c2-observer-p32-02,32,2,warm-same-query-same-server,c2.task.admitted,scheduler,40,0,40,,,,0
c2-observer-p32-02,32,2,warm-same-query-same-server,c2.task.terminal,scheduler,40,0,40,,,,0
c2-observer-p32-02,32,2,warm-same-query-same-server,c2.reader.declaration,stream,32,0,32,,,,0
c2-observer-p32-02,32,2,warm-same-query-same-server,c2.writer.declaration,stream,40,0,40,,,,0
c2-observer-p32-02,32,2,warm-same-query-same-server,c2.reader.open,stream,32,32,0,177352535,5632667.5,7689131.0,0
c2-observer-p32-02,32,2,warm-same-query-same-server,c2.writer.open,stream,40,40,0,51920006,1312916.5,1734730.0,0
c2-observer-p32-02,32,2,warm-same-query-same-server,c2.stream.consumption,stream,114,114,0,526971249,5834661.5,9136834.0,0
c2-observer-p32-02,32,2,warm-same-query-same-server,c2.stream.owner,stream,186,186,0,1073901604,7218516.0,9407079.0,0
c2-observer-p32-02,32,2,warm-same-query-same-server,c2.stream.first_poll,stream,114,0,114,,,,0
c2-observer-p32-02,32,2,warm-same-query-same-server,c2.stream.first_batch,stream,114,0,114,,,,0
c2-observer-p32-02,32,2,warm-same-query-same-server,c2.sink.commit,stream,40,40,0,323539,4378.0,24529.0,0
c2-observer-p32-02,32,2,warm-same-query-same-server,c2.sink.abort,stream,0,0,0,,,,0
c2-observer-p32-02,32,2,warm-same-query-same-server,c2.output.forward,stream,1,1,0,12449559,12449559.0,12449559.0,0
c2-observer-p32-02,32,2,warm-same-query-same-server,c2.cleanup.dispatch,cleanup,4,4,0,986491,255044.0,260989.0,0
c2-observer-p32-02,32,2,warm-same-query-same-server,c2.cleanup.queued_ack,cleanup,4,4,0,30768,6765.5,11536.0,0
c2-observer-p32-02,32,2,warm-same-query-same-server,c2.cleanup.close_job_executed,cleanup,3,3,0,15429,5454.0,5743.0,0
c2-observer-p32-02,32,2,warm-same-query-same-server,c2.cleanup.local_streams_removed,cleanup,4,4,0,20568,5092.0,9060.0,0
c2-observer-p32-02,32,2,warm-same-query-same-server,c2.release.response_buffer,cleanup,33,33,0,82901,2303.0,3963.0,0
c2-observer-p32-02,32,2,warm-same-query-same-server,c2.release.operation,cleanup,1,1,0,2075,2075.0,2075.0,0
c2-observer-p32-02,32,2,warm-same-query-same-server,c2.executor.owner,resources,1,1,0,24295349,24295349.0,24295349.0,0
c2-observer-p32-02,32,2,warm-same-query-same-server,c2.executor.buffer_owner,resources,1,1,0,24295536,24295536.0,24295536.0,0
c2-observer-p4-03,4,3,cold-first-data-action,c2.operation.binding,planning,1,0,1,,,,0
c2-observer-p4-03,4,3,cold-first-data-action,c2.job.accepted,scheduler,1,0,1,,,,0
c2-observer-p4-03,4,3,cold-first-data-action,c2.task.assigned,scheduler,8,0,8,,,,0
c2-observer-p4-03,4,3,cold-first-data-action,c2.plan.resolve,planning,1,1,0,478061,478061.0,478061.0,0
c2-observer-p4-03,4,3,cold-first-data-action,c2.plan.logical_execute,planning,1,1,0,13048,13048.0,13048.0,0
c2-observer-p4-03,4,3,cold-first-data-action,c2.plan.optimize,planning,1,1,0,868359,868359.0,868359.0,0
c2-observer-p4-03,4,3,cold-first-data-action,c2.plan.physical,planning,1,1,0,1538149,1538149.0,1538149.0,0
c2-observer-p4-03,4,3,cold-first-data-action,c2.job.graph,planning,1,1,0,51382,51382.0,51382.0,0
c2-observer-p4-03,4,3,cold-first-data-action,c2.job.topology,planning,1,1,0,19142,19142.0,19142.0,0
c2-observer-p4-03,4,3,cold-first-data-action,c2.scheduler.select_assign,scheduler,10,10,0,28557,1595.0,10574.0,0
c2-observer-p4-03,4,3,cold-first-data-action,c2.stage.definition,serialization,2,2,0,292742,146371.0,217320.0,0
c2-observer-p4-03,4,3,cold-first-data-action,c2.stage.physical_encode,serialization,2,2,0,275208,137604.0,205368.0,0
c2-observer-p4-03,4,3,cold-first-data-action,c2.task.preparation_queue,scheduler,8,8,0,2556156,315698.5,443402.0,0
c2-observer-p4-03,4,3,cold-first-data-action,c2.task.preparation,scheduler,8,8,0,7663205,978884.0,1152885.0,0
c2-observer-p4-03,4,3,cold-first-data-action,c2.stage.definition_cache_hit,scheduler,2,0,2,,,,0
c2-observer-p4-03,4,3,cold-first-data-action,c2.batch.dispatch,scheduler,4,4,0,6603014,1703660.5,1803473.0,0
c2-observer-p4-03,4,3,cold-first-data-action,c2.task.dispatched,scheduler,8,0,8,,,,0
c2-observer-p4-03,4,3,cold-first-data-action,c2.batch.definition_encode,serialization,4,4,0,55420,15970.5,19618.0,0
c2-observer-p4-03,4,3,cold-first-data-action,c2.batch.definition_decode,serialization,4,4,0,142129,36866.0,52154.0,0
c2-observer-p4-03,4,3,cold-first-data-action,c2.batch.physical_decode,serialization,4,4,0,235347,63101.0,106790.0,0
c2-observer-p4-03,4,3,cold-first-data-action,c2.task.physical_decode,serialization,8,8,0,4558195,588399.5,703630.0,0
c2-observer-p4-03,4,3,cold-first-data-action,c2.batch.admission,scheduler,4,4,0,1156459,308264.5,367936.0,0
c2-observer-p4-03,4,3,cold-first-data-action,c2.task.admitted,scheduler,8,0,8,,,,0
c2-observer-p4-03,4,3,cold-first-data-action,c2.task.terminal,scheduler,8,0,8,,,,0
c2-observer-p4-03,4,3,cold-first-data-action,c2.reader.declaration,stream,4,0,4,,,,0
c2-observer-p4-03,4,3,cold-first-data-action,c2.writer.declaration,stream,8,0,8,,,,0
c2-observer-p4-03,4,3,cold-first-data-action,c2.reader.open,stream,4,4,0,3294692,814402.0,936055.0,0
c2-observer-p4-03,4,3,cold-first-data-action,c2.writer.open,stream,8,8,0,384042,44025.0,77447.0,0
c2-observer-p4-03,4,3,cold-first-data-action,c2.stream.consumption,stream,22,22,0,76981155,2684386.0,8508195.0,0
c2-observer-p4-03,4,3,cold-first-data-action,c2.stream.owner,stream,34,34,0,124597618,3773413.0,9334993.0,0
c2-observer-p4-03,4,3,cold-first-data-action,c2.stream.first_poll,stream,22,0,22,,,,0
c2-observer-p4-03,4,3,cold-first-data-action,c2.stream.first_batch,stream,22,0,22,,,,0
c2-observer-p4-03,4,3,cold-first-data-action,c2.sink.commit,stream,8,8,0,57122,4185.5,18575.0,0
c2-observer-p4-03,4,3,cold-first-data-action,c2.sink.abort,stream,0,0,0,,,,0
c2-observer-p4-03,4,3,cold-first-data-action,c2.output.forward,stream,1,1,0,8269454,8269454.0,8269454.0,0
c2-observer-p4-03,4,3,cold-first-data-action,c2.cleanup.dispatch,cleanup,4,4,0,1113842,281235.0,304317.0,0
c2-observer-p4-03,4,3,cold-first-data-action,c2.cleanup.queued_ack,cleanup,4,4,0,47785,10604.0,20316.0,0
c2-observer-p4-03,4,3,cold-first-data-action,c2.cleanup.close_job_executed,cleanup,3,3,0,20145,6879.0,7219.0,0
c2-observer-p4-03,4,3,cold-first-data-action,c2.cleanup.local_streams_removed,cleanup,4,4,0,13503,3282.0,5676.0,0
c2-observer-p4-03,4,3,cold-first-data-action,c2.release.response_buffer,cleanup,5,5,0,25050,2842.0,14791.0,0
c2-observer-p4-03,4,3,cold-first-data-action,c2.release.operation,cleanup,1,1,0,10485,10485.0,10485.0,1
c2-observer-p4-03,4,3,cold-first-data-action,c2.executor.owner,resources,1,1,0,24010618,24010618.0,24010618.0,1
c2-observer-p4-03,4,3,cold-first-data-action,c2.executor.buffer_owner,resources,1,1,0,24012289,24012289.0,24012289.0,1
c2-observer-p4-03,4,3,warm-same-query-same-server,c2.operation.binding,planning,1,0,1,,,,0
c2-observer-p4-03,4,3,warm-same-query-same-server,c2.job.accepted,scheduler,1,0,1,,,,0
c2-observer-p4-03,4,3,warm-same-query-same-server,c2.task.assigned,scheduler,8,0,8,,,,0
c2-observer-p4-03,4,3,warm-same-query-same-server,c2.plan.resolve,planning,1,1,0,665881,665881.0,665881.0,0
c2-observer-p4-03,4,3,warm-same-query-same-server,c2.plan.logical_execute,planning,1,1,0,4852,4852.0,4852.0,0
c2-observer-p4-03,4,3,warm-same-query-same-server,c2.plan.optimize,planning,1,1,0,351895,351895.0,351895.0,0
c2-observer-p4-03,4,3,warm-same-query-same-server,c2.plan.physical,planning,1,1,0,610708,610708.0,610708.0,0
c2-observer-p4-03,4,3,warm-same-query-same-server,c2.job.graph,planning,1,1,0,17647,17647.0,17647.0,0
c2-observer-p4-03,4,3,warm-same-query-same-server,c2.job.topology,planning,1,1,0,5082,5082.0,5082.0,0
c2-observer-p4-03,4,3,warm-same-query-same-server,c2.scheduler.select_assign,scheduler,10,10,0,23124,2069.5,6716.0,0
c2-observer-p4-03,4,3,warm-same-query-same-server,c2.stage.definition,serialization,2,2,0,144802,72401.0,92803.0,0
c2-observer-p4-03,4,3,warm-same-query-same-server,c2.stage.physical_encode,serialization,2,2,0,134383,67191.5,88584.0,0
c2-observer-p4-03,4,3,warm-same-query-same-server,c2.task.preparation_queue,scheduler,8,8,0,122926,14912.5,20443.0,0
c2-observer-p4-03,4,3,warm-same-query-same-server,c2.task.preparation,scheduler,8,8,0,1955441,241638.5,301730.0,0
c2-observer-p4-03,4,3,warm-same-query-same-server,c2.stage.definition_cache_hit,scheduler,2,0,2,,,,0
c2-observer-p4-03,4,3,warm-same-query-same-server,c2.batch.dispatch,scheduler,4,4,0,2112018,518929.5,608835.0,0
c2-observer-p4-03,4,3,warm-same-query-same-server,c2.task.dispatched,scheduler,8,0,8,,,,0
c2-observer-p4-03,4,3,warm-same-query-same-server,c2.batch.definition_encode,serialization,4,4,0,32391,5774.0,16401.0,0
c2-observer-p4-03,4,3,warm-same-query-same-server,c2.batch.definition_decode,serialization,4,4,0,29555,8095.0,9246.0,0
c2-observer-p4-03,4,3,warm-same-query-same-server,c2.batch.physical_decode,serialization,4,4,0,98370,23494.5,46708.0,0
c2-observer-p4-03,4,3,warm-same-query-same-server,c2.task.physical_decode,serialization,8,8,0,749613,87308.5,124733.0,0
c2-observer-p4-03,4,3,warm-same-query-same-server,c2.batch.admission,scheduler,4,4,0,247113,55894.0,98666.0,0
c2-observer-p4-03,4,3,warm-same-query-same-server,c2.task.admitted,scheduler,8,0,8,,,,0
c2-observer-p4-03,4,3,warm-same-query-same-server,c2.task.terminal,scheduler,8,0,8,,,,0
c2-observer-p4-03,4,3,warm-same-query-same-server,c2.reader.declaration,stream,4,0,4,,,,0
c2-observer-p4-03,4,3,warm-same-query-same-server,c2.writer.declaration,stream,8,0,8,,,,0
c2-observer-p4-03,4,3,warm-same-query-same-server,c2.reader.open,stream,4,4,0,2291861,572194.0,640152.0,0
c2-observer-p4-03,4,3,warm-same-query-same-server,c2.writer.open,stream,8,8,0,347445,43827.0,64845.0,0
c2-observer-p4-03,4,3,warm-same-query-same-server,c2.stream.consumption,stream,22,22,0,40061207,1332901.5,4280560.0,0
c2-observer-p4-03,4,3,warm-same-query-same-server,c2.stream.owner,stream,34,34,0,65620974,2138857.5,4596444.0,0
c2-observer-p4-03,4,3,warm-same-query-same-server,c2.stream.first_poll,stream,22,0,22,,,,0
c2-observer-p4-03,4,3,warm-same-query-same-server,c2.stream.first_batch,stream,22,0,22,,,,0
c2-observer-p4-03,4,3,warm-same-query-same-server,c2.sink.commit,stream,8,8,0,34951,4340.0,6183.0,0
c2-observer-p4-03,4,3,warm-same-query-same-server,c2.sink.abort,stream,0,0,0,,,,0
c2-observer-p4-03,4,3,warm-same-query-same-server,c2.output.forward,stream,1,1,0,3904836,3904836.0,3904836.0,0
c2-observer-p4-03,4,3,warm-same-query-same-server,c2.cleanup.dispatch,cleanup,4,4,0,1120650,279016.0,303954.0,0
c2-observer-p4-03,4,3,warm-same-query-same-server,c2.cleanup.queued_ack,cleanup,4,4,0,34799,8934.5,11024.0,0
c2-observer-p4-03,4,3,warm-same-query-same-server,c2.cleanup.close_job_executed,cleanup,3,3,0,9183,2998.0,3452.0,0
c2-observer-p4-03,4,3,warm-same-query-same-server,c2.cleanup.local_streams_removed,cleanup,4,4,0,9942,2425.5,3920.0,0
c2-observer-p4-03,4,3,warm-same-query-same-server,c2.release.response_buffer,cleanup,5,5,0,13923,2570.0,3762.0,0
c2-observer-p4-03,4,3,warm-same-query-same-server,c2.release.operation,cleanup,1,1,0,3769,3769.0,3769.0,0
c2-observer-p4-03,4,3,warm-same-query-same-server,c2.executor.owner,resources,1,1,0,55515822,55515822.0,55515822.0,0
c2-observer-p4-03,4,3,warm-same-query-same-server,c2.executor.buffer_owner,resources,1,1,0,55518393,55518393.0,55518393.0,0
c2-observer-p16-03,16,3,cold-first-data-action,c2.operation.binding,planning,1,0,1,,,,0
c2-observer-p16-03,16,3,cold-first-data-action,c2.job.accepted,scheduler,1,0,1,,,,0
c2-observer-p16-03,16,3,cold-first-data-action,c2.task.assigned,scheduler,24,0,24,,,,0
c2-observer-p16-03,16,3,cold-first-data-action,c2.plan.resolve,planning,1,1,0,497700,497700.0,497700.0,0
c2-observer-p16-03,16,3,cold-first-data-action,c2.plan.logical_execute,planning,1,1,0,14664,14664.0,14664.0,0
c2-observer-p16-03,16,3,cold-first-data-action,c2.plan.optimize,planning,1,1,0,818389,818389.0,818389.0,0
c2-observer-p16-03,16,3,cold-first-data-action,c2.plan.physical,planning,1,1,0,1640106,1640106.0,1640106.0,0
c2-observer-p16-03,16,3,cold-first-data-action,c2.job.graph,planning,1,1,0,54141,54141.0,54141.0,0
c2-observer-p16-03,16,3,cold-first-data-action,c2.job.topology,planning,1,1,0,21514,21514.0,21514.0,0
c2-observer-p16-03,16,3,cold-first-data-action,c2.scheduler.select_assign,scheduler,26,26,0,66983,1409.5,8654.0,0
c2-observer-p16-03,16,3,cold-first-data-action,c2.stage.definition,serialization,2,2,0,289048,144524.0,201896.0,0
c2-observer-p16-03,16,3,cold-first-data-action,c2.stage.physical_encode,serialization,2,2,0,258519,129259.5,189587.0,0
c2-observer-p16-03,16,3,cold-first-data-action,c2.task.preparation_queue,scheduler,24,24,0,31326121,1280724.5,2002773.0,0
c2-observer-p16-03,16,3,cold-first-data-action,c2.task.preparation,scheduler,24,24,0,36124107,1334997.5,2378442.0,0
c2-observer-p16-03,16,3,cold-first-data-action,c2.stage.definition_cache_hit,scheduler,2,0,2,,,,0
c2-observer-p16-03,16,3,cold-first-data-action,c2.batch.dispatch,scheduler,4,4,0,7508926,1874320.5,2128805.0,0
c2-observer-p16-03,16,3,cold-first-data-action,c2.task.dispatched,scheduler,24,0,24,,,,0
c2-observer-p16-03,16,3,cold-first-data-action,c2.batch.definition_encode,serialization,4,4,0,78902,15179.0,39064.0,0
c2-observer-p16-03,16,3,cold-first-data-action,c2.batch.definition_decode,serialization,4,4,0,147611,36847.0,52904.0,0
c2-observer-p16-03,16,3,cold-first-data-action,c2.batch.physical_decode,serialization,4,4,0,241076,60886.0,97314.0,0
c2-observer-p16-03,16,3,cold-first-data-action,c2.task.physical_decode,serialization,24,24,0,20868668,809473.5,1670688.0,0
c2-observer-p16-03,16,3,cold-first-data-action,c2.batch.admission,scheduler,4,4,0,1465475,282653.0,694389.0,0
c2-observer-p16-03,16,3,cold-first-data-action,c2.task.admitted,scheduler,24,0,24,,,,0
c2-observer-p16-03,16,3,cold-first-data-action,c2.task.terminal,scheduler,24,0,24,,,,0
c2-observer-p16-03,16,3,cold-first-data-action,c2.reader.declaration,stream,16,0,16,,,,0
c2-observer-p16-03,16,3,cold-first-data-action,c2.writer.declaration,stream,24,0,24,,,,0
c2-observer-p16-03,16,3,cold-first-data-action,c2.reader.open,stream,16,16,0,59789274,3917500.5,5362465.0,0
c2-observer-p16-03,16,3,cold-first-data-action,c2.writer.open,stream,24,24,0,6251014,247430.0,476584.0,0
c2-observer-p16-03,16,3,cold-first-data-action,c2.stream.consumption,stream,66,66,0,259079660,4887355.5,6263642.0,0
c2-observer-p16-03,16,3,cold-first-data-action,c2.stream.owner,stream,106,106,0,487931737,5625633.5,6716588.0,0
c2-observer-p16-03,16,3,cold-first-data-action,c2.stream.first_poll,stream,66,0,66,,,,0
c2-observer-p16-03,16,3,cold-first-data-action,c2.stream.first_batch,stream,66,0,66,,,,0
c2-observer-p16-03,16,3,cold-first-data-action,c2.sink.commit,stream,24,24,0,201268,3785.0,25072.0,0
c2-observer-p16-03,16,3,cold-first-data-action,c2.sink.abort,stream,0,0,0,,,,0
c2-observer-p16-03,16,3,cold-first-data-action,c2.output.forward,stream,1,1,0,14216060,14216060.0,14216060.0,0
c2-observer-p16-03,16,3,cold-first-data-action,c2.cleanup.dispatch,cleanup,4,4,0,1061374,265260.0,271845.0,0
c2-observer-p16-03,16,3,cold-first-data-action,c2.cleanup.queued_ack,cleanup,4,4,0,29757,6708.0,10438.0,0
c2-observer-p16-03,16,3,cold-first-data-action,c2.cleanup.close_job_executed,cleanup,3,3,0,25016,8508.0,8814.0,0
c2-observer-p16-03,16,3,cold-first-data-action,c2.cleanup.local_streams_removed,cleanup,4,4,0,19736,4622.0,9128.0,0
c2-observer-p16-03,16,3,cold-first-data-action,c2.release.response_buffer,cleanup,17,17,0,62070,2643.0,9435.0,0
c2-observer-p16-03,16,3,cold-first-data-action,c2.release.operation,cleanup,1,1,0,5471,5471.0,5471.0,1
c2-observer-p16-03,16,3,cold-first-data-action,c2.executor.owner,resources,1,1,0,32820335,32820335.0,32820335.0,1
c2-observer-p16-03,16,3,cold-first-data-action,c2.executor.buffer_owner,resources,1,1,0,32822216,32822216.0,32822216.0,1
c2-observer-p16-03,16,3,warm-same-query-same-server,c2.operation.binding,planning,1,0,1,,,,0
c2-observer-p16-03,16,3,warm-same-query-same-server,c2.job.accepted,scheduler,1,0,1,,,,0
c2-observer-p16-03,16,3,warm-same-query-same-server,c2.task.assigned,scheduler,24,0,24,,,,0
c2-observer-p16-03,16,3,warm-same-query-same-server,c2.plan.resolve,planning,1,1,0,729381,729381.0,729381.0,0
c2-observer-p16-03,16,3,warm-same-query-same-server,c2.plan.logical_execute,planning,1,1,0,5591,5591.0,5591.0,0
c2-observer-p16-03,16,3,warm-same-query-same-server,c2.plan.optimize,planning,1,1,0,350265,350265.0,350265.0,0
c2-observer-p16-03,16,3,warm-same-query-same-server,c2.plan.physical,planning,1,1,0,582460,582460.0,582460.0,0
c2-observer-p16-03,16,3,warm-same-query-same-server,c2.job.graph,planning,1,1,0,16136,16136.0,16136.0,0
c2-observer-p16-03,16,3,warm-same-query-same-server,c2.job.topology,planning,1,1,0,7498,7498.0,7498.0,0
c2-observer-p16-03,16,3,warm-same-query-same-server,c2.scheduler.select_assign,scheduler,26,26,0,67276,2690.5,3569.0,0
c2-observer-p16-03,16,3,warm-same-query-same-server,c2.stage.definition,serialization,2,2,0,96091,48045.5,57921.0,0
c2-observer-p16-03,16,3,warm-same-query-same-server,c2.stage.physical_encode,serialization,2,2,0,82372,41186.0,54389.0,0
c2-observer-p16-03,16,3,warm-same-query-same-server,c2.task.preparation_queue,scheduler,24,24,0,562255,20763.0,39221.0,0
c2-observer-p16-03,16,3,warm-same-query-same-server,c2.task.preparation,scheduler,24,24,0,10269425,370682.0,761988.0,0
c2-observer-p16-03,16,3,warm-same-query-same-server,c2.stage.definition_cache_hit,scheduler,2,0,2,,,,0
c2-observer-p16-03,16,3,warm-same-query-same-server,c2.batch.dispatch,scheduler,4,4,0,2362720,616148.5,682920.0,0
c2-observer-p16-03,16,3,warm-same-query-same-server,c2.task.dispatched,scheduler,24,0,24,,,,0
c2-observer-p16-03,16,3,warm-same-query-same-server,c2.batch.definition_encode,serialization,4,4,0,35927,8977.0,11206.0,0
c2-observer-p16-03,16,3,warm-same-query-same-server,c2.batch.definition_decode,serialization,4,4,0,52163,12197.0,17284.0,0
c2-observer-p16-03,16,3,warm-same-query-same-server,c2.batch.physical_decode,serialization,4,4,0,83398,21813.5,36118.0,0
c2-observer-p16-03,16,3,warm-same-query-same-server,c2.task.physical_decode,serialization,24,24,0,2230161,75268.0,183965.0,0
c2-observer-p16-03,16,3,warm-same-query-same-server,c2.batch.admission,scheduler,4,4,0,409121,94468.5,181540.0,0
c2-observer-p16-03,16,3,warm-same-query-same-server,c2.task.admitted,scheduler,24,0,24,,,,0
c2-observer-p16-03,16,3,warm-same-query-same-server,c2.task.terminal,scheduler,24,0,24,,,,0
c2-observer-p16-03,16,3,warm-same-query-same-server,c2.reader.declaration,stream,16,0,16,,,,0
c2-observer-p16-03,16,3,warm-same-query-same-server,c2.writer.declaration,stream,24,0,24,,,,0
c2-observer-p16-03,16,3,warm-same-query-same-server,c2.reader.open,stream,16,16,0,50683225,3105981.5,4381819.0,0
c2-observer-p16-03,16,3,warm-same-query-same-server,c2.writer.open,stream,24,24,0,13411950,554308.5,679726.0,0
c2-observer-p16-03,16,3,warm-same-query-same-server,c2.stream.consumption,stream,66,66,0,176605323,3058946.5,5413291.0,0
c2-observer-p16-03,16,3,warm-same-query-same-server,c2.stream.owner,stream,106,106,0,349737843,3907405.5,5930602.0,0
c2-observer-p16-03,16,3,warm-same-query-same-server,c2.stream.first_poll,stream,66,0,66,,,,0
c2-observer-p16-03,16,3,warm-same-query-same-server,c2.stream.first_batch,stream,66,0,66,,,,0
c2-observer-p16-03,16,3,warm-same-query-same-server,c2.sink.commit,stream,24,24,0,156719,3556.0,16679.0,0
c2-observer-p16-03,16,3,warm-same-query-same-server,c2.sink.abort,stream,0,0,0,,,,0
c2-observer-p16-03,16,3,warm-same-query-same-server,c2.output.forward,stream,1,1,0,7801893,7801893.0,7801893.0,0
c2-observer-p16-03,16,3,warm-same-query-same-server,c2.cleanup.dispatch,cleanup,4,4,0,1098176,276186.0,291744.0,0
c2-observer-p16-03,16,3,warm-same-query-same-server,c2.cleanup.queued_ack,cleanup,4,4,0,31589,6639.5,12148.0,0
c2-observer-p16-03,16,3,warm-same-query-same-server,c2.cleanup.close_job_executed,cleanup,3,3,0,13634,4287.0,5136.0,0
c2-observer-p16-03,16,3,warm-same-query-same-server,c2.cleanup.local_streams_removed,cleanup,4,4,0,14118,3435.5,5781.0,0
c2-observer-p16-03,16,3,warm-same-query-same-server,c2.release.response_buffer,cleanup,17,17,0,52486,2594.0,9121.0,0
c2-observer-p16-03,16,3,warm-same-query-same-server,c2.release.operation,cleanup,1,1,0,2321,2321.0,2321.0,0
c2-observer-p16-03,16,3,warm-same-query-same-server,c2.executor.owner,resources,1,1,0,13906177,13906177.0,13906177.0,0
c2-observer-p16-03,16,3,warm-same-query-same-server,c2.executor.buffer_owner,resources,1,1,0,13922876,13922876.0,13922876.0,0
c2-observer-p32-03,32,3,cold-first-data-action,c2.operation.binding,planning,1,0,1,,,,0
c2-observer-p32-03,32,3,cold-first-data-action,c2.job.accepted,scheduler,1,0,1,,,,0
c2-observer-p32-03,32,3,cold-first-data-action,c2.task.assigned,scheduler,40,0,40,,,,0
c2-observer-p32-03,32,3,cold-first-data-action,c2.plan.resolve,planning,1,1,0,540388,540388.0,540388.0,0
c2-observer-p32-03,32,3,cold-first-data-action,c2.plan.logical_execute,planning,1,1,0,13084,13084.0,13084.0,0
c2-observer-p32-03,32,3,cold-first-data-action,c2.plan.optimize,planning,1,1,0,858034,858034.0,858034.0,0
c2-observer-p32-03,32,3,cold-first-data-action,c2.plan.physical,planning,1,1,0,1721864,1721864.0,1721864.0,0
c2-observer-p32-03,32,3,cold-first-data-action,c2.job.graph,planning,1,1,0,68330,68330.0,68330.0,0
c2-observer-p32-03,32,3,cold-first-data-action,c2.job.topology,planning,1,1,0,23883,23883.0,23883.0,0
c2-observer-p32-03,32,3,cold-first-data-action,c2.scheduler.select_assign,scheduler,42,42,0,148211,2084.5,10579.0,0
c2-observer-p32-03,32,3,cold-first-data-action,c2.stage.definition,serialization,2,2,0,294217,147108.5,203115.0,0
c2-observer-p32-03,32,3,cold-first-data-action,c2.stage.physical_encode,serialization,2,2,0,260195,130097.5,190840.0,0
c2-observer-p32-03,32,3,cold-first-data-action,c2.task.preparation_queue,scheduler,40,40,0,107522070,2812853.5,4012867.0,0
c2-observer-p32-03,32,3,cold-first-data-action,c2.task.preparation,scheduler,40,40,0,59788575,1422211.0,2436098.0,0
c2-observer-p32-03,32,3,cold-first-data-action,c2.stage.definition_cache_hit,scheduler,2,0,2,,,,0
c2-observer-p32-03,32,3,cold-first-data-action,c2.batch.dispatch,scheduler,4,4,0,9751674,2415494.5,2595732.0,0
c2-observer-p32-03,32,3,cold-first-data-action,c2.task.dispatched,scheduler,40,0,40,,,,0
c2-observer-p32-03,32,3,cold-first-data-action,c2.batch.definition_encode,serialization,4,4,0,150196,30349.5,65774.0,0
c2-observer-p32-03,32,3,cold-first-data-action,c2.batch.definition_decode,serialization,4,4,0,163693,38979.0,58887.0,0
c2-observer-p32-03,32,3,cold-first-data-action,c2.batch.physical_decode,serialization,4,4,0,301106,65067.5,155982.0,0
c2-observer-p32-03,32,3,cold-first-data-action,c2.task.physical_decode,serialization,40,40,0,26111231,482684.5,1534759.0,0
c2-observer-p32-03,32,3,cold-first-data-action,c2.batch.admission,scheduler,4,4,0,3203895,783021.5,1434896.0,0
c2-observer-p32-03,32,3,cold-first-data-action,c2.task.admitted,scheduler,40,0,40,,,,0
c2-observer-p32-03,32,3,cold-first-data-action,c2.task.terminal,scheduler,40,0,40,,,,0
c2-observer-p32-03,32,3,cold-first-data-action,c2.reader.declaration,stream,32,0,32,,,,0
c2-observer-p32-03,32,3,cold-first-data-action,c2.writer.declaration,stream,40,0,40,,,,0
c2-observer-p32-03,32,3,cold-first-data-action,c2.reader.open,stream,32,32,0,194364704,6133326.5,8030372.0,0
c2-observer-p32-03,32,3,cold-first-data-action,c2.writer.open,stream,40,40,0,51751525,1087511.5,2561911.0,0
c2-observer-p32-03,32,3,cold-first-data-action,c2.stream.consumption,stream,114,114,0,649225046,7199060.5,9984059.0,0
c2-observer-p32-03,32,3,cold-first-data-action,c2.stream.owner,stream,186,186,0,1311527664,8332774.0,10742265.0,0
c2-observer-p32-03,32,3,cold-first-data-action,c2.stream.first_poll,stream,114,0,114,,,,0
c2-observer-p32-03,32,3,cold-first-data-action,c2.stream.first_batch,stream,114,0,114,,,,0
c2-observer-p32-03,32,3,cold-first-data-action,c2.sink.commit,stream,40,40,0,663698,5532.0,53920.0,0
c2-observer-p32-03,32,3,cold-first-data-action,c2.sink.abort,stream,0,0,0,,,,0
c2-observer-p32-03,32,3,cold-first-data-action,c2.output.forward,stream,1,1,0,20131294,20131294.0,20131294.0,0
c2-observer-p32-03,32,3,cold-first-data-action,c2.cleanup.dispatch,cleanup,4,4,0,1121265,288568.5,307776.0,0
c2-observer-p32-03,32,3,cold-first-data-action,c2.cleanup.queued_ack,cleanup,4,4,0,31416,7096.0,11144.0,0
c2-observer-p32-03,32,3,cold-first-data-action,c2.cleanup.close_job_executed,cleanup,3,3,0,27539,9223.0,9652.0,0
c2-observer-p32-03,32,3,cold-first-data-action,c2.cleanup.local_streams_removed,cleanup,4,4,0,25705,5918.5,12321.0,0
c2-observer-p32-03,32,3,cold-first-data-action,c2.release.response_buffer,cleanup,33,33,0,93669,2253.0,5195.0,0
c2-observer-p32-03,32,3,cold-first-data-action,c2.release.operation,cleanup,1,1,0,5426,5426.0,5426.0,0
c2-observer-p32-03,32,3,cold-first-data-action,c2.executor.owner,resources,1,1,0,31501451,31501451.0,31501451.0,0
c2-observer-p32-03,32,3,cold-first-data-action,c2.executor.buffer_owner,resources,1,1,0,31510294,31510294.0,31510294.0,0
c2-observer-p32-03,32,3,warm-same-query-same-server,c2.operation.binding,planning,1,0,1,,,,0
c2-observer-p32-03,32,3,warm-same-query-same-server,c2.job.accepted,scheduler,1,0,1,,,,0
c2-observer-p32-03,32,3,warm-same-query-same-server,c2.task.assigned,scheduler,40,0,40,,,,0
c2-observer-p32-03,32,3,warm-same-query-same-server,c2.plan.resolve,planning,1,1,0,744816,744816.0,744816.0,0
c2-observer-p32-03,32,3,warm-same-query-same-server,c2.plan.logical_execute,planning,1,1,0,5538,5538.0,5538.0,0
c2-observer-p32-03,32,3,warm-same-query-same-server,c2.plan.optimize,planning,1,1,0,403517,403517.0,403517.0,0
c2-observer-p32-03,32,3,warm-same-query-same-server,c2.plan.physical,planning,1,1,0,695190,695190.0,695190.0,0
c2-observer-p32-03,32,3,warm-same-query-same-server,c2.job.graph,planning,1,1,0,16608,16608.0,16608.0,0
c2-observer-p32-03,32,3,warm-same-query-same-server,c2.job.topology,planning,1,1,0,12691,12691.0,12691.0,0
c2-observer-p32-03,32,3,warm-same-query-same-server,c2.scheduler.select_assign,scheduler,42,42,0,162803,2847.5,5351.0,0
c2-observer-p32-03,32,3,warm-same-query-same-server,c2.stage.definition,serialization,2,2,0,124375,62187.5,78654.0,0
c2-observer-p32-03,32,3,warm-same-query-same-server,c2.stage.physical_encode,serialization,2,2,0,103026,51513.0,74696.0,0
c2-observer-p32-03,32,3,warm-same-query-same-server,c2.task.preparation_queue,scheduler,40,40,0,1233770,23606.0,73625.0,0
c2-observer-p32-03,32,3,warm-same-query-same-server,c2.task.preparation,scheduler,40,40,0,15519431,349572.5,692770.0,0
c2-observer-p32-03,32,3,warm-same-query-same-server,c2.stage.definition_cache_hit,scheduler,2,0,2,,,,0
c2-observer-p32-03,32,3,warm-same-query-same-server,c2.batch.dispatch,scheduler,4,4,0,4125744,911637.5,1849909.0,0
c2-observer-p32-03,32,3,warm-same-query-same-server,c2.task.dispatched,scheduler,40,0,40,,,,0
c2-observer-p32-03,32,3,warm-same-query-same-server,c2.batch.definition_encode,serialization,4,4,0,55688,13931.5,21835.0,0
c2-observer-p32-03,32,3,warm-same-query-same-server,c2.batch.definition_decode,serialization,4,4,0,62960,15874.5,21192.0,0
c2-observer-p32-03,32,3,warm-same-query-same-server,c2.batch.physical_decode,serialization,4,4,0,81319,19718.0,38303.0,0
c2-observer-p32-03,32,3,warm-same-query-same-server,c2.task.physical_decode,serialization,40,40,0,3946541,71212.5,201163.0,0
c2-observer-p32-03,32,3,warm-same-query-same-server,c2.batch.admission,scheduler,4,4,0,825967,220251.5,338865.0,0
c2-observer-p32-03,32,3,warm-same-query-same-server,c2.task.admitted,scheduler,40,0,40,,,,0
c2-observer-p32-03,32,3,warm-same-query-same-server,c2.task.terminal,scheduler,40,0,40,,,,0
c2-observer-p32-03,32,3,warm-same-query-same-server,c2.reader.declaration,stream,32,0,32,,,,0
c2-observer-p32-03,32,3,warm-same-query-same-server,c2.writer.declaration,stream,40,0,40,,,,0
c2-observer-p32-03,32,3,warm-same-query-same-server,c2.reader.open,stream,32,32,0,176078638,6117447.0,7377335.0,0
c2-observer-p32-03,32,3,warm-same-query-same-server,c2.writer.open,stream,40,40,0,55347956,1404461.5,1787472.0,0
c2-observer-p32-03,32,3,warm-same-query-same-server,c2.stream.consumption,stream,114,114,0,530698204,5267949.5,9307493.0,0
c2-observer-p32-03,32,3,warm-same-query-same-server,c2.stream.owner,stream,186,186,0,1084920652,6876490.5,9608342.0,0
c2-observer-p32-03,32,3,warm-same-query-same-server,c2.stream.first_poll,stream,114,0,114,,,,0
c2-observer-p32-03,32,3,warm-same-query-same-server,c2.stream.first_batch,stream,114,0,114,,,,0
c2-observer-p32-03,32,3,warm-same-query-same-server,c2.sink.commit,stream,40,40,0,419860,4788.0,31192.0,0
c2-observer-p32-03,32,3,warm-same-query-same-server,c2.sink.abort,stream,0,0,0,,,,0
c2-observer-p32-03,32,3,warm-same-query-same-server,c2.output.forward,stream,1,1,0,12889559,12889559.0,12889559.0,0
c2-observer-p32-03,32,3,warm-same-query-same-server,c2.cleanup.dispatch,cleanup,4,4,0,1026178,258550.0,263937.0,0
c2-observer-p32-03,32,3,warm-same-query-same-server,c2.cleanup.queued_ack,cleanup,4,4,0,35011,8578.5,11463.0,0
c2-observer-p32-03,32,3,warm-same-query-same-server,c2.cleanup.close_job_executed,cleanup,3,3,0,18420,5914.0,9594.0,0
c2-observer-p32-03,32,3,warm-same-query-same-server,c2.cleanup.local_streams_removed,cleanup,4,4,0,20193,4655.5,9506.0,0
c2-observer-p32-03,32,3,warm-same-query-same-server,c2.release.response_buffer,cleanup,33,33,0,90249,2385.0,5070.0,0
c2-observer-p32-03,32,3,warm-same-query-same-server,c2.release.operation,cleanup,1,1,0,2026,2026.0,2026.0,0
c2-observer-p32-03,32,3,warm-same-query-same-server,c2.executor.owner,resources,1,1,0,24243515,24243515.0,24243515.0,0
c2-observer-p32-03,32,3,warm-same-query-same-server,c2.executor.buffer_owner,resources,1,1,0,24241387,24241387.0,24241387.0,0
c2-observer-p4-04,4,4,cold-first-data-action,c2.operation.binding,planning,1,0,1,,,,0
c2-observer-p4-04,4,4,cold-first-data-action,c2.job.accepted,scheduler,1,0,1,,,,0
c2-observer-p4-04,4,4,cold-first-data-action,c2.task.assigned,scheduler,8,0,8,,,,0
c2-observer-p4-04,4,4,cold-first-data-action,c2.plan.resolve,planning,1,1,0,474234,474234.0,474234.0,0
c2-observer-p4-04,4,4,cold-first-data-action,c2.plan.logical_execute,planning,1,1,0,12061,12061.0,12061.0,0
c2-observer-p4-04,4,4,cold-first-data-action,c2.plan.optimize,planning,1,1,0,825346,825346.0,825346.0,0
c2-observer-p4-04,4,4,cold-first-data-action,c2.plan.physical,planning,1,1,0,1556810,1556810.0,1556810.0,0
c2-observer-p4-04,4,4,cold-first-data-action,c2.job.graph,planning,1,1,0,49779,49779.0,49779.0,0
c2-observer-p4-04,4,4,cold-first-data-action,c2.job.topology,planning,1,1,0,18983,18983.0,18983.0,0
c2-observer-p4-04,4,4,cold-first-data-action,c2.scheduler.select_assign,scheduler,10,10,0,27573,1704.0,8563.0,0
c2-observer-p4-04,4,4,cold-first-data-action,c2.stage.definition,serialization,2,2,0,296864,148432.0,217318.0,0
c2-observer-p4-04,4,4,cold-first-data-action,c2.stage.physical_encode,serialization,2,2,0,277640,138820.0,203886.0,0
c2-observer-p4-04,4,4,cold-first-data-action,c2.task.preparation_queue,scheduler,8,8,0,2186973,279464.5,323476.0,0
c2-observer-p4-04,4,4,cold-first-data-action,c2.task.preparation,scheduler,8,8,0,8271826,1029662.5,1178597.0,0
c2-observer-p4-04,4,4,cold-first-data-action,c2.stage.definition_cache_hit,scheduler,2,0,2,,,,0
c2-observer-p4-04,4,4,cold-first-data-action,c2.batch.dispatch,scheduler,4,4,0,6012397,1472680.0,1650081.0,0
c2-observer-p4-04,4,4,cold-first-data-action,c2.task.dispatched,scheduler,8,0,8,,,,0
c2-observer-p4-04,4,4,cold-first-data-action,c2.batch.definition_encode,serialization,4,4,0,68871,17986.0,27862.0,0
c2-observer-p4-04,4,4,cold-first-data-action,c2.batch.definition_decode,serialization,4,4,0,135539,34504.0,47991.0,0
c2-observer-p4-04,4,4,cold-first-data-action,c2.batch.physical_decode,serialization,4,4,0,223468,59222.5,97809.0,0
c2-observer-p4-04,4,4,cold-first-data-action,c2.task.physical_decode,serialization,8,8,0,5134282,610402.0,743281.0,0
c2-observer-p4-04,4,4,cold-first-data-action,c2.batch.admission,scheduler,4,4,0,1042196,264444.5,367517.0,0
c2-observer-p4-04,4,4,cold-first-data-action,c2.task.admitted,scheduler,8,0,8,,,,0
c2-observer-p4-04,4,4,cold-first-data-action,c2.task.terminal,scheduler,8,0,8,,,,0
c2-observer-p4-04,4,4,cold-first-data-action,c2.reader.declaration,stream,4,0,4,,,,0
c2-observer-p4-04,4,4,cold-first-data-action,c2.writer.declaration,stream,8,0,8,,,,0
c2-observer-p4-04,4,4,cold-first-data-action,c2.reader.open,stream,4,4,0,2809488,696960.5,761611.0,0
c2-observer-p4-04,4,4,cold-first-data-action,c2.writer.open,stream,8,8,0,542190,74607.0,93735.0,0
c2-observer-p4-04,4,4,cold-first-data-action,c2.stream.consumption,stream,22,22,0,80338167,2999034.0,8535735.0,0
c2-observer-p4-04,4,4,cold-first-data-action,c2.stream.owner,stream,34,34,0,128757406,3692232.5,9185703.0,0
c2-observer-p4-04,4,4,cold-first-data-action,c2.stream.first_poll,stream,22,0,22,,,,0
c2-observer-p4-04,4,4,cold-first-data-action,c2.stream.first_batch,stream,22,0,22,,,,0
c2-observer-p4-04,4,4,cold-first-data-action,c2.sink.commit,stream,8,8,0,66397,5597.0,23015.0,0
c2-observer-p4-04,4,4,cold-first-data-action,c2.sink.abort,stream,0,0,0,,,,0
c2-observer-p4-04,4,4,cold-first-data-action,c2.output.forward,stream,1,1,0,8600022,8600022.0,8600022.0,0
c2-observer-p4-04,4,4,cold-first-data-action,c2.cleanup.dispatch,cleanup,4,4,0,1131732,261039.0,381732.0,0
c2-observer-p4-04,4,4,cold-first-data-action,c2.cleanup.queued_ack,cleanup,4,4,0,35757,8241.5,12820.0,0
c2-observer-p4-04,4,4,cold-first-data-action,c2.cleanup.close_job_executed,cleanup,3,3,0,32936,8764.0,18033.0,0
c2-observer-p4-04,4,4,cold-first-data-action,c2.cleanup.local_streams_removed,cleanup,4,4,0,12870,3112.5,5290.0,0
c2-observer-p4-04,4,4,cold-first-data-action,c2.release.response_buffer,cleanup,5,5,0,17326,2540.0,7475.0,0
c2-observer-p4-04,4,4,cold-first-data-action,c2.release.operation,cleanup,1,1,0,7357,7357.0,7357.0,1
c2-observer-p4-04,4,4,cold-first-data-action,c2.executor.owner,resources,1,1,0,24925847,24925847.0,24925847.0,1
c2-observer-p4-04,4,4,cold-first-data-action,c2.executor.buffer_owner,resources,1,1,0,24927999,24927999.0,24927999.0,1
c2-observer-p4-04,4,4,warm-same-query-same-server,c2.operation.binding,planning,1,0,1,,,,0
c2-observer-p4-04,4,4,warm-same-query-same-server,c2.job.accepted,scheduler,1,0,1,,,,0
c2-observer-p4-04,4,4,warm-same-query-same-server,c2.task.assigned,scheduler,8,0,8,,,,0
c2-observer-p4-04,4,4,warm-same-query-same-server,c2.plan.resolve,planning,1,1,0,779484,779484.0,779484.0,0
c2-observer-p4-04,4,4,warm-same-query-same-server,c2.plan.logical_execute,planning,1,1,0,5769,5769.0,5769.0,0
c2-observer-p4-04,4,4,warm-same-query-same-server,c2.plan.optimize,planning,1,1,0,381897,381897.0,381897.0,0
c2-observer-p4-04,4,4,warm-same-query-same-server,c2.plan.physical,planning,1,1,0,602354,602354.0,602354.0,0
c2-observer-p4-04,4,4,warm-same-query-same-server,c2.job.graph,planning,1,1,0,17568,17568.0,17568.0,0
c2-observer-p4-04,4,4,warm-same-query-same-server,c2.job.topology,planning,1,1,0,5439,5439.0,5439.0,0
c2-observer-p4-04,4,4,warm-same-query-same-server,c2.scheduler.select_assign,scheduler,10,10,0,27449,2440.5,7373.0,0
c2-observer-p4-04,4,4,warm-same-query-same-server,c2.stage.definition,serialization,2,2,0,143151,71575.5,84267.0,0
c2-observer-p4-04,4,4,warm-same-query-same-server,c2.stage.physical_encode,serialization,2,2,0,133131,66565.5,78253.0,0
c2-observer-p4-04,4,4,warm-same-query-same-server,c2.task.preparation_queue,scheduler,8,8,0,181736,18360.0,45111.0,0
c2-observer-p4-04,4,4,warm-same-query-same-server,c2.task.preparation,scheduler,8,8,0,1993717,250894.5,313010.0,0
c2-observer-p4-04,4,4,warm-same-query-same-server,c2.stage.definition_cache_hit,scheduler,2,0,2,,,,0
c2-observer-p4-04,4,4,warm-same-query-same-server,c2.batch.dispatch,scheduler,4,4,0,2567676,653756.5,744175.0,0
c2-observer-p4-04,4,4,warm-same-query-same-server,c2.task.dispatched,scheduler,8,0,8,,,,0
c2-observer-p4-04,4,4,warm-same-query-same-server,c2.batch.definition_encode,serialization,4,4,0,32429,7921.0,11227.0,0
c2-observer-p4-04,4,4,warm-same-query-same-server,c2.batch.definition_decode,serialization,4,4,0,37337,9182.5,12530.0,0
c2-observer-p4-04,4,4,warm-same-query-same-server,c2.batch.physical_decode,serialization,4,4,0,73476,16429.5,36041.0,0
c2-observer-p4-04,4,4,warm-same-query-same-server,c2.task.physical_decode,serialization,8,8,0,755487,92267.0,128559.0,0
c2-observer-p4-04,4,4,warm-same-query-same-server,c2.batch.admission,scheduler,4,4,0,394443,99704.0,105199.0,0
c2-observer-p4-04,4,4,warm-same-query-same-server,c2.task.admitted,scheduler,8,0,8,,,,0
c2-observer-p4-04,4,4,warm-same-query-same-server,c2.task.terminal,scheduler,8,0,8,,,,0
c2-observer-p4-04,4,4,warm-same-query-same-server,c2.reader.declaration,stream,4,0,4,,,,0
c2-observer-p4-04,4,4,warm-same-query-same-server,c2.writer.declaration,stream,8,0,8,,,,0
c2-observer-p4-04,4,4,warm-same-query-same-server,c2.reader.open,stream,4,4,0,1922989,475649.5,512716.0,0
c2-observer-p4-04,4,4,warm-same-query-same-server,c2.writer.open,stream,8,8,0,311716,34691.0,79896.0,0
c2-observer-p4-04,4,4,warm-same-query-same-server,c2.stream.consumption,stream,22,22,0,38940289,1408563.0,4076182.0,0
c2-observer-p4-04,4,4,warm-same-query-same-server,c2.stream.owner,stream,34,34,0,63798777,1928626.5,4441394.0,0
c2-observer-p4-04,4,4,warm-same-query-same-server,c2.stream.first_poll,stream,22,0,22,,,,0
c2-observer-p4-04,4,4,warm-same-query-same-server,c2.stream.first_batch,stream,22,0,22,,,,0
c2-observer-p4-04,4,4,warm-same-query-same-server,c2.sink.commit,stream,8,8,0,38963,5666.5,6252.0,0
c2-observer-p4-04,4,4,warm-same-query-same-server,c2.sink.abort,stream,0,0,0,,,,0
c2-observer-p4-04,4,4,warm-same-query-same-server,c2.output.forward,stream,1,1,0,4170134,4170134.0,4170134.0,0
c2-observer-p4-04,4,4,warm-same-query-same-server,c2.cleanup.dispatch,cleanup,4,4,0,946731,234000.0,254407.0,0
c2-observer-p4-04,4,4,warm-same-query-same-server,c2.cleanup.queued_ack,cleanup,4,4,0,31110,6524.5,11989.0,0
c2-observer-p4-04,4,4,warm-same-query-same-server,c2.cleanup.close_job_executed,cleanup,3,3,0,13171,2907.0,7394.0,0
c2-observer-p4-04,4,4,warm-same-query-same-server,c2.cleanup.local_streams_removed,cleanup,4,4,0,9185,2293.5,3322.0,0
c2-observer-p4-04,4,4,warm-same-query-same-server,c2.release.response_buffer,cleanup,5,5,0,13873,2746.0,3596.0,0
c2-observer-p4-04,4,4,warm-same-query-same-server,c2.release.operation,cleanup,1,1,0,2323,2323.0,2323.0,0
c2-observer-p4-04,4,4,warm-same-query-same-server,c2.executor.owner,resources,1,1,0,7762960,7762960.0,7762960.0,0
c2-observer-p4-04,4,4,warm-same-query-same-server,c2.executor.buffer_owner,resources,1,1,0,7760026,7760026.0,7760026.0,0
c2-observer-p16-04,16,4,cold-first-data-action,c2.operation.binding,planning,1,0,1,,,,0
c2-observer-p16-04,16,4,cold-first-data-action,c2.job.accepted,scheduler,1,0,1,,,,0
c2-observer-p16-04,16,4,cold-first-data-action,c2.task.assigned,scheduler,24,0,24,,,,0
c2-observer-p16-04,16,4,cold-first-data-action,c2.plan.resolve,planning,1,1,0,573396,573396.0,573396.0,0
c2-observer-p16-04,16,4,cold-first-data-action,c2.plan.logical_execute,planning,1,1,0,13033,13033.0,13033.0,0
c2-observer-p16-04,16,4,cold-first-data-action,c2.plan.optimize,planning,1,1,0,827263,827263.0,827263.0,0
c2-observer-p16-04,16,4,cold-first-data-action,c2.plan.physical,planning,1,1,0,1573734,1573734.0,1573734.0,0
c2-observer-p16-04,16,4,cold-first-data-action,c2.job.graph,planning,1,1,0,55015,55015.0,55015.0,0
c2-observer-p16-04,16,4,cold-first-data-action,c2.job.topology,planning,1,1,0,22280,22280.0,22280.0,0
c2-observer-p16-04,16,4,cold-first-data-action,c2.scheduler.select_assign,scheduler,26,26,0,68030,1367.5,8671.0,0
c2-observer-p16-04,16,4,cold-first-data-action,c2.stage.definition,serialization,2,2,0,301552,150776.0,219318.0,0
c2-observer-p16-04,16,4,cold-first-data-action,c2.stage.physical_encode,serialization,2,2,0,277405,138702.5,206847.0,0
c2-observer-p16-04,16,4,cold-first-data-action,c2.task.preparation_queue,scheduler,24,24,0,31124123,1268287.0,2172861.0,0
c2-observer-p16-04,16,4,cold-first-data-action,c2.task.preparation,scheduler,24,24,0,39416843,1804395.5,2423027.0,0
c2-observer-p16-04,16,4,cold-first-data-action,c2.stage.definition_cache_hit,scheduler,2,0,2,,,,0
c2-observer-p16-04,16,4,cold-first-data-action,c2.batch.dispatch,scheduler,4,4,0,8276583,2084253.0,2362845.0,0
c2-observer-p16-04,16,4,cold-first-data-action,c2.task.dispatched,scheduler,24,0,24,,,,0
c2-observer-p16-04,16,4,cold-first-data-action,c2.batch.definition_encode,serialization,4,4,0,70796,19642.5,24973.0,0
c2-observer-p16-04,16,4,cold-first-data-action,c2.batch.definition_decode,serialization,4,4,0,164490,45491.5,48955.0,0
c2-observer-p16-04,16,4,cold-first-data-action,c2.batch.physical_decode,serialization,4,4,0,239487,57508.0,116388.0,0
c2-observer-p16-04,16,4,cold-first-data-action,c2.task.physical_decode,serialization,24,24,0,21206518,768302.5,1492137.0,0
c2-observer-p16-04,16,4,cold-first-data-action,c2.batch.admission,scheduler,4,4,0,1593145,313130.0,763839.0,0
c2-observer-p16-04,16,4,cold-first-data-action,c2.task.admitted,scheduler,24,0,24,,,,0
c2-observer-p16-04,16,4,cold-first-data-action,c2.task.terminal,scheduler,24,0,24,,,,0
c2-observer-p16-04,16,4,cold-first-data-action,c2.reader.declaration,stream,16,0,16,,,,0
c2-observer-p16-04,16,4,cold-first-data-action,c2.writer.declaration,stream,24,0,24,,,,0
c2-observer-p16-04,16,4,cold-first-data-action,c2.reader.open,stream,16,16,0,63146069,4011272.5,4800637.0,0
c2-observer-p16-04,16,4,cold-first-data-action,c2.writer.open,stream,24,24,0,7596686,299200.0,596501.0,0
c2-observer-p16-04,16,4,cold-first-data-action,c2.stream.consumption,stream,66,66,0,259194225,4646111.5,6703467.0,0
c2-observer-p16-04,16,4,cold-first-data-action,c2.stream.owner,stream,106,106,0,495763733,5549583.5,7480463.0,0
c2-observer-p16-04,16,4,cold-first-data-action,c2.stream.first_poll,stream,66,0,66,,,,0
c2-observer-p16-04,16,4,cold-first-data-action,c2.stream.first_batch,stream,66,0,66,,,,0
c2-observer-p16-04,16,4,cold-first-data-action,c2.sink.commit,stream,24,24,0,197137,4266.5,21220.0,0
c2-observer-p16-04,16,4,cold-first-data-action,c2.sink.abort,stream,0,0,0,,,,0
c2-observer-p16-04,16,4,cold-first-data-action,c2.output.forward,stream,1,1,0,13952632,13952632.0,13952632.0,0
c2-observer-p16-04,16,4,cold-first-data-action,c2.cleanup.dispatch,cleanup,4,4,0,1299322,324144.0,358911.0,0
c2-observer-p16-04,16,4,cold-first-data-action,c2.cleanup.queued_ack,cleanup,4,4,0,28377,6447.0,9628.0,0
c2-observer-p16-04,16,4,cold-first-data-action,c2.cleanup.close_job_executed,cleanup,3,3,0,24045,7850.0,8586.0,0
c2-observer-p16-04,16,4,cold-first-data-action,c2.cleanup.local_streams_removed,cleanup,4,4,0,18783,4704.5,7971.0,0
c2-observer-p16-04,16,4,cold-first-data-action,c2.release.response_buffer,cleanup,17,17,0,54137,2628.0,9218.0,0
c2-observer-p16-04,16,4,cold-first-data-action,c2.release.operation,cleanup,1,1,0,7083,7083.0,7083.0,1
c2-observer-p16-04,16,4,cold-first-data-action,c2.executor.owner,resources,1,1,0,34215422,34215422.0,34215422.0,1
c2-observer-p16-04,16,4,cold-first-data-action,c2.executor.buffer_owner,resources,1,1,0,34220489,34220489.0,34220489.0,1
c2-observer-p16-04,16,4,warm-same-query-same-server,c2.operation.binding,planning,1,0,1,,,,0
c2-observer-p16-04,16,4,warm-same-query-same-server,c2.job.accepted,scheduler,1,0,1,,,,0
c2-observer-p16-04,16,4,warm-same-query-same-server,c2.task.assigned,scheduler,24,0,24,,,,0
c2-observer-p16-04,16,4,warm-same-query-same-server,c2.plan.resolve,planning,1,1,0,632303,632303.0,632303.0,0
c2-observer-p16-04,16,4,warm-same-query-same-server,c2.plan.logical_execute,planning,1,1,0,5908,5908.0,5908.0,0
c2-observer-p16-04,16,4,warm-same-query-same-server,c2.plan.optimize,planning,1,1,0,382409,382409.0,382409.0,0
c2-observer-p16-04,16,4,warm-same-query-same-server,c2.plan.physical,planning,1,1,0,610444,610444.0,610444.0,0
c2-observer-p16-04,16,4,warm-same-query-same-server,c2.job.graph,planning,1,1,0,16205,16205.0,16205.0,0
c2-observer-p16-04,16,4,warm-same-query-same-server,c2.job.topology,planning,1,1,0,6439,6439.0,6439.0,0
c2-observer-p16-04,16,4,warm-same-query-same-server,c2.scheduler.select_assign,scheduler,26,26,0,74513,1811.5,9926.0,0
c2-observer-p16-04,16,4,warm-same-query-same-server,c2.stage.definition,serialization,2,2,0,152847,76423.5,97599.0,0
c2-observer-p16-04,16,4,warm-same-query-same-server,c2.stage.physical_encode,serialization,2,2,0,137505,68752.5,94136.0,0
c2-observer-p16-04,16,4,warm-same-query-same-server,c2.task.preparation_queue,scheduler,24,24,0,722901,26614.5,54820.0,0
c2-observer-p16-04,16,4,warm-same-query-same-server,c2.task.preparation,scheduler,24,24,0,7970260,338934.0,512119.0,0
c2-observer-p16-04,16,4,warm-same-query-same-server,c2.stage.definition_cache_hit,scheduler,2,0,2,,,,0
c2-observer-p16-04,16,4,warm-same-query-same-server,c2.batch.dispatch,scheduler,4,4,0,3517636,793875.5,1493968.0,0
c2-observer-p16-04,16,4,warm-same-query-same-server,c2.task.dispatched,scheduler,24,0,24,,,,0
c2-observer-p16-04,16,4,warm-same-query-same-server,c2.batch.definition_encode,serialization,4,4,0,28133,6166.0,11283.0,0
c2-observer-p16-04,16,4,warm-same-query-same-server,c2.batch.definition_decode,serialization,4,4,0,56972,15111.5,17172.0,0
c2-observer-p16-04,16,4,warm-same-query-same-server,c2.batch.physical_decode,serialization,4,4,0,93667,22912.5,39894.0,0
c2-observer-p16-04,16,4,warm-same-query-same-server,c2.task.physical_decode,serialization,24,24,0,2434992,87102.0,244434.0,0
c2-observer-p16-04,16,4,warm-same-query-same-server,c2.batch.admission,scheduler,4,4,0,1072144,218291.0,580344.0,0
c2-observer-p16-04,16,4,warm-same-query-same-server,c2.task.admitted,scheduler,24,0,24,,,,0
c2-observer-p16-04,16,4,warm-same-query-same-server,c2.task.terminal,scheduler,24,0,24,,,,0
c2-observer-p16-04,16,4,warm-same-query-same-server,c2.reader.declaration,stream,16,0,16,,,,0
c2-observer-p16-04,16,4,warm-same-query-same-server,c2.writer.declaration,stream,24,0,24,,,,0
c2-observer-p16-04,16,4,warm-same-query-same-server,c2.reader.open,stream,16,16,0,48881208,3369189.5,4240320.0,0
c2-observer-p16-04,16,4,warm-same-query-same-server,c2.writer.open,stream,24,24,0,13264886,527098.0,1034495.0,0
c2-observer-p16-04,16,4,warm-same-query-same-server,c2.stream.consumption,stream,66,66,0,188241560,2827206.5,5545938.0,0
c2-observer-p16-04,16,4,warm-same-query-same-server,c2.stream.owner,stream,106,106,0,364768660,4003439.0,5715577.0,0
c2-observer-p16-04,16,4,warm-same-query-same-server,c2.stream.first_poll,stream,66,0,66,,,,0
c2-observer-p16-04,16,4,warm-same-query-same-server,c2.stream.first_batch,stream,66,0,66,,,,0
c2-observer-p16-04,16,4,warm-same-query-same-server,c2.sink.commit,stream,24,24,0,186311,4147.5,20847.0,0
c2-observer-p16-04,16,4,warm-same-query-same-server,c2.sink.abort,stream,0,0,0,,,,0
c2-observer-p16-04,16,4,warm-same-query-same-server,c2.output.forward,stream,1,1,0,8128148,8128148.0,8128148.0,0
c2-observer-p16-04,16,4,warm-same-query-same-server,c2.cleanup.dispatch,cleanup,4,4,0,1186084,302004.0,324684.0,0
c2-observer-p16-04,16,4,warm-same-query-same-server,c2.cleanup.queued_ack,cleanup,4,4,0,35272,8472.5,11213.0,0
c2-observer-p16-04,16,4,warm-same-query-same-server,c2.cleanup.close_job_executed,cleanup,3,3,0,12159,4218.0,4933.0,0
c2-observer-p16-04,16,4,warm-same-query-same-server,c2.cleanup.local_streams_removed,cleanup,4,4,0,15135,3849.5,6006.0,0
c2-observer-p16-04,16,4,warm-same-query-same-server,c2.release.response_buffer,cleanup,17,17,0,69034,2673.0,18998.0,0
c2-observer-p16-04,16,4,warm-same-query-same-server,c2.release.operation,cleanup,1,1,0,2294,2294.0,2294.0,0
c2-observer-p16-04,16,4,warm-same-query-same-server,c2.executor.owner,resources,1,1,0,22116006,22116006.0,22116006.0,0
c2-observer-p16-04,16,4,warm-same-query-same-server,c2.executor.buffer_owner,resources,1,1,0,22117720,22117720.0,22117720.0,0
c2-observer-p32-04,32,4,cold-first-data-action,c2.operation.binding,planning,1,0,1,,,,0
c2-observer-p32-04,32,4,cold-first-data-action,c2.job.accepted,scheduler,1,0,1,,,,0
c2-observer-p32-04,32,4,cold-first-data-action,c2.task.assigned,scheduler,40,0,40,,,,0
c2-observer-p32-04,32,4,cold-first-data-action,c2.plan.resolve,planning,1,1,0,552532,552532.0,552532.0,0
c2-observer-p32-04,32,4,cold-first-data-action,c2.plan.logical_execute,planning,1,1,0,13017,13017.0,13017.0,0
c2-observer-p32-04,32,4,cold-first-data-action,c2.plan.optimize,planning,1,1,0,879283,879283.0,879283.0,0
c2-observer-p32-04,32,4,cold-first-data-action,c2.plan.physical,planning,1,1,0,1677713,1677713.0,1677713.0,0
c2-observer-p32-04,32,4,cold-first-data-action,c2.job.graph,planning,1,1,0,74115,74115.0,74115.0,0
c2-observer-p32-04,32,4,cold-first-data-action,c2.job.topology,planning,1,1,0,22843,22843.0,22843.0,0
c2-observer-p32-04,32,4,cold-first-data-action,c2.scheduler.select_assign,scheduler,42,42,0,145282,1824.5,11606.0,0
c2-observer-p32-04,32,4,cold-first-data-action,c2.stage.definition,serialization,2,2,0,296137,148068.5,205139.0,0
c2-observer-p32-04,32,4,cold-first-data-action,c2.stage.physical_encode,serialization,2,2,0,262425,131212.5,192630.0,0
c2-observer-p32-04,32,4,cold-first-data-action,c2.task.preparation_queue,scheduler,40,40,0,102784526,2483514.5,4320809.0,0
c2-observer-p32-04,32,4,cold-first-data-action,c2.task.preparation,scheduler,40,40,0,52979992,1419618.5,2207870.0,0
c2-observer-p32-04,32,4,cold-first-data-action,c2.stage.definition_cache_hit,scheduler,2,0,2,,,,0
c2-observer-p32-04,32,4,cold-first-data-action,c2.batch.dispatch,scheduler,4,4,0,12334786,3277432.0,3520456.0,0
c2-observer-p32-04,32,4,cold-first-data-action,c2.task.dispatched,scheduler,40,0,40,,,,0
c2-observer-p32-04,32,4,cold-first-data-action,c2.batch.definition_encode,serialization,4,4,0,80762,20394.0,32845.0,0
c2-observer-p32-04,32,4,cold-first-data-action,c2.batch.definition_decode,serialization,4,4,0,167971,42951.5,57009.0,0
c2-observer-p32-04,32,4,cold-first-data-action,c2.batch.physical_decode,serialization,4,4,0,328345,102640.5,111421.0,0
c2-observer-p32-04,32,4,cold-first-data-action,c2.task.physical_decode,serialization,40,40,0,27591942,658272.0,1425216.0,0
c2-observer-p32-04,32,4,cold-first-data-action,c2.batch.admission,scheduler,4,4,0,5928814,1472728.0,2243366.0,0
c2-observer-p32-04,32,4,cold-first-data-action,c2.task.admitted,scheduler,40,0,40,,,,0
c2-observer-p32-04,32,4,cold-first-data-action,c2.task.terminal,scheduler,40,0,40,,,,0
c2-observer-p32-04,32,4,cold-first-data-action,c2.reader.declaration,stream,32,0,32,,,,0
c2-observer-p32-04,32,4,cold-first-data-action,c2.writer.declaration,stream,40,0,40,,,,0
c2-observer-p32-04,32,4,cold-first-data-action,c2.reader.open,stream,32,32,0,198727414,6090569.0,7640310.0,0
c2-observer-p32-04,32,4,cold-first-data-action,c2.writer.open,stream,40,40,0,35421873,834110.5,1903365.0,0
c2-observer-p32-04,32,4,cold-first-data-action,c2.stream.consumption,stream,114,114,0,693378116,6850253.0,11517747.0,0
c2-observer-p32-04,32,4,cold-first-data-action,c2.stream.owner,stream,186,186,0,1370928707,8557103.0,12015598.0,0
c2-observer-p32-04,32,4,cold-first-data-action,c2.stream.first_poll,stream,114,0,114,,,,0
c2-observer-p32-04,32,4,cold-first-data-action,c2.stream.first_batch,stream,114,0,114,,,,0
c2-observer-p32-04,32,4,cold-first-data-action,c2.sink.commit,stream,40,40,0,485108,5746.0,41072.0,0
c2-observer-p32-04,32,4,cold-first-data-action,c2.sink.abort,stream,0,0,0,,,,0
c2-observer-p32-04,32,4,cold-first-data-action,c2.output.forward,stream,1,1,0,21187137,21187137.0,21187137.0,0
c2-observer-p32-04,32,4,cold-first-data-action,c2.cleanup.dispatch,cleanup,4,4,0,1151019,293249.5,296284.0,0
c2-observer-p32-04,32,4,cold-first-data-action,c2.cleanup.queued_ack,cleanup,4,4,0,35061,8854.5,10709.0,0
c2-observer-p32-04,32,4,cold-first-data-action,c2.cleanup.close_job_executed,cleanup,3,3,0,24620,8308.0,8669.0,0
c2-observer-p32-04,32,4,cold-first-data-action,c2.cleanup.local_streams_removed,cleanup,4,4,0,25650,6253.0,11886.0,0
c2-observer-p32-04,32,4,cold-first-data-action,c2.release.response_buffer,cleanup,33,33,0,123125,2422.0,11351.0,0
c2-observer-p32-04,32,4,cold-first-data-action,c2.release.operation,cleanup,1,1,0,6537,6537.0,6537.0,0
c2-observer-p32-04,32,4,cold-first-data-action,c2.executor.owner,resources,1,1,0,32511983,32511983.0,32511983.0,0
c2-observer-p32-04,32,4,cold-first-data-action,c2.executor.buffer_owner,resources,1,1,0,32512077,32512077.0,32512077.0,0
c2-observer-p32-04,32,4,warm-same-query-same-server,c2.operation.binding,planning,1,0,1,,,,0
c2-observer-p32-04,32,4,warm-same-query-same-server,c2.job.accepted,scheduler,1,0,1,,,,0
c2-observer-p32-04,32,4,warm-same-query-same-server,c2.task.assigned,scheduler,40,0,40,,,,0
c2-observer-p32-04,32,4,warm-same-query-same-server,c2.plan.resolve,planning,1,1,0,662077,662077.0,662077.0,0
c2-observer-p32-04,32,4,warm-same-query-same-server,c2.plan.logical_execute,planning,1,1,0,5018,5018.0,5018.0,0
c2-observer-p32-04,32,4,warm-same-query-same-server,c2.plan.optimize,planning,1,1,0,357548,357548.0,357548.0,0
c2-observer-p32-04,32,4,warm-same-query-same-server,c2.plan.physical,planning,1,1,0,651752,651752.0,651752.0,0
c2-observer-p32-04,32,4,warm-same-query-same-server,c2.job.graph,planning,1,1,0,19948,19948.0,19948.0,0
c2-observer-p32-04,32,4,warm-same-query-same-server,c2.job.topology,planning,1,1,0,10023,10023.0,10023.0,0
c2-observer-p32-04,32,4,warm-same-query-same-server,c2.scheduler.select_assign,scheduler,42,42,0,225881,3183.5,25770.0,0
c2-observer-p32-04,32,4,warm-same-query-same-server,c2.stage.definition,serialization,2,2,0,127221,63610.5,77012.0,0
c2-observer-p32-04,32,4,warm-same-query-same-server,c2.stage.physical_encode,serialization,2,2,0,101936,50968.0,73108.0,0
c2-observer-p32-04,32,4,warm-same-query-same-server,c2.task.preparation_queue,scheduler,40,40,0,1913262,35663.5,116866.0,0
c2-observer-p32-04,32,4,warm-same-query-same-server,c2.task.preparation,scheduler,40,40,0,18493495,397584.5,872114.0,0
c2-observer-p32-04,32,4,warm-same-query-same-server,c2.stage.definition_cache_hit,scheduler,2,0,2,,,,0
c2-observer-p32-04,32,4,warm-same-query-same-server,c2.batch.dispatch,scheduler,4,4,0,2837225,710546.5,943197.0,0
c2-observer-p32-04,32,4,warm-same-query-same-server,c2.task.dispatched,scheduler,40,0,40,,,,0
c2-observer-p32-04,32,4,warm-same-query-same-server,c2.batch.definition_encode,serialization,4,4,0,77237,20382.5,32145.0,0
c2-observer-p32-04,32,4,warm-same-query-same-server,c2.batch.definition_decode,serialization,4,4,0,65785,16349.5,26441.0,0
c2-observer-p32-04,32,4,warm-same-query-same-server,c2.batch.physical_decode,serialization,4,4,0,115657,23450.0,57958.0,0
c2-observer-p32-04,32,4,warm-same-query-same-server,c2.task.physical_decode,serialization,40,40,0,6081240,130088.0,336446.0,0
c2-observer-p32-04,32,4,warm-same-query-same-server,c2.batch.admission,scheduler,4,4,0,603345,149620.5,251691.0,0
c2-observer-p32-04,32,4,warm-same-query-same-server,c2.task.admitted,scheduler,40,0,40,,,,0
c2-observer-p32-04,32,4,warm-same-query-same-server,c2.task.terminal,scheduler,40,0,40,,,,0
c2-observer-p32-04,32,4,warm-same-query-same-server,c2.reader.declaration,stream,32,0,32,,,,0
c2-observer-p32-04,32,4,warm-same-query-same-server,c2.writer.declaration,stream,40,0,40,,,,0
c2-observer-p32-04,32,4,warm-same-query-same-server,c2.reader.open,stream,32,32,0,175715495,5545191.5,7424202.0,0
c2-observer-p32-04,32,4,warm-same-query-same-server,c2.writer.open,stream,40,40,0,54404017,1321769.0,1706869.0,0
c2-observer-p32-04,32,4,warm-same-query-same-server,c2.stream.consumption,stream,114,114,0,523359606,5527175.0,9158155.0,0
c2-observer-p32-04,32,4,warm-same-query-same-server,c2.stream.owner,stream,186,186,0,1076177457,6870870.0,9555591.0,0
c2-observer-p32-04,32,4,warm-same-query-same-server,c2.stream.first_poll,stream,114,0,114,,,,0
c2-observer-p32-04,32,4,warm-same-query-same-server,c2.stream.first_batch,stream,114,0,114,,,,0
c2-observer-p32-04,32,4,warm-same-query-same-server,c2.sink.commit,stream,40,40,0,335398,3990.5,26863.0,0
c2-observer-p32-04,32,4,warm-same-query-same-server,c2.sink.abort,stream,0,0,0,,,,0
c2-observer-p32-04,32,4,warm-same-query-same-server,c2.output.forward,stream,1,1,0,13376056,13376056.0,13376056.0,0
c2-observer-p32-04,32,4,warm-same-query-same-server,c2.cleanup.dispatch,cleanup,4,4,0,1065752,267678.0,284925.0,0
c2-observer-p32-04,32,4,warm-same-query-same-server,c2.cleanup.queued_ack,cleanup,4,4,0,40807,11267.0,11917.0,0
c2-observer-p32-04,32,4,warm-same-query-same-server,c2.cleanup.close_job_executed,cleanup,3,3,0,13132,4609.0,5318.0,0
c2-observer-p32-04,32,4,warm-same-query-same-server,c2.cleanup.local_streams_removed,cleanup,4,4,0,18688,4397.0,8636.0,0
c2-observer-p32-04,32,4,warm-same-query-same-server,c2.release.response_buffer,cleanup,33,33,0,96330,2612.0,4839.0,0
c2-observer-p32-04,32,4,warm-same-query-same-server,c2.release.operation,cleanup,1,1,0,1943,1943.0,1943.0,0
c2-observer-p32-04,32,4,warm-same-query-same-server,c2.executor.owner,resources,1,1,0,24384874,24384874.0,24384874.0,0
c2-observer-p32-04,32,4,warm-same-query-same-server,c2.executor.buffer_owner,resources,1,1,0,24385414,24385414.0,24385414.0,0
c2-observer-p4-05,4,5,cold-first-data-action,c2.operation.binding,planning,1,0,1,,,,0
c2-observer-p4-05,4,5,cold-first-data-action,c2.job.accepted,scheduler,1,0,1,,,,0
c2-observer-p4-05,4,5,cold-first-data-action,c2.task.assigned,scheduler,8,0,8,,,,0
c2-observer-p4-05,4,5,cold-first-data-action,c2.plan.resolve,planning,1,1,0,560369,560369.0,560369.0,0
c2-observer-p4-05,4,5,cold-first-data-action,c2.plan.logical_execute,planning,1,1,0,13066,13066.0,13066.0,0
c2-observer-p4-05,4,5,cold-first-data-action,c2.plan.optimize,planning,1,1,0,851716,851716.0,851716.0,0
c2-observer-p4-05,4,5,cold-first-data-action,c2.plan.physical,planning,1,1,0,1558731,1558731.0,1558731.0,0
c2-observer-p4-05,4,5,cold-first-data-action,c2.job.graph,planning,1,1,0,53381,53381.0,53381.0,0
c2-observer-p4-05,4,5,cold-first-data-action,c2.job.topology,planning,1,1,0,19430,19430.0,19430.0,0
c2-observer-p4-05,4,5,cold-first-data-action,c2.scheduler.select_assign,scheduler,10,10,0,28454,2681.5,5341.0,0
c2-observer-p4-05,4,5,cold-first-data-action,c2.stage.definition,serialization,2,2,0,290553,145276.5,215353.0,0
c2-observer-p4-05,4,5,cold-first-data-action,c2.stage.physical_encode,serialization,2,2,0,274129,137064.5,203028.0,0
c2-observer-p4-05,4,5,cold-first-data-action,c2.task.preparation_queue,scheduler,8,8,0,1819908,236602.0,291773.0,0
c2-observer-p4-05,4,5,cold-first-data-action,c2.task.preparation,scheduler,8,8,0,8034417,1023210.0,1105295.0,0
c2-observer-p4-05,4,5,cold-first-data-action,c2.stage.definition_cache_hit,scheduler,2,0,2,,,,0
c2-observer-p4-05,4,5,cold-first-data-action,c2.batch.dispatch,scheduler,4,4,0,5677823,1391336.0,1633213.0,0
c2-observer-p4-05,4,5,cold-first-data-action,c2.task.dispatched,scheduler,8,0,8,,,,0
c2-observer-p4-05,4,5,cold-first-data-action,c2.batch.definition_encode,serialization,4,4,0,87984,14883.5,49011.0,0
c2-observer-p4-05,4,5,cold-first-data-action,c2.batch.definition_decode,serialization,4,4,0,119254,29917.5,42332.0,0
c2-observer-p4-05,4,5,cold-first-data-action,c2.batch.physical_decode,serialization,4,4,0,315914,76125.5,143821.0,0
c2-observer-p4-05,4,5,cold-first-data-action,c2.task.physical_decode,serialization,8,8,0,4778766,588500.5,709258.0,0
c2-observer-p4-05,4,5,cold-first-data-action,c2.batch.admission,scheduler,4,4,0,1102506,241965.5,490706.0,0
c2-observer-p4-05,4,5,cold-first-data-action,c2.task.admitted,scheduler,8,0,8,,,,0
c2-observer-p4-05,4,5,cold-first-data-action,c2.task.terminal,scheduler,8,0,8,,,,0
c2-observer-p4-05,4,5,cold-first-data-action,c2.reader.declaration,stream,4,0,4,,,,0
c2-observer-p4-05,4,5,cold-first-data-action,c2.writer.declaration,stream,8,0,8,,,,0
c2-observer-p4-05,4,5,cold-first-data-action,c2.reader.open,stream,4,4,0,3034604,767046.0,809727.0,0
c2-observer-p4-05,4,5,cold-first-data-action,c2.writer.open,stream,8,8,0,511015,60968.5,94656.0,0
c2-observer-p4-05,4,5,cold-first-data-action,c2.stream.consumption,stream,22,22,0,76132764,2647535.5,8365137.0,0
c2-observer-p4-05,4,5,cold-first-data-action,c2.stream.owner,stream,34,34,0,123320059,3739618.5,9197270.0,0
c2-observer-p4-05,4,5,cold-first-data-action,c2.stream.first_poll,stream,22,0,22,,,,0
c2-observer-p4-05,4,5,cold-first-data-action,c2.stream.first_batch,stream,22,0,22,,,,0
c2-observer-p4-05,4,5,cold-first-data-action,c2.sink.commit,stream,8,8,0,54868,4295.5,16604.0,0
c2-observer-p4-05,4,5,cold-first-data-action,c2.sink.abort,stream,0,0,0,,,,0
c2-observer-p4-05,4,5,cold-first-data-action,c2.output.forward,stream,1,1,0,7987494,7987494.0,7987494.0,0
c2-observer-p4-05,4,5,cold-first-data-action,c2.cleanup.dispatch,cleanup,4,4,0,1118175,277434.5,324312.0,0
c2-observer-p4-05,4,5,cold-first-data-action,c2.cleanup.queued_ack,cleanup,4,4,0,32042,8071.5,9719.0,0
c2-observer-p4-05,4,5,cold-first-data-action,c2.cleanup.close_job_executed,cleanup,3,3,0,18715,6350.0,6960.0,0
c2-observer-p4-05,4,5,cold-first-data-action,c2.cleanup.local_streams_removed,cleanup,4,4,0,17794,3341.0,9998.0,0
c2-observer-p4-05,4,5,cold-first-data-action,c2.release.response_buffer,cleanup,5,5,0,19621,2814.0,6781.0,0
c2-observer-p4-05,4,5,cold-first-data-action,c2.release.operation,cleanup,1,1,0,4767,4767.0,4767.0,0
c2-observer-p4-05,4,5,cold-first-data-action,c2.executor.owner,resources,1,1,0,11584212,11584212.0,11584212.0,0
c2-observer-p4-05,4,5,cold-first-data-action,c2.executor.buffer_owner,resources,1,1,0,11586611,11586611.0,11586611.0,0
c2-observer-p4-05,4,5,warm-same-query-same-server,c2.operation.binding,planning,1,0,1,,,,0
c2-observer-p4-05,4,5,warm-same-query-same-server,c2.job.accepted,scheduler,1,0,1,,,,0
c2-observer-p4-05,4,5,warm-same-query-same-server,c2.task.assigned,scheduler,8,0,8,,,,0
c2-observer-p4-05,4,5,warm-same-query-same-server,c2.plan.resolve,planning,1,1,0,680734,680734.0,680734.0,0
c2-observer-p4-05,4,5,warm-same-query-same-server,c2.plan.logical_execute,planning,1,1,0,5638,5638.0,5638.0,0
c2-observer-p4-05,4,5,warm-same-query-same-server,c2.plan.optimize,planning,1,1,0,353971,353971.0,353971.0,0
c2-observer-p4-05,4,5,warm-same-query-same-server,c2.plan.physical,planning,1,1,0,558266,558266.0,558266.0,0
c2-observer-p4-05,4,5,warm-same-query-same-server,c2.job.graph,planning,1,1,0,14997,14997.0,14997.0,0
c2-observer-p4-05,4,5,warm-same-query-same-server,c2.job.topology,planning,1,1,0,4955,4955.0,4955.0,0
c2-observer-p4-05,4,5,warm-same-query-same-server,c2.scheduler.select_assign,scheduler,10,10,0,31301,2417.0,6887.0,0
c2-observer-p4-05,4,5,warm-same-query-same-server,c2.stage.definition,serialization,2,2,0,108577,54288.5,77717.0,0
c2-observer-p4-05,4,5,warm-same-query-same-server,c2.stage.physical_encode,serialization,2,2,0,101616,50808.0,74178.0,0
c2-observer-p4-05,4,5,warm-same-query-same-server,c2.task.preparation_queue,scheduler,8,8,0,163127,19353.5,26001.0,0
c2-observer-p4-05,4,5,warm-same-query-same-server,c2.task.preparation,scheduler,8,8,0,1869631,237784.5,276603.0,0
c2-observer-p4-05,4,5,warm-same-query-same-server,c2.stage.definition_cache_hit,scheduler,2,0,2,,,,0
c2-observer-p4-05,4,5,warm-same-query-same-server,c2.batch.dispatch,scheduler,4,4,0,2052999,492675.5,606523.0,0
c2-observer-p4-05,4,5,warm-same-query-same-server,c2.task.dispatched,scheduler,8,0,8,,,,0
c2-observer-p4-05,4,5,warm-same-query-same-server,c2.batch.definition_encode,serialization,4,4,0,43832,9973.0,18333.0,0
c2-observer-p4-05,4,5,warm-same-query-same-server,c2.batch.definition_decode,serialization,4,4,0,32133,7924.5,10044.0,0
c2-observer-p4-05,4,5,warm-same-query-same-server,c2.batch.physical_decode,serialization,4,4,0,79474,17943.0,37082.0,0
c2-observer-p4-05,4,5,warm-same-query-same-server,c2.task.physical_decode,serialization,8,8,0,672720,79059.5,121604.0,0
c2-observer-p4-05,4,5,warm-same-query-same-server,c2.batch.admission,scheduler,4,4,0,308436,71013.5,126096.0,0
c2-observer-p4-05,4,5,warm-same-query-same-server,c2.task.admitted,scheduler,8,0,8,,,,0
c2-observer-p4-05,4,5,warm-same-query-same-server,c2.task.terminal,scheduler,8,0,8,,,,0
c2-observer-p4-05,4,5,warm-same-query-same-server,c2.reader.declaration,stream,4,0,4,,,,0
c2-observer-p4-05,4,5,warm-same-query-same-server,c2.writer.declaration,stream,8,0,8,,,,0
c2-observer-p4-05,4,5,warm-same-query-same-server,c2.reader.open,stream,4,4,0,2032244,522544.0,559495.0,0
c2-observer-p4-05,4,5,warm-same-query-same-server,c2.writer.open,stream,8,8,0,297710,33591.5,57794.0,0
c2-observer-p4-05,4,5,warm-same-query-same-server,c2.stream.consumption,stream,22,22,0,41644548,1478465.0,4267844.0,0
c2-observer-p4-05,4,5,warm-same-query-same-server,c2.stream.owner,stream,34,34,0,68128152,1986767.5,4583536.0,0
c2-observer-p4-05,4,5,warm-same-query-same-server,c2.stream.first_poll,stream,22,0,22,,,,0
c2-observer-p4-05,4,5,warm-same-query-same-server,c2.stream.first_batch,stream,22,0,22,,,,0
c2-observer-p4-05,4,5,warm-same-query-same-server,c2.sink.commit,stream,8,8,0,42129,4314.0,10277.0,0
c2-observer-p4-05,4,5,warm-same-query-same-server,c2.sink.abort,stream,0,0,0,,,,0
c2-observer-p4-05,4,5,warm-same-query-same-server,c2.output.forward,stream,1,1,0,4041891,4041891.0,4041891.0,0
c2-observer-p4-05,4,5,warm-same-query-same-server,c2.cleanup.dispatch,cleanup,4,4,0,980673,243742.5,249725.0,0
c2-observer-p4-05,4,5,warm-same-query-same-server,c2.cleanup.queued_ack,cleanup,4,4,0,26560,6040.0,8980.0,0
c2-observer-p4-05,4,5,warm-same-query-same-server,c2.cleanup.close_job_executed,cleanup,3,3,0,16823,2832.0,11789.0,0
c2-observer-p4-05,4,5,warm-same-query-same-server,c2.cleanup.local_streams_removed,cleanup,4,4,0,8807,2221.0,3471.0,0
c2-observer-p4-05,4,5,warm-same-query-same-server,c2.release.response_buffer,cleanup,5,5,0,16080,2997.0,4665.0,0
c2-observer-p4-05,4,5,warm-same-query-same-server,c2.release.operation,cleanup,1,1,0,3573,3573.0,3573.0,1
c2-observer-p4-05,4,5,warm-same-query-same-server,c2.executor.owner,resources,1,1,0,56891267,56891267.0,56891267.0,1
c2-observer-p4-05,4,5,warm-same-query-same-server,c2.executor.buffer_owner,resources,1,1,0,56869468,56869468.0,56869468.0,1
c2-observer-p16-05,16,5,cold-first-data-action,c2.operation.binding,planning,1,0,1,,,,0
c2-observer-p16-05,16,5,cold-first-data-action,c2.job.accepted,scheduler,1,0,1,,,,0
c2-observer-p16-05,16,5,cold-first-data-action,c2.task.assigned,scheduler,24,0,24,,,,0
c2-observer-p16-05,16,5,cold-first-data-action,c2.plan.resolve,planning,1,1,0,491766,491766.0,491766.0,0
c2-observer-p16-05,16,5,cold-first-data-action,c2.plan.logical_execute,planning,1,1,0,14856,14856.0,14856.0,0
c2-observer-p16-05,16,5,cold-first-data-action,c2.plan.optimize,planning,1,1,0,902729,902729.0,902729.0,0
c2-observer-p16-05,16,5,cold-first-data-action,c2.plan.physical,planning,1,1,0,1617503,1617503.0,1617503.0,0
c2-observer-p16-05,16,5,cold-first-data-action,c2.job.graph,planning,1,1,0,50878,50878.0,50878.0,0
c2-observer-p16-05,16,5,cold-first-data-action,c2.job.topology,planning,1,1,0,21058,21058.0,21058.0,0
c2-observer-p16-05,16,5,cold-first-data-action,c2.scheduler.select_assign,scheduler,26,26,0,67092,1470.0,10422.0,0
c2-observer-p16-05,16,5,cold-first-data-action,c2.stage.definition,serialization,2,2,0,281499,140749.5,202256.0,0
c2-observer-p16-05,16,5,cold-first-data-action,c2.stage.physical_encode,serialization,2,2,0,258550,129275.0,190403.0,0
c2-observer-p16-05,16,5,cold-first-data-action,c2.task.preparation_queue,scheduler,24,24,0,51094240,2148195.5,3372365.0,0
c2-observer-p16-05,16,5,cold-first-data-action,c2.task.preparation,scheduler,24,24,0,43782747,1641206.5,2915152.0,0
c2-observer-p16-05,16,5,cold-first-data-action,c2.stage.definition_cache_hit,scheduler,2,0,2,,,,0
c2-observer-p16-05,16,5,cold-first-data-action,c2.batch.dispatch,scheduler,4,4,0,10915329,2701116.0,3214999.0,0
c2-observer-p16-05,16,5,cold-first-data-action,c2.task.dispatched,scheduler,24,0,24,,,,0
c2-observer-p16-05,16,5,cold-first-data-action,c2.batch.definition_encode,serialization,4,4,0,85112,15685.0,46254.0,0
c2-observer-p16-05,16,5,cold-first-data-action,c2.batch.definition_decode,serialization,4,4,0,141978,35757.5,50297.0,0
c2-observer-p16-05,16,5,cold-first-data-action,c2.batch.physical_decode,serialization,4,4,0,199794,51289.5,95645.0,0
c2-observer-p16-05,16,5,cold-first-data-action,c2.task.physical_decode,serialization,24,24,0,27239132,919833.0,2184350.0,0
c2-observer-p16-05,16,5,cold-first-data-action,c2.batch.admission,scheduler,4,4,0,1765795,441471.0,524180.0,0
c2-observer-p16-05,16,5,cold-first-data-action,c2.task.admitted,scheduler,24,0,24,,,,0
c2-observer-p16-05,16,5,cold-first-data-action,c2.task.terminal,scheduler,24,0,24,,,,0
c2-observer-p16-05,16,5,cold-first-data-action,c2.reader.declaration,stream,16,0,16,,,,0
c2-observer-p16-05,16,5,cold-first-data-action,c2.writer.declaration,stream,24,0,24,,,,0
c2-observer-p16-05,16,5,cold-first-data-action,c2.reader.open,stream,16,16,0,57639252,3663920.0,4956542.0,0
c2-observer-p16-05,16,5,cold-first-data-action,c2.writer.open,stream,24,24,0,5506096,231324.5,388365.0,0
c2-observer-p16-05,16,5,cold-first-data-action,c2.stream.consumption,stream,66,66,0,261449983,5189859.5,6200052.0,0
c2-observer-p16-05,16,5,cold-first-data-action,c2.stream.owner,stream,106,106,0,486766448,5585349.0,6704713.0,0
c2-observer-p16-05,16,5,cold-first-data-action,c2.stream.first_poll,stream,66,0,66,,,,0
c2-observer-p16-05,16,5,cold-first-data-action,c2.stream.first_batch,stream,66,0,66,,,,0
c2-observer-p16-05,16,5,cold-first-data-action,c2.sink.commit,stream,24,24,0,246991,3543.0,30432.0,0
c2-observer-p16-05,16,5,cold-first-data-action,c2.sink.abort,stream,0,0,0,,,,0
c2-observer-p16-05,16,5,cold-first-data-action,c2.output.forward,stream,1,1,0,15001635,15001635.0,15001635.0,0
c2-observer-p16-05,16,5,cold-first-data-action,c2.cleanup.dispatch,cleanup,4,4,0,1178913,290317.5,318332.0,0
c2-observer-p16-05,16,5,cold-first-data-action,c2.cleanup.queued_ack,cleanup,4,4,0,28194,7123.0,7451.0,0
c2-observer-p16-05,16,5,cold-first-data-action,c2.cleanup.close_job_executed,cleanup,3,3,0,25414,8125.0,9187.0,0
c2-observer-p16-05,16,5,cold-first-data-action,c2.cleanup.local_streams_removed,cleanup,4,4,0,21145,5776.0,8130.0,0
c2-observer-p16-05,16,5,cold-first-data-action,c2.release.response_buffer,cleanup,17,17,0,53248,2356.0,7424.0,0
c2-observer-p16-05,16,5,cold-first-data-action,c2.release.operation,cleanup,1,1,0,6086,6086.0,6086.0,0
c2-observer-p16-05,16,5,cold-first-data-action,c2.executor.owner,resources,1,1,0,21217825,21217825.0,21217825.0,0
c2-observer-p16-05,16,5,cold-first-data-action,c2.executor.buffer_owner,resources,1,1,0,21222638,21222638.0,21222638.0,0
c2-observer-p16-05,16,5,warm-same-query-same-server,c2.operation.binding,planning,1,0,1,,,,0
c2-observer-p16-05,16,5,warm-same-query-same-server,c2.job.accepted,scheduler,1,0,1,,,,0
c2-observer-p16-05,16,5,warm-same-query-same-server,c2.task.assigned,scheduler,24,0,24,,,,0
c2-observer-p16-05,16,5,warm-same-query-same-server,c2.plan.resolve,planning,1,1,0,692805,692805.0,692805.0,0
c2-observer-p16-05,16,5,warm-same-query-same-server,c2.plan.logical_execute,planning,1,1,0,5906,5906.0,5906.0,0
c2-observer-p16-05,16,5,warm-same-query-same-server,c2.plan.optimize,planning,1,1,0,380326,380326.0,380326.0,0
c2-observer-p16-05,16,5,warm-same-query-same-server,c2.plan.physical,planning,1,1,0,633392,633392.0,633392.0,0
c2-observer-p16-05,16,5,warm-same-query-same-server,c2.job.graph,planning,1,1,0,16254,16254.0,16254.0,0
c2-observer-p16-05,16,5,warm-same-query-same-server,c2.job.topology,planning,1,1,0,7224,7224.0,7224.0,0
c2-observer-p16-05,16,5,warm-same-query-same-server,c2.scheduler.select_assign,scheduler,26,26,0,96997,2632.5,15263.0,0
c2-observer-p16-05,16,5,warm-same-query-same-server,c2.stage.definition,serialization,2,2,0,117963,58981.5,80985.0,0
c2-observer-p16-05,16,5,warm-same-query-same-server,c2.stage.physical_encode,serialization,2,2,0,105150,52575.0,77474.0,0
c2-observer-p16-05,16,5,warm-same-query-same-server,c2.task.preparation_queue,scheduler,24,24,0,877099,32515.0,71054.0,0
c2-observer-p16-05,16,5,warm-same-query-same-server,c2.task.preparation,scheduler,24,24,0,11569457,432544.0,791195.0,0
c2-observer-p16-05,16,5,warm-same-query-same-server,c2.stage.definition_cache_hit,scheduler,2,0,2,,,,0
c2-observer-p16-05,16,5,warm-same-query-same-server,c2.batch.dispatch,scheduler,4,4,0,2614548,607591.5,904502.0,0
c2-observer-p16-05,16,5,warm-same-query-same-server,c2.task.dispatched,scheduler,24,0,24,,,,0
c2-observer-p16-05,16,5,warm-same-query-same-server,c2.batch.definition_encode,serialization,4,4,0,34885,8753.0,12215.0,0
c2-observer-p16-05,16,5,warm-same-query-same-server,c2.batch.definition_decode,serialization,4,4,0,47979,10766.5,18437.0,0
c2-observer-p16-05,16,5,warm-same-query-same-server,c2.batch.physical_decode,serialization,4,4,0,82842,13311.0,48270.0,0
c2-observer-p16-05,16,5,warm-same-query-same-server,c2.task.physical_decode,serialization,24,24,0,3168814,69453.0,295281.0,0
c2-observer-p16-05,16,5,warm-same-query-same-server,c2.batch.admission,scheduler,4,4,0,443352,87288.5,222220.0,0
c2-observer-p16-05,16,5,warm-same-query-same-server,c2.task.admitted,scheduler,24,0,24,,,,0
c2-observer-p16-05,16,5,warm-same-query-same-server,c2.task.terminal,scheduler,24,0,24,,,,0
c2-observer-p16-05,16,5,warm-same-query-same-server,c2.reader.declaration,stream,16,0,16,,,,0
c2-observer-p16-05,16,5,warm-same-query-same-server,c2.writer.declaration,stream,24,0,24,,,,0
c2-observer-p16-05,16,5,warm-same-query-same-server,c2.reader.open,stream,16,16,0,46216314,3016728.5,3653839.0,0
c2-observer-p16-05,16,5,warm-same-query-same-server,c2.writer.open,stream,24,24,0,11722918,473780.0,1037725.0,0
c2-observer-p16-05,16,5,warm-same-query-same-server,c2.stream.consumption,stream,66,66,0,166061703,2790796.5,4689592.0,0
c2-observer-p16-05,16,5,warm-same-query-same-server,c2.stream.owner,stream,106,106,0,331466418,3691110.5,5230877.0,0
c2-observer-p16-05,16,5,warm-same-query-same-server,c2.stream.first_poll,stream,66,0,66,,,,0
c2-observer-p16-05,16,5,warm-same-query-same-server,c2.stream.first_batch,stream,66,0,66,,,,0
c2-observer-p16-05,16,5,warm-same-query-same-server,c2.sink.commit,stream,24,24,0,146599,3445.0,12664.0,0
c2-observer-p16-05,16,5,warm-same-query-same-server,c2.sink.abort,stream,0,0,0,,,,0
c2-observer-p16-05,16,5,warm-same-query-same-server,c2.output.forward,stream,1,1,0,7684683,7684683.0,7684683.0,0
c2-observer-p16-05,16,5,warm-same-query-same-server,c2.cleanup.dispatch,cleanup,4,4,0,1062507,256797.5,319911.0,0
c2-observer-p16-05,16,5,warm-same-query-same-server,c2.cleanup.queued_ack,cleanup,4,4,0,35145,8962.5,11727.0,0
c2-observer-p16-05,16,5,warm-same-query-same-server,c2.cleanup.close_job_executed,cleanup,3,3,0,11088,3986.0,4127.0,0
c2-observer-p16-05,16,5,warm-same-query-same-server,c2.cleanup.local_streams_removed,cleanup,4,4,0,14234,3551.5,5915.0,0
c2-observer-p16-05,16,5,warm-same-query-same-server,c2.release.response_buffer,cleanup,17,17,0,43209,2380.0,5396.0,0
c2-observer-p16-05,16,5,warm-same-query-same-server,c2.release.operation,cleanup,1,1,0,3263,3263.0,3263.0,1
c2-observer-p16-05,16,5,warm-same-query-same-server,c2.executor.owner,resources,1,1,0,64613322,64613322.0,64613322.0,1
c2-observer-p16-05,16,5,warm-same-query-same-server,c2.executor.buffer_owner,resources,1,1,0,64614395,64614395.0,64614395.0,1
c2-observer-p32-05,32,5,cold-first-data-action,c2.operation.binding,planning,1,0,1,,,,0
c2-observer-p32-05,32,5,cold-first-data-action,c2.job.accepted,scheduler,1,0,1,,,,0
c2-observer-p32-05,32,5,cold-first-data-action,c2.task.assigned,scheduler,40,0,40,,,,0
c2-observer-p32-05,32,5,cold-first-data-action,c2.plan.resolve,planning,1,1,0,486662,486662.0,486662.0,0
c2-observer-p32-05,32,5,cold-first-data-action,c2.plan.logical_execute,planning,1,1,0,13637,13637.0,13637.0,0
c2-observer-p32-05,32,5,cold-first-data-action,c2.plan.optimize,planning,1,1,0,878842,878842.0,878842.0,0
c2-observer-p32-05,32,5,cold-first-data-action,c2.plan.physical,planning,1,1,0,1500750,1500750.0,1500750.0,0
c2-observer-p32-05,32,5,cold-first-data-action,c2.job.graph,planning,1,1,0,58937,58937.0,58937.0,0
c2-observer-p32-05,32,5,cold-first-data-action,c2.job.topology,planning,1,1,0,28752,28752.0,28752.0,0
c2-observer-p32-05,32,5,cold-first-data-action,c2.scheduler.select_assign,scheduler,42,42,0,122644,1738.5,7017.0,0
c2-observer-p32-05,32,5,cold-first-data-action,c2.stage.definition,serialization,2,2,0,335306,167653.0,233574.0,0
c2-observer-p32-05,32,5,cold-first-data-action,c2.stage.physical_encode,serialization,2,2,0,296575,148287.5,219812.0,0
c2-observer-p32-05,32,5,cold-first-data-action,c2.task.preparation_queue,scheduler,40,40,0,110295786,3070879.0,4355287.0,0
c2-observer-p32-05,32,5,cold-first-data-action,c2.task.preparation,scheduler,40,40,0,60299386,1430954.0,2992660.0,0
c2-observer-p32-05,32,5,cold-first-data-action,c2.stage.definition_cache_hit,scheduler,2,0,2,,,,0
c2-observer-p32-05,32,5,cold-first-data-action,c2.batch.dispatch,scheduler,4,4,0,8580362,2360402.0,2443091.0,0
c2-observer-p32-05,32,5,cold-first-data-action,c2.task.dispatched,scheduler,40,0,40,,,,0
c2-observer-p32-05,32,5,cold-first-data-action,c2.batch.definition_encode,serialization,4,4,0,100623,29470.0,32223.0,0
c2-observer-p32-05,32,5,cold-first-data-action,c2.batch.definition_decode,serialization,4,4,0,157872,39107.0,50775.0,0
c2-observer-p32-05,32,5,cold-first-data-action,c2.batch.physical_decode,serialization,4,4,0,229872,61392.0,105380.0,0
c2-observer-p32-05,32,5,cold-first-data-action,c2.task.physical_decode,serialization,40,40,0,27602596,525908.5,1728511.0,0
c2-observer-p32-05,32,5,cold-first-data-action,c2.batch.admission,scheduler,4,4,0,3156253,808392.0,1353337.0,0
c2-observer-p32-05,32,5,cold-first-data-action,c2.task.admitted,scheduler,40,0,40,,,,0
c2-observer-p32-05,32,5,cold-first-data-action,c2.task.terminal,scheduler,40,0,40,,,,0
c2-observer-p32-05,32,5,cold-first-data-action,c2.reader.declaration,stream,32,0,32,,,,0
c2-observer-p32-05,32,5,cold-first-data-action,c2.writer.declaration,stream,40,0,40,,,,0
c2-observer-p32-05,32,5,cold-first-data-action,c2.reader.open,stream,32,32,0,166906444,5174683.0,6236806.0,0
c2-observer-p32-05,32,5,cold-first-data-action,c2.writer.open,stream,40,40,0,26980273,627436.0,1404429.0,0
c2-observer-p32-05,32,5,cold-first-data-action,c2.stream.consumption,stream,114,114,0,677273190,6678670.0,11844238.0,0
c2-observer-p32-05,32,5,cold-first-data-action,c2.stream.owner,stream,186,186,0,1320376971,7856030.0,12224150.0,0
c2-observer-p32-05,32,5,cold-first-data-action,c2.stream.first_poll,stream,114,0,114,,,,0
c2-observer-p32-05,32,5,cold-first-data-action,c2.stream.first_batch,stream,114,0,114,,,,0
c2-observer-p32-05,32,5,cold-first-data-action,c2.sink.commit,stream,40,40,0,499200,4352.0,50505.0,0
c2-observer-p32-05,32,5,cold-first-data-action,c2.sink.abort,stream,0,0,0,,,,0
c2-observer-p32-05,32,5,cold-first-data-action,c2.output.forward,stream,1,1,0,20183834,20183834.0,20183834.0,0
c2-observer-p32-05,32,5,cold-first-data-action,c2.cleanup.dispatch,cleanup,4,4,0,1119972,274975.0,299477.0,0
c2-observer-p32-05,32,5,cold-first-data-action,c2.cleanup.queued_ack,cleanup,4,4,0,29263,6928.5,9392.0,0
c2-observer-p32-05,32,5,cold-first-data-action,c2.cleanup.close_job_executed,cleanup,3,3,0,24416,7949.0,8842.0,0
c2-observer-p32-05,32,5,cold-first-data-action,c2.cleanup.local_streams_removed,cleanup,4,4,0,23893,5639.0,11400.0,0
c2-observer-p32-05,32,5,cold-first-data-action,c2.release.response_buffer,cleanup,33,33,0,96435,2287.0,9052.0,0
c2-observer-p32-05,32,5,cold-first-data-action,c2.release.operation,cleanup,1,1,0,4936,4936.0,4936.0,1
c2-observer-p32-05,32,5,cold-first-data-action,c2.executor.owner,resources,1,1,0,44157295,44157295.0,44157295.0,1
c2-observer-p32-05,32,5,cold-first-data-action,c2.executor.buffer_owner,resources,1,1,0,44161565,44161565.0,44161565.0,1
c2-observer-p32-05,32,5,warm-same-query-same-server,c2.operation.binding,planning,1,0,1,,,,0
c2-observer-p32-05,32,5,warm-same-query-same-server,c2.job.accepted,scheduler,1,0,1,,,,0
c2-observer-p32-05,32,5,warm-same-query-same-server,c2.task.assigned,scheduler,40,0,40,,,,0
c2-observer-p32-05,32,5,warm-same-query-same-server,c2.plan.resolve,planning,1,1,0,705449,705449.0,705449.0,0
c2-observer-p32-05,32,5,warm-same-query-same-server,c2.plan.logical_execute,planning,1,1,0,5097,5097.0,5097.0,0
c2-observer-p32-05,32,5,warm-same-query-same-server,c2.plan.optimize,planning,1,1,0,374256,374256.0,374256.0,0
c2-observer-p32-05,32,5,warm-same-query-same-server,c2.plan.physical,planning,1,1,0,613403,613403.0,613403.0,0
c2-observer-p32-05,32,5,warm-same-query-same-server,c2.job.graph,planning,1,1,0,15483,15483.0,15483.0,0
c2-observer-p32-05,32,5,warm-same-query-same-server,c2.job.topology,planning,1,1,0,13115,13115.0,13115.0,0
c2-observer-p32-05,32,5,warm-same-query-same-server,c2.scheduler.select_assign,scheduler,42,42,0,164865,2497.5,8985.0,0
c2-observer-p32-05,32,5,warm-same-query-same-server,c2.stage.definition,serialization,2,2,0,143335,71667.5,93331.0,0
c2-observer-p32-05,32,5,warm-same-query-same-server,c2.stage.physical_encode,serialization,2,2,0,119035,59517.5,89143.0,0
c2-observer-p32-05,32,5,warm-same-query-same-server,c2.task.preparation_queue,scheduler,40,40,0,1769015,31482.5,118637.0,0
c2-observer-p32-05,32,5,warm-same-query-same-server,c2.task.preparation,scheduler,40,40,0,15683402,358710.0,688629.0,0
c2-observer-p32-05,32,5,warm-same-query-same-server,c2.stage.definition_cache_hit,scheduler,2,0,2,,,,0
c2-observer-p32-05,32,5,warm-same-query-same-server,c2.batch.dispatch,scheduler,4,4,0,2883048,744913.0,984207.0,0
c2-observer-p32-05,32,5,warm-same-query-same-server,c2.task.dispatched,scheduler,40,0,40,,,,0
c2-observer-p32-05,32,5,warm-same-query-same-server,c2.batch.definition_encode,serialization,4,4,0,83166,21399.5,27555.0,0
c2-observer-p32-05,32,5,warm-same-query-same-server,c2.batch.definition_decode,serialization,4,4,0,60101,14579.5,20944.0,0
c2-observer-p32-05,32,5,warm-same-query-same-server,c2.batch.physical_decode,serialization,4,4,0,91552,22654.5,39333.0,0
c2-observer-p32-05,32,5,warm-same-query-same-server,c2.task.physical_decode,serialization,40,40,0,4705059,94303.5,231399.0,0
c2-observer-p32-05,32,5,warm-same-query-same-server,c2.batch.admission,scheduler,4,4,0,683632,178162.5,276480.0,0
c2-observer-p32-05,32,5,warm-same-query-same-server,c2.task.admitted,scheduler,40,0,40,,,,0
c2-observer-p32-05,32,5,warm-same-query-same-server,c2.task.terminal,scheduler,40,0,40,,,,0
c2-observer-p32-05,32,5,warm-same-query-same-server,c2.reader.declaration,stream,32,0,32,,,,0
c2-observer-p32-05,32,5,warm-same-query-same-server,c2.writer.declaration,stream,40,0,40,,,,0
c2-observer-p32-05,32,5,warm-same-query-same-server,c2.reader.open,stream,32,32,0,180708543,5875424.5,7913201.0,0
c2-observer-p32-05,32,5,warm-same-query-same-server,c2.writer.open,stream,40,40,0,53806522,1438576.0,1816968.0,0
c2-observer-p32-05,32,5,warm-same-query-same-server,c2.stream.consumption,stream,114,114,0,536686300,5261255.5,9553257.0,0
c2-observer-p32-05,32,5,warm-same-query-same-server,c2.stream.owner,stream,186,186,0,1094027493,6844184.0,9803364.0,0
c2-observer-p32-05,32,5,warm-same-query-same-server,c2.stream.first_poll,stream,114,0,114,,,,0
c2-observer-p32-05,32,5,warm-same-query-same-server,c2.stream.first_batch,stream,114,0,114,,,,0
c2-observer-p32-05,32,5,warm-same-query-same-server,c2.sink.commit,stream,40,40,0,357281,4162.5,29804.0,0
c2-observer-p32-05,32,5,warm-same-query-same-server,c2.sink.abort,stream,0,0,0,,,,0
c2-observer-p32-05,32,5,warm-same-query-same-server,c2.output.forward,stream,1,1,0,13021459,13021459.0,13021459.0,0
c2-observer-p32-05,32,5,warm-same-query-same-server,c2.cleanup.dispatch,cleanup,4,4,0,1018672,251255.5,268431.0,0
c2-observer-p32-05,32,5,warm-same-query-same-server,c2.cleanup.queued_ack,cleanup,4,4,0,39402,10549.0,12606.0,0
c2-observer-p32-05,32,5,warm-same-query-same-server,c2.cleanup.close_job_executed,cleanup,3,3,0,12687,4579.0,5099.0,0
c2-observer-p32-05,32,5,warm-same-query-same-server,c2.cleanup.local_streams_removed,cleanup,4,4,0,22933,4922.5,11818.0,0
c2-observer-p32-05,32,5,warm-same-query-same-server,c2.release.response_buffer,cleanup,33,33,0,105770,2341.0,7831.0,0
c2-observer-p32-05,32,5,warm-same-query-same-server,c2.release.operation,cleanup,1,1,0,2016,2016.0,2016.0,0
c2-observer-p32-05,32,5,warm-same-query-same-server,c2.executor.owner,resources,1,1,0,24018513,24018513.0,24018513.0,0
c2-observer-p32-05,32,5,warm-same-query-same-server,c2.executor.buffer_owner,resources,1,1,0,24020602,24020602.0,24020602.0,0
c2-observer-p4-06,4,6,cold-first-data-action,c2.operation.binding,planning,1,0,1,,,,0
c2-observer-p4-06,4,6,cold-first-data-action,c2.job.accepted,scheduler,1,0,1,,,,0
c2-observer-p4-06,4,6,cold-first-data-action,c2.task.assigned,scheduler,8,0,8,,,,0
c2-observer-p4-06,4,6,cold-first-data-action,c2.plan.resolve,planning,1,1,0,555255,555255.0,555255.0,0
c2-observer-p4-06,4,6,cold-first-data-action,c2.plan.logical_execute,planning,1,1,0,14597,14597.0,14597.0,0
c2-observer-p4-06,4,6,cold-first-data-action,c2.plan.optimize,planning,1,1,0,872508,872508.0,872508.0,0
c2-observer-p4-06,4,6,cold-first-data-action,c2.plan.physical,planning,1,1,0,1524862,1524862.0,1524862.0,0
c2-observer-p4-06,4,6,cold-first-data-action,c2.job.graph,planning,1,1,0,51582,51582.0,51582.0,0
c2-observer-p4-06,4,6,cold-first-data-action,c2.job.topology,planning,1,1,0,18886,18886.0,18886.0,0
c2-observer-p4-06,4,6,cold-first-data-action,c2.scheduler.select_assign,scheduler,10,10,0,39524,2509.0,10624.0,0
c2-observer-p4-06,4,6,cold-first-data-action,c2.stage.definition,serialization,2,2,0,295415,147707.5,218917.0,0
c2-observer-p4-06,4,6,cold-first-data-action,c2.stage.physical_encode,serialization,2,2,0,279867,139933.5,207437.0,0
c2-observer-p4-06,4,6,cold-first-data-action,c2.task.preparation_queue,scheduler,8,8,0,2081487,249056.0,358205.0,0
c2-observer-p4-06,4,6,cold-first-data-action,c2.task.preparation,scheduler,8,8,0,7707294,970178.0,1152538.0,0
c2-observer-p4-06,4,6,cold-first-data-action,c2.stage.definition_cache_hit,scheduler,2,0,2,,,,0
c2-observer-p4-06,4,6,cold-first-data-action,c2.batch.dispatch,scheduler,4,4,0,5776437,1404628.0,1653154.0,0
c2-observer-p4-06,4,6,cold-first-data-action,c2.task.dispatched,scheduler,8,0,8,,,,0
c2-observer-p4-06,4,6,cold-first-data-action,c2.batch.definition_encode,serialization,4,4,0,125884,17638.0,81086.0,0
c2-observer-p4-06,4,6,cold-first-data-action,c2.batch.definition_decode,serialization,4,4,0,139690,34493.0,52596.0,0
c2-observer-p4-06,4,6,cold-first-data-action,c2.batch.physical_decode,serialization,4,4,0,213685,58161.0,95702.0,0
c2-observer-p4-06,4,6,cold-first-data-action,c2.task.physical_decode,serialization,8,8,0,4524705,590267.0,687414.0,0
c2-observer-p4-06,4,6,cold-first-data-action,c2.batch.admission,scheduler,4,4,0,1071847,233426.0,441993.0,0
c2-observer-p4-06,4,6,cold-first-data-action,c2.task.admitted,scheduler,8,0,8,,,,0
c2-observer-p4-06,4,6,cold-first-data-action,c2.task.terminal,scheduler,8,0,8,,,,0
c2-observer-p4-06,4,6,cold-first-data-action,c2.reader.declaration,stream,4,0,4,,,,0
c2-observer-p4-06,4,6,cold-first-data-action,c2.writer.declaration,stream,8,0,8,,,,0
c2-observer-p4-06,4,6,cold-first-data-action,c2.reader.open,stream,4,4,0,3079461,774547.5,813650.0,0
c2-observer-p4-06,4,6,cold-first-data-action,c2.writer.open,stream,8,8,0,446996,57561.0,80440.0,0
c2-observer-p4-06,4,6,cold-first-data-action,c2.stream.consumption,stream,22,22,0,76675875,2721694.5,8341410.0,0
c2-observer-p4-06,4,6,cold-first-data-action,c2.stream.owner,stream,34,34,0,123360923,3676368.5,8649417.0,0
c2-observer-p4-06,4,6,cold-first-data-action,c2.stream.first_poll,stream,22,0,22,,,,0
c2-observer-p4-06,4,6,cold-first-data-action,c2.stream.first_batch,stream,22,0,22,,,,0
c2-observer-p4-06,4,6,cold-first-data-action,c2.sink.commit,stream,8,8,0,63229,5414.5,18465.0,0
c2-observer-p4-06,4,6,cold-first-data-action,c2.sink.abort,stream,0,0,0,,,,0
c2-observer-p4-06,4,6,cold-first-data-action,c2.output.forward,stream,1,1,0,8103843,8103843.0,8103843.0,0
c2-observer-p4-06,4,6,cold-first-data-action,c2.cleanup.dispatch,cleanup,4,4,0,1111651,279589.5,325146.0,0
c2-observer-p4-06,4,6,cold-first-data-action,c2.cleanup.queued_ack,cleanup,4,4,0,35508,8548.0,12479.0,0
c2-observer-p4-06,4,6,cold-first-data-action,c2.cleanup.close_job_executed,cleanup,3,3,0,20156,6858.0,6963.0,0
c2-observer-p4-06,4,6,cold-first-data-action,c2.cleanup.local_streams_removed,cleanup,4,4,0,14001,3614.5,5613.0,0
c2-observer-p4-06,4,6,cold-first-data-action,c2.release.response_buffer,cleanup,5,5,0,23212,3159.0,7883.0,0
c2-observer-p4-06,4,6,cold-first-data-action,c2.release.operation,cleanup,1,1,0,5302,5302.0,5302.0,0
c2-observer-p4-06,4,6,cold-first-data-action,c2.executor.owner,resources,1,1,0,12563948,12563948.0,12563948.0,0
c2-observer-p4-06,4,6,cold-first-data-action,c2.executor.buffer_owner,resources,1,1,0,12571659,12571659.0,12571659.0,0
c2-observer-p4-06,4,6,warm-same-query-same-server,c2.operation.binding,planning,1,0,1,,,,0
c2-observer-p4-06,4,6,warm-same-query-same-server,c2.job.accepted,scheduler,1,0,1,,,,0
c2-observer-p4-06,4,6,warm-same-query-same-server,c2.task.assigned,scheduler,8,0,8,,,,0
c2-observer-p4-06,4,6,warm-same-query-same-server,c2.plan.resolve,planning,1,1,0,677546,677546.0,677546.0,0
c2-observer-p4-06,4,6,warm-same-query-same-server,c2.plan.logical_execute,planning,1,1,0,7834,7834.0,7834.0,0
c2-observer-p4-06,4,6,warm-same-query-same-server,c2.plan.optimize,planning,1,1,0,357931,357931.0,357931.0,0
c2-observer-p4-06,4,6,warm-same-query-same-server,c2.plan.physical,planning,1,1,0,516764,516764.0,516764.0,0
c2-observer-p4-06,4,6,warm-same-query-same-server,c2.job.graph,planning,1,1,0,14921,14921.0,14921.0,0
c2-observer-p4-06,4,6,warm-same-query-same-server,c2.job.topology,planning,1,1,0,4281,4281.0,4281.0,0
c2-observer-p4-06,4,6,warm-same-query-same-server,c2.scheduler.select_assign,scheduler,10,10,0,28453,2598.0,5330.0,0
c2-observer-p4-06,4,6,warm-same-query-same-server,c2.stage.definition,serialization,2,2,0,122150,61075.0,76518.0,0
c2-observer-p4-06,4,6,warm-same-query-same-server,c2.stage.physical_encode,serialization,2,2,0,115186,57593.0,73307.0,0
c2-observer-p4-06,4,6,warm-same-query-same-server,c2.task.preparation_queue,scheduler,8,8,0,151134,16690.0,31727.0,0
c2-observer-p4-06,4,6,warm-same-query-same-server,c2.task.preparation,scheduler,8,8,0,1876086,245668.0,265581.0,0
c2-observer-p4-06,4,6,warm-same-query-same-server,c2.stage.definition_cache_hit,scheduler,2,0,2,,,,0
c2-observer-p4-06,4,6,warm-same-query-same-server,c2.batch.dispatch,scheduler,4,4,0,2216398,571337.5,624672.0,0
c2-observer-p4-06,4,6,warm-same-query-same-server,c2.task.dispatched,scheduler,8,0,8,,,,0
c2-observer-p4-06,4,6,warm-same-query-same-server,c2.batch.definition_encode,serialization,4,4,0,26199,7209.5,8196.0,0
c2-observer-p4-06,4,6,warm-same-query-same-server,c2.batch.definition_decode,serialization,4,4,0,32524,8251.0,11893.0,0
c2-observer-p4-06,4,6,warm-same-query-same-server,c2.batch.physical_decode,serialization,4,4,0,82791,18346.0,39161.0,0
c2-observer-p4-06,4,6,warm-same-query-same-server,c2.task.physical_decode,serialization,8,8,0,755046,85564.0,162686.0,0
c2-observer-p4-06,4,6,warm-same-query-same-server,c2.batch.admission,scheduler,4,4,0,287985,68459.5,99967.0,0
c2-observer-p4-06,4,6,warm-same-query-same-server,c2.task.admitted,scheduler,8,0,8,,,,0
c2-observer-p4-06,4,6,warm-same-query-same-server,c2.task.terminal,scheduler,8,0,8,,,,0
c2-observer-p4-06,4,6,warm-same-query-same-server,c2.reader.declaration,stream,4,0,4,,,,0
c2-observer-p4-06,4,6,warm-same-query-same-server,c2.writer.declaration,stream,8,0,8,,,,0
c2-observer-p4-06,4,6,warm-same-query-same-server,c2.reader.open,stream,4,4,0,1837341,459577.0,500244.0,0
c2-observer-p4-06,4,6,warm-same-query-same-server,c2.writer.open,stream,8,8,0,277002,39061.0,52033.0,0
c2-observer-p4-06,4,6,warm-same-query-same-server,c2.stream.consumption,stream,22,22,0,37232904,1343693.0,3962825.0,0
c2-observer-p4-06,4,6,warm-same-query-same-server,c2.stream.owner,stream,34,34,0,61145948,1855453.0,4290059.0,0
c2-observer-p4-06,4,6,warm-same-query-same-server,c2.stream.first_poll,stream,22,0,22,,,,0
c2-observer-p4-06,4,6,warm-same-query-same-server,c2.stream.first_batch,stream,22,0,22,,,,0
c2-observer-p4-06,4,6,warm-same-query-same-server,c2.sink.commit,stream,8,8,0,45554,4839.0,10264.0,0
c2-observer-p4-06,4,6,warm-same-query-same-server,c2.sink.abort,stream,0,0,0,,,,0
c2-observer-p4-06,4,6,warm-same-query-same-server,c2.output.forward,stream,1,1,0,4127918,4127918.0,4127918.0,0
c2-observer-p4-06,4,6,warm-same-query-same-server,c2.cleanup.dispatch,cleanup,4,4,0,962686,237428.0,258452.0,0
c2-observer-p4-06,4,6,warm-same-query-same-server,c2.cleanup.queued_ack,cleanup,4,4,0,35952,8290.5,12891.0,0
c2-observer-p4-06,4,6,warm-same-query-same-server,c2.cleanup.close_job_executed,cleanup,3,3,0,8715,2820.0,3371.0,0
c2-observer-p4-06,4,6,warm-same-query-same-server,c2.cleanup.local_streams_removed,cleanup,4,4,0,9359,2162.5,3818.0,0
c2-observer-p4-06,4,6,warm-same-query-same-server,c2.release.response_buffer,cleanup,5,5,0,12899,2753.0,2953.0,0
c2-observer-p4-06,4,6,warm-same-query-same-server,c2.release.operation,cleanup,1,1,0,2092,2092.0,2092.0,0
c2-observer-p4-06,4,6,warm-same-query-same-server,c2.executor.owner,resources,1,1,0,7386038,7386038.0,7386038.0,0
c2-observer-p4-06,4,6,warm-same-query-same-server,c2.executor.buffer_owner,resources,1,1,0,7389610,7389610.0,7389610.0,0
c2-observer-p16-06,16,6,cold-first-data-action,c2.operation.binding,planning,1,0,1,,,,0
c2-observer-p16-06,16,6,cold-first-data-action,c2.job.accepted,scheduler,1,0,1,,,,0
c2-observer-p16-06,16,6,cold-first-data-action,c2.task.assigned,scheduler,24,0,24,,,,0
c2-observer-p16-06,16,6,cold-first-data-action,c2.plan.resolve,planning,1,1,0,451912,451912.0,451912.0,0
c2-observer-p16-06,16,6,cold-first-data-action,c2.plan.logical_execute,planning,1,1,0,12345,12345.0,12345.0,0
c2-observer-p16-06,16,6,cold-first-data-action,c2.plan.optimize,planning,1,1,0,829936,829936.0,829936.0,0
c2-observer-p16-06,16,6,cold-first-data-action,c2.plan.physical,planning,1,1,0,1610069,1610069.0,1610069.0,0
c2-observer-p16-06,16,6,cold-first-data-action,c2.job.graph,planning,1,1,0,53199,53199.0,53199.0,0
c2-observer-p16-06,16,6,cold-first-data-action,c2.job.topology,planning,1,1,0,21455,21455.0,21455.0,0
c2-observer-p16-06,16,6,cold-first-data-action,c2.scheduler.select_assign,scheduler,26,26,0,81258,2419.5,10035.0,0
c2-observer-p16-06,16,6,cold-first-data-action,c2.stage.definition,serialization,2,2,0,301603,150801.5,219670.0,0
c2-observer-p16-06,16,6,cold-first-data-action,c2.stage.physical_encode,serialization,2,2,0,277943,138971.5,207401.0,0
c2-observer-p16-06,16,6,cold-first-data-action,c2.task.preparation_queue,scheduler,24,24,0,32992043,1405948.5,1764511.0,0
c2-observer-p16-06,16,6,cold-first-data-action,c2.task.preparation,scheduler,24,24,0,30610828,1109918.5,2208607.0,0
c2-observer-p16-06,16,6,cold-first-data-action,c2.stage.definition_cache_hit,scheduler,2,0,2,,,,0
c2-observer-p16-06,16,6,cold-first-data-action,c2.batch.dispatch,scheduler,4,4,0,7625244,1906707.5,2189576.0,0
c2-observer-p16-06,16,6,cold-first-data-action,c2.task.dispatched,scheduler,24,0,24,,,,0
c2-observer-p16-06,16,6,cold-first-data-action,c2.batch.definition_encode,serialization,4,4,0,67492,15243.0,25102.0,0
c2-observer-p16-06,16,6,cold-first-data-action,c2.batch.definition_decode,serialization,4,4,0,147147,31608.0,60773.0,0
c2-observer-p16-06,16,6,cold-first-data-action,c2.batch.physical_decode,serialization,4,4,0,264988,50674.0,162160.0,0
c2-observer-p16-06,16,6,cold-first-data-action,c2.task.physical_decode,serialization,24,24,0,16072648,536462.0,1434846.0,0
c2-observer-p16-06,16,6,cold-first-data-action,c2.batch.admission,scheduler,4,4,0,1656736,252377.5,950345.0,0
c2-observer-p16-06,16,6,cold-first-data-action,c2.task.admitted,scheduler,24,0,24,,,,0
c2-observer-p16-06,16,6,cold-first-data-action,c2.task.terminal,scheduler,24,0,24,,,,0
c2-observer-p16-06,16,6,cold-first-data-action,c2.reader.declaration,stream,16,0,16,,,,0
c2-observer-p16-06,16,6,cold-first-data-action,c2.writer.declaration,stream,24,0,24,,,,0
c2-observer-p16-06,16,6,cold-first-data-action,c2.reader.open,stream,16,16,0,66954970,3923086.5,5860834.0,0
c2-observer-p16-06,16,6,cold-first-data-action,c2.writer.open,stream,24,24,0,7485769,314158.0,505560.0,0
c2-observer-p16-06,16,6,cold-first-data-action,c2.stream.consumption,stream,66,66,0,275493302,5109984.0,7235847.0,0
c2-observer-p16-06,16,6,cold-first-data-action,c2.stream.owner,stream,106,106,0,515992597,5694891.5,7487480.0,0
c2-observer-p16-06,16,6,cold-first-data-action,c2.stream.first_poll,stream,66,0,66,,,,0
c2-observer-p16-06,16,6,cold-first-data-action,c2.stream.first_batch,stream,66,0,66,,,,0
c2-observer-p16-06,16,6,cold-first-data-action,c2.sink.commit,stream,24,24,0,190132,3589.5,19147.0,0
c2-observer-p16-06,16,6,cold-first-data-action,c2.sink.abort,stream,0,0,0,,,,0
c2-observer-p16-06,16,6,cold-first-data-action,c2.output.forward,stream,1,1,0,14363490,14363490.0,14363490.0,0
c2-observer-p16-06,16,6,cold-first-data-action,c2.cleanup.dispatch,cleanup,4,4,0,1115247,288129.0,291373.0,0
c2-observer-p16-06,16,6,cold-first-data-action,c2.cleanup.queued_ack,cleanup,4,4,0,27016,6957.0,7118.0,0
c2-observer-p16-06,16,6,cold-first-data-action,c2.cleanup.close_job_executed,cleanup,3,3,0,25925,8444.0,9429.0,0
c2-observer-p16-06,16,6,cold-first-data-action,c2.cleanup.local_streams_removed,cleanup,4,4,0,17951,4503.0,7598.0,0
c2-observer-p16-06,16,6,cold-first-data-action,c2.release.response_buffer,cleanup,17,17,0,50372,2379.0,7252.0,0
c2-observer-p16-06,16,6,cold-first-data-action,c2.release.operation,cleanup,1,1,0,6044,6044.0,6044.0,1
c2-observer-p16-06,16,6,cold-first-data-action,c2.executor.owner,resources,1,1,0,32597453,32597453.0,32597453.0,1
c2-observer-p16-06,16,6,cold-first-data-action,c2.executor.buffer_owner,resources,1,1,0,32600381,32600381.0,32600381.0,1
c2-observer-p16-06,16,6,warm-same-query-same-server,c2.operation.binding,planning,1,0,1,,,,0
c2-observer-p16-06,16,6,warm-same-query-same-server,c2.job.accepted,scheduler,1,0,1,,,,0
c2-observer-p16-06,16,6,warm-same-query-same-server,c2.task.assigned,scheduler,24,0,24,,,,0
c2-observer-p16-06,16,6,warm-same-query-same-server,c2.plan.resolve,planning,1,1,0,663466,663466.0,663466.0,0
c2-observer-p16-06,16,6,warm-same-query-same-server,c2.plan.logical_execute,planning,1,1,0,5175,5175.0,5175.0,0
c2-observer-p16-06,16,6,warm-same-query-same-server,c2.plan.optimize,planning,1,1,0,354497,354497.0,354497.0,0
c2-observer-p16-06,16,6,warm-same-query-same-server,c2.plan.physical,planning,1,1,0,549009,549009.0,549009.0,0
c2-observer-p16-06,16,6,warm-same-query-same-server,c2.job.graph,planning,1,1,0,15553,15553.0,15553.0,0
c2-observer-p16-06,16,6,warm-same-query-same-server,c2.job.topology,planning,1,1,0,7493,7493.0,7493.0,0
c2-observer-p16-06,16,6,warm-same-query-same-server,c2.scheduler.select_assign,scheduler,26,26,0,60964,2485.5,3630.0,0
c2-observer-p16-06,16,6,warm-same-query-same-server,c2.stage.definition,serialization,2,2,0,134017,67008.5,95513.0,0
c2-observer-p16-06,16,6,warm-same-query-same-server,c2.stage.physical_encode,serialization,2,2,0,118483,59241.5,91153.0,0
c2-observer-p16-06,16,6,warm-same-query-same-server,c2.task.preparation_queue,scheduler,24,24,0,762367,22838.5,86512.0,0
c2-observer-p16-06,16,6,warm-same-query-same-server,c2.task.preparation,scheduler,24,24,0,8690436,310984.0,723809.0,0
c2-observer-p16-06,16,6,warm-same-query-same-server,c2.stage.definition_cache_hit,scheduler,2,0,2,,,,0
c2-observer-p16-06,16,6,warm-same-query-same-server,c2.batch.dispatch,scheduler,4,4,0,2704120,665552.5,950752.0,0
c2-observer-p16-06,16,6,warm-same-query-same-server,c2.task.dispatched,scheduler,24,0,24,,,,0
c2-observer-p16-06,16,6,warm-same-query-same-server,c2.batch.definition_encode,serialization,4,4,0,49932,11632.0,17870.0,0
c2-observer-p16-06,16,6,warm-same-query-same-server,c2.batch.definition_decode,serialization,4,4,0,59053,11765.0,25521.0,0
c2-observer-p16-06,16,6,warm-same-query-same-server,c2.batch.physical_decode,serialization,4,4,0,91252,21218.5,39831.0,0
c2-observer-p16-06,16,6,warm-same-query-same-server,c2.task.physical_decode,serialization,24,24,0,2517020,71282.5,254535.0,0
c2-observer-p16-06,16,6,warm-same-query-same-server,c2.batch.admission,scheduler,4,4,0,685715,158324.0,319425.0,0
c2-observer-p16-06,16,6,warm-same-query-same-server,c2.task.admitted,scheduler,24,0,24,,,,0
c2-observer-p16-06,16,6,warm-same-query-same-server,c2.task.terminal,scheduler,24,0,24,,,,0
c2-observer-p16-06,16,6,warm-same-query-same-server,c2.reader.declaration,stream,16,0,16,,,,0
c2-observer-p16-06,16,6,warm-same-query-same-server,c2.writer.declaration,stream,24,0,24,,,,0
c2-observer-p16-06,16,6,warm-same-query-same-server,c2.reader.open,stream,16,16,0,45048609,2812496.5,3555303.0,0
c2-observer-p16-06,16,6,warm-same-query-same-server,c2.writer.open,stream,24,24,0,12629911,562805.0,847028.0,0
c2-observer-p16-06,16,6,warm-same-query-same-server,c2.stream.consumption,stream,66,66,0,169083373,2687287.0,5123322.0,0
c2-observer-p16-06,16,6,warm-same-query-same-server,c2.stream.owner,stream,106,106,0,331124032,3567782.5,5327982.0,0
c2-observer-p16-06,16,6,warm-same-query-same-server,c2.stream.first_poll,stream,66,0,66,,,,0
c2-observer-p16-06,16,6,warm-same-query-same-server,c2.stream.first_batch,stream,66,0,66,,,,0
c2-observer-p16-06,16,6,warm-same-query-same-server,c2.sink.commit,stream,24,24,0,151762,3862.0,14495.0,0
c2-observer-p16-06,16,6,warm-same-query-same-server,c2.sink.abort,stream,0,0,0,,,,0
c2-observer-p16-06,16,6,warm-same-query-same-server,c2.output.forward,stream,1,1,0,7227170,7227170.0,7227170.0,0
c2-observer-p16-06,16,6,warm-same-query-same-server,c2.cleanup.dispatch,cleanup,4,4,0,1025326,262173.5,277654.0,0
c2-observer-p16-06,16,6,warm-same-query-same-server,c2.cleanup.queued_ack,cleanup,4,4,0,38653,10814.5,11625.0,0
c2-observer-p16-06,16,6,warm-same-query-same-server,c2.cleanup.close_job_executed,cleanup,3,3,0,12834,4570.0,4797.0,0
c2-observer-p16-06,16,6,warm-same-query-same-server,c2.cleanup.local_streams_removed,cleanup,4,4,0,18244,5361.5,6221.0,0
c2-observer-p16-06,16,6,warm-same-query-same-server,c2.release.response_buffer,cleanup,17,17,0,53683,2350.0,7693.0,0
c2-observer-p16-06,16,6,warm-same-query-same-server,c2.release.operation,cleanup,1,1,0,2241,2241.0,2241.0,0
c2-observer-p16-06,16,6,warm-same-query-same-server,c2.executor.owner,resources,1,1,0,13310068,13310068.0,13310068.0,0
c2-observer-p16-06,16,6,warm-same-query-same-server,c2.executor.buffer_owner,resources,1,1,0,13310437,13310437.0,13310437.0,0
c2-observer-p32-06,32,6,cold-first-data-action,c2.operation.binding,planning,1,0,1,,,,0
c2-observer-p32-06,32,6,cold-first-data-action,c2.job.accepted,scheduler,1,0,1,,,,0
c2-observer-p32-06,32,6,cold-first-data-action,c2.task.assigned,scheduler,40,0,40,,,,0
c2-observer-p32-06,32,6,cold-first-data-action,c2.plan.resolve,planning,1,1,0,477049,477049.0,477049.0,0
c2-observer-p32-06,32,6,cold-first-data-action,c2.plan.logical_execute,planning,1,1,0,12531,12531.0,12531.0,0
c2-observer-p32-06,32,6,cold-first-data-action,c2.plan.optimize,planning,1,1,0,813969,813969.0,813969.0,0
c2-observer-p32-06,32,6,cold-first-data-action,c2.plan.physical,planning,1,1,0,1506941,1506941.0,1506941.0,0
c2-observer-p32-06,32,6,cold-first-data-action,c2.job.graph,planning,1,1,0,64888,64888.0,64888.0,0
c2-observer-p32-06,32,6,cold-first-data-action,c2.job.topology,planning,1,1,0,22737,22737.0,22737.0,0
c2-observer-p32-06,32,6,cold-first-data-action,c2.scheduler.select_assign,scheduler,42,42,0,124831,1810.5,11974.0,0
c2-observer-p32-06,32,6,cold-first-data-action,c2.stage.definition,serialization,2,2,0,347388,173694.0,244874.0,0
c2-observer-p32-06,32,6,cold-first-data-action,c2.stage.physical_encode,serialization,2,2,0,307373,153686.5,231543.0,0
c2-observer-p32-06,32,6,cold-first-data-action,c2.task.preparation_queue,scheduler,40,40,0,121201844,3314541.5,4708285.0,0
c2-observer-p32-06,32,6,cold-first-data-action,c2.task.preparation,scheduler,40,40,0,62912998,1448923.5,2874051.0,0
c2-observer-p32-06,32,6,cold-first-data-action,c2.stage.definition_cache_hit,scheduler,2,0,2,,,,0
c2-observer-p32-06,32,6,cold-first-data-action,c2.batch.dispatch,scheduler,4,4,0,10552502,2716366.5,2963224.0,0
c2-observer-p32-06,32,6,cold-first-data-action,c2.task.dispatched,scheduler,40,0,40,,,,0
c2-observer-p32-06,32,6,cold-first-data-action,c2.batch.definition_encode,serialization,4,4,0,135385,28333.0,62704.0,0
c2-observer-p32-06,32,6,cold-first-data-action,c2.batch.definition_decode,serialization,4,4,0,169298,41254.5,59479.0,0
c2-observer-p32-06,32,6,cold-first-data-action,c2.batch.physical_decode,serialization,4,4,0,213829,54110.5,94478.0,0
c2-observer-p32-06,32,6,cold-first-data-action,c2.task.physical_decode,serialization,40,40,0,32886699,560997.5,2479666.0,0
c2-observer-p32-06,32,6,cold-first-data-action,c2.batch.admission,scheduler,4,4,0,3077326,812055.5,1228322.0,0
c2-observer-p32-06,32,6,cold-first-data-action,c2.task.admitted,scheduler,40,0,40,,,,0
c2-observer-p32-06,32,6,cold-first-data-action,c2.task.terminal,scheduler,40,0,40,,,,0
c2-observer-p32-06,32,6,cold-first-data-action,c2.reader.declaration,stream,32,0,32,,,,0
c2-observer-p32-06,32,6,cold-first-data-action,c2.writer.declaration,stream,40,0,40,,,,0
c2-observer-p32-06,32,6,cold-first-data-action,c2.reader.open,stream,32,32,0,182516407,5566742.5,7359934.0,0
c2-observer-p32-06,32,6,cold-first-data-action,c2.writer.open,stream,40,40,0,37788882,945168.5,2177081.0,0
c2-observer-p32-06,32,6,cold-first-data-action,c2.stream.consumption,stream,114,114,0,663730792,6473215.0,10682429.0,0
c2-observer-p32-06,32,6,cold-first-data-action,c2.stream.owner,stream,186,186,0,1306282643,7956183.5,11622966.0,0
c2-observer-p32-06,32,6,cold-first-data-action,c2.stream.first_poll,stream,114,0,114,,,,0
c2-observer-p32-06,32,6,cold-first-data-action,c2.stream.first_batch,stream,114,0,114,,,,0
c2-observer-p32-06,32,6,cold-first-data-action,c2.sink.commit,stream,40,40,0,825048,5594.5,63684.0,0
c2-observer-p32-06,32,6,cold-first-data-action,c2.sink.abort,stream,0,0,0,,,,0
c2-observer-p32-06,32,6,cold-first-data-action,c2.output.forward,stream,1,1,0,21525547,21525547.0,21525547.0,0
c2-observer-p32-06,32,6,cold-first-data-action,c2.cleanup.dispatch,cleanup,4,4,0,1169551,291536.0,319477.0,0
c2-observer-p32-06,32,6,cold-first-data-action,c2.cleanup.queued_ack,cleanup,4,4,0,27920,6828.0,8336.0,0
c2-observer-p32-06,32,6,cold-first-data-action,c2.cleanup.close_job_executed,cleanup,3,3,0,24963,8419.0,9133.0,0
c2-observer-p32-06,32,6,cold-first-data-action,c2.cleanup.local_streams_removed,cleanup,4,4,0,23147,5718.5,10312.0,0
c2-observer-p32-06,32,6,cold-first-data-action,c2.release.response_buffer,cleanup,33,33,0,126067,2526.0,9842.0,0
c2-observer-p32-06,32,6,cold-first-data-action,c2.release.operation,cleanup,1,1,0,6410,6410.0,6410.0,0
c2-observer-p32-06,32,6,cold-first-data-action,c2.executor.owner,resources,1,1,0,32172660,32172660.0,32172660.0,0
c2-observer-p32-06,32,6,cold-first-data-action,c2.executor.buffer_owner,resources,1,1,0,32174639,32174639.0,32174639.0,0
c2-observer-p32-06,32,6,warm-same-query-same-server,c2.operation.binding,planning,1,0,1,,,,0
c2-observer-p32-06,32,6,warm-same-query-same-server,c2.job.accepted,scheduler,1,0,1,,,,0
c2-observer-p32-06,32,6,warm-same-query-same-server,c2.task.assigned,scheduler,40,0,40,,,,0
c2-observer-p32-06,32,6,warm-same-query-same-server,c2.plan.resolve,planning,1,1,0,701382,701382.0,701382.0,0
c2-observer-p32-06,32,6,warm-same-query-same-server,c2.plan.logical_execute,planning,1,1,0,5758,5758.0,5758.0,0
c2-observer-p32-06,32,6,warm-same-query-same-server,c2.plan.optimize,planning,1,1,0,355031,355031.0,355031.0,0
c2-observer-p32-06,32,6,warm-same-query-same-server,c2.plan.physical,planning,1,1,0,648458,648458.0,648458.0,0
c2-observer-p32-06,32,6,warm-same-query-same-server,c2.job.graph,planning,1,1,0,16404,16404.0,16404.0,0
c2-observer-p32-06,32,6,warm-same-query-same-server,c2.job.topology,planning,1,1,0,8755,8755.0,8755.0,0
c2-observer-p32-06,32,6,warm-same-query-same-server,c2.scheduler.select_assign,scheduler,42,42,0,156894,2948.5,9213.0,0
c2-observer-p32-06,32,6,warm-same-query-same-server,c2.stage.definition,serialization,2,2,0,119254,59627.0,74100.0,0
c2-observer-p32-06,32,6,warm-same-query-same-server,c2.stage.physical_encode,serialization,2,2,0,97757,48878.5,70798.0,0
c2-observer-p32-06,32,6,warm-same-query-same-server,c2.task.preparation_queue,scheduler,40,40,0,1760181,31135.0,107758.0,0
c2-observer-p32-06,32,6,warm-same-query-same-server,c2.task.preparation,scheduler,40,40,0,16179435,340993.0,709239.0,0
c2-observer-p32-06,32,6,warm-same-query-same-server,c2.stage.definition_cache_hit,scheduler,2,0,2,,,,0
c2-observer-p32-06,32,6,warm-same-query-same-server,c2.batch.dispatch,scheduler,4,4,0,3434239,724387.0,1544898.0,0
c2-observer-p32-06,32,6,warm-same-query-same-server,c2.task.dispatched,scheduler,40,0,40,,,,0
c2-observer-p32-06,32,6,warm-same-query-same-server,c2.batch.definition_encode,serialization,4,4,0,57613,11533.0,23548.0,0
c2-observer-p32-06,32,6,warm-same-query-same-server,c2.batch.definition_decode,serialization,4,4,0,56391,13704.0,20474.0,0
c2-observer-p32-06,32,6,warm-same-query-same-server,c2.batch.physical_decode,serialization,4,4,0,89721,21810.5,36635.0,0
c2-observer-p32-06,32,6,warm-same-query-same-server,c2.task.physical_decode,serialization,40,40,0,4077477,71791.0,204274.0,0
c2-observer-p32-06,32,6,warm-same-query-same-server,c2.batch.admission,scheduler,4,4,0,1391065,200795.5,924284.0,0
c2-observer-p32-06,32,6,warm-same-query-same-server,c2.task.admitted,scheduler,40,0,40,,,,0
c2-observer-p32-06,32,6,warm-same-query-same-server,c2.task.terminal,scheduler,40,0,40,,,,0
c2-observer-p32-06,32,6,warm-same-query-same-server,c2.reader.declaration,stream,32,0,32,,,,0
c2-observer-p32-06,32,6,warm-same-query-same-server,c2.writer.declaration,stream,40,0,40,,,,0
c2-observer-p32-06,32,6,warm-same-query-same-server,c2.reader.open,stream,32,32,0,171840190,5413411.0,7319706.0,0
c2-observer-p32-06,32,6,warm-same-query-same-server,c2.writer.open,stream,40,40,0,57589057,1256248.5,2361863.0,0
c2-observer-p32-06,32,6,warm-same-query-same-server,c2.stream.consumption,stream,114,114,0,527479898,5374096.5,9140550.0,0
c2-observer-p32-06,32,6,warm-same-query-same-server,c2.stream.owner,stream,186,186,0,1076118829,6968029.5,9470212.0,0
c2-observer-p32-06,32,6,warm-same-query-same-server,c2.stream.first_poll,stream,114,0,114,,,,0
c2-observer-p32-06,32,6,warm-same-query-same-server,c2.stream.first_batch,stream,114,0,114,,,,0
c2-observer-p32-06,32,6,warm-same-query-same-server,c2.sink.commit,stream,40,40,0,377323,4336.0,29859.0,0
c2-observer-p32-06,32,6,warm-same-query-same-server,c2.sink.abort,stream,0,0,0,,,,0
c2-observer-p32-06,32,6,warm-same-query-same-server,c2.output.forward,stream,1,1,0,13137679,13137679.0,13137679.0,0
c2-observer-p32-06,32,6,warm-same-query-same-server,c2.cleanup.dispatch,cleanup,4,4,0,1033453,253328.0,293385.0,0
c2-observer-p32-06,32,6,warm-same-query-same-server,c2.cleanup.queued_ack,cleanup,4,4,0,27236,6805.5,7098.0,0
c2-observer-p32-06,32,6,warm-same-query-same-server,c2.cleanup.close_job_executed,cleanup,3,3,0,12408,4681.0,5651.0,0
c2-observer-p32-06,32,6,warm-same-query-same-server,c2.cleanup.local_streams_removed,cleanup,4,4,0,18490,4557.5,8145.0,0
c2-observer-p32-06,32,6,warm-same-query-same-server,c2.release.response_buffer,cleanup,33,33,0,103069,2600.0,4488.0,0
c2-observer-p32-06,32,6,warm-same-query-same-server,c2.release.operation,cleanup,1,1,0,3024,3024.0,3024.0,0
c2-observer-p32-06,32,6,warm-same-query-same-server,c2.executor.owner,resources,1,1,0,72094297,72094297.0,72094297.0,0
c2-observer-p32-06,32,6,warm-same-query-same-server,c2.executor.buffer_owner,resources,1,1,0,72112947,72112947.0,72112947.0,0
c2-observer-p4-07,4,7,cold-first-data-action,c2.operation.binding,planning,1,0,1,,,,0
c2-observer-p4-07,4,7,cold-first-data-action,c2.job.accepted,scheduler,1,0,1,,,,0
c2-observer-p4-07,4,7,cold-first-data-action,c2.task.assigned,scheduler,8,0,8,,,,0
c2-observer-p4-07,4,7,cold-first-data-action,c2.plan.resolve,planning,1,1,0,504387,504387.0,504387.0,0
c2-observer-p4-07,4,7,cold-first-data-action,c2.plan.logical_execute,planning,1,1,0,12934,12934.0,12934.0,0
c2-observer-p4-07,4,7,cold-first-data-action,c2.plan.optimize,planning,1,1,0,866186,866186.0,866186.0,0
c2-observer-p4-07,4,7,cold-first-data-action,c2.plan.physical,planning,1,1,0,1587169,1587169.0,1587169.0,0
c2-observer-p4-07,4,7,cold-first-data-action,c2.job.graph,planning,1,1,0,51103,51103.0,51103.0,0
c2-observer-p4-07,4,7,cold-first-data-action,c2.job.topology,planning,1,1,0,18884,18884.0,18884.0,0
c2-observer-p4-07,4,7,cold-first-data-action,c2.scheduler.select_assign,scheduler,10,10,0,31837,2377.0,10369.0,0
c2-observer-p4-07,4,7,cold-first-data-action,c2.stage.definition,serialization,2,2,0,289466,144733.0,216630.0,0
c2-observer-p4-07,4,7,cold-first-data-action,c2.stage.physical_encode,serialization,2,2,0,271789,135894.5,204148.0,0
c2-observer-p4-07,4,7,cold-first-data-action,c2.task.preparation_queue,scheduler,8,8,0,1793762,216986.0,323804.0,0
c2-observer-p4-07,4,7,cold-first-data-action,c2.task.preparation,scheduler,8,8,0,7964075,950500.0,1161659.0,0
c2-observer-p4-07,4,7,cold-first-data-action,c2.stage.definition_cache_hit,scheduler,2,0,2,,,,0
c2-observer-p4-07,4,7,cold-first-data-action,c2.batch.dispatch,scheduler,4,4,0,5590081,1378450.0,1514532.0,0
c2-observer-p4-07,4,7,cold-first-data-action,c2.task.dispatched,scheduler,8,0,8,,,,0
c2-observer-p4-07,4,7,cold-first-data-action,c2.batch.definition_encode,serialization,4,4,0,59809,15148.0,20415.0,0
c2-observer-p4-07,4,7,cold-first-data-action,c2.batch.definition_decode,serialization,4,4,0,141750,40549.5,45863.0,0
c2-observer-p4-07,4,7,cold-first-data-action,c2.batch.physical_decode,serialization,4,4,0,222789,51853.5,117476.0,0
c2-observer-p4-07,4,7,cold-first-data-action,c2.task.physical_decode,serialization,8,8,0,4635814,554507.0,729086.0,0
c2-observer-p4-07,4,7,cold-first-data-action,c2.batch.admission,scheduler,4,4,0,1026198,242817.5,364395.0,0
c2-observer-p4-07,4,7,cold-first-data-action,c2.task.admitted,scheduler,8,0,8,,,,0
c2-observer-p4-07,4,7,cold-first-data-action,c2.task.terminal,scheduler,8,0,8,,,,0
c2-observer-p4-07,4,7,cold-first-data-action,c2.reader.declaration,stream,4,0,4,,,,0
c2-observer-p4-07,4,7,cold-first-data-action,c2.writer.declaration,stream,8,0,8,,,,0
c2-observer-p4-07,4,7,cold-first-data-action,c2.reader.open,stream,4,4,0,2914549,718624.5,769088.0,0
c2-observer-p4-07,4,7,cold-first-data-action,c2.writer.open,stream,8,8,0,481840,60919.0,93233.0,0
c2-observer-p4-07,4,7,cold-first-data-action,c2.stream.consumption,stream,22,22,0,77120470,2680716.5,8449479.0,0
c2-observer-p4-07,4,7,cold-first-data-action,c2.stream.owner,stream,34,34,0,124566824,3789421.0,9140042.0,0
c2-observer-p4-07,4,7,cold-first-data-action,c2.stream.first_poll,stream,22,0,22,,,,0
c2-observer-p4-07,4,7,cold-first-data-action,c2.stream.first_batch,stream,22,0,22,,,,0
c2-observer-p4-07,4,7,cold-first-data-action,c2.sink.commit,stream,8,8,0,63168,5220.5,21011.0,0
c2-observer-p4-07,4,7,cold-first-data-action,c2.sink.abort,stream,0,0,0,,,,0
c2-observer-p4-07,4,7,cold-first-data-action,c2.output.forward,stream,1,1,0,8016406,8016406.0,8016406.0,0
c2-observer-p4-07,4,7,cold-first-data-action,c2.cleanup.dispatch,cleanup,4,4,0,1146093,266672.0,375393.0,0
c2-observer-p4-07,4,7,cold-first-data-action,c2.cleanup.queued_ack,cleanup,4,4,0,27268,6563.0,8107.0,0
c2-observer-p4-07,4,7,cold-first-data-action,c2.cleanup.close_job_executed,cleanup,3,3,0,24772,8083.0,10301.0,0
c2-observer-p4-07,4,7,cold-first-data-action,c2.cleanup.local_streams_removed,cleanup,4,4,0,15266,4619.0,5123.0,0
c2-observer-p4-07,4,7,cold-first-data-action,c2.release.response_buffer,cleanup,5,5,0,18526,2507.0,9037.0,0
c2-observer-p4-07,4,7,cold-first-data-action,c2.release.operation,cleanup,1,1,0,4629,4629.0,4629.0,0
c2-observer-p4-07,4,7,cold-first-data-action,c2.executor.owner,resources,1,1,0,11415547,11415547.0,11415547.0,0
c2-observer-p4-07,4,7,cold-first-data-action,c2.executor.buffer_owner,resources,1,1,0,11418262,11418262.0,11418262.0,0
c2-observer-p4-07,4,7,warm-same-query-same-server,c2.operation.binding,planning,1,0,1,,,,0
c2-observer-p4-07,4,7,warm-same-query-same-server,c2.job.accepted,scheduler,1,0,1,,,,0
c2-observer-p4-07,4,7,warm-same-query-same-server,c2.task.assigned,scheduler,8,0,8,,,,0
c2-observer-p4-07,4,7,warm-same-query-same-server,c2.plan.resolve,planning,1,1,0,606451,606451.0,606451.0,0
c2-observer-p4-07,4,7,warm-same-query-same-server,c2.plan.logical_execute,planning,1,1,0,5150,5150.0,5150.0,0
c2-observer-p4-07,4,7,warm-same-query-same-server,c2.plan.optimize,planning,1,1,0,355604,355604.0,355604.0,0
c2-observer-p4-07,4,7,warm-same-query-same-server,c2.plan.physical,planning,1,1,0,586721,586721.0,586721.0,0
c2-observer-p4-07,4,7,warm-same-query-same-server,c2.job.graph,planning,1,1,0,15598,15598.0,15598.0,0
c2-observer-p4-07,4,7,warm-same-query-same-server,c2.job.topology,planning,1,1,0,4171,4171.0,4171.0,0
c2-observer-p4-07,4,7,warm-same-query-same-server,c2.scheduler.select_assign,scheduler,10,10,0,32147,2750.0,7487.0,0
c2-observer-p4-07,4,7,warm-same-query-same-server,c2.stage.definition,serialization,2,2,0,118012,59006.0,81524.0,0
c2-observer-p4-07,4,7,warm-same-query-same-server,c2.stage.physical_encode,serialization,2,2,0,106631,53315.5,77763.0,0
c2-observer-p4-07,4,7,warm-same-query-same-server,c2.task.preparation_queue,scheduler,8,8,0,139167,16487.5,29329.0,0
c2-observer-p4-07,4,7,warm-same-query-same-server,c2.task.preparation,scheduler,8,8,0,1892782,231096.5,321952.0,0
c2-observer-p4-07,4,7,warm-same-query-same-server,c2.stage.definition_cache_hit,scheduler,2,0,2,,,,0
c2-observer-p4-07,4,7,warm-same-query-same-server,c2.batch.dispatch,scheduler,4,4,0,2164982,565257.5,639738.0,0
c2-observer-p4-07,4,7,warm-same-query-same-server,c2.task.dispatched,scheduler,8,0,8,,,,0
c2-observer-p4-07,4,7,warm-same-query-same-server,c2.batch.definition_encode,serialization,4,4,0,31299,7878.5,10684.0,0
c2-observer-p4-07,4,7,warm-same-query-same-server,c2.batch.definition_decode,serialization,4,4,0,30563,8172.0,10248.0,0
c2-observer-p4-07,4,7,warm-same-query-same-server,c2.batch.physical_decode,serialization,4,4,0,81636,19855.0,37347.0,0
c2-observer-p4-07,4,7,warm-same-query-same-server,c2.task.physical_decode,serialization,8,8,0,686891,81246.5,122028.0,0
c2-observer-p4-07,4,7,warm-same-query-same-server,c2.batch.admission,scheduler,4,4,0,290887,75996.5,97502.0,0
c2-observer-p4-07,4,7,warm-same-query-same-server,c2.task.admitted,scheduler,8,0,8,,,,0
c2-observer-p4-07,4,7,warm-same-query-same-server,c2.task.terminal,scheduler,8,0,8,,,,0
c2-observer-p4-07,4,7,warm-same-query-same-server,c2.reader.declaration,stream,4,0,4,,,,0
c2-observer-p4-07,4,7,warm-same-query-same-server,c2.writer.declaration,stream,8,0,8,,,,0
c2-observer-p4-07,4,7,warm-same-query-same-server,c2.reader.open,stream,4,4,0,2108857,516959.0,592670.0,0
c2-observer-p4-07,4,7,warm-same-query-same-server,c2.writer.open,stream,8,8,0,399031,50333.0,126604.0,0
c2-observer-p4-07,4,7,warm-same-query-same-server,c2.stream.consumption,stream,22,22,0,40702427,1434692.0,4196512.0,0
c2-observer-p4-07,4,7,warm-same-query-same-server,c2.stream.owner,stream,34,34,0,67323553,1958694.5,4883614.0,0
c2-observer-p4-07,4,7,warm-same-query-same-server,c2.stream.first_poll,stream,22,0,22,,,,0
c2-observer-p4-07,4,7,warm-same-query-same-server,c2.stream.first_batch,stream,22,0,22,,,,0
c2-observer-p4-07,4,7,warm-same-query-same-server,c2.sink.commit,stream,8,8,0,50788,4749.5,10758.0,0
c2-observer-p4-07,4,7,warm-same-query-same-server,c2.sink.abort,stream,0,0,0,,,,0
c2-observer-p4-07,4,7,warm-same-query-same-server,c2.output.forward,stream,1,1,0,4242410,4242410.0,4242410.0,0
c2-observer-p4-07,4,7,warm-same-query-same-server,c2.cleanup.dispatch,cleanup,4,4,0,1137898,274430.0,325956.0,0
c2-observer-p4-07,4,7,warm-same-query-same-server,c2.cleanup.queued_ack,cleanup,4,4,0,42330,10423.5,12749.0,0
c2-observer-p4-07,4,7,warm-same-query-same-server,c2.cleanup.close_job_executed,cleanup,3,3,0,11937,3108.0,6374.0,0
c2-observer-p4-07,4,7,warm-same-query-same-server,c2.cleanup.local_streams_removed,cleanup,4,4,0,8706,2183.5,3342.0,0
c2-observer-p4-07,4,7,warm-same-query-same-server,c2.release.response_buffer,cleanup,5,5,0,14266,2655.0,3613.0,0
c2-observer-p4-07,4,7,warm-same-query-same-server,c2.release.operation,cleanup,1,1,0,2427,2427.0,2427.0,0
c2-observer-p4-07,4,7,warm-same-query-same-server,c2.executor.owner,resources,1,1,0,6971994,6971994.0,6971994.0,0
c2-observer-p4-07,4,7,warm-same-query-same-server,c2.executor.buffer_owner,resources,1,1,0,6972523,6972523.0,6972523.0,0
c2-observer-p16-07,16,7,cold-first-data-action,c2.operation.binding,planning,1,0,1,,,,0
c2-observer-p16-07,16,7,cold-first-data-action,c2.job.accepted,scheduler,1,0,1,,,,0
c2-observer-p16-07,16,7,cold-first-data-action,c2.task.assigned,scheduler,24,0,24,,,,0
c2-observer-p16-07,16,7,cold-first-data-action,c2.plan.resolve,planning,1,1,0,497094,497094.0,497094.0,0
c2-observer-p16-07,16,7,cold-first-data-action,c2.plan.logical_execute,planning,1,1,0,13281,13281.0,13281.0,0
c2-observer-p16-07,16,7,cold-first-data-action,c2.plan.optimize,planning,1,1,0,885497,885497.0,885497.0,0
c2-observer-p16-07,16,7,cold-first-data-action,c2.plan.physical,planning,1,1,0,1620392,1620392.0,1620392.0,0
c2-observer-p16-07,16,7,cold-first-data-action,c2.job.graph,planning,1,1,0,51123,51123.0,51123.0,0
c2-observer-p16-07,16,7,cold-first-data-action,c2.job.topology,planning,1,1,0,23137,23137.0,23137.0,0
c2-observer-p16-07,16,7,cold-first-data-action,c2.scheduler.select_assign,scheduler,26,26,0,72406,1374.5,9494.0,0
c2-observer-p16-07,16,7,cold-first-data-action,c2.stage.definition,serialization,2,2,0,316535,158267.5,229771.0,0
c2-observer-p16-07,16,7,cold-first-data-action,c2.stage.physical_encode,serialization,2,2,0,290317,145158.5,217057.0,0
c2-observer-p16-07,16,7,cold-first-data-action,c2.task.preparation_queue,scheduler,24,24,0,39185947,1684675.0,2502053.0,0
c2-observer-p16-07,16,7,cold-first-data-action,c2.task.preparation,scheduler,24,24,0,33804893,1365871.5,2548721.0,0
c2-observer-p16-07,16,7,cold-first-data-action,c2.stage.definition_cache_hit,scheduler,2,0,2,,,,0
c2-observer-p16-07,16,7,cold-first-data-action,c2.batch.dispatch,scheduler,4,4,0,8519004,2162052.5,2255016.0,0
c2-observer-p16-07,16,7,cold-first-data-action,c2.task.dispatched,scheduler,24,0,24,,,,0
c2-observer-p16-07,16,7,cold-first-data-action,c2.batch.definition_encode,serialization,4,4,0,90216,19224.0,40125.0,0
c2-observer-p16-07,16,7,cold-first-data-action,c2.batch.definition_decode,serialization,4,4,0,154280,42054.0,50587.0,0
c2-observer-p16-07,16,7,cold-first-data-action,c2.batch.physical_decode,serialization,4,4,0,223179,61125.5,99133.0,0
c2-observer-p16-07,16,7,cold-first-data-action,c2.task.physical_decode,serialization,24,24,0,18950357,662552.5,1924609.0,0
c2-observer-p16-07,16,7,cold-first-data-action,c2.batch.admission,scheduler,4,4,0,1753165,475218.0,619933.0,0
c2-observer-p16-07,16,7,cold-first-data-action,c2.task.admitted,scheduler,24,0,24,,,,0
c2-observer-p16-07,16,7,cold-first-data-action,c2.task.terminal,scheduler,24,0,24,,,,0
c2-observer-p16-07,16,7,cold-first-data-action,c2.reader.declaration,stream,16,0,16,,,,0
c2-observer-p16-07,16,7,cold-first-data-action,c2.writer.declaration,stream,24,0,24,,,,0
c2-observer-p16-07,16,7,cold-first-data-action,c2.reader.open,stream,16,16,0,56897019,3489197.0,4888815.0,0
c2-observer-p16-07,16,7,cold-first-data-action,c2.writer.open,stream,24,24,0,9499371,380464.5,713656.0,0
c2-observer-p16-07,16,7,cold-first-data-action,c2.stream.consumption,stream,66,66,0,280580710,5138599.5,6520071.0,0
c2-observer-p16-07,16,7,cold-first-data-action,c2.stream.owner,stream,106,106,0,520865005,5968996.5,6948494.0,0
c2-observer-p16-07,16,7,cold-first-data-action,c2.stream.first_poll,stream,66,0,66,,,,0
c2-observer-p16-07,16,7,cold-first-data-action,c2.stream.first_batch,stream,66,0,66,,,,0
c2-observer-p16-07,16,7,cold-first-data-action,c2.sink.commit,stream,24,24,0,215015,4360.0,28656.0,0
c2-observer-p16-07,16,7,cold-first-data-action,c2.sink.abort,stream,0,0,0,,,,0
c2-observer-p16-07,16,7,cold-first-data-action,c2.output.forward,stream,1,1,0,15155420,15155420.0,15155420.0,0
c2-observer-p16-07,16,7,cold-first-data-action,c2.cleanup.dispatch,cleanup,4,4,0,1127391,278611.0,301955.0,0
c2-observer-p16-07,16,7,cold-first-data-action,c2.cleanup.queued_ack,cleanup,4,4,0,29369,6228.0,10997.0,0
c2-observer-p16-07,16,7,cold-first-data-action,c2.cleanup.close_job_executed,cleanup,3,3,0,26364,8850.0,10042.0,0
c2-observer-p16-07,16,7,cold-first-data-action,c2.cleanup.local_streams_removed,cleanup,4,4,0,17980,4239.5,8159.0,0
c2-observer-p16-07,16,7,cold-first-data-action,c2.release.response_buffer,cleanup,17,17,0,59155,2698.0,11480.0,0
c2-observer-p16-07,16,7,cold-first-data-action,c2.release.operation,cleanup,1,1,0,6991,6991.0,6991.0,0
c2-observer-p16-07,16,7,cold-first-data-action,c2.executor.owner,resources,1,1,0,20592163,20592163.0,20592163.0,0
c2-observer-p16-07,16,7,cold-first-data-action,c2.executor.buffer_owner,resources,1,1,0,20591239,20591239.0,20591239.0,0
c2-observer-p16-07,16,7,warm-same-query-same-server,c2.operation.binding,planning,1,0,1,,,,0
c2-observer-p16-07,16,7,warm-same-query-same-server,c2.job.accepted,scheduler,1,0,1,,,,0
c2-observer-p16-07,16,7,warm-same-query-same-server,c2.task.assigned,scheduler,24,0,24,,,,0
c2-observer-p16-07,16,7,warm-same-query-same-server,c2.plan.resolve,planning,1,1,0,699280,699280.0,699280.0,0
c2-observer-p16-07,16,7,warm-same-query-same-server,c2.plan.logical_execute,planning,1,1,0,5691,5691.0,5691.0,0
c2-observer-p16-07,16,7,warm-same-query-same-server,c2.plan.optimize,planning,1,1,0,383442,383442.0,383442.0,0
c2-observer-p16-07,16,7,warm-same-query-same-server,c2.plan.physical,planning,1,1,0,547783,547783.0,547783.0,0
c2-observer-p16-07,16,7,warm-same-query-same-server,c2.job.graph,planning,1,1,0,17642,17642.0,17642.0,0
c2-observer-p16-07,16,7,warm-same-query-same-server,c2.job.topology,planning,1,1,0,7119,7119.0,7119.0,0
c2-observer-p16-07,16,7,warm-same-query-same-server,c2.scheduler.select_assign,scheduler,26,26,0,77668,2509.5,9085.0,0
c2-observer-p16-07,16,7,warm-same-query-same-server,c2.stage.definition,serialization,2,2,0,136687,68343.5,94428.0,0
c2-observer-p16-07,16,7,warm-same-query-same-server,c2.stage.physical_encode,serialization,2,2,0,117804,58902.0,88304.0,0
c2-observer-p16-07,16,7,warm-same-query-same-server,c2.task.preparation_queue,scheduler,24,24,0,709832,28688.5,46065.0,0
c2-observer-p16-07,16,7,warm-same-query-same-server,c2.task.preparation,scheduler,24,24,0,11516180,455638.5,856325.0,0
c2-observer-p16-07,16,7,warm-same-query-same-server,c2.stage.definition_cache_hit,scheduler,2,0,2,,,,0
c2-observer-p16-07,16,7,warm-same-query-same-server,c2.batch.dispatch,scheduler,4,4,0,2764497,646832.0,1002328.0,0
c2-observer-p16-07,16,7,warm-same-query-same-server,c2.task.dispatched,scheduler,24,0,24,,,,0
c2-observer-p16-07,16,7,warm-same-query-same-server,c2.batch.definition_encode,serialization,4,4,0,45412,11953.5,13358.0,0
c2-observer-p16-07,16,7,warm-same-query-same-server,c2.batch.definition_decode,serialization,4,4,0,55857,12610.5,20685.0,0
c2-observer-p16-07,16,7,warm-same-query-same-server,c2.batch.physical_decode,serialization,4,4,0,75985,18072.5,32923.0,0
c2-observer-p16-07,16,7,warm-same-query-same-server,c2.task.physical_decode,serialization,24,24,0,2953682,71626.5,368599.0,0
c2-observer-p16-07,16,7,warm-same-query-same-server,c2.batch.admission,scheduler,4,4,0,631057,134002.0,310239.0,0
c2-observer-p16-07,16,7,warm-same-query-same-server,c2.task.admitted,scheduler,24,0,24,,,,0
c2-observer-p16-07,16,7,warm-same-query-same-server,c2.task.terminal,scheduler,24,0,24,,,,0
c2-observer-p16-07,16,7,warm-same-query-same-server,c2.reader.declaration,stream,16,0,16,,,,0
c2-observer-p16-07,16,7,warm-same-query-same-server,c2.writer.declaration,stream,24,0,24,,,,0
c2-observer-p16-07,16,7,warm-same-query-same-server,c2.reader.open,stream,16,16,0,49286618,3479827.0,4134112.0,0
c2-observer-p16-07,16,7,warm-same-query-same-server,c2.writer.open,stream,24,24,0,15506270,610179.5,980865.0,0
c2-observer-p16-07,16,7,warm-same-query-same-server,c2.stream.consumption,stream,66,66,0,176351132,2629837.0,5160379.0,0
c2-observer-p16-07,16,7,warm-same-query-same-server,c2.stream.owner,stream,106,106,0,353403965,3944405.5,5557876.0,0
c2-observer-p16-07,16,7,warm-same-query-same-server,c2.stream.first_poll,stream,66,0,66,,,,0
c2-observer-p16-07,16,7,warm-same-query-same-server,c2.stream.first_batch,stream,66,0,66,,,,0
c2-observer-p16-07,16,7,warm-same-query-same-server,c2.sink.commit,stream,24,24,0,138861,3756.5,13423.0,0
c2-observer-p16-07,16,7,warm-same-query-same-server,c2.sink.abort,stream,0,0,0,,,,0
c2-observer-p16-07,16,7,warm-same-query-same-server,c2.output.forward,stream,1,1,0,7512459,7512459.0,7512459.0,0
c2-observer-p16-07,16,7,warm-same-query-same-server,c2.cleanup.dispatch,cleanup,4,4,0,1152236,266965.5,388427.0,0
c2-observer-p16-07,16,7,warm-same-query-same-server,c2.cleanup.queued_ack,cleanup,4,4,0,36957,9037.5,12801.0,0
c2-observer-p16-07,16,7,warm-same-query-same-server,c2.cleanup.close_job_executed,cleanup,3,3,0,10953,3977.0,4113.0,0
c2-observer-p16-07,16,7,warm-same-query-same-server,c2.cleanup.local_streams_removed,cleanup,4,4,0,13948,3266.5,6144.0,0
c2-observer-p16-07,16,7,warm-same-query-same-server,c2.release.response_buffer,cleanup,17,17,0,53874,2561.0,10521.0,0
c2-observer-p16-07,16,7,warm-same-query-same-server,c2.release.operation,cleanup,1,1,0,2112,2112.0,2112.0,0
c2-observer-p16-07,16,7,warm-same-query-same-server,c2.executor.owner,resources,1,1,0,13612539,13612539.0,13612539.0,0
c2-observer-p16-07,16,7,warm-same-query-same-server,c2.executor.buffer_owner,resources,1,1,0,13614640,13614640.0,13614640.0,0
c2-observer-p32-07,32,7,cold-first-data-action,c2.operation.binding,planning,1,0,1,,,,0
c2-observer-p32-07,32,7,cold-first-data-action,c2.job.accepted,scheduler,1,0,1,,,,0
c2-observer-p32-07,32,7,cold-first-data-action,c2.task.assigned,scheduler,40,0,40,,,,0
c2-observer-p32-07,32,7,cold-first-data-action,c2.plan.resolve,planning,1,1,0,476682,476682.0,476682.0,0
c2-observer-p32-07,32,7,cold-first-data-action,c2.plan.logical_execute,planning,1,1,0,13388,13388.0,13388.0,0
c2-observer-p32-07,32,7,cold-first-data-action,c2.plan.optimize,planning,1,1,0,840688,840688.0,840688.0,0
c2-observer-p32-07,32,7,cold-first-data-action,c2.plan.physical,planning,1,1,0,1652323,1652323.0,1652323.0,0
c2-observer-p32-07,32,7,cold-first-data-action,c2.job.graph,planning,1,1,0,65102,65102.0,65102.0,0
c2-observer-p32-07,32,7,cold-first-data-action,c2.job.topology,planning,1,1,0,23190,23190.0,23190.0,0
c2-observer-p32-07,32,7,cold-first-data-action,c2.scheduler.select_assign,scheduler,42,42,0,143869,1911.0,9537.0,0
c2-observer-p32-07,32,7,cold-first-data-action,c2.stage.definition,serialization,2,2,0,360965,180482.5,257188.0,0
c2-observer-p32-07,32,7,cold-first-data-action,c2.stage.physical_encode,serialization,2,2,0,319451,159725.5,241960.0,0
c2-observer-p32-07,32,7,cold-first-data-action,c2.task.preparation_queue,scheduler,40,40,0,100680279,2276747.5,5014646.0,0
c2-observer-p32-07,32,7,cold-first-data-action,c2.task.preparation,scheduler,40,40,0,68464176,1560055.5,2969645.0,0
c2-observer-p32-07,32,7,cold-first-data-action,c2.stage.definition_cache_hit,scheduler,2,0,2,,,,0
c2-observer-p32-07,32,7,cold-first-data-action,c2.batch.dispatch,scheduler,4,4,0,9707554,2492981.5,2538472.0,0
c2-observer-p32-07,32,7,cold-first-data-action,c2.task.dispatched,scheduler,40,0,40,,,,0
c2-observer-p32-07,32,7,cold-first-data-action,c2.batch.definition_encode,serialization,4,4,0,94007,20764.0,35984.0,0
c2-observer-p32-07,32,7,cold-first-data-action,c2.batch.definition_decode,serialization,4,4,0,174857,43476.0,54258.0,0
c2-observer-p32-07,32,7,cold-first-data-action,c2.batch.physical_decode,serialization,4,4,0,236082,59709.0,114338.0,0
c2-observer-p32-07,32,7,cold-first-data-action,c2.task.physical_decode,serialization,40,40,0,32925202,736217.5,2213449.0,0
c2-observer-p32-07,32,7,cold-first-data-action,c2.batch.admission,scheduler,4,4,0,4289597,1270089.5,1550645.0,0
c2-observer-p32-07,32,7,cold-first-data-action,c2.task.admitted,scheduler,40,0,40,,,,0
c2-observer-p32-07,32,7,cold-first-data-action,c2.task.terminal,scheduler,40,0,40,,,,0
c2-observer-p32-07,32,7,cold-first-data-action,c2.reader.declaration,stream,32,0,32,,,,0
c2-observer-p32-07,32,7,cold-first-data-action,c2.writer.declaration,stream,40,0,40,,,,0
c2-observer-p32-07,32,7,cold-first-data-action,c2.reader.open,stream,32,32,0,215942659,7012725.0,7884451.0,0
c2-observer-p32-07,32,7,cold-first-data-action,c2.writer.open,stream,40,40,0,38886661,844155.0,2800804.0,0
c2-observer-p32-07,32,7,cold-first-data-action,c2.stream.consumption,stream,114,114,0,667343308,7359165.0,10940666.0,0
c2-observer-p32-07,32,7,cold-first-data-action,c2.stream.owner,stream,186,186,0,1345170550,8609840.0,11695779.0,0
c2-observer-p32-07,32,7,cold-first-data-action,c2.stream.first_poll,stream,114,0,114,,,,0
c2-observer-p32-07,32,7,cold-first-data-action,c2.stream.first_batch,stream,114,0,114,,,,0
c2-observer-p32-07,32,7,cold-first-data-action,c2.sink.commit,stream,40,40,0,413385,5656.5,34638.0,0
c2-observer-p32-07,32,7,cold-first-data-action,c2.sink.abort,stream,0,0,0,,,,0
c2-observer-p32-07,32,7,cold-first-data-action,c2.output.forward,stream,1,1,0,20900638,20900638.0,20900638.0,0
c2-observer-p32-07,32,7,cold-first-data-action,c2.cleanup.dispatch,cleanup,4,4,0,1120596,283563.5,289275.0,0
c2-observer-p32-07,32,7,cold-first-data-action,c2.cleanup.queued_ack,cleanup,4,4,0,32570,7883.5,11125.0,0
c2-observer-p32-07,32,7,cold-first-data-action,c2.cleanup.close_job_executed,cleanup,3,3,0,32691,10735.0,13589.0,0
c2-observer-p32-07,32,7,cold-first-data-action,c2.cleanup.local_streams_removed,cleanup,4,4,0,23088,5594.5,10568.0,0
c2-observer-p32-07,32,7,cold-first-data-action,c2.release.response_buffer,cleanup,33,33,0,84834,2380.0,4778.0,0
c2-observer-p32-07,32,7,cold-first-data-action,c2.release.operation,cleanup,1,1,0,5076,5076.0,5076.0,0
c2-observer-p32-07,32,7,cold-first-data-action,c2.executor.owner,resources,1,1,0,37931060,37931060.0,37931060.0,0
c2-observer-p32-07,32,7,cold-first-data-action,c2.executor.buffer_owner,resources,1,1,0,37938424,37938424.0,37938424.0,0
c2-observer-p32-07,32,7,warm-same-query-same-server,c2.operation.binding,planning,1,0,1,,,,0
c2-observer-p32-07,32,7,warm-same-query-same-server,c2.job.accepted,scheduler,1,0,1,,,,0
c2-observer-p32-07,32,7,warm-same-query-same-server,c2.task.assigned,scheduler,40,0,40,,,,0
c2-observer-p32-07,32,7,warm-same-query-same-server,c2.plan.resolve,planning,1,1,0,710617,710617.0,710617.0,0
c2-observer-p32-07,32,7,warm-same-query-same-server,c2.plan.logical_execute,planning,1,1,0,6533,6533.0,6533.0,0
c2-observer-p32-07,32,7,warm-same-query-same-server,c2.plan.optimize,planning,1,1,0,371665,371665.0,371665.0,0
c2-observer-p32-07,32,7,warm-same-query-same-server,c2.plan.physical,planning,1,1,0,627315,627315.0,627315.0,0
c2-observer-p32-07,32,7,warm-same-query-same-server,c2.job.graph,planning,1,1,0,16538,16538.0,16538.0,0
c2-observer-p32-07,32,7,warm-same-query-same-server,c2.job.topology,planning,1,1,0,10206,10206.0,10206.0,0
c2-observer-p32-07,32,7,warm-same-query-same-server,c2.scheduler.select_assign,scheduler,42,42,0,138323,2700.0,6286.0,0
c2-observer-p32-07,32,7,warm-same-query-same-server,c2.stage.definition,serialization,2,2,0,115969,57984.5,64489.0,0
c2-observer-p32-07,32,7,warm-same-query-same-server,c2.stage.physical_encode,serialization,2,2,0,90332,45166.0,59525.0,0
c2-observer-p32-07,32,7,warm-same-query-same-server,c2.task.preparation_queue,scheduler,40,40,0,1902423,37066.0,127506.0,0
c2-observer-p32-07,32,7,warm-same-query-same-server,c2.task.preparation,scheduler,40,40,0,14927927,325838.0,750614.0,0
c2-observer-p32-07,32,7,warm-same-query-same-server,c2.stage.definition_cache_hit,scheduler,2,0,2,,,,0
c2-observer-p32-07,32,7,warm-same-query-same-server,c2.batch.dispatch,scheduler,4,4,0,3586766,805834.5,1520853.0,0
c2-observer-p32-07,32,7,warm-same-query-same-server,c2.task.dispatched,scheduler,40,0,40,,,,0
c2-observer-p32-07,32,7,warm-same-query-same-server,c2.batch.definition_encode,serialization,4,4,0,56795,13891.5,23281.0,0
c2-observer-p32-07,32,7,warm-same-query-same-server,c2.batch.definition_decode,serialization,4,4,0,58901,14204.5,21461.0,0
c2-observer-p32-07,32,7,warm-same-query-same-server,c2.batch.physical_decode,serialization,4,4,0,112587,21302.0,61194.0,0
c2-observer-p32-07,32,7,warm-same-query-same-server,c2.task.physical_decode,serialization,40,40,0,3940802,68386.5,197891.0,0
c2-observer-p32-07,32,7,warm-same-query-same-server,c2.batch.admission,scheduler,4,4,0,580970,140012.5,252192.0,0
c2-observer-p32-07,32,7,warm-same-query-same-server,c2.task.admitted,scheduler,40,0,40,,,,0
c2-observer-p32-07,32,7,warm-same-query-same-server,c2.task.terminal,scheduler,40,0,40,,,,0
c2-observer-p32-07,32,7,warm-same-query-same-server,c2.reader.declaration,stream,32,0,32,,,,0
c2-observer-p32-07,32,7,warm-same-query-same-server,c2.writer.declaration,stream,40,0,40,,,,0
c2-observer-p32-07,32,7,warm-same-query-same-server,c2.reader.open,stream,32,32,0,175086129,5643562.0,7509390.0,0
c2-observer-p32-07,32,7,warm-same-query-same-server,c2.writer.open,stream,40,40,0,62844283,1673264.5,2090621.0,0
c2-observer-p32-07,32,7,warm-same-query-same-server,c2.stream.consumption,stream,114,114,0,534753033,5076127.5,9534189.0,0
c2-observer-p32-07,32,7,warm-same-query-same-server,c2.stream.owner,stream,186,186,0,1091571412,6886672.5,9996680.0,0
c2-observer-p32-07,32,7,warm-same-query-same-server,c2.stream.first_poll,stream,114,0,114,,,,0
c2-observer-p32-07,32,7,warm-same-query-same-server,c2.stream.first_batch,stream,114,0,114,,,,0
c2-observer-p32-07,32,7,warm-same-query-same-server,c2.sink.commit,stream,40,40,0,354109,4081.0,30118.0,0
c2-observer-p32-07,32,7,warm-same-query-same-server,c2.sink.abort,stream,0,0,0,,,,0
c2-observer-p32-07,32,7,warm-same-query-same-server,c2.output.forward,stream,1,1,0,13164901,13164901.0,13164901.0,0
c2-observer-p32-07,32,7,warm-same-query-same-server,c2.cleanup.dispatch,cleanup,4,4,0,1166170,305315.0,316244.0,0
c2-observer-p32-07,32,7,warm-same-query-same-server,c2.cleanup.queued_ack,cleanup,4,4,0,34439,8217.0,11074.0,0
c2-observer-p32-07,32,7,warm-same-query-same-server,c2.cleanup.close_job_executed,cleanup,3,3,0,12299,4122.0,5114.0,0
c2-observer-p32-07,32,7,warm-same-query-same-server,c2.cleanup.local_streams_removed,cleanup,4,4,0,19184,4638.5,8604.0,0
c2-observer-p32-07,32,7,warm-same-query-same-server,c2.release.response_buffer,cleanup,33,33,0,95170,2381.0,5988.0,0
c2-observer-p32-07,32,7,warm-same-query-same-server,c2.release.operation,cleanup,1,1,0,1787,1787.0,1787.0,0
c2-observer-p32-07,32,7,warm-same-query-same-server,c2.executor.owner,resources,1,1,0,25506980,25506980.0,25506980.0,0
c2-observer-p32-07,32,7,warm-same-query-same-server,c2.executor.buffer_owner,resources,1,1,0,25505380,25505380.0,25505380.0,0
c2-observer-p4-08,4,8,cold-first-data-action,c2.operation.binding,planning,1,0,1,,,,0
c2-observer-p4-08,4,8,cold-first-data-action,c2.job.accepted,scheduler,1,0,1,,,,0
c2-observer-p4-08,4,8,cold-first-data-action,c2.task.assigned,scheduler,8,0,8,,,,0
c2-observer-p4-08,4,8,cold-first-data-action,c2.plan.resolve,planning,1,1,0,555167,555167.0,555167.0,0
c2-observer-p4-08,4,8,cold-first-data-action,c2.plan.logical_execute,planning,1,1,0,13377,13377.0,13377.0,0
c2-observer-p4-08,4,8,cold-first-data-action,c2.plan.optimize,planning,1,1,0,868879,868879.0,868879.0,0
c2-observer-p4-08,4,8,cold-first-data-action,c2.plan.physical,planning,1,1,0,1770182,1770182.0,1770182.0,0
c2-observer-p4-08,4,8,cold-first-data-action,c2.job.graph,planning,1,1,0,52822,52822.0,52822.0,0
c2-observer-p4-08,4,8,cold-first-data-action,c2.job.topology,planning,1,1,0,21077,21077.0,21077.0,0
c2-observer-p4-08,4,8,cold-first-data-action,c2.scheduler.select_assign,scheduler,10,10,0,23914,2071.0,6003.0,0
c2-observer-p4-08,4,8,cold-first-data-action,c2.stage.definition,serialization,2,2,0,282111,141055.5,211821.0,0
c2-observer-p4-08,4,8,cold-first-data-action,c2.stage.physical_encode,serialization,2,2,0,263746,131873.0,197258.0,0
c2-observer-p4-08,4,8,cold-first-data-action,c2.task.preparation_queue,scheduler,8,8,0,2032764,252942.5,324425.0,0
c2-observer-p4-08,4,8,cold-first-data-action,c2.task.preparation,scheduler,8,8,0,8193957,1042411.5,1227025.0,0
c2-observer-p4-08,4,8,cold-first-data-action,c2.stage.definition_cache_hit,scheduler,2,0,2,,,,0
c2-observer-p4-08,4,8,cold-first-data-action,c2.batch.dispatch,scheduler,4,4,0,6368591,1575010.0,1698686.0,0
c2-observer-p4-08,4,8,cold-first-data-action,c2.task.dispatched,scheduler,8,0,8,,,,0
c2-observer-p4-08,4,8,cold-first-data-action,c2.batch.definition_encode,serialization,4,4,0,45504,10781.5,18710.0,0
c2-observer-p4-08,4,8,cold-first-data-action,c2.batch.definition_decode,serialization,4,4,0,130823,32717.0,47372.0,0
c2-observer-p4-08,4,8,cold-first-data-action,c2.batch.physical_decode,serialization,4,4,0,250720,61239.0,120211.0,0
c2-observer-p4-08,4,8,cold-first-data-action,c2.task.physical_decode,serialization,8,8,0,4676741,580963.5,786776.0,0
c2-observer-p4-08,4,8,cold-first-data-action,c2.batch.admission,scheduler,4,4,0,1085067,262808.5,359723.0,0
c2-observer-p4-08,4,8,cold-first-data-action,c2.task.admitted,scheduler,8,0,8,,,,0
c2-observer-p4-08,4,8,cold-first-data-action,c2.task.terminal,scheduler,8,0,8,,,,0
c2-observer-p4-08,4,8,cold-first-data-action,c2.reader.declaration,stream,4,0,4,,,,0
c2-observer-p4-08,4,8,cold-first-data-action,c2.writer.declaration,stream,8,0,8,,,,0
c2-observer-p4-08,4,8,cold-first-data-action,c2.reader.open,stream,4,4,0,3029100,763250.0,814882.0,0
c2-observer-p4-08,4,8,cold-first-data-action,c2.writer.open,stream,8,8,0,472453,60522.0,89268.0,0
c2-observer-p4-08,4,8,cold-first-data-action,c2.stream.consumption,stream,22,22,0,79939102,2977359.5,8480189.0,0
c2-observer-p4-08,4,8,cold-first-data-action,c2.stream.owner,stream,34,34,0,128938935,3757648.0,9324729.0,0
c2-observer-p4-08,4,8,cold-first-data-action,c2.stream.first_poll,stream,22,0,22,,,,0
c2-observer-p4-08,4,8,cold-first-data-action,c2.stream.first_batch,stream,22,0,22,,,,0
c2-observer-p4-08,4,8,cold-first-data-action,c2.sink.commit,stream,8,8,0,64582,6825.0,16105.0,0
c2-observer-p4-08,4,8,cold-first-data-action,c2.sink.abort,stream,0,0,0,,,,0
c2-observer-p4-08,4,8,cold-first-data-action,c2.output.forward,stream,1,1,0,8249714,8249714.0,8249714.0,0
c2-observer-p4-08,4,8,cold-first-data-action,c2.cleanup.dispatch,cleanup,4,4,0,1085091,272881.0,299299.0,0
c2-observer-p4-08,4,8,cold-first-data-action,c2.cleanup.queued_ack,cleanup,4,4,0,29422,7538.0,8590.0,0
c2-observer-p4-08,4,8,cold-first-data-action,c2.cleanup.close_job_executed,cleanup,3,3,0,20024,7071.0,8221.0,0
c2-observer-p4-08,4,8,cold-first-data-action,c2.cleanup.local_streams_removed,cleanup,4,4,0,12884,3248.0,5380.0,0
c2-observer-p4-08,4,8,cold-first-data-action,c2.release.response_buffer,cleanup,5,5,0,17980,2484.0,7927.0,0
c2-observer-p4-08,4,8,cold-first-data-action,c2.release.operation,cleanup,1,1,0,4863,4863.0,4863.0,0
c2-observer-p4-08,4,8,cold-first-data-action,c2.executor.owner,resources,1,1,0,12027229,12027229.0,12027229.0,0
c2-observer-p4-08,4,8,cold-first-data-action,c2.executor.buffer_owner,resources,1,1,0,12038303,12038303.0,12038303.0,0
c2-observer-p4-08,4,8,warm-same-query-same-server,c2.operation.binding,planning,1,0,1,,,,0
c2-observer-p4-08,4,8,warm-same-query-same-server,c2.job.accepted,scheduler,1,0,1,,,,0
c2-observer-p4-08,4,8,warm-same-query-same-server,c2.task.assigned,scheduler,8,0,8,,,,0
c2-observer-p4-08,4,8,warm-same-query-same-server,c2.plan.resolve,planning,1,1,0,610639,610639.0,610639.0,0
c2-observer-p4-08,4,8,warm-same-query-same-server,c2.plan.logical_execute,planning,1,1,0,5352,5352.0,5352.0,0
c2-observer-p4-08,4,8,warm-same-query-same-server,c2.plan.optimize,planning,1,1,0,357251,357251.0,357251.0,0
c2-observer-p4-08,4,8,warm-same-query-same-server,c2.plan.physical,planning,1,1,0,615542,615542.0,615542.0,0
c2-observer-p4-08,4,8,warm-same-query-same-server,c2.job.graph,planning,1,1,0,15996,15996.0,15996.0,0
c2-observer-p4-08,4,8,warm-same-query-same-server,c2.job.topology,planning,1,1,0,4517,4517.0,4517.0,0
c2-observer-p4-08,4,8,warm-same-query-same-server,c2.scheduler.select_assign,scheduler,10,10,0,28027,2350.0,6223.0,0
c2-observer-p4-08,4,8,warm-same-query-same-server,c2.stage.definition,serialization,2,2,0,119493,59746.5,72346.0,0
c2-observer-p4-08,4,8,warm-same-query-same-server,c2.stage.physical_encode,serialization,2,2,0,111635,55817.5,68498.0,0
c2-observer-p4-08,4,8,warm-same-query-same-server,c2.task.preparation_queue,scheduler,8,8,0,164601,16764.5,35710.0,0
c2-observer-p4-08,4,8,warm-same-query-same-server,c2.task.preparation,scheduler,8,8,0,1966728,244479.0,306812.0,0
c2-observer-p4-08,4,8,warm-same-query-same-server,c2.stage.definition_cache_hit,scheduler,2,0,2,,,,0
c2-observer-p4-08,4,8,warm-same-query-same-server,c2.batch.dispatch,scheduler,4,4,0,2200041,571871.0,602486.0,0
c2-observer-p4-08,4,8,warm-same-query-same-server,c2.task.dispatched,scheduler,8,0,8,,,,0
c2-observer-p4-08,4,8,warm-same-query-same-server,c2.batch.definition_encode,serialization,4,4,0,36598,5834.5,20203.0,0
c2-observer-p4-08,4,8,warm-same-query-same-server,c2.batch.definition_decode,serialization,4,4,0,25960,6889.0,7608.0,0
c2-observer-p4-08,4,8,warm-same-query-same-server,c2.batch.physical_decode,serialization,4,4,0,88955,21869.5,42618.0,0
c2-observer-p4-08,4,8,warm-same-query-same-server,c2.task.physical_decode,serialization,8,8,0,823775,84774.5,196341.0,0
c2-observer-p4-08,4,8,warm-same-query-same-server,c2.batch.admission,scheduler,4,4,0,285237,77543.5,104716.0,0
c2-observer-p4-08,4,8,warm-same-query-same-server,c2.task.admitted,scheduler,8,0,8,,,,0
c2-observer-p4-08,4,8,warm-same-query-same-server,c2.task.terminal,scheduler,8,0,8,,,,0
c2-observer-p4-08,4,8,warm-same-query-same-server,c2.reader.declaration,stream,4,0,4,,,,0
c2-observer-p4-08,4,8,warm-same-query-same-server,c2.writer.declaration,stream,8,0,8,,,,0
c2-observer-p4-08,4,8,warm-same-query-same-server,c2.reader.open,stream,4,4,0,2324139,581548.0,640300.0,0
c2-observer-p4-08,4,8,warm-same-query-same-server,c2.writer.open,stream,8,8,0,405426,49893.0,82305.0,0
c2-observer-p4-08,4,8,warm-same-query-same-server,c2.stream.consumption,stream,22,22,0,41912145,1545895.0,3953307.0,0
c2-observer-p4-08,4,8,warm-same-query-same-server,c2.stream.owner,stream,34,34,0,69807608,2045283.5,4812570.0,0
c2-observer-p4-08,4,8,warm-same-query-same-server,c2.stream.first_poll,stream,22,0,22,,,,0
c2-observer-p4-08,4,8,warm-same-query-same-server,c2.stream.first_batch,stream,22,0,22,,,,0
c2-observer-p4-08,4,8,warm-same-query-same-server,c2.sink.commit,stream,8,8,0,47086,5622.0,10184.0,0
c2-observer-p4-08,4,8,warm-same-query-same-server,c2.sink.abort,stream,0,0,0,,,,0
c2-observer-p4-08,4,8,warm-same-query-same-server,c2.output.forward,stream,1,1,0,4255278,4255278.0,4255278.0,0
c2-observer-p4-08,4,8,warm-same-query-same-server,c2.cleanup.dispatch,cleanup,4,4,0,1161733,268470.0,380337.0,0
c2-observer-p4-08,4,8,warm-same-query-same-server,c2.cleanup.queued_ack,cleanup,4,4,0,26018,6584.0,7049.0,0
c2-observer-p4-08,4,8,warm-same-query-same-server,c2.cleanup.close_job_executed,cleanup,3,3,0,9199,3292.0,3292.0,0
c2-observer-p4-08,4,8,warm-same-query-same-server,c2.cleanup.local_streams_removed,cleanup,4,4,0,8612,2200.0,3127.0,0
c2-observer-p4-08,4,8,warm-same-query-same-server,c2.release.response_buffer,cleanup,5,5,0,12485,2492.0,2957.0,0
c2-observer-p4-08,4,8,warm-same-query-same-server,c2.release.operation,cleanup,1,1,0,2481,2481.0,2481.0,0
c2-observer-p4-08,4,8,warm-same-query-same-server,c2.executor.owner,resources,1,1,0,6908819,6908819.0,6908819.0,0
c2-observer-p4-08,4,8,warm-same-query-same-server,c2.executor.buffer_owner,resources,1,1,0,6908919,6908919.0,6908919.0,0
c2-observer-p16-08,16,8,cold-first-data-action,c2.operation.binding,planning,1,0,1,,,,0
c2-observer-p16-08,16,8,cold-first-data-action,c2.job.accepted,scheduler,1,0,1,,,,0
c2-observer-p16-08,16,8,cold-first-data-action,c2.task.assigned,scheduler,24,0,24,,,,0
c2-observer-p16-08,16,8,cold-first-data-action,c2.plan.resolve,planning,1,1,0,491488,491488.0,491488.0,0
c2-observer-p16-08,16,8,cold-first-data-action,c2.plan.logical_execute,planning,1,1,0,12117,12117.0,12117.0,0
c2-observer-p16-08,16,8,cold-first-data-action,c2.plan.optimize,planning,1,1,0,820122,820122.0,820122.0,0
c2-observer-p16-08,16,8,cold-first-data-action,c2.plan.physical,planning,1,1,0,1523781,1523781.0,1523781.0,0
c2-observer-p16-08,16,8,cold-first-data-action,c2.job.graph,planning,1,1,0,53539,53539.0,53539.0,0
c2-observer-p16-08,16,8,cold-first-data-action,c2.job.topology,planning,1,1,0,21553,21553.0,21553.0,0
c2-observer-p16-08,16,8,cold-first-data-action,c2.scheduler.select_assign,scheduler,26,26,0,81156,2505.0,8768.0,0
c2-observer-p16-08,16,8,cold-first-data-action,c2.stage.definition,serialization,2,2,0,339407,169703.5,243092.0,0
c2-observer-p16-08,16,8,cold-first-data-action,c2.stage.physical_encode,serialization,2,2,0,285105,142552.5,206811.0,0
c2-observer-p16-08,16,8,cold-first-data-action,c2.task.preparation_queue,scheduler,24,24,0,35729976,1502989.0,2321531.0,0
c2-observer-p16-08,16,8,cold-first-data-action,c2.task.preparation,scheduler,24,24,0,32249574,1253511.0,1980338.0,0
c2-observer-p16-08,16,8,cold-first-data-action,c2.stage.definition_cache_hit,scheduler,2,0,2,,,,0
c2-observer-p16-08,16,8,cold-first-data-action,c2.batch.dispatch,scheduler,4,4,0,9427031,2466532.0,2664034.0,0
c2-observer-p16-08,16,8,cold-first-data-action,c2.task.dispatched,scheduler,24,0,24,,,,0
c2-observer-p16-08,16,8,cold-first-data-action,c2.batch.definition_encode,serialization,4,4,0,104657,26585.0,41031.0,0
c2-observer-p16-08,16,8,cold-first-data-action,c2.batch.definition_decode,serialization,4,4,0,142634,35592.5,47140.0,0
c2-observer-p16-08,16,8,cold-first-data-action,c2.batch.physical_decode,serialization,4,4,0,288612,56324.0,167709.0,0
c2-observer-p16-08,16,8,cold-first-data-action,c2.task.physical_decode,serialization,24,24,0,19065590,653687.0,1559650.0,0
c2-observer-p16-08,16,8,cold-first-data-action,c2.batch.admission,scheduler,4,4,0,2495687,511407.0,1212379.0,0
c2-observer-p16-08,16,8,cold-first-data-action,c2.task.admitted,scheduler,24,0,24,,,,0
c2-observer-p16-08,16,8,cold-first-data-action,c2.task.terminal,scheduler,24,0,24,,,,0
c2-observer-p16-08,16,8,cold-first-data-action,c2.reader.declaration,stream,16,0,16,,,,0
c2-observer-p16-08,16,8,cold-first-data-action,c2.writer.declaration,stream,24,0,24,,,,0
c2-observer-p16-08,16,8,cold-first-data-action,c2.reader.open,stream,16,16,0,61424332,4061054.0,4836089.0,0
c2-observer-p16-08,16,8,cold-first-data-action,c2.writer.open,stream,24,24,0,7784293,257381.5,778372.0,0
c2-observer-p16-08,16,8,cold-first-data-action,c2.stream.consumption,stream,66,66,0,264400328,5275921.0,6255648.0,0
c2-observer-p16-08,16,8,cold-first-data-action,c2.stream.owner,stream,106,106,0,496274292,5833957.5,6746524.0,0
c2-observer-p16-08,16,8,cold-first-data-action,c2.stream.first_poll,stream,66,0,66,,,,0
c2-observer-p16-08,16,8,cold-first-data-action,c2.stream.first_batch,stream,66,0,66,,,,0
c2-observer-p16-08,16,8,cold-first-data-action,c2.sink.commit,stream,24,24,0,266736,4940.5,32526.0,0
c2-observer-p16-08,16,8,cold-first-data-action,c2.sink.abort,stream,0,0,0,,,,0
c2-observer-p16-08,16,8,cold-first-data-action,c2.output.forward,stream,1,1,0,15234347,15234347.0,15234347.0,0
c2-observer-p16-08,16,8,cold-first-data-action,c2.cleanup.dispatch,cleanup,4,4,0,1019645,261228.0,269991.0,0
c2-observer-p16-08,16,8,cold-first-data-action,c2.cleanup.queued_ack,cleanup,4,4,0,31165,7444.5,10513.0,0
c2-observer-p16-08,16,8,cold-first-data-action,c2.cleanup.close_job_executed,cleanup,3,3,0,30188,8654.0,13477.0,0
c2-observer-p16-08,16,8,cold-first-data-action,c2.cleanup.local_streams_removed,cleanup,4,4,0,17249,4097.0,7772.0,0
c2-observer-p16-08,16,8,cold-first-data-action,c2.release.response_buffer,cleanup,17,17,0,51374,2443.0,9443.0,0
c2-observer-p16-08,16,8,cold-first-data-action,c2.release.operation,cleanup,1,1,0,5015,5015.0,5015.0,0
c2-observer-p16-08,16,8,cold-first-data-action,c2.executor.owner,resources,1,1,0,25450138,25450138.0,25450138.0,0
c2-observer-p16-08,16,8,cold-first-data-action,c2.executor.buffer_owner,resources,1,1,0,25450724,25450724.0,25450724.0,0
c2-observer-p16-08,16,8,warm-same-query-same-server,c2.operation.binding,planning,1,0,1,,,,0
c2-observer-p16-08,16,8,warm-same-query-same-server,c2.job.accepted,scheduler,1,0,1,,,,0
c2-observer-p16-08,16,8,warm-same-query-same-server,c2.task.assigned,scheduler,24,0,24,,,,0
c2-observer-p16-08,16,8,warm-same-query-same-server,c2.plan.resolve,planning,1,1,0,674584,674584.0,674584.0,0
c2-observer-p16-08,16,8,warm-same-query-same-server,c2.plan.logical_execute,planning,1,1,0,5368,5368.0,5368.0,0
c2-observer-p16-08,16,8,warm-same-query-same-server,c2.plan.optimize,planning,1,1,0,371253,371253.0,371253.0,0
c2-observer-p16-08,16,8,warm-same-query-same-server,c2.plan.physical,planning,1,1,0,613125,613125.0,613125.0,0
c2-observer-p16-08,16,8,warm-same-query-same-server,c2.job.graph,planning,1,1,0,16987,16987.0,16987.0,0
c2-observer-p16-08,16,8,warm-same-query-same-server,c2.job.topology,planning,1,1,0,6389,6389.0,6389.0,0
c2-observer-p16-08,16,8,warm-same-query-same-server,c2.scheduler.select_assign,scheduler,26,26,0,64002,1731.0,3911.0,0
c2-observer-p16-08,16,8,warm-same-query-same-server,c2.stage.definition,serialization,2,2,0,147165,73582.5,84091.0,0
c2-observer-p16-08,16,8,warm-same-query-same-server,c2.stage.physical_encode,serialization,2,2,0,130717,65358.5,78546.0,0
c2-observer-p16-08,16,8,warm-same-query-same-server,c2.task.preparation_queue,scheduler,24,24,0,1078905,37865.5,128866.0,0
c2-observer-p16-08,16,8,warm-same-query-same-server,c2.task.preparation,scheduler,24,24,0,9681528,370108.0,743507.0,0
c2-observer-p16-08,16,8,warm-same-query-same-server,c2.stage.definition_cache_hit,scheduler,2,0,2,,,,0
c2-observer-p16-08,16,8,warm-same-query-same-server,c2.batch.dispatch,scheduler,4,4,0,2520827,579545.5,855261.0,0
c2-observer-p16-08,16,8,warm-same-query-same-server,c2.task.dispatched,scheduler,24,0,24,,,,0
c2-observer-p16-08,16,8,warm-same-query-same-server,c2.batch.definition_encode,serialization,4,4,0,35622,7640.0,16749.0,0
c2-observer-p16-08,16,8,warm-same-query-same-server,c2.batch.definition_decode,serialization,4,4,0,48107,13295.5,16524.0,0
c2-observer-p16-08,16,8,warm-same-query-same-server,c2.batch.physical_decode,serialization,4,4,0,91243,23276.5,31913.0,0
c2-observer-p16-08,16,8,warm-same-query-same-server,c2.task.physical_decode,serialization,24,24,0,2892518,72176.5,285339.0,0
c2-observer-p16-08,16,8,warm-same-query-same-server,c2.batch.admission,scheduler,4,4,0,583568,148512.0,176401.0,0
c2-observer-p16-08,16,8,warm-same-query-same-server,c2.task.admitted,scheduler,24,0,24,,,,0
c2-observer-p16-08,16,8,warm-same-query-same-server,c2.task.terminal,scheduler,24,0,24,,,,0
c2-observer-p16-08,16,8,warm-same-query-same-server,c2.reader.declaration,stream,16,0,16,,,,0
c2-observer-p16-08,16,8,warm-same-query-same-server,c2.writer.declaration,stream,24,0,24,,,,0
c2-observer-p16-08,16,8,warm-same-query-same-server,c2.reader.open,stream,16,16,0,52802840,3440726.0,3943428.0,0
c2-observer-p16-08,16,8,warm-same-query-same-server,c2.writer.open,stream,24,24,0,13693117,557490.0,739164.0,0
c2-observer-p16-08,16,8,warm-same-query-same-server,c2.stream.consumption,stream,66,66,0,181290022,3185120.5,5487796.0,0
c2-observer-p16-08,16,8,warm-same-query-same-server,c2.stream.owner,stream,106,106,0,359938310,4092955.5,5656864.0,0
c2-observer-p16-08,16,8,warm-same-query-same-server,c2.stream.first_poll,stream,66,0,66,,,,0
c2-observer-p16-08,16,8,warm-same-query-same-server,c2.stream.first_batch,stream,66,0,66,,,,0
c2-observer-p16-08,16,8,warm-same-query-same-server,c2.sink.commit,stream,24,24,0,149018,3424.0,12307.0,0
c2-observer-p16-08,16,8,warm-same-query-same-server,c2.sink.abort,stream,0,0,0,,,,0
c2-observer-p16-08,16,8,warm-same-query-same-server,c2.output.forward,stream,1,1,0,7801493,7801493.0,7801493.0,0
c2-observer-p16-08,16,8,warm-same-query-same-server,c2.cleanup.dispatch,cleanup,4,4,0,1042046,264641.0,289206.0,0
c2-observer-p16-08,16,8,warm-same-query-same-server,c2.cleanup.queued_ack,cleanup,4,4,0,29013,6568.5,9729.0,0
c2-observer-p16-08,16,8,warm-same-query-same-server,c2.cleanup.close_job_executed,cleanup,3,3,0,11488,3883.0,4635.0,0
c2-observer-p16-08,16,8,warm-same-query-same-server,c2.cleanup.local_streams_removed,cleanup,4,4,0,14471,3492.0,6099.0,0
c2-observer-p16-08,16,8,warm-same-query-same-server,c2.release.response_buffer,cleanup,17,17,0,58112,2364.0,11830.0,0
c2-observer-p16-08,16,8,warm-same-query-same-server,c2.release.operation,cleanup,1,1,0,5628,5628.0,5628.0,0
c2-observer-p16-08,16,8,warm-same-query-same-server,c2.executor.owner,resources,1,1,0,62882328,62882328.0,62882328.0,0
c2-observer-p16-08,16,8,warm-same-query-same-server,c2.executor.buffer_owner,resources,1,1,0,62882546,62882546.0,62882546.0,0
c2-observer-p32-08,32,8,cold-first-data-action,c2.operation.binding,planning,1,0,1,,,,0
c2-observer-p32-08,32,8,cold-first-data-action,c2.job.accepted,scheduler,1,0,1,,,,0
c2-observer-p32-08,32,8,cold-first-data-action,c2.task.assigned,scheduler,40,0,40,,,,0
c2-observer-p32-08,32,8,cold-first-data-action,c2.plan.resolve,planning,1,1,0,420268,420268.0,420268.0,0
c2-observer-p32-08,32,8,cold-first-data-action,c2.plan.logical_execute,planning,1,1,0,12127,12127.0,12127.0,0
c2-observer-p32-08,32,8,cold-first-data-action,c2.plan.optimize,planning,1,1,0,839810,839810.0,839810.0,0
c2-observer-p32-08,32,8,cold-first-data-action,c2.plan.physical,planning,1,1,0,1523480,1523480.0,1523480.0,0
c2-observer-p32-08,32,8,cold-first-data-action,c2.job.graph,planning,1,1,0,57187,57187.0,57187.0,0
c2-observer-p32-08,32,8,cold-first-data-action,c2.job.topology,planning,1,1,0,39968,39968.0,39968.0,0
c2-observer-p32-08,32,8,cold-first-data-action,c2.scheduler.select_assign,scheduler,42,42,0,148637,2765.0,12045.0,0
c2-observer-p32-08,32,8,cold-first-data-action,c2.stage.definition,serialization,2,2,0,349050,174525.0,238669.0,0
c2-observer-p32-08,32,8,cold-first-data-action,c2.stage.physical_encode,serialization,2,2,0,308973,154486.5,224307.0,0
c2-observer-p32-08,32,8,cold-first-data-action,c2.task.preparation_queue,scheduler,40,40,0,114657890,2728064.5,4968908.0,0
c2-observer-p32-08,32,8,cold-first-data-action,c2.task.preparation,scheduler,40,40,0,48572915,849061.5,2355684.0,0
c2-observer-p32-08,32,8,cold-first-data-action,c2.stage.definition_cache_hit,scheduler,2,0,2,,,,0
c2-observer-p32-08,32,8,cold-first-data-action,c2.batch.dispatch,scheduler,4,4,0,11685731,2951201.5,3350774.0,0
c2-observer-p32-08,32,8,cold-first-data-action,c2.task.dispatched,scheduler,40,0,40,,,,0
c2-observer-p32-08,32,8,cold-first-data-action,c2.batch.definition_encode,serialization,4,4,0,91393,26429.5,28433.0,0
c2-observer-p32-08,32,8,cold-first-data-action,c2.batch.definition_decode,serialization,4,4,0,148053,37365.0,47233.0,0
c2-observer-p32-08,32,8,cold-first-data-action,c2.batch.physical_decode,serialization,4,4,0,281172,65766.5,138592.0,0
c2-observer-p32-08,32,8,cold-first-data-action,c2.task.physical_decode,serialization,40,40,0,27033254,463660.0,1611770.0,0
c2-observer-p32-08,32,8,cold-first-data-action,c2.batch.admission,scheduler,4,4,0,4628985,1017169.5,2402369.0,0
c2-observer-p32-08,32,8,cold-first-data-action,c2.task.admitted,scheduler,40,0,40,,,,0
c2-observer-p32-08,32,8,cold-first-data-action,c2.task.terminal,scheduler,40,0,40,,,,0
c2-observer-p32-08,32,8,cold-first-data-action,c2.reader.declaration,stream,32,0,32,,,,0
c2-observer-p32-08,32,8,cold-first-data-action,c2.writer.declaration,stream,40,0,40,,,,0
c2-observer-p32-08,32,8,cold-first-data-action,c2.reader.open,stream,32,32,0,185220509,6077856.5,7243213.0,0
c2-observer-p32-08,32,8,cold-first-data-action,c2.writer.open,stream,40,40,0,42084888,1019783.5,1787032.0,0
c2-observer-p32-08,32,8,cold-first-data-action,c2.stream.consumption,stream,114,114,0,594032224,6601933.5,9594613.0,0
c2-observer-p32-08,32,8,cold-first-data-action,c2.stream.owner,stream,186,186,0,1182651279,7470652.5,10099473.0,0
c2-observer-p32-08,32,8,cold-first-data-action,c2.stream.first_poll,stream,114,0,114,,,,0
c2-observer-p32-08,32,8,cold-first-data-action,c2.stream.first_batch,stream,114,0,114,,,,0
c2-observer-p32-08,32,8,cold-first-data-action,c2.sink.commit,stream,40,40,0,385506,4634.5,33459.0,0
c2-observer-p32-08,32,8,cold-first-data-action,c2.sink.abort,stream,0,0,0,,,,0
c2-observer-p32-08,32,8,cold-first-data-action,c2.output.forward,stream,1,1,0,19189900,19189900.0,19189900.0,0
c2-observer-p32-08,32,8,cold-first-data-action,c2.cleanup.dispatch,cleanup,4,4,0,1077843,272843.0,289858.0,0
c2-observer-p32-08,32,8,cold-first-data-action,c2.cleanup.queued_ack,cleanup,4,4,0,29915,6745.5,10239.0,0
c2-observer-p32-08,32,8,cold-first-data-action,c2.cleanup.close_job_executed,cleanup,3,3,0,24387,7965.0,9059.0,0
c2-observer-p32-08,32,8,cold-first-data-action,c2.cleanup.local_streams_removed,cleanup,4,4,0,22487,5547.5,9981.0,0
c2-observer-p32-08,32,8,cold-first-data-action,c2.release.response_buffer,cleanup,33,33,0,97552,2290.0,6941.0,0
c2-observer-p32-08,32,8,cold-first-data-action,c2.release.operation,cleanup,1,1,0,5237,5237.0,5237.0,0
c2-observer-p32-08,32,8,cold-first-data-action,c2.executor.owner,resources,1,1,0,38495273,38495273.0,38495273.0,0
c2-observer-p32-08,32,8,cold-first-data-action,c2.executor.buffer_owner,resources,1,1,0,38499882,38499882.0,38499882.0,0
c2-observer-p32-08,32,8,warm-same-query-same-server,c2.operation.binding,planning,1,0,1,,,,0
c2-observer-p32-08,32,8,warm-same-query-same-server,c2.job.accepted,scheduler,1,0,1,,,,0
c2-observer-p32-08,32,8,warm-same-query-same-server,c2.task.assigned,scheduler,40,0,40,,,,0
c2-observer-p32-08,32,8,warm-same-query-same-server,c2.plan.resolve,planning,1,1,0,713542,713542.0,713542.0,0
c2-observer-p32-08,32,8,warm-same-query-same-server,c2.plan.logical_execute,planning,1,1,0,6117,6117.0,6117.0,0
c2-observer-p32-08,32,8,warm-same-query-same-server,c2.plan.optimize,planning,1,1,0,373740,373740.0,373740.0,0
c2-observer-p32-08,32,8,warm-same-query-same-server,c2.plan.physical,planning,1,1,0,679946,679946.0,679946.0,0
c2-observer-p32-08,32,8,warm-same-query-same-server,c2.job.graph,planning,1,1,0,15508,15508.0,15508.0,0
c2-observer-p32-08,32,8,warm-same-query-same-server,c2.job.topology,planning,1,1,0,9559,9559.0,9559.0,0
c2-observer-p32-08,32,8,warm-same-query-same-server,c2.scheduler.select_assign,scheduler,42,42,0,151791,3050.5,10249.0,0
c2-observer-p32-08,32,8,warm-same-query-same-server,c2.stage.definition,serialization,2,2,0,165784,82892.0,95383.0,0
c2-observer-p32-08,32,8,warm-same-query-same-server,c2.stage.physical_encode,serialization,2,2,0,135447,67723.5,91282.0,0
c2-observer-p32-08,32,8,warm-same-query-same-server,c2.task.preparation_queue,scheduler,40,40,0,1548061,28370.0,85260.0,0
c2-observer-p32-08,32,8,warm-same-query-same-server,c2.task.preparation,scheduler,40,40,0,18200083,343906.5,902461.0,0
c2-observer-p32-08,32,8,warm-same-query-same-server,c2.stage.definition_cache_hit,scheduler,2,0,2,,,,0
c2-observer-p32-08,32,8,warm-same-query-same-server,c2.batch.dispatch,scheduler,4,4,0,3774251,753624.5,1813966.0,0
c2-observer-p32-08,32,8,warm-same-query-same-server,c2.task.dispatched,scheduler,40,0,40,,,,0
c2-observer-p32-08,32,8,warm-same-query-same-server,c2.batch.definition_encode,serialization,4,4,0,80953,17940.5,37390.0,0
c2-observer-p32-08,32,8,warm-same-query-same-server,c2.batch.definition_decode,serialization,4,4,0,61373,16939.0,21016.0,0
c2-observer-p32-08,32,8,warm-same-query-same-server,c2.batch.physical_decode,serialization,4,4,0,123947,33050.5,50535.0,0
c2-observer-p32-08,32,8,warm-same-query-same-server,c2.task.physical_decode,serialization,40,40,0,4158783,75221.0,191370.0,0
c2-observer-p32-08,32,8,warm-same-query-same-server,c2.batch.admission,scheduler,4,4,0,519580,111149.0,249114.0,0
c2-observer-p32-08,32,8,warm-same-query-same-server,c2.task.admitted,scheduler,40,0,40,,,,0
c2-observer-p32-08,32,8,warm-same-query-same-server,c2.task.terminal,scheduler,40,0,40,,,,0
c2-observer-p32-08,32,8,warm-same-query-same-server,c2.reader.declaration,stream,32,0,32,,,,0
c2-observer-p32-08,32,8,warm-same-query-same-server,c2.writer.declaration,stream,40,0,40,,,,0
c2-observer-p32-08,32,8,warm-same-query-same-server,c2.reader.open,stream,32,32,0,153836476,5039858.0,6630142.0,0
c2-observer-p32-08,32,8,warm-same-query-same-server,c2.writer.open,stream,40,40,0,66254368,1698342.0,2297464.0,0
c2-observer-p32-08,32,8,warm-same-query-same-server,c2.stream.consumption,stream,114,114,0,486963034,4776535.5,9017294.0,0
c2-observer-p32-08,32,8,warm-same-query-same-server,c2.stream.owner,stream,186,186,0,1012524124,6100432.0,9349301.0,0
c2-observer-p32-08,32,8,warm-same-query-same-server,c2.stream.first_poll,stream,114,0,114,,,,0
c2-observer-p32-08,32,8,warm-same-query-same-server,c2.stream.first_batch,stream,114,0,114,,,,0
c2-observer-p32-08,32,8,warm-same-query-same-server,c2.sink.commit,stream,40,40,0,307208,3721.5,25838.0,0
c2-observer-p32-08,32,8,warm-same-query-same-server,c2.sink.abort,stream,0,0,0,,,,0
c2-observer-p32-08,32,8,warm-same-query-same-server,c2.output.forward,stream,1,1,0,12846983,12846983.0,12846983.0,0
c2-observer-p32-08,32,8,warm-same-query-same-server,c2.cleanup.dispatch,cleanup,4,4,0,969040,239232.5,254326.0,0
c2-observer-p32-08,32,8,warm-same-query-same-server,c2.cleanup.queued_ack,cleanup,4,4,0,30692,6687.0,11455.0,0
c2-observer-p32-08,32,8,warm-same-query-same-server,c2.cleanup.close_job_executed,cleanup,3,3,0,12311,4299.0,5076.0,0
c2-observer-p32-08,32,8,warm-same-query-same-server,c2.cleanup.local_streams_removed,cleanup,4,4,0,18204,4538.0,7825.0,0
c2-observer-p32-08,32,8,warm-same-query-same-server,c2.release.response_buffer,cleanup,33,33,0,101264,2393.0,7082.0,0
c2-observer-p32-08,32,8,warm-same-query-same-server,c2.release.operation,cleanup,1,1,0,3329,3329.0,3329.0,0
c2-observer-p32-08,32,8,warm-same-query-same-server,c2.executor.owner,resources,1,1,0,73269441,73269441.0,73269441.0,0
c2-observer-p32-08,32,8,warm-same-query-same-server,c2.executor.buffer_owner,resources,1,1,0,73271482,73271482.0,73271482.0,0
c2-observer-p4-09,4,9,cold-first-data-action,c2.operation.binding,planning,1,0,1,,,,0
c2-observer-p4-09,4,9,cold-first-data-action,c2.job.accepted,scheduler,1,0,1,,,,0
c2-observer-p4-09,4,9,cold-first-data-action,c2.task.assigned,scheduler,8,0,8,,,,0
c2-observer-p4-09,4,9,cold-first-data-action,c2.plan.resolve,planning,1,1,0,519862,519862.0,519862.0,0
c2-observer-p4-09,4,9,cold-first-data-action,c2.plan.logical_execute,planning,1,1,0,12097,12097.0,12097.0,0
c2-observer-p4-09,4,9,cold-first-data-action,c2.plan.optimize,planning,1,1,0,828302,828302.0,828302.0,0
c2-observer-p4-09,4,9,cold-first-data-action,c2.plan.physical,planning,1,1,0,1533679,1533679.0,1533679.0,0
c2-observer-p4-09,4,9,cold-first-data-action,c2.job.graph,planning,1,1,0,52231,52231.0,52231.0,0
c2-observer-p4-09,4,9,cold-first-data-action,c2.job.topology,planning,1,1,0,19761,19761.0,19761.0,0
c2-observer-p4-09,4,9,cold-first-data-action,c2.scheduler.select_assign,scheduler,10,10,0,35334,2768.5,8892.0,0
c2-observer-p4-09,4,9,cold-first-data-action,c2.stage.definition,serialization,2,2,0,343927,171963.5,242881.0,0
c2-observer-p4-09,4,9,cold-first-data-action,c2.stage.physical_encode,serialization,2,2,0,313098,156549.0,228270.0,0
c2-observer-p4-09,4,9,cold-first-data-action,c2.task.preparation_queue,scheduler,8,8,0,1884151,244778.5,343508.0,0
c2-observer-p4-09,4,9,cold-first-data-action,c2.task.preparation,scheduler,8,8,0,8671100,1026535.0,1399138.0,0
c2-observer-p4-09,4,9,cold-first-data-action,c2.stage.definition_cache_hit,scheduler,2,0,2,,,,0
c2-observer-p4-09,4,9,cold-first-data-action,c2.batch.dispatch,scheduler,4,4,0,6122667,1542510.5,1663305.0,0
c2-observer-p4-09,4,9,cold-first-data-action,c2.task.dispatched,scheduler,8,0,8,,,,0
c2-observer-p4-09,4,9,cold-first-data-action,c2.batch.definition_encode,serialization,4,4,0,135214,24347.5,64266.0,0
c2-observer-p4-09,4,9,cold-first-data-action,c2.batch.definition_decode,serialization,4,4,0,131485,33507.5,47232.0,0
c2-observer-p4-09,4,9,cold-first-data-action,c2.batch.physical_decode,serialization,4,4,0,249755,60837.0,109026.0,0
c2-observer-p4-09,4,9,cold-first-data-action,c2.task.physical_decode,serialization,8,8,0,4874667,588695.5,867979.0,0
c2-observer-p4-09,4,9,cold-first-data-action,c2.batch.admission,scheduler,4,4,0,1099953,271839.0,403958.0,0
c2-observer-p4-09,4,9,cold-first-data-action,c2.task.admitted,scheduler,8,0,8,,,,0
c2-observer-p4-09,4,9,cold-first-data-action,c2.task.terminal,scheduler,8,0,8,,,,0
c2-observer-p4-09,4,9,cold-first-data-action,c2.reader.declaration,stream,4,0,4,,,,0
c2-observer-p4-09,4,9,cold-first-data-action,c2.writer.declaration,stream,8,0,8,,,,0
c2-observer-p4-09,4,9,cold-first-data-action,c2.reader.open,stream,4,4,0,3155803,794080.5,839959.0,0
c2-observer-p4-09,4,9,cold-first-data-action,c2.writer.open,stream,8,8,0,471673,59719.0,81690.0,0
c2-observer-p4-09,4,9,cold-first-data-action,c2.stream.consumption,stream,22,22,0,79872686,2814164.0,8655983.0,0
c2-observer-p4-09,4,9,cold-first-data-action,c2.stream.owner,stream,34,34,0,129478680,3748811.5,9398750.0,0
c2-observer-p4-09,4,9,cold-first-data-action,c2.stream.first_poll,stream,22,0,22,,,,0
c2-observer-p4-09,4,9,cold-first-data-action,c2.stream.first_batch,stream,22,0,22,,,,0
c2-observer-p4-09,4,9,cold-first-data-action,c2.sink.commit,stream,8,8,0,68736,6002.0,18934.0,0
c2-observer-p4-09,4,9,cold-first-data-action,c2.sink.abort,stream,0,0,0,,,,0
c2-observer-p4-09,4,9,cold-first-data-action,c2.output.forward,stream,1,1,0,8276115,8276115.0,8276115.0,0
c2-observer-p4-09,4,9,cold-first-data-action,c2.cleanup.dispatch,cleanup,4,4,0,1107505,269490.5,332328.0,0
c2-observer-p4-09,4,9,cold-first-data-action,c2.cleanup.queued_ack,cleanup,4,4,0,29224,6666.5,10394.0,0
c2-observer-p4-09,4,9,cold-first-data-action,c2.cleanup.close_job_executed,cleanup,3,3,0,34137,7036.0,20989.0,0
c2-observer-p4-09,4,9,cold-first-data-action,c2.cleanup.local_streams_removed,cleanup,4,4,0,17826,3563.5,9466.0,0
c2-observer-p4-09,4,9,cold-first-data-action,c2.release.response_buffer,cleanup,5,5,0,29338,6473.0,7630.0,0
c2-observer-p4-09,4,9,cold-first-data-action,c2.release.operation,cleanup,1,1,0,5112,5112.0,5112.0,0
c2-observer-p4-09,4,9,cold-first-data-action,c2.executor.owner,resources,1,1,0,17752905,17752905.0,17752905.0,0
c2-observer-p4-09,4,9,cold-first-data-action,c2.executor.buffer_owner,resources,1,1,0,17755210,17755210.0,17755210.0,0
c2-observer-p4-09,4,9,warm-same-query-same-server,c2.operation.binding,planning,1,0,1,,,,0
c2-observer-p4-09,4,9,warm-same-query-same-server,c2.job.accepted,scheduler,1,0,1,,,,0
c2-observer-p4-09,4,9,warm-same-query-same-server,c2.task.assigned,scheduler,8,0,8,,,,0
c2-observer-p4-09,4,9,warm-same-query-same-server,c2.plan.resolve,planning,1,1,0,731424,731424.0,731424.0,0
c2-observer-p4-09,4,9,warm-same-query-same-server,c2.plan.logical_execute,planning,1,1,0,5747,5747.0,5747.0,0
c2-observer-p4-09,4,9,warm-same-query-same-server,c2.plan.optimize,planning,1,1,0,368961,368961.0,368961.0,0
c2-observer-p4-09,4,9,warm-same-query-same-server,c2.plan.physical,planning,1,1,0,581839,581839.0,581839.0,0
c2-observer-p4-09,4,9,warm-same-query-same-server,c2.job.graph,planning,1,1,0,15916,15916.0,15916.0,0
c2-observer-p4-09,4,9,warm-same-query-same-server,c2.job.topology,planning,1,1,0,5017,5017.0,5017.0,0
c2-observer-p4-09,4,9,warm-same-query-same-server,c2.scheduler.select_assign,scheduler,10,10,0,24989,2356.0,5527.0,0
c2-observer-p4-09,4,9,warm-same-query-same-server,c2.stage.definition,serialization,2,2,0,109529,54764.5,79099.0,0
c2-observer-p4-09,4,9,warm-same-query-same-server,c2.stage.physical_encode,serialization,2,2,0,99614,49807.0,75060.0,0
c2-observer-p4-09,4,9,warm-same-query-same-server,c2.task.preparation_queue,scheduler,8,8,0,129710,15586.5,22393.0,0
c2-observer-p4-09,4,9,warm-same-query-same-server,c2.task.preparation,scheduler,8,8,0,1920131,230755.0,309554.0,0
c2-observer-p4-09,4,9,warm-same-query-same-server,c2.stage.definition_cache_hit,scheduler,2,0,2,,,,0
c2-observer-p4-09,4,9,warm-same-query-same-server,c2.batch.dispatch,scheduler,4,4,0,2238200,557971.0,572509.0,0
c2-observer-p4-09,4,9,warm-same-query-same-server,c2.task.dispatched,scheduler,8,0,8,,,,0
c2-observer-p4-09,4,9,warm-same-query-same-server,c2.batch.definition_encode,serialization,4,4,0,35321,7261.0,15068.0,0
c2-observer-p4-09,4,9,warm-same-query-same-server,c2.batch.definition_decode,serialization,4,4,0,33978,8880.5,10611.0,0
c2-observer-p4-09,4,9,warm-same-query-same-server,c2.batch.physical_decode,serialization,4,4,0,93797,18929.0,48850.0,0
c2-observer-p4-09,4,9,warm-same-query-same-server,c2.task.physical_decode,serialization,8,8,0,663810,80400.5,119895.0,0
c2-observer-p4-09,4,9,warm-same-query-same-server,c2.batch.admission,scheduler,4,4,0,431542,106475.0,138340.0,0
c2-observer-p4-09,4,9,warm-same-query-same-server,c2.task.admitted,scheduler,8,0,8,,,,0
c2-observer-p4-09,4,9,warm-same-query-same-server,c2.task.terminal,scheduler,8,0,8,,,,0
c2-observer-p4-09,4,9,warm-same-query-same-server,c2.reader.declaration,stream,4,0,4,,,,0
c2-observer-p4-09,4,9,warm-same-query-same-server,c2.writer.declaration,stream,8,0,8,,,,0
c2-observer-p4-09,4,9,warm-same-query-same-server,c2.reader.open,stream,4,4,0,2255935,559670.0,593659.0,0
c2-observer-p4-09,4,9,warm-same-query-same-server,c2.writer.open,stream,8,8,0,335633,41390.5,66431.0,0
c2-observer-p4-09,4,9,warm-same-query-same-server,c2.stream.consumption,stream,22,22,0,41517852,1459592.5,4373474.0,0
c2-observer-p4-09,4,9,warm-same-query-same-server,c2.stream.owner,stream,34,34,0,69057229,2036706.0,5209930.0,0
c2-observer-p4-09,4,9,warm-same-query-same-server,c2.stream.first_poll,stream,22,0,22,,,,0
c2-observer-p4-09,4,9,warm-same-query-same-server,c2.stream.first_batch,stream,22,0,22,,,,0
c2-observer-p4-09,4,9,warm-same-query-same-server,c2.sink.commit,stream,8,8,0,44879,4402.0,10911.0,0
c2-observer-p4-09,4,9,warm-same-query-same-server,c2.sink.abort,stream,0,0,0,,,,0
c2-observer-p4-09,4,9,warm-same-query-same-server,c2.output.forward,stream,1,1,0,4015491,4015491.0,4015491.0,0
c2-observer-p4-09,4,9,warm-same-query-same-server,c2.cleanup.dispatch,cleanup,4,4,0,988820,247748.0,280482.0,0
c2-observer-p4-09,4,9,warm-same-query-same-server,c2.cleanup.queued_ack,cleanup,4,4,0,27127,6814.5,8664.0,0
c2-observer-p4-09,4,9,warm-same-query-same-server,c2.cleanup.close_job_executed,cleanup,3,3,0,7077,2373.0,2659.0,0
c2-observer-p4-09,4,9,warm-same-query-same-server,c2.cleanup.local_streams_removed,cleanup,4,4,0,9349,2217.0,3905.0,0
c2-observer-p4-09,4,9,warm-same-query-same-server,c2.release.response_buffer,cleanup,5,5,0,17827,2789.0,6931.0,0
c2-observer-p4-09,4,9,warm-same-query-same-server,c2.release.operation,cleanup,1,1,0,5309,5309.0,5309.0,1
c2-observer-p4-09,4,9,warm-same-query-same-server,c2.executor.owner,resources,1,1,0,58927100,58927100.0,58927100.0,1
c2-observer-p4-09,4,9,warm-same-query-same-server,c2.executor.buffer_owner,resources,1,1,0,58930598,58930598.0,58930598.0,1
c2-observer-p16-09,16,9,cold-first-data-action,c2.operation.binding,planning,1,0,1,,,,0
c2-observer-p16-09,16,9,cold-first-data-action,c2.job.accepted,scheduler,1,0,1,,,,0
c2-observer-p16-09,16,9,cold-first-data-action,c2.task.assigned,scheduler,24,0,24,,,,0
c2-observer-p16-09,16,9,cold-first-data-action,c2.plan.resolve,planning,1,1,0,491936,491936.0,491936.0,0
c2-observer-p16-09,16,9,cold-first-data-action,c2.plan.logical_execute,planning,1,1,0,12178,12178.0,12178.0,0
c2-observer-p16-09,16,9,cold-first-data-action,c2.plan.optimize,planning,1,1,0,819425,819425.0,819425.0,0
c2-observer-p16-09,16,9,cold-first-data-action,c2.plan.physical,planning,1,1,0,1581471,1581471.0,1581471.0,0
c2-observer-p16-09,16,9,cold-first-data-action,c2.job.graph,planning,1,1,0,53576,53576.0,53576.0,0
c2-observer-p16-09,16,9,cold-first-data-action,c2.job.topology,planning,1,1,0,21999,21999.0,21999.0,0
c2-observer-p16-09,16,9,cold-first-data-action,c2.scheduler.select_assign,scheduler,26,26,0,94092,1395.5,8812.0,0
c2-observer-p16-09,16,9,cold-first-data-action,c2.stage.definition,serialization,2,2,0,320504,160252.0,217447.0,0
c2-observer-p16-09,16,9,cold-first-data-action,c2.stage.physical_encode,serialization,2,2,0,290699,145349.5,203312.0,0
c2-observer-p16-09,16,9,cold-first-data-action,c2.task.preparation_queue,scheduler,24,24,0,34506050,1403808.0,1833851.0,0
c2-observer-p16-09,16,9,cold-first-data-action,c2.task.preparation,scheduler,24,24,0,27787245,1095656.5,1798902.0,0
c2-observer-p16-09,16,9,cold-first-data-action,c2.stage.definition_cache_hit,scheduler,2,0,2,,,,0
c2-observer-p16-09,16,9,cold-first-data-action,c2.batch.dispatch,scheduler,4,4,0,8475381,2251380.5,2607101.0,0
c2-observer-p16-09,16,9,cold-first-data-action,c2.task.dispatched,scheduler,24,0,24,,,,0
c2-observer-p16-09,16,9,cold-first-data-action,c2.batch.definition_encode,serialization,4,4,0,77206,19899.5,28405.0,0
c2-observer-p16-09,16,9,cold-first-data-action,c2.batch.definition_decode,serialization,4,4,0,138791,33293.5,53408.0,0
c2-observer-p16-09,16,9,cold-first-data-action,c2.batch.physical_decode,serialization,4,4,0,286891,70861.0,122079.0,0
c2-observer-p16-09,16,9,cold-first-data-action,c2.task.physical_decode,serialization,24,24,0,13773856,598416.5,1207490.0,0
c2-observer-p16-09,16,9,cold-first-data-action,c2.batch.admission,scheduler,4,4,0,1763413,440716.0,711366.0,0
c2-observer-p16-09,16,9,cold-first-data-action,c2.task.admitted,scheduler,24,0,24,,,,0
c2-observer-p16-09,16,9,cold-first-data-action,c2.task.terminal,scheduler,24,0,24,,,,0
c2-observer-p16-09,16,9,cold-first-data-action,c2.reader.declaration,stream,16,0,16,,,,0
c2-observer-p16-09,16,9,cold-first-data-action,c2.writer.declaration,stream,24,0,24,,,,0
c2-observer-p16-09,16,9,cold-first-data-action,c2.reader.open,stream,16,16,0,65505499,3784510.0,5076596.0,0
c2-observer-p16-09,16,9,cold-first-data-action,c2.writer.open,stream,24,24,0,7374618,303238.5,616077.0,0
c2-observer-p16-09,16,9,cold-first-data-action,c2.stream.consumption,stream,66,66,0,254101867,4815661.0,6543825.0,0
c2-observer-p16-09,16,9,cold-first-data-action,c2.stream.owner,stream,106,106,0,485831874,5623061.0,6991710.0,0
c2-observer-p16-09,16,9,cold-first-data-action,c2.stream.first_poll,stream,66,0,66,,,,0
c2-observer-p16-09,16,9,cold-first-data-action,c2.stream.first_batch,stream,66,0,66,,,,0
c2-observer-p16-09,16,9,cold-first-data-action,c2.sink.commit,stream,24,24,0,225703,4562.0,25235.0,0
c2-observer-p16-09,16,9,cold-first-data-action,c2.sink.abort,stream,0,0,0,,,,0
c2-observer-p16-09,16,9,cold-first-data-action,c2.output.forward,stream,1,1,0,13201728,13201728.0,13201728.0,0
c2-observer-p16-09,16,9,cold-first-data-action,c2.cleanup.dispatch,cleanup,4,4,0,1051228,257146.0,294330.0,0
c2-observer-p16-09,16,9,cold-first-data-action,c2.cleanup.queued_ack,cleanup,4,4,0,29150,6740.0,9488.0,0
c2-observer-p16-09,16,9,cold-first-data-action,c2.cleanup.close_job_executed,cleanup,3,3,0,22405,7266.0,8072.0,0
c2-observer-p16-09,16,9,cold-first-data-action,c2.cleanup.local_streams_removed,cleanup,4,4,0,17520,4390.5,7166.0,0
c2-observer-p16-09,16,9,cold-first-data-action,c2.release.response_buffer,cleanup,17,17,0,46611,2212.0,11567.0,0
c2-observer-p16-09,16,9,cold-first-data-action,c2.release.operation,cleanup,1,1,0,4776,4776.0,4776.0,0
c2-observer-p16-09,16,9,cold-first-data-action,c2.executor.owner,resources,1,1,0,20532492,20532492.0,20532492.0,0
c2-observer-p16-09,16,9,cold-first-data-action,c2.executor.buffer_owner,resources,1,1,0,20535594,20535594.0,20535594.0,0
c2-observer-p16-09,16,9,warm-same-query-same-server,c2.operation.binding,planning,1,0,1,,,,0
c2-observer-p16-09,16,9,warm-same-query-same-server,c2.job.accepted,scheduler,1,0,1,,,,0
c2-observer-p16-09,16,9,warm-same-query-same-server,c2.task.assigned,scheduler,24,0,24,,,,0
c2-observer-p16-09,16,9,warm-same-query-same-server,c2.plan.resolve,planning,1,1,0,702752,702752.0,702752.0,0
c2-observer-p16-09,16,9,warm-same-query-same-server,c2.plan.logical_execute,planning,1,1,0,10401,10401.0,10401.0,0
c2-observer-p16-09,16,9,warm-same-query-same-server,c2.plan.optimize,planning,1,1,0,426682,426682.0,426682.0,0
c2-observer-p16-09,16,9,warm-same-query-same-server,c2.plan.physical,planning,1,1,0,657418,657418.0,657418.0,0
c2-observer-p16-09,16,9,warm-same-query-same-server,c2.job.graph,planning,1,1,0,15390,15390.0,15390.0,0
c2-observer-p16-09,16,9,warm-same-query-same-server,c2.job.topology,planning,1,1,0,6862,6862.0,6862.0,0
c2-observer-p16-09,16,9,warm-same-query-same-server,c2.scheduler.select_assign,scheduler,26,26,0,83658,2652.5,7837.0,0
c2-observer-p16-09,16,9,warm-same-query-same-server,c2.stage.definition,serialization,2,2,0,144936,72468.0,85561.0,0
c2-observer-p16-09,16,9,warm-same-query-same-server,c2.stage.physical_encode,serialization,2,2,0,126706,63353.0,81903.0,0
c2-observer-p16-09,16,9,warm-same-query-same-server,c2.task.preparation_queue,scheduler,24,24,0,629874,24181.5,56525.0,0
c2-observer-p16-09,16,9,warm-same-query-same-server,c2.task.preparation,scheduler,24,24,0,8522194,287861.0,679612.0,0
c2-observer-p16-09,16,9,warm-same-query-same-server,c2.stage.definition_cache_hit,scheduler,2,0,2,,,,0
c2-observer-p16-09,16,9,warm-same-query-same-server,c2.batch.dispatch,scheduler,4,4,0,2704403,726469.5,785165.0,0
c2-observer-p16-09,16,9,warm-same-query-same-server,c2.task.dispatched,scheduler,24,0,24,,,,0
c2-observer-p16-09,16,9,warm-same-query-same-server,c2.batch.definition_encode,serialization,4,4,0,41866,9756.5,17109.0,0
c2-observer-p16-09,16,9,warm-same-query-same-server,c2.batch.definition_decode,serialization,4,4,0,42176,10893.5,13547.0,0
c2-observer-p16-09,16,9,warm-same-query-same-server,c2.batch.physical_decode,serialization,4,4,0,98709,23797.5,46223.0,0
c2-observer-p16-09,16,9,warm-same-query-same-server,c2.task.physical_decode,serialization,24,24,0,2164828,74172.5,153865.0,0
c2-observer-p16-09,16,9,warm-same-query-same-server,c2.batch.admission,scheduler,4,4,0,380074,101678.5,124625.0,0
c2-observer-p16-09,16,9,warm-same-query-same-server,c2.task.admitted,scheduler,24,0,24,,,,0
c2-observer-p16-09,16,9,warm-same-query-same-server,c2.task.terminal,scheduler,24,0,24,,,,0
c2-observer-p16-09,16,9,warm-same-query-same-server,c2.reader.declaration,stream,16,0,16,,,,0
c2-observer-p16-09,16,9,warm-same-query-same-server,c2.writer.declaration,stream,24,0,24,,,,0
c2-observer-p16-09,16,9,warm-same-query-same-server,c2.reader.open,stream,16,16,0,43623594,2875484.5,3702621.0,0
c2-observer-p16-09,16,9,warm-same-query-same-server,c2.writer.open,stream,24,24,0,13623775,646017.0,838452.0,0
c2-observer-p16-09,16,9,warm-same-query-same-server,c2.stream.consumption,stream,66,66,0,165659979,2833454.5,4801290.0,0
c2-observer-p16-09,16,9,warm-same-query-same-server,c2.stream.owner,stream,106,106,0,325720763,3608355.5,5177624.0,0
c2-observer-p16-09,16,9,warm-same-query-same-server,c2.stream.first_poll,stream,66,0,66,,,,0
c2-observer-p16-09,16,9,warm-same-query-same-server,c2.stream.first_batch,stream,66,0,66,,,,0
c2-observer-p16-09,16,9,warm-same-query-same-server,c2.sink.commit,stream,24,24,0,130393,3326.0,10688.0,0
c2-observer-p16-09,16,9,warm-same-query-same-server,c2.sink.abort,stream,0,0,0,,,,0
c2-observer-p16-09,16,9,warm-same-query-same-server,c2.output.forward,stream,1,1,0,7402689,7402689.0,7402689.0,0
c2-observer-p16-09,16,9,warm-same-query-same-server,c2.cleanup.dispatch,cleanup,4,4,0,1028914,254969.5,286552.0,0
c2-observer-p16-09,16,9,warm-same-query-same-server,c2.cleanup.queued_ack,cleanup,4,4,0,35243,8515.0,12129.0,0
c2-observer-p16-09,16,9,warm-same-query-same-server,c2.cleanup.close_job_executed,cleanup,3,3,0,10904,3615.0,4981.0,0
c2-observer-p16-09,16,9,warm-same-query-same-server,c2.cleanup.local_streams_removed,cleanup,4,4,0,14035,3412.0,5901.0,0
c2-observer-p16-09,16,9,warm-same-query-same-server,c2.release.response_buffer,cleanup,17,17,0,49640,2484.0,9489.0,0
c2-observer-p16-09,16,9,warm-same-query-same-server,c2.release.operation,cleanup,1,1,0,2058,2058.0,2058.0,0
c2-observer-p16-09,16,9,warm-same-query-same-server,c2.executor.owner,resources,1,1,0,21247101,21247101.0,21247101.0,0
c2-observer-p16-09,16,9,warm-same-query-same-server,c2.executor.buffer_owner,resources,1,1,0,21247956,21247956.0,21247956.0,0
c2-observer-p32-09,32,9,cold-first-data-action,c2.operation.binding,planning,1,0,1,,,,0
c2-observer-p32-09,32,9,cold-first-data-action,c2.job.accepted,scheduler,1,0,1,,,,0
c2-observer-p32-09,32,9,cold-first-data-action,c2.task.assigned,scheduler,40,0,40,,,,0
c2-observer-p32-09,32,9,cold-first-data-action,c2.plan.resolve,planning,1,1,0,464278,464278.0,464278.0,0
c2-observer-p32-09,32,9,cold-first-data-action,c2.plan.logical_execute,planning,1,1,0,12044,12044.0,12044.0,0
c2-observer-p32-09,32,9,cold-first-data-action,c2.plan.optimize,planning,1,1,0,821387,821387.0,821387.0,0
c2-observer-p32-09,32,9,cold-first-data-action,c2.plan.physical,planning,1,1,0,1539035,1539035.0,1539035.0,0
c2-observer-p32-09,32,9,cold-first-data-action,c2.job.graph,planning,1,1,0,73666,73666.0,73666.0,0
c2-observer-p32-09,32,9,cold-first-data-action,c2.job.topology,planning,1,1,0,29399,29399.0,29399.0,0
c2-observer-p32-09,32,9,cold-first-data-action,c2.scheduler.select_assign,scheduler,42,42,0,162246,2273.0,10351.0,0
c2-observer-p32-09,32,9,cold-first-data-action,c2.stage.definition,serialization,2,2,0,337103,168551.5,235930.0,0
c2-observer-p32-09,32,9,cold-first-data-action,c2.stage.physical_encode,serialization,2,2,0,300915,150457.5,221669.0,0
c2-observer-p32-09,32,9,cold-first-data-action,c2.task.preparation_queue,scheduler,40,40,0,109356368,2498078.5,4190122.0,0
c2-observer-p32-09,32,9,cold-first-data-action,c2.task.preparation,scheduler,40,40,0,65142783,1558445.0,3067430.0,0
c2-observer-p32-09,32,9,cold-first-data-action,c2.stage.definition_cache_hit,scheduler,2,0,2,,,,0
c2-observer-p32-09,32,9,cold-first-data-action,c2.batch.dispatch,scheduler,4,4,0,9468579,2613916.5,2791629.0,0
c2-observer-p32-09,32,9,cold-first-data-action,c2.task.dispatched,scheduler,40,0,40,,,,0
c2-observer-p32-09,32,9,cold-first-data-action,c2.batch.definition_encode,serialization,4,4,0,103997,28072.5,31061.0,0
c2-observer-p32-09,32,9,cold-first-data-action,c2.batch.definition_decode,serialization,4,4,0,164642,42943.5,56779.0,0
c2-observer-p32-09,32,9,cold-first-data-action,c2.batch.physical_decode,serialization,4,4,0,235374,59404.5,114933.0,0
c2-observer-p32-09,32,9,cold-first-data-action,c2.task.physical_decode,serialization,40,40,0,28396782,608439.0,1944544.0,0
c2-observer-p32-09,32,9,cold-first-data-action,c2.batch.admission,scheduler,4,4,0,3603943,944746.0,1520855.0,0
c2-observer-p32-09,32,9,cold-first-data-action,c2.task.admitted,scheduler,40,0,40,,,,0
c2-observer-p32-09,32,9,cold-first-data-action,c2.task.terminal,scheduler,40,0,40,,,,0
c2-observer-p32-09,32,9,cold-first-data-action,c2.reader.declaration,stream,32,0,32,,,,0
c2-observer-p32-09,32,9,cold-first-data-action,c2.writer.declaration,stream,40,0,40,,,,0
c2-observer-p32-09,32,9,cold-first-data-action,c2.reader.open,stream,32,32,0,200344650,6629374.5,7739711.0,0
c2-observer-p32-09,32,9,cold-first-data-action,c2.writer.open,stream,40,40,0,38829633,778823.5,1818607.0,0
c2-observer-p32-09,32,9,cold-first-data-action,c2.stream.consumption,stream,114,114,0,660547874,7596544.5,9761367.0,0
c2-observer-p32-09,32,9,cold-first-data-action,c2.stream.owner,stream,186,186,0,1328687307,8779264.0,11081837.0,0
c2-observer-p32-09,32,9,cold-first-data-action,c2.stream.first_poll,stream,114,0,114,,,,0
c2-observer-p32-09,32,9,cold-first-data-action,c2.stream.first_batch,stream,114,0,114,,,,0
c2-observer-p32-09,32,9,cold-first-data-action,c2.sink.commit,stream,40,40,0,423410,5427.5,37605.0,0
c2-observer-p32-09,32,9,cold-first-data-action,c2.sink.abort,stream,0,0,0,,,,0
c2-observer-p32-09,32,9,cold-first-data-action,c2.output.forward,stream,1,1,0,19980829,19980829.0,19980829.0,0
c2-observer-p32-09,32,9,cold-first-data-action,c2.cleanup.dispatch,cleanup,4,4,0,1154776,286398.0,305738.0,0
c2-observer-p32-09,32,9,cold-first-data-action,c2.cleanup.queued_ack,cleanup,4,4,0,29926,6815.0,9667.0,0
c2-observer-p32-09,32,9,cold-first-data-action,c2.cleanup.close_job_executed,cleanup,3,3,0,24242,8275.0,8914.0,0
c2-observer-p32-09,32,9,cold-first-data-action,c2.cleanup.local_streams_removed,cleanup,4,4,0,22719,5630.5,10169.0,0
c2-observer-p32-09,32,9,cold-first-data-action,c2.release.response_buffer,cleanup,33,33,0,98782,2263.0,7696.0,0
c2-observer-p32-09,32,9,cold-first-data-action,c2.release.operation,cleanup,1,1,0,7046,7046.0,7046.0,0
c2-observer-p32-09,32,9,cold-first-data-action,c2.executor.owner,resources,1,1,0,31733696,31733696.0,31733696.0,0
c2-observer-p32-09,32,9,cold-first-data-action,c2.executor.buffer_owner,resources,1,1,0,31736457,31736457.0,31736457.0,0
c2-observer-p32-09,32,9,warm-same-query-same-server,c2.operation.binding,planning,1,0,1,,,,0
c2-observer-p32-09,32,9,warm-same-query-same-server,c2.job.accepted,scheduler,1,0,1,,,,0
c2-observer-p32-09,32,9,warm-same-query-same-server,c2.task.assigned,scheduler,40,0,40,,,,0
c2-observer-p32-09,32,9,warm-same-query-same-server,c2.plan.resolve,planning,1,1,0,657449,657449.0,657449.0,0
c2-observer-p32-09,32,9,warm-same-query-same-server,c2.plan.logical_execute,planning,1,1,0,5040,5040.0,5040.0,0
c2-observer-p32-09,32,9,warm-same-query-same-server,c2.plan.optimize,planning,1,1,0,368614,368614.0,368614.0,0
c2-observer-p32-09,32,9,warm-same-query-same-server,c2.plan.physical,planning,1,1,0,566669,566669.0,566669.0,0
c2-observer-p32-09,32,9,warm-same-query-same-server,c2.job.graph,planning,1,1,0,15669,15669.0,15669.0,0
c2-observer-p32-09,32,9,warm-same-query-same-server,c2.job.topology,planning,1,1,0,11691,11691.0,11691.0,0
c2-observer-p32-09,32,9,warm-same-query-same-server,c2.scheduler.select_assign,scheduler,42,42,0,156854,2873.0,11185.0,0
c2-observer-p32-09,32,9,warm-same-query-same-server,c2.stage.definition,serialization,2,2,0,117447,58723.5,74539.0,0
c2-observer-p32-09,32,9,warm-same-query-same-server,c2.stage.physical_encode,serialization,2,2,0,97790,48895.0,70967.0,0
c2-observer-p32-09,32,9,warm-same-query-same-server,c2.task.preparation_queue,scheduler,40,40,0,1482181,30560.0,70784.0,0
c2-observer-p32-09,32,9,warm-same-query-same-server,c2.task.preparation,scheduler,40,40,0,16855662,359913.5,733213.0,0
c2-observer-p32-09,32,9,warm-same-query-same-server,c2.stage.definition_cache_hit,scheduler,2,0,2,,,,0
c2-observer-p32-09,32,9,warm-same-query-same-server,c2.batch.dispatch,scheduler,4,4,0,4997954,936295.0,2441170.0,0
c2-observer-p32-09,32,9,warm-same-query-same-server,c2.task.dispatched,scheduler,40,0,40,,,,0
c2-observer-p32-09,32,9,warm-same-query-same-server,c2.batch.definition_encode,serialization,4,4,0,50526,12891.5,17552.0,0
c2-observer-p32-09,32,9,warm-same-query-same-server,c2.batch.definition_decode,serialization,4,4,0,59072,15661.5,21147.0,0
c2-observer-p32-09,32,9,warm-same-query-same-server,c2.batch.physical_decode,serialization,4,4,0,98381,21913.0,47940.0,0
c2-observer-p32-09,32,9,warm-same-query-same-server,c2.task.physical_decode,serialization,40,40,0,3941955,76649.5,181307.0,0
c2-observer-p32-09,32,9,warm-same-query-same-server,c2.batch.admission,scheduler,4,4,0,1642907,280096.5,837240.0,0
c2-observer-p32-09,32,9,warm-same-query-same-server,c2.task.admitted,scheduler,40,0,40,,,,0
c2-observer-p32-09,32,9,warm-same-query-same-server,c2.task.terminal,scheduler,40,0,40,,,,0
c2-observer-p32-09,32,9,warm-same-query-same-server,c2.reader.declaration,stream,32,0,32,,,,0
c2-observer-p32-09,32,9,warm-same-query-same-server,c2.writer.declaration,stream,40,0,40,,,,0
c2-observer-p32-09,32,9,warm-same-query-same-server,c2.reader.open,stream,32,32,0,185653265,6081597.5,7406150.0,0
c2-observer-p32-09,32,9,warm-same-query-same-server,c2.writer.open,stream,40,40,0,46789967,1077958.0,1949854.0,0
c2-observer-p32-09,32,9,warm-same-query-same-server,c2.stream.consumption,stream,114,114,0,534972946,5691252.5,9446351.0,0
c2-observer-p32-09,32,9,warm-same-query-same-server,c2.stream.owner,stream,186,186,0,1096554126,6990158.0,9738369.0,0
c2-observer-p32-09,32,9,warm-same-query-same-server,c2.stream.first_poll,stream,114,0,114,,,,0
c2-observer-p32-09,32,9,warm-same-query-same-server,c2.stream.first_batch,stream,114,0,114,,,,0
c2-observer-p32-09,32,9,warm-same-query-same-server,c2.sink.commit,stream,40,40,0,515239,4027.0,26386.0,0
c2-observer-p32-09,32,9,warm-same-query-same-server,c2.sink.abort,stream,0,0,0,,,,0
c2-observer-p32-09,32,9,warm-same-query-same-server,c2.output.forward,stream,1,1,0,12934048,12934048.0,12934048.0,0
c2-observer-p32-09,32,9,warm-same-query-same-server,c2.cleanup.dispatch,cleanup,4,4,0,1061151,266592.5,285618.0,0
c2-observer-p32-09,32,9,warm-same-query-same-server,c2.cleanup.queued_ack,cleanup,4,4,0,40667,9427.5,14616.0,0
c2-observer-p32-09,32,9,warm-same-query-same-server,c2.cleanup.close_job_executed,cleanup,3,3,0,11903,4516.0,4755.0,0
c2-observer-p32-09,32,9,warm-same-query-same-server,c2.cleanup.local_streams_removed,cleanup,4,4,0,19599,4456.0,9386.0,0
c2-observer-p32-09,32,9,warm-same-query-same-server,c2.release.response_buffer,cleanup,33,33,0,90988,2426.0,5780.0,0
c2-observer-p32-09,32,9,warm-same-query-same-server,c2.release.operation,cleanup,1,1,0,1936,1936.0,1936.0,0
c2-observer-p32-09,32,9,warm-same-query-same-server,c2.executor.owner,resources,1,1,0,24068735,24068735.0,24068735.0,0
c2-observer-p32-09,32,9,warm-same-query-same-server,c2.executor.buffer_owner,resources,1,1,0,24069056,24069056.0,24069056.0,0
c2-observer-p4-10,4,10,cold-first-data-action,c2.operation.binding,planning,1,0,1,,,,0
c2-observer-p4-10,4,10,cold-first-data-action,c2.job.accepted,scheduler,1,0,1,,,,0
c2-observer-p4-10,4,10,cold-first-data-action,c2.task.assigned,scheduler,8,0,8,,,,0
c2-observer-p4-10,4,10,cold-first-data-action,c2.plan.resolve,planning,1,1,0,462254,462254.0,462254.0,0
c2-observer-p4-10,4,10,cold-first-data-action,c2.plan.logical_execute,planning,1,1,0,11889,11889.0,11889.0,0
c2-observer-p4-10,4,10,cold-first-data-action,c2.plan.optimize,planning,1,1,0,816973,816973.0,816973.0,0
c2-observer-p4-10,4,10,cold-first-data-action,c2.plan.physical,planning,1,1,0,1670589,1670589.0,1670589.0,0
c2-observer-p4-10,4,10,cold-first-data-action,c2.job.graph,planning,1,1,0,52331,52331.0,52331.0,0
c2-observer-p4-10,4,10,cold-first-data-action,c2.job.topology,planning,1,1,0,18638,18638.0,18638.0,0
c2-observer-p4-10,4,10,cold-first-data-action,c2.scheduler.select_assign,scheduler,10,10,0,26232,2479.0,5391.0,0
c2-observer-p4-10,4,10,cold-first-data-action,c2.stage.definition,serialization,2,2,0,274770,137385.0,204582.0,0
c2-observer-p4-10,4,10,cold-first-data-action,c2.stage.physical_encode,serialization,2,2,0,258934,129467.0,192204.0,0
c2-observer-p4-10,4,10,cold-first-data-action,c2.task.preparation_queue,scheduler,8,8,0,2193985,260186.5,445653.0,0
c2-observer-p4-10,4,10,cold-first-data-action,c2.task.preparation,scheduler,8,8,0,8077617,990081.5,1193130.0,0
c2-observer-p4-10,4,10,cold-first-data-action,c2.stage.definition_cache_hit,scheduler,2,0,2,,,,0
c2-observer-p4-10,4,10,cold-first-data-action,c2.batch.dispatch,scheduler,4,4,0,5964218,1465582.0,1618563.0,0
c2-observer-p4-10,4,10,cold-first-data-action,c2.task.dispatched,scheduler,8,0,8,,,,0
c2-observer-p4-10,4,10,cold-first-data-action,c2.batch.definition_encode,serialization,4,4,0,127073,18213.0,82842.0,0
c2-observer-p4-10,4,10,cold-first-data-action,c2.batch.definition_decode,serialization,4,4,0,129401,32812.5,43874.0,0
c2-observer-p4-10,4,10,cold-first-data-action,c2.batch.physical_decode,serialization,4,4,0,203161,49261.5,97478.0,0
c2-observer-p4-10,4,10,cold-first-data-action,c2.task.physical_decode,serialization,8,8,0,4831688,579205.0,805602.0,0
c2-observer-p4-10,4,10,cold-first-data-action,c2.batch.admission,scheduler,4,4,0,1116272,248053.0,445631.0,0
c2-observer-p4-10,4,10,cold-first-data-action,c2.task.admitted,scheduler,8,0,8,,,,0
c2-observer-p4-10,4,10,cold-first-data-action,c2.task.terminal,scheduler,8,0,8,,,,0
c2-observer-p4-10,4,10,cold-first-data-action,c2.reader.declaration,stream,4,0,4,,,,0
c2-observer-p4-10,4,10,cold-first-data-action,c2.writer.declaration,stream,8,0,8,,,,0
c2-observer-p4-10,4,10,cold-first-data-action,c2.reader.open,stream,4,4,0,2920281,730881.0,774413.0,0
c2-observer-p4-10,4,10,cold-first-data-action,c2.writer.open,stream,8,8,0,556563,69588.5,90327.0,0
c2-observer-p4-10,4,10,cold-first-data-action,c2.stream.consumption,stream,22,22,0,79207915,2784403.0,8595968.0,0
c2-observer-p4-10,4,10,cold-first-data-action,c2.stream.owner,stream,34,34,0,126598011,3770824.5,8887268.0,0
c2-observer-p4-10,4,10,cold-first-data-action,c2.stream.first_poll,stream,22,0,22,,,,0
c2-observer-p4-10,4,10,cold-first-data-action,c2.stream.first_batch,stream,22,0,22,,,,0
c2-observer-p4-10,4,10,cold-first-data-action,c2.sink.commit,stream,8,8,0,61420,4152.5,20000.0,0
c2-observer-p4-10,4,10,cold-first-data-action,c2.sink.abort,stream,0,0,0,,,,0
c2-observer-p4-10,4,10,cold-first-data-action,c2.output.forward,stream,1,1,0,8184262,8184262.0,8184262.0,0
c2-observer-p4-10,4,10,cold-first-data-action,c2.cleanup.dispatch,cleanup,4,4,0,1083600,274893.5,299989.0,0
c2-observer-p4-10,4,10,cold-first-data-action,c2.cleanup.queued_ack,cleanup,4,4,0,26974,6161.5,9168.0,0
c2-observer-p4-10,4,10,cold-first-data-action,c2.cleanup.close_job_executed,cleanup,3,3,0,19609,7115.0,7125.0,0
c2-observer-p4-10,4,10,cold-first-data-action,c2.cleanup.local_streams_removed,cleanup,4,4,0,13497,3376.0,5447.0,0
c2-observer-p4-10,4,10,cold-first-data-action,c2.release.response_buffer,cleanup,5,5,0,33462,2445.0,24321.0,0
c2-observer-p4-10,4,10,cold-first-data-action,c2.release.operation,cleanup,1,1,0,5776,5776.0,5776.0,1
c2-observer-p4-10,4,10,cold-first-data-action,c2.executor.owner,resources,1,1,0,24883602,24883602.0,24883602.0,1
c2-observer-p4-10,4,10,cold-first-data-action,c2.executor.buffer_owner,resources,1,1,0,24883088,24883088.0,24883088.0,1
c2-observer-p4-10,4,10,warm-same-query-same-server,c2.operation.binding,planning,1,0,1,,,,0
c2-observer-p4-10,4,10,warm-same-query-same-server,c2.job.accepted,scheduler,1,0,1,,,,0
c2-observer-p4-10,4,10,warm-same-query-same-server,c2.task.assigned,scheduler,8,0,8,,,,0
c2-observer-p4-10,4,10,warm-same-query-same-server,c2.plan.resolve,planning,1,1,0,663884,663884.0,663884.0,0
c2-observer-p4-10,4,10,warm-same-query-same-server,c2.plan.logical_execute,planning,1,1,0,5892,5892.0,5892.0,0
c2-observer-p4-10,4,10,warm-same-query-same-server,c2.plan.optimize,planning,1,1,0,346596,346596.0,346596.0,0
c2-observer-p4-10,4,10,warm-same-query-same-server,c2.plan.physical,planning,1,1,0,547060,547060.0,547060.0,0
c2-observer-p4-10,4,10,warm-same-query-same-server,c2.job.graph,planning,1,1,0,15108,15108.0,15108.0,0
c2-observer-p4-10,4,10,warm-same-query-same-server,c2.job.topology,planning,1,1,0,4632,4632.0,4632.0,0
c2-observer-p4-10,4,10,warm-same-query-same-server,c2.scheduler.select_assign,scheduler,10,10,0,35664,2529.0,8750.0,0
c2-observer-p4-10,4,10,warm-same-query-same-server,c2.stage.definition,serialization,2,2,0,96131,48065.5,63601.0,0
c2-observer-p4-10,4,10,warm-same-query-same-server,c2.stage.physical_encode,serialization,2,2,0,89197,44598.5,60025.0,0
c2-observer-p4-10,4,10,warm-same-query-same-server,c2.task.preparation_queue,scheduler,8,8,0,165280,17785.5,33826.0,0
c2-observer-p4-10,4,10,warm-same-query-same-server,c2.task.preparation,scheduler,8,8,0,1759017,218968.0,275519.0,0
c2-observer-p4-10,4,10,warm-same-query-same-server,c2.stage.definition_cache_hit,scheduler,2,0,2,,,,0
c2-observer-p4-10,4,10,warm-same-query-same-server,c2.batch.dispatch,scheduler,4,4,0,1983074,515279.5,552814.0,0
c2-observer-p4-10,4,10,warm-same-query-same-server,c2.task.dispatched,scheduler,8,0,8,,,,0
c2-observer-p4-10,4,10,warm-same-query-same-server,c2.batch.definition_encode,serialization,4,4,0,28771,6580.0,10886.0,0
c2-observer-p4-10,4,10,warm-same-query-same-server,c2.batch.definition_decode,serialization,4,4,0,43156,10890.0,13663.0,0
c2-observer-p4-10,4,10,warm-same-query-same-server,c2.batch.physical_decode,serialization,4,4,0,81586,10012.5,58625.0,0
c2-observer-p4-10,4,10,warm-same-query-same-server,c2.task.physical_decode,serialization,8,8,0,685211,74082.5,162571.0,0
c2-observer-p4-10,4,10,warm-same-query-same-server,c2.batch.admission,scheduler,4,4,0,255158,54764.0,113101.0,0
c2-observer-p4-10,4,10,warm-same-query-same-server,c2.task.admitted,scheduler,8,0,8,,,,0
c2-observer-p4-10,4,10,warm-same-query-same-server,c2.task.terminal,scheduler,8,0,8,,,,0
c2-observer-p4-10,4,10,warm-same-query-same-server,c2.reader.declaration,stream,4,0,4,,,,0
c2-observer-p4-10,4,10,warm-same-query-same-server,c2.writer.declaration,stream,8,0,8,,,,0
c2-observer-p4-10,4,10,warm-same-query-same-server,c2.reader.open,stream,4,4,0,2485098,628279.5,675085.0,0
c2-observer-p4-10,4,10,warm-same-query-same-server,c2.writer.open,stream,8,8,0,374497,45538.0,91345.0,0
c2-observer-p4-10,4,10,warm-same-query-same-server,c2.stream.consumption,stream,22,22,0,37893846,1294840.5,4133036.0,0
c2-observer-p4-10,4,10,warm-same-query-same-server,c2.stream.owner,stream,34,34,0,62904848,1826911.5,4847932.0,0
c2-observer-p4-10,4,10,warm-same-query-same-server,c2.stream.first_poll,stream,22,0,22,,,,0
c2-observer-p4-10,4,10,warm-same-query-same-server,c2.stream.first_batch,stream,22,0,22,,,,0
c2-observer-p4-10,4,10,warm-same-query-same-server,c2.sink.commit,stream,8,8,0,39204,4184.0,9160.0,0
c2-observer-p4-10,4,10,warm-same-query-same-server,c2.sink.abort,stream,0,0,0,,,,0
c2-observer-p4-10,4,10,warm-same-query-same-server,c2.output.forward,stream,1,1,0,3872121,3872121.0,3872121.0,0
c2-observer-p4-10,4,10,warm-same-query-same-server,c2.cleanup.dispatch,cleanup,4,4,0,1010598,254415.5,285912.0,0
c2-observer-p4-10,4,10,warm-same-query-same-server,c2.cleanup.queued_ack,cleanup,4,4,0,33031,8566.0,9860.0,0
c2-observer-p4-10,4,10,warm-same-query-same-server,c2.cleanup.close_job_executed,cleanup,3,3,0,8271,2612.0,3363.0,0
c2-observer-p4-10,4,10,warm-same-query-same-server,c2.cleanup.local_streams_removed,cleanup,4,4,0,8476,2157.5,3228.0,0
c2-observer-p4-10,4,10,warm-same-query-same-server,c2.release.response_buffer,cleanup,5,5,0,14473,3137.0,3723.0,0
c2-observer-p4-10,4,10,warm-same-query-same-server,c2.release.operation,cleanup,1,1,0,3058,3058.0,3058.0,0
c2-observer-p4-10,4,10,warm-same-query-same-server,c2.executor.owner,resources,1,1,0,54935938,54935938.0,54935938.0,0
c2-observer-p4-10,4,10,warm-same-query-same-server,c2.executor.buffer_owner,resources,1,1,0,54935849,54935849.0,54935849.0,0
c2-observer-p16-10,16,10,cold-first-data-action,c2.operation.binding,planning,1,0,1,,,,0
c2-observer-p16-10,16,10,cold-first-data-action,c2.job.accepted,scheduler,1,0,1,,,,0
c2-observer-p16-10,16,10,cold-first-data-action,c2.task.assigned,scheduler,24,0,24,,,,0
c2-observer-p16-10,16,10,cold-first-data-action,c2.plan.resolve,planning,1,1,0,468751,468751.0,468751.0,0
c2-observer-p16-10,16,10,cold-first-data-action,c2.plan.logical_execute,planning,1,1,0,12386,12386.0,12386.0,0
c2-observer-p16-10,16,10,cold-first-data-action,c2.plan.optimize,planning,1,1,0,828033,828033.0,828033.0,0
c2-observer-p16-10,16,10,cold-first-data-action,c2.plan.physical,planning,1,1,0,1681640,1681640.0,1681640.0,0
c2-observer-p16-10,16,10,cold-first-data-action,c2.job.graph,planning,1,1,0,57962,57962.0,57962.0,0
c2-observer-p16-10,16,10,cold-first-data-action,c2.job.topology,planning,1,1,0,24396,24396.0,24396.0,0
c2-observer-p16-10,16,10,cold-first-data-action,c2.scheduler.select_assign,scheduler,26,26,0,114156,2732.0,12906.0,0
c2-observer-p16-10,16,10,cold-first-data-action,c2.stage.definition,serialization,2,2,0,323639,161819.5,218468.0,0
c2-observer-p16-10,16,10,cold-first-data-action,c2.stage.physical_encode,serialization,2,2,0,296187,148093.5,203949.0,0
c2-observer-p16-10,16,10,cold-first-data-action,c2.task.preparation_queue,scheduler,24,24,0,35992167,1552738.0,2294020.0,0
c2-observer-p16-10,16,10,cold-first-data-action,c2.task.preparation,scheduler,24,24,0,35403277,1457805.5,2501963.0,0
c2-observer-p16-10,16,10,cold-first-data-action,c2.stage.definition_cache_hit,scheduler,2,0,2,,,,0
c2-observer-p16-10,16,10,cold-first-data-action,c2.batch.dispatch,scheduler,4,4,0,9771584,2474036.5,2928086.0,0
c2-observer-p16-10,16,10,cold-first-data-action,c2.task.dispatched,scheduler,24,0,24,,,,0
c2-observer-p16-10,16,10,cold-first-data-action,c2.batch.definition_encode,serialization,4,4,0,73714,16851.5,31994.0,0
c2-observer-p16-10,16,10,cold-first-data-action,c2.batch.definition_decode,serialization,4,4,0,144380,34745.5,55623.0,0
c2-observer-p16-10,16,10,cold-first-data-action,c2.batch.physical_decode,serialization,4,4,0,247643,56370.5,130728.0,0
c2-observer-p16-10,16,10,cold-first-data-action,c2.task.physical_decode,serialization,24,24,0,16871310,595566.0,1284075.0,0
c2-observer-p16-10,16,10,cold-first-data-action,c2.batch.admission,scheduler,4,4,0,2052720,504092.0,811083.0,0
c2-observer-p16-10,16,10,cold-first-data-action,c2.task.admitted,scheduler,24,0,24,,,,0
c2-observer-p16-10,16,10,cold-first-data-action,c2.task.terminal,scheduler,24,0,24,,,,0
c2-observer-p16-10,16,10,cold-first-data-action,c2.reader.declaration,stream,16,0,16,,,,0
c2-observer-p16-10,16,10,cold-first-data-action,c2.writer.declaration,stream,24,0,24,,,,0
c2-observer-p16-10,16,10,cold-first-data-action,c2.reader.open,stream,16,16,0,62179077,3804163.0,5557556.0,0
c2-observer-p16-10,16,10,cold-first-data-action,c2.writer.open,stream,24,24,0,5051284,195313.5,370890.0,0
c2-observer-p16-10,16,10,cold-first-data-action,c2.stream.consumption,stream,66,66,0,291373551,5213752.5,7060630.0,0
c2-observer-p16-10,16,10,cold-first-data-action,c2.stream.owner,stream,106,106,0,543688606,6259848.5,7567786.0,0
c2-observer-p16-10,16,10,cold-first-data-action,c2.stream.first_poll,stream,66,0,66,,,,0
c2-observer-p16-10,16,10,cold-first-data-action,c2.stream.first_batch,stream,66,0,66,,,,0
c2-observer-p16-10,16,10,cold-first-data-action,c2.sink.commit,stream,24,24,0,264045,5065.0,25276.0,0
c2-observer-p16-10,16,10,cold-first-data-action,c2.sink.abort,stream,0,0,0,,,,0
c2-observer-p16-10,16,10,cold-first-data-action,c2.output.forward,stream,1,1,0,14764220,14764220.0,14764220.0,0
c2-observer-p16-10,16,10,cold-first-data-action,c2.cleanup.dispatch,cleanup,4,4,0,1074110,268373.5,277921.0,0
c2-observer-p16-10,16,10,cold-first-data-action,c2.cleanup.queued_ack,cleanup,4,4,0,29934,6465.5,10852.0,0
c2-observer-p16-10,16,10,cold-first-data-action,c2.cleanup.close_job_executed,cleanup,3,3,0,26029,7866.0,10428.0,0
c2-observer-p16-10,16,10,cold-first-data-action,c2.cleanup.local_streams_removed,cleanup,4,4,0,22050,4687.0,11185.0,0
c2-observer-p16-10,16,10,cold-first-data-action,c2.release.response_buffer,cleanup,17,17,0,49535,2316.0,9194.0,0
c2-observer-p16-10,16,10,cold-first-data-action,c2.release.operation,cleanup,1,1,0,13952,13952.0,13952.0,1
c2-observer-p16-10,16,10,cold-first-data-action,c2.executor.owner,resources,1,1,0,32870131,32870131.0,32870131.0,1
c2-observer-p16-10,16,10,cold-first-data-action,c2.executor.buffer_owner,resources,1,1,0,32873277,32873277.0,32873277.0,1
c2-observer-p16-10,16,10,warm-same-query-same-server,c2.operation.binding,planning,1,0,1,,,,0
c2-observer-p16-10,16,10,warm-same-query-same-server,c2.job.accepted,scheduler,1,0,1,,,,0
c2-observer-p16-10,16,10,warm-same-query-same-server,c2.task.assigned,scheduler,24,0,24,,,,0
c2-observer-p16-10,16,10,warm-same-query-same-server,c2.plan.resolve,planning,1,1,0,706653,706653.0,706653.0,0
c2-observer-p16-10,16,10,warm-same-query-same-server,c2.plan.logical_execute,planning,1,1,0,5113,5113.0,5113.0,0
c2-observer-p16-10,16,10,warm-same-query-same-server,c2.plan.optimize,planning,1,1,0,378607,378607.0,378607.0,0
c2-observer-p16-10,16,10,warm-same-query-same-server,c2.plan.physical,planning,1,1,0,625846,625846.0,625846.0,0
c2-observer-p16-10,16,10,warm-same-query-same-server,c2.job.graph,planning,1,1,0,16820,16820.0,16820.0,0
c2-observer-p16-10,16,10,warm-same-query-same-server,c2.job.topology,planning,1,1,0,7374,7374.0,7374.0,0
c2-observer-p16-10,16,10,warm-same-query-same-server,c2.scheduler.select_assign,scheduler,26,26,0,78848,2609.5,9712.0,0
c2-observer-p16-10,16,10,warm-same-query-same-server,c2.stage.definition,serialization,2,2,0,158822,79411.0,98896.0,0
c2-observer-p16-10,16,10,warm-same-query-same-server,c2.stage.physical_encode,serialization,2,2,0,140859,70429.5,95147.0,0
c2-observer-p16-10,16,10,warm-same-query-same-server,c2.task.preparation_queue,scheduler,24,24,0,612533,20330.5,58701.0,0
c2-observer-p16-10,16,10,warm-same-query-same-server,c2.task.preparation,scheduler,24,24,0,8475239,353050.0,553528.0,0
c2-observer-p16-10,16,10,warm-same-query-same-server,c2.stage.definition_cache_hit,scheduler,2,0,2,,,,0
c2-observer-p16-10,16,10,warm-same-query-same-server,c2.batch.dispatch,scheduler,4,4,0,2344729,590101.5,777496.0,0
c2-observer-p16-10,16,10,warm-same-query-same-server,c2.task.dispatched,scheduler,24,0,24,,,,0
c2-observer-p16-10,16,10,warm-same-query-same-server,c2.batch.definition_encode,serialization,4,4,0,41262,9736.5,16502.0,0
c2-observer-p16-10,16,10,warm-same-query-same-server,c2.batch.definition_decode,serialization,4,4,0,50973,12152.5,15279.0,0
c2-observer-p16-10,16,10,warm-same-query-same-server,c2.batch.physical_decode,serialization,4,4,0,80823,17985.5,37316.0,0
c2-observer-p16-10,16,10,warm-same-query-same-server,c2.task.physical_decode,serialization,24,24,0,2605515,75262.0,205579.0,0
c2-observer-p16-10,16,10,warm-same-query-same-server,c2.batch.admission,scheduler,4,4,0,413452,105686.5,153577.0,0
c2-observer-p16-10,16,10,warm-same-query-same-server,c2.task.admitted,scheduler,24,0,24,,,,0
c2-observer-p16-10,16,10,warm-same-query-same-server,c2.task.terminal,scheduler,24,0,24,,,,0
c2-observer-p16-10,16,10,warm-same-query-same-server,c2.reader.declaration,stream,16,0,16,,,,0
c2-observer-p16-10,16,10,warm-same-query-same-server,c2.writer.declaration,stream,24,0,24,,,,0
c2-observer-p16-10,16,10,warm-same-query-same-server,c2.reader.open,stream,16,16,0,51123795,3235292.5,3743210.0,0
c2-observer-p16-10,16,10,warm-same-query-same-server,c2.writer.open,stream,24,24,0,14923826,596778.0,801481.0,0
c2-observer-p16-10,16,10,warm-same-query-same-server,c2.stream.consumption,stream,66,66,0,181846758,3156251.5,5347341.0,0
c2-observer-p16-10,16,10,warm-same-query-same-server,c2.stream.owner,stream,106,106,0,358822263,3997858.5,5572495.0,0
c2-observer-p16-10,16,10,warm-same-query-same-server,c2.stream.first_poll,stream,66,0,66,,,,0
c2-observer-p16-10,16,10,warm-same-query-same-server,c2.stream.first_batch,stream,66,0,66,,,,0
c2-observer-p16-10,16,10,warm-same-query-same-server,c2.sink.commit,stream,24,24,0,152894,3277.5,14314.0,0
c2-observer-p16-10,16,10,warm-same-query-same-server,c2.sink.abort,stream,0,0,0,,,,0
c2-observer-p16-10,16,10,warm-same-query-same-server,c2.output.forward,stream,1,1,0,8048404,8048404.0,8048404.0,0
c2-observer-p16-10,16,10,warm-same-query-same-server,c2.cleanup.dispatch,cleanup,4,4,0,1063216,258143.0,292157.0,0
c2-observer-p16-10,16,10,warm-same-query-same-server,c2.cleanup.queued_ack,cleanup,4,4,0,35806,8409.5,12212.0,0
c2-observer-p16-10,16,10,warm-same-query-same-server,c2.cleanup.close_job_executed,cleanup,3,3,0,18908,4078.0,11533.0,0
c2-observer-p16-10,16,10,warm-same-query-same-server,c2.cleanup.local_streams_removed,cleanup,4,4,0,19591,3954.0,10351.0,0
c2-observer-p16-10,16,10,warm-same-query-same-server,c2.release.response_buffer,cleanup,17,17,0,44190,2433.0,5418.0,0
c2-observer-p16-10,16,10,warm-same-query-same-server,c2.release.operation,cleanup,1,1,0,2035,2035.0,2035.0,0
c2-observer-p16-10,16,10,warm-same-query-same-server,c2.executor.owner,resources,1,1,0,13975189,13975189.0,13975189.0,0
c2-observer-p16-10,16,10,warm-same-query-same-server,c2.executor.buffer_owner,resources,1,1,0,13978786,13978786.0,13978786.0,0
c2-observer-p32-10,32,10,cold-first-data-action,c2.operation.binding,planning,1,0,1,,,,0
c2-observer-p32-10,32,10,cold-first-data-action,c2.job.accepted,scheduler,1,0,1,,,,0
c2-observer-p32-10,32,10,cold-first-data-action,c2.task.assigned,scheduler,40,0,40,,,,0
c2-observer-p32-10,32,10,cold-first-data-action,c2.plan.resolve,planning,1,1,0,471347,471347.0,471347.0,0
c2-observer-p32-10,32,10,cold-first-data-action,c2.plan.logical_execute,planning,1,1,0,12838,12838.0,12838.0,0
c2-observer-p32-10,32,10,cold-first-data-action,c2.plan.optimize,planning,1,1,0,844511,844511.0,844511.0,0
c2-observer-p32-10,32,10,cold-first-data-action,c2.plan.physical,planning,1,1,0,1637344,1637344.0,1637344.0,0
c2-observer-p32-10,32,10,cold-first-data-action,c2.job.graph,planning,1,1,0,52208,52208.0,52208.0,0
c2-observer-p32-10,32,10,cold-first-data-action,c2.job.topology,planning,1,1,0,22021,22021.0,22021.0,0
c2-observer-p32-10,32,10,cold-first-data-action,c2.scheduler.select_assign,scheduler,42,42,0,138191,2043.0,10180.0,0
c2-observer-p32-10,32,10,cold-first-data-action,c2.stage.definition,serialization,2,2,0,299533,149766.5,212813.0,0
c2-observer-p32-10,32,10,cold-first-data-action,c2.stage.physical_encode,serialization,2,2,0,268746,134373.0,201400.0,0
c2-observer-p32-10,32,10,cold-first-data-action,c2.task.preparation_queue,scheduler,40,40,0,102080593,2584353.0,4213168.0,0
c2-observer-p32-10,32,10,cold-first-data-action,c2.task.preparation,scheduler,40,40,0,51627758,898296.5,3379511.0,0
c2-observer-p32-10,32,10,cold-first-data-action,c2.stage.definition_cache_hit,scheduler,2,0,2,,,,0
c2-observer-p32-10,32,10,cold-first-data-action,c2.batch.dispatch,scheduler,4,4,0,9126055,2256042.0,2706803.0,0
c2-observer-p32-10,32,10,cold-first-data-action,c2.task.dispatched,scheduler,40,0,40,,,,0
c2-observer-p32-10,32,10,cold-first-data-action,c2.batch.definition_encode,serialization,4,4,0,81579,19420.0,27511.0,0
c2-observer-p32-10,32,10,cold-first-data-action,c2.batch.definition_decode,serialization,4,4,0,159973,40546.0,48336.0,0
c2-observer-p32-10,32,10,cold-first-data-action,c2.batch.physical_decode,serialization,4,4,0,423423,98765.0,208602.0,0
c2-observer-p32-10,32,10,cold-first-data-action,c2.task.physical_decode,serialization,40,40,0,28573024,436786.5,2184031.0,0
c2-observer-p32-10,32,10,cold-first-data-action,c2.batch.admission,scheduler,4,4,0,3123518,703842.0,1522008.0,0
c2-observer-p32-10,32,10,cold-first-data-action,c2.task.admitted,scheduler,40,0,40,,,,0
c2-observer-p32-10,32,10,cold-first-data-action,c2.task.terminal,scheduler,40,0,40,,,,0
c2-observer-p32-10,32,10,cold-first-data-action,c2.reader.declaration,stream,32,0,32,,,,0
c2-observer-p32-10,32,10,cold-first-data-action,c2.writer.declaration,stream,40,0,40,,,,0
c2-observer-p32-10,32,10,cold-first-data-action,c2.reader.open,stream,32,32,0,171723090,5582259.5,6760477.0,0
c2-observer-p32-10,32,10,cold-first-data-action,c2.writer.open,stream,40,40,0,50573750,1081787.0,2168938.0,0
c2-observer-p32-10,32,10,cold-first-data-action,c2.stream.consumption,stream,114,114,0,588860235,6531577.0,9009037.0,0
c2-observer-p32-10,32,10,cold-first-data-action,c2.stream.owner,stream,186,186,0,1178310184,7674687.0,9407019.0,0
c2-observer-p32-10,32,10,cold-first-data-action,c2.stream.first_poll,stream,114,0,114,,,,0
c2-observer-p32-10,32,10,cold-first-data-action,c2.stream.first_batch,stream,114,0,114,,,,0
c2-observer-p32-10,32,10,cold-first-data-action,c2.sink.commit,stream,40,40,0,401588,4673.0,33055.0,0
c2-observer-p32-10,32,10,cold-first-data-action,c2.sink.abort,stream,0,0,0,,,,0
c2-observer-p32-10,32,10,cold-first-data-action,c2.output.forward,stream,1,1,0,17965335,17965335.0,17965335.0,0
c2-observer-p32-10,32,10,cold-first-data-action,c2.cleanup.dispatch,cleanup,4,4,0,1116461,285033.0,287905.0,0
c2-observer-p32-10,32,10,cold-first-data-action,c2.cleanup.queued_ack,cleanup,4,4,0,29180,6860.5,9703.0,0
c2-observer-p32-10,32,10,cold-first-data-action,c2.cleanup.close_job_executed,cleanup,3,3,0,23774,7721.0,9172.0,0
c2-observer-p32-10,32,10,cold-first-data-action,c2.cleanup.local_streams_removed,cleanup,4,4,0,22688,5536.0,10369.0,0
c2-observer-p32-10,32,10,cold-first-data-action,c2.release.response_buffer,cleanup,33,33,0,85761,2331.0,4224.0,0
c2-observer-p32-10,32,10,cold-first-data-action,c2.release.operation,cleanup,1,1,0,7290,7290.0,7290.0,1
c2-observer-p32-10,32,10,cold-first-data-action,c2.executor.owner,resources,1,1,0,43944794,43944794.0,43944794.0,1
c2-observer-p32-10,32,10,cold-first-data-action,c2.executor.buffer_owner,resources,1,1,0,43951071,43951071.0,43951071.0,1
c2-observer-p32-10,32,10,warm-same-query-same-server,c2.operation.binding,planning,1,0,1,,,,0
c2-observer-p32-10,32,10,warm-same-query-same-server,c2.job.accepted,scheduler,1,0,1,,,,0
c2-observer-p32-10,32,10,warm-same-query-same-server,c2.task.assigned,scheduler,40,0,40,,,,0
c2-observer-p32-10,32,10,warm-same-query-same-server,c2.plan.resolve,planning,1,1,0,696593,696593.0,696593.0,0
c2-observer-p32-10,32,10,warm-same-query-same-server,c2.plan.logical_execute,planning,1,1,0,5654,5654.0,5654.0,0
c2-observer-p32-10,32,10,warm-same-query-same-server,c2.plan.optimize,planning,1,1,0,362758,362758.0,362758.0,0
c2-observer-p32-10,32,10,warm-same-query-same-server,c2.plan.physical,planning,1,1,0,620587,620587.0,620587.0,0
c2-observer-p32-10,32,10,warm-same-query-same-server,c2.job.graph,planning,1,1,0,16287,16287.0,16287.0,0
c2-observer-p32-10,32,10,warm-same-query-same-server,c2.job.topology,planning,1,1,0,9892,9892.0,9892.0,0
c2-observer-p32-10,32,10,warm-same-query-same-server,c2.scheduler.select_assign,scheduler,42,42,0,126121,2813.0,6265.0,0
c2-observer-p32-10,32,10,warm-same-query-same-server,c2.stage.definition,serialization,2,2,0,113960,56980.0,64033.0,0
c2-observer-p32-10,32,10,warm-same-query-same-server,c2.stage.physical_encode,serialization,2,2,0,88168,44084.0,59516.0,0
c2-observer-p32-10,32,10,warm-same-query-same-server,c2.task.preparation_queue,scheduler,40,40,0,1343168,25461.5,75121.0,0
c2-observer-p32-10,32,10,warm-same-query-same-server,c2.task.preparation,scheduler,40,40,0,14516887,330444.5,597130.0,0
c2-observer-p32-10,32,10,warm-same-query-same-server,c2.stage.definition_cache_hit,scheduler,2,0,2,,,,0
c2-observer-p32-10,32,10,warm-same-query-same-server,c2.batch.dispatch,scheduler,4,4,0,2954762,655410.0,1207921.0,0
c2-observer-p32-10,32,10,warm-same-query-same-server,c2.task.dispatched,scheduler,40,0,40,,,,0
c2-observer-p32-10,32,10,warm-same-query-same-server,c2.batch.definition_encode,serialization,4,4,0,69907,14986.5,34994.0,0
c2-observer-p32-10,32,10,warm-same-query-same-server,c2.batch.definition_decode,serialization,4,4,0,65145,17561.0,24659.0,0
c2-observer-p32-10,32,10,warm-same-query-same-server,c2.batch.physical_decode,serialization,4,4,0,217486,27835.0,153226.0,0
c2-observer-p32-10,32,10,warm-same-query-same-server,c2.task.physical_decode,serialization,40,40,0,4453399,94893.5,237570.0,0
c2-observer-p32-10,32,10,warm-same-query-same-server,c2.batch.admission,scheduler,4,4,0,631177,137179.5,312241.0,0
c2-observer-p32-10,32,10,warm-same-query-same-server,c2.task.admitted,scheduler,40,0,40,,,,0
c2-observer-p32-10,32,10,warm-same-query-same-server,c2.task.terminal,scheduler,40,0,40,,,,0
c2-observer-p32-10,32,10,warm-same-query-same-server,c2.reader.declaration,stream,32,0,32,,,,0
c2-observer-p32-10,32,10,warm-same-query-same-server,c2.writer.declaration,stream,40,0,40,,,,0
c2-observer-p32-10,32,10,warm-same-query-same-server,c2.reader.open,stream,32,32,0,162204290,4948148.5,7166306.0,0
c2-observer-p32-10,32,10,warm-same-query-same-server,c2.writer.open,stream,40,40,0,56354810,1483312.5,1753152.0,0
c2-observer-p32-10,32,10,warm-same-query-same-server,c2.stream.consumption,stream,114,114,0,491135757,5046831.5,8811551.0,0
c2-observer-p32-10,32,10,warm-same-query-same-server,c2.stream.owner,stream,186,186,0,1002453467,6281642.0,9028793.0,0
c2-observer-p32-10,32,10,warm-same-query-same-server,c2.stream.first_poll,stream,114,0,114,,,,0
c2-observer-p32-10,32,10,warm-same-query-same-server,c2.stream.first_batch,stream,114,0,114,,,,0
c2-observer-p32-10,32,10,warm-same-query-same-server,c2.sink.commit,stream,40,40,0,327786,3804.0,27626.0,0
c2-observer-p32-10,32,10,warm-same-query-same-server,c2.sink.abort,stream,0,0,0,,,,0
c2-observer-p32-10,32,10,warm-same-query-same-server,c2.output.forward,stream,1,1,0,12310364,12310364.0,12310364.0,0
c2-observer-p32-10,32,10,warm-same-query-same-server,c2.cleanup.dispatch,cleanup,4,4,0,1000147,239547.0,283769.0,0
c2-observer-p32-10,32,10,warm-same-query-same-server,c2.cleanup.queued_ack,cleanup,4,4,0,32596,8185.0,10379.0,0
c2-observer-p32-10,32,10,warm-same-query-same-server,c2.cleanup.close_job_executed,cleanup,3,3,0,16194,4503.0,9247.0,0
c2-observer-p32-10,32,10,warm-same-query-same-server,c2.cleanup.local_streams_removed,cleanup,4,4,0,19099,4730.0,8375.0,0
c2-observer-p32-10,32,10,warm-same-query-same-server,c2.release.response_buffer,cleanup,33,33,0,93412,2357.0,5101.0,0
c2-observer-p32-10,32,10,warm-same-query-same-server,c2.release.operation,cleanup,1,1,0,4844,4844.0,4844.0,0
c2-observer-p32-10,32,10,warm-same-query-same-server,c2.executor.owner,resources,1,1,0,23385556,23385556.0,23385556.0,0
c2-observer-p32-10,32,10,warm-same-query-same-server,c2.executor.buffer_owner,resources,1,1,0,23387374,23387374.0,23387374.0,0
c2-observer-p4-11,4,11,cold-first-data-action,c2.operation.binding,planning,1,0,1,,,,0
c2-observer-p4-11,4,11,cold-first-data-action,c2.job.accepted,scheduler,1,0,1,,,,0
c2-observer-p4-11,4,11,cold-first-data-action,c2.task.assigned,scheduler,8,0,8,,,,0
c2-observer-p4-11,4,11,cold-first-data-action,c2.plan.resolve,planning,1,1,0,496253,496253.0,496253.0,0
c2-observer-p4-11,4,11,cold-first-data-action,c2.plan.logical_execute,planning,1,1,0,12203,12203.0,12203.0,0
c2-observer-p4-11,4,11,cold-first-data-action,c2.plan.optimize,planning,1,1,0,838724,838724.0,838724.0,0
c2-observer-p4-11,4,11,cold-first-data-action,c2.plan.physical,planning,1,1,0,1656970,1656970.0,1656970.0,0
c2-observer-p4-11,4,11,cold-first-data-action,c2.job.graph,planning,1,1,0,53699,53699.0,53699.0,0
c2-observer-p4-11,4,11,cold-first-data-action,c2.job.topology,planning,1,1,0,20778,20778.0,20778.0,0
c2-observer-p4-11,4,11,cold-first-data-action,c2.scheduler.select_assign,scheduler,10,10,0,23842,2081.5,6303.0,0
c2-observer-p4-11,4,11,cold-first-data-action,c2.stage.definition,serialization,2,2,0,295418,147709.0,221060.0,0
c2-observer-p4-11,4,11,cold-first-data-action,c2.stage.physical_encode,serialization,2,2,0,263587,131793.5,192826.0,0
c2-observer-p4-11,4,11,cold-first-data-action,c2.task.preparation_queue,scheduler,8,8,0,2145519,256378.0,360395.0,0
c2-observer-p4-11,4,11,cold-first-data-action,c2.task.preparation,scheduler,8,8,0,7943308,1013823.5,1143187.0,0
c2-observer-p4-11,4,11,cold-first-data-action,c2.stage.definition_cache_hit,scheduler,2,0,2,,,,0
c2-observer-p4-11,4,11,cold-first-data-action,c2.batch.dispatch,scheduler,4,4,0,5793047,1426355.0,1577525.0,0
c2-observer-p4-11,4,11,cold-first-data-action,c2.task.dispatched,scheduler,8,0,8,,,,0
c2-observer-p4-11,4,11,cold-first-data-action,c2.batch.definition_encode,serialization,4,4,0,71220,17227.0,21465.0,0
c2-observer-p4-11,4,11,cold-first-data-action,c2.batch.definition_decode,serialization,4,4,0,143329,36096.0,46939.0,0
c2-observer-p4-11,4,11,cold-first-data-action,c2.batch.physical_decode,serialization,4,4,0,227401,58786.5,98310.0,0
c2-observer-p4-11,4,11,cold-first-data-action,c2.task.physical_decode,serialization,8,8,0,4724963,569824.0,730039.0,0
c2-observer-p4-11,4,11,cold-first-data-action,c2.batch.admission,scheduler,4,4,0,1083996,268725.0,380781.0,0
c2-observer-p4-11,4,11,cold-first-data-action,c2.task.admitted,scheduler,8,0,8,,,,0
c2-observer-p4-11,4,11,cold-first-data-action,c2.task.terminal,scheduler,8,0,8,,,,0
c2-observer-p4-11,4,11,cold-first-data-action,c2.reader.declaration,stream,4,0,4,,,,0
c2-observer-p4-11,4,11,cold-first-data-action,c2.writer.declaration,stream,8,0,8,,,,0
c2-observer-p4-11,4,11,cold-first-data-action,c2.reader.open,stream,4,4,0,2900285,735663.0,757696.0,0
c2-observer-p4-11,4,11,cold-first-data-action,c2.writer.open,stream,8,8,0,457795,59976.5,94637.0,0
c2-observer-p4-11,4,11,cold-first-data-action,c2.stream.consumption,stream,22,22,0,76690038,2701658.5,8414608.0,0
c2-observer-p4-11,4,11,cold-first-data-action,c2.stream.owner,stream,34,34,0,123793584,3625589.0,9202914.0,0
c2-observer-p4-11,4,11,cold-first-data-action,c2.stream.first_poll,stream,22,0,22,,,,0
c2-observer-p4-11,4,11,cold-first-data-action,c2.stream.first_batch,stream,22,0,22,,,,0
c2-observer-p4-11,4,11,cold-first-data-action,c2.sink.commit,stream,8,8,0,69944,7273.0,16171.0,0
c2-observer-p4-11,4,11,cold-first-data-action,c2.sink.abort,stream,0,0,0,,,,0
c2-observer-p4-11,4,11,cold-first-data-action,c2.output.forward,stream,1,1,0,7955091,7955091.0,7955091.0,0
c2-observer-p4-11,4,11,cold-first-data-action,c2.cleanup.dispatch,cleanup,4,4,0,1146366,264401.5,394538.0,0
c2-observer-p4-11,4,11,cold-first-data-action,c2.cleanup.queued_ack,cleanup,4,4,0,24935,6295.0,6846.0,0
c2-observer-p4-11,4,11,cold-first-data-action,c2.cleanup.close_job_executed,cleanup,3,3,0,30031,9128.0,12475.0,0
c2-observer-p4-11,4,11,cold-first-data-action,c2.cleanup.local_streams_removed,cleanup,4,4,0,13019,3322.5,5027.0,0
c2-observer-p4-11,4,11,cold-first-data-action,c2.release.response_buffer,cleanup,5,5,0,22523,2638.0,8138.0,0
c2-observer-p4-11,4,11,cold-first-data-action,c2.release.operation,cleanup,1,1,0,5628,5628.0,5628.0,0
c2-observer-p4-11,4,11,cold-first-data-action,c2.executor.owner,resources,1,1,0,11573241,11573241.0,11573241.0,0
c2-observer-p4-11,4,11,cold-first-data-action,c2.executor.buffer_owner,resources,1,1,0,11574840,11574840.0,11574840.0,0
c2-observer-p4-11,4,11,warm-same-query-same-server,c2.operation.binding,planning,1,0,1,,,,0
c2-observer-p4-11,4,11,warm-same-query-same-server,c2.job.accepted,scheduler,1,0,1,,,,0
c2-observer-p4-11,4,11,warm-same-query-same-server,c2.task.assigned,scheduler,8,0,8,,,,0
c2-observer-p4-11,4,11,warm-same-query-same-server,c2.plan.resolve,planning,1,1,0,719028,719028.0,719028.0,0
c2-observer-p4-11,4,11,warm-same-query-same-server,c2.plan.logical_execute,planning,1,1,0,5059,5059.0,5059.0,0
c2-observer-p4-11,4,11,warm-same-query-same-server,c2.plan.optimize,planning,1,1,0,366512,366512.0,366512.0,0
c2-observer-p4-11,4,11,warm-same-query-same-server,c2.plan.physical,planning,1,1,0,624458,624458.0,624458.0,0
c2-observer-p4-11,4,11,warm-same-query-same-server,c2.job.graph,planning,1,1,0,17136,17136.0,17136.0,0
c2-observer-p4-11,4,11,warm-same-query-same-server,c2.job.topology,planning,1,1,0,5636,5636.0,5636.0,0
c2-observer-p4-11,4,11,warm-same-query-same-server,c2.scheduler.select_assign,scheduler,10,10,0,26807,1998.0,6455.0,0
c2-observer-p4-11,4,11,warm-same-query-same-server,c2.stage.definition,serialization,2,2,0,104047,52023.5,72890.0,0
c2-observer-p4-11,4,11,warm-same-query-same-server,c2.stage.physical_encode,serialization,2,2,0,96864,48432.0,69194.0,0
c2-observer-p4-11,4,11,warm-same-query-same-server,c2.task.preparation_queue,scheduler,8,8,0,150796,18759.0,23611.0,0
c2-observer-p4-11,4,11,warm-same-query-same-server,c2.task.preparation,scheduler,8,8,0,1796158,222622.5,265421.0,0
c2-observer-p4-11,4,11,warm-same-query-same-server,c2.stage.definition_cache_hit,scheduler,2,0,2,,,,0
c2-observer-p4-11,4,11,warm-same-query-same-server,c2.batch.dispatch,scheduler,4,4,0,2033487,509113.0,577210.0,0
c2-observer-p4-11,4,11,warm-same-query-same-server,c2.task.dispatched,scheduler,8,0,8,,,,0
c2-observer-p4-11,4,11,warm-same-query-same-server,c2.batch.definition_encode,serialization,4,4,0,27243,6394.0,11017.0,0
c2-observer-p4-11,4,11,warm-same-query-same-server,c2.batch.definition_decode,serialization,4,4,0,37740,9352.0,13018.0,0
c2-observer-p4-11,4,11,warm-same-query-same-server,c2.batch.physical_decode,serialization,4,4,0,82903,18948.5,37868.0,0
c2-observer-p4-11,4,11,warm-same-query-same-server,c2.task.physical_decode,serialization,8,8,0,705720,83844.0,131038.0,0
c2-observer-p4-11,4,11,warm-same-query-same-server,c2.batch.admission,scheduler,4,4,0,270608,59341.0,113618.0,0
c2-observer-p4-11,4,11,warm-same-query-same-server,c2.task.admitted,scheduler,8,0,8,,,,0
c2-observer-p4-11,4,11,warm-same-query-same-server,c2.task.terminal,scheduler,8,0,8,,,,0
c2-observer-p4-11,4,11,warm-same-query-same-server,c2.reader.declaration,stream,4,0,4,,,,0
c2-observer-p4-11,4,11,warm-same-query-same-server,c2.writer.declaration,stream,8,0,8,,,,0
c2-observer-p4-11,4,11,warm-same-query-same-server,c2.reader.open,stream,4,4,0,2364605,593544.5,660541.0,0
c2-observer-p4-11,4,11,warm-same-query-same-server,c2.writer.open,stream,8,8,0,355047,41532.0,71169.0,0
c2-observer-p4-11,4,11,warm-same-query-same-server,c2.stream.consumption,stream,22,22,0,39910442,1349686.5,4168346.0,0
c2-observer-p4-11,4,11,warm-same-query-same-server,c2.stream.owner,stream,34,34,0,66468794,1876978.5,5039127.0,0
c2-observer-p4-11,4,11,warm-same-query-same-server,c2.stream.first_poll,stream,22,0,22,,,,0
c2-observer-p4-11,4,11,warm-same-query-same-server,c2.stream.first_batch,stream,22,0,22,,,,0
c2-observer-p4-11,4,11,warm-same-query-same-server,c2.sink.commit,stream,8,8,0,39673,4049.5,10991.0,0
c2-observer-p4-11,4,11,warm-same-query-same-server,c2.sink.abort,stream,0,0,0,,,,0
c2-observer-p4-11,4,11,warm-same-query-same-server,c2.output.forward,stream,1,1,0,4023262,4023262.0,4023262.0,0
c2-observer-p4-11,4,11,warm-same-query-same-server,c2.cleanup.dispatch,cleanup,4,4,0,1012583,254022.0,256784.0,0
c2-observer-p4-11,4,11,warm-same-query-same-server,c2.cleanup.queued_ack,cleanup,4,4,0,31566,7917.5,9627.0,0
c2-observer-p4-11,4,11,warm-same-query-same-server,c2.cleanup.close_job_executed,cleanup,3,3,0,9722,3489.0,3885.0,0
c2-observer-p4-11,4,11,warm-same-query-same-server,c2.cleanup.local_streams_removed,cleanup,4,4,0,8963,2257.5,3547.0,0
c2-observer-p4-11,4,11,warm-same-query-same-server,c2.release.response_buffer,cleanup,5,5,0,20684,2869.0,6329.0,0
c2-observer-p4-11,4,11,warm-same-query-same-server,c2.release.operation,cleanup,1,1,0,5989,5989.0,5989.0,0
c2-observer-p4-11,4,11,warm-same-query-same-server,c2.executor.owner,resources,1,1,0,13451470,13451470.0,13451470.0,0
c2-observer-p4-11,4,11,warm-same-query-same-server,c2.executor.buffer_owner,resources,1,1,0,13451352,13451352.0,13451352.0,0
c2-observer-p16-11,16,11,cold-first-data-action,c2.operation.binding,planning,1,0,1,,,,0
c2-observer-p16-11,16,11,cold-first-data-action,c2.job.accepted,scheduler,1,0,1,,,,0
c2-observer-p16-11,16,11,cold-first-data-action,c2.task.assigned,scheduler,24,0,24,,,,0
c2-observer-p16-11,16,11,cold-first-data-action,c2.plan.resolve,planning,1,1,0,486645,486645.0,486645.0,0
c2-observer-p16-11,16,11,cold-first-data-action,c2.plan.logical_execute,planning,1,1,0,12011,12011.0,12011.0,0
c2-observer-p16-11,16,11,cold-first-data-action,c2.plan.optimize,planning,1,1,0,832427,832427.0,832427.0,0
c2-observer-p16-11,16,11,cold-first-data-action,c2.plan.physical,planning,1,1,0,1612263,1612263.0,1612263.0,0
c2-observer-p16-11,16,11,cold-first-data-action,c2.job.graph,planning,1,1,0,53790,53790.0,53790.0,0
c2-observer-p16-11,16,11,cold-first-data-action,c2.job.topology,planning,1,1,0,20694,20694.0,20694.0,0
c2-observer-p16-11,16,11,cold-first-data-action,c2.scheduler.select_assign,scheduler,26,26,0,88622,2748.5,11414.0,0
c2-observer-p16-11,16,11,cold-first-data-action,c2.stage.definition,serialization,2,2,0,286866,143433.0,207320.0,0
c2-observer-p16-11,16,11,cold-first-data-action,c2.stage.physical_encode,serialization,2,2,0,261517,130758.5,194261.0,0
c2-observer-p16-11,16,11,cold-first-data-action,c2.task.preparation_queue,scheduler,24,24,0,45954422,1911858.0,2672461.0,0
c2-observer-p16-11,16,11,cold-first-data-action,c2.task.preparation,scheduler,24,24,0,35059245,1405392.5,2139529.0,0
c2-observer-p16-11,16,11,cold-first-data-action,c2.stage.definition_cache_hit,scheduler,2,0,2,,,,0
c2-observer-p16-11,16,11,cold-first-data-action,c2.batch.dispatch,scheduler,4,4,0,10795738,2696583.0,2751180.0,0
c2-observer-p16-11,16,11,cold-first-data-action,c2.task.dispatched,scheduler,24,0,24,,,,0
c2-observer-p16-11,16,11,cold-first-data-action,c2.batch.definition_encode,serialization,4,4,0,81226,19554.5,30669.0,0
c2-observer-p16-11,16,11,cold-first-data-action,c2.batch.definition_decode,serialization,4,4,0,143283,35921.0,52567.0,0
c2-observer-p16-11,16,11,cold-first-data-action,c2.batch.physical_decode,serialization,4,4,0,219800,52856.0,112602.0,0
c2-observer-p16-11,16,11,cold-first-data-action,c2.task.physical_decode,serialization,24,24,0,20011163,795460.5,1621442.0,0
c2-observer-p16-11,16,11,cold-first-data-action,c2.batch.admission,scheduler,4,4,0,2351454,583788.5,720115.0,0
c2-observer-p16-11,16,11,cold-first-data-action,c2.task.admitted,scheduler,24,0,24,,,,0
c2-observer-p16-11,16,11,cold-first-data-action,c2.task.terminal,scheduler,24,0,24,,,,0
c2-observer-p16-11,16,11,cold-first-data-action,c2.reader.declaration,stream,16,0,16,,,,0
c2-observer-p16-11,16,11,cold-first-data-action,c2.writer.declaration,stream,24,0,24,,,,0
c2-observer-p16-11,16,11,cold-first-data-action,c2.reader.open,stream,16,16,0,64326390,4203078.5,5665809.0,0
c2-observer-p16-11,16,11,cold-first-data-action,c2.writer.open,stream,24,24,0,5931515,226221.5,601604.0,0
c2-observer-p16-11,16,11,cold-first-data-action,c2.stream.consumption,stream,66,66,0,314766864,5511470.5,8349532.0,0
c2-observer-p16-11,16,11,cold-first-data-action,c2.stream.owner,stream,106,106,0,579928592,6321108.0,8693607.0,0
c2-observer-p16-11,16,11,cold-first-data-action,c2.stream.first_poll,stream,66,0,66,,,,0
c2-observer-p16-11,16,11,cold-first-data-action,c2.stream.first_batch,stream,66,0,66,,,,0
c2-observer-p16-11,16,11,cold-first-data-action,c2.sink.commit,stream,24,24,0,343238,4866.5,67803.0,0
c2-observer-p16-11,16,11,cold-first-data-action,c2.sink.abort,stream,0,0,0,,,,0
c2-observer-p16-11,16,11,cold-first-data-action,c2.output.forward,stream,1,1,0,15088526,15088526.0,15088526.0,0
c2-observer-p16-11,16,11,cold-first-data-action,c2.cleanup.dispatch,cleanup,4,4,0,1126336,279685.5,314065.0,0
c2-observer-p16-11,16,11,cold-first-data-action,c2.cleanup.queued_ack,cleanup,4,4,0,27247,6438.5,8498.0,0
c2-observer-p16-11,16,11,cold-first-data-action,c2.cleanup.close_job_executed,cleanup,3,3,0,24039,7887.0,8345.0,0
c2-observer-p16-11,16,11,cold-first-data-action,c2.cleanup.local_streams_removed,cleanup,4,4,0,18786,4730.0,7872.0,0
c2-observer-p16-11,16,11,cold-first-data-action,c2.release.response_buffer,cleanup,17,17,0,62249,2518.0,10733.0,0
c2-observer-p16-11,16,11,cold-first-data-action,c2.release.operation,cleanup,1,1,0,6084,6084.0,6084.0,0
c2-observer-p16-11,16,11,cold-first-data-action,c2.executor.owner,resources,1,1,0,21808859,21808859.0,21808859.0,0
c2-observer-p16-11,16,11,cold-first-data-action,c2.executor.buffer_owner,resources,1,1,0,21827645,21827645.0,21827645.0,0
c2-observer-p16-11,16,11,warm-same-query-same-server,c2.operation.binding,planning,1,0,1,,,,0
c2-observer-p16-11,16,11,warm-same-query-same-server,c2.job.accepted,scheduler,1,0,1,,,,0
c2-observer-p16-11,16,11,warm-same-query-same-server,c2.task.assigned,scheduler,24,0,24,,,,0
c2-observer-p16-11,16,11,warm-same-query-same-server,c2.plan.resolve,planning,1,1,0,684486,684486.0,684486.0,0
c2-observer-p16-11,16,11,warm-same-query-same-server,c2.plan.logical_execute,planning,1,1,0,6971,6971.0,6971.0,0
c2-observer-p16-11,16,11,warm-same-query-same-server,c2.plan.optimize,planning,1,1,0,373473,373473.0,373473.0,0
c2-observer-p16-11,16,11,warm-same-query-same-server,c2.plan.physical,planning,1,1,0,656922,656922.0,656922.0,0
c2-observer-p16-11,16,11,warm-same-query-same-server,c2.job.graph,planning,1,1,0,16160,16160.0,16160.0,0
c2-observer-p16-11,16,11,warm-same-query-same-server,c2.job.topology,planning,1,1,0,7737,7737.0,7737.0,0
c2-observer-p16-11,16,11,warm-same-query-same-server,c2.scheduler.select_assign,scheduler,26,26,0,81467,2940.0,8268.0,0
c2-observer-p16-11,16,11,warm-same-query-same-server,c2.stage.definition,serialization,2,2,0,138036,69018.0,80508.0,0
c2-observer-p16-11,16,11,warm-same-query-same-server,c2.stage.physical_encode,serialization,2,2,0,122855,61427.5,76709.0,0
c2-observer-p16-11,16,11,warm-same-query-same-server,c2.task.preparation_queue,scheduler,24,24,0,1167947,48687.5,79286.0,0
c2-observer-p16-11,16,11,warm-same-query-same-server,c2.task.preparation,scheduler,24,24,0,11161898,402408.5,825332.0,0
c2-observer-p16-11,16,11,warm-same-query-same-server,c2.stage.definition_cache_hit,scheduler,2,0,2,,,,0
c2-observer-p16-11,16,11,warm-same-query-same-server,c2.batch.dispatch,scheduler,4,4,0,2862514,609588.5,1150926.0,0
c2-observer-p16-11,16,11,warm-same-query-same-server,c2.task.dispatched,scheduler,24,0,24,,,,0
c2-observer-p16-11,16,11,warm-same-query-same-server,c2.batch.definition_encode,serialization,4,4,0,56487,9527.0,31044.0,0
c2-observer-p16-11,16,11,warm-same-query-same-server,c2.batch.definition_decode,serialization,4,4,0,51192,12321.0,16135.0,0
c2-observer-p16-11,16,11,warm-same-query-same-server,c2.batch.physical_decode,serialization,4,4,0,152284,34551.0,72895.0,0
c2-observer-p16-11,16,11,warm-same-query-same-server,c2.task.physical_decode,serialization,24,24,0,3089561,71483.5,319581.0,0
c2-observer-p16-11,16,11,warm-same-query-same-server,c2.batch.admission,scheduler,4,4,0,696502,136531.0,376987.0,0
c2-observer-p16-11,16,11,warm-same-query-same-server,c2.task.admitted,scheduler,24,0,24,,,,0
c2-observer-p16-11,16,11,warm-same-query-same-server,c2.task.terminal,scheduler,24,0,24,,,,0
c2-observer-p16-11,16,11,warm-same-query-same-server,c2.reader.declaration,stream,16,0,16,,,,0
c2-observer-p16-11,16,11,warm-same-query-same-server,c2.writer.declaration,stream,24,0,24,,,,0
c2-observer-p16-11,16,11,warm-same-query-same-server,c2.reader.open,stream,16,16,0,58159720,3592817.5,4825292.0,0
c2-observer-p16-11,16,11,warm-same-query-same-server,c2.writer.open,stream,24,24,0,15831351,648403.5,979633.0,0
c2-observer-p16-11,16,11,warm-same-query-same-server,c2.stream.consumption,stream,66,66,0,201475164,3532379.0,6016252.0,0
c2-observer-p16-11,16,11,warm-same-query-same-server,c2.stream.owner,stream,106,106,0,398225378,4514576.0,6384008.0,0
c2-observer-p16-11,16,11,warm-same-query-same-server,c2.stream.first_poll,stream,66,0,66,,,,0
c2-observer-p16-11,16,11,warm-same-query-same-server,c2.stream.first_batch,stream,66,0,66,,,,0
c2-observer-p16-11,16,11,warm-same-query-same-server,c2.sink.commit,stream,24,24,0,146639,4201.5,11191.0,0
c2-observer-p16-11,16,11,warm-same-query-same-server,c2.sink.abort,stream,0,0,0,,,,0
c2-observer-p16-11,16,11,warm-same-query-same-server,c2.output.forward,stream,1,1,0,9472976,9472976.0,9472976.0,0
c2-observer-p16-11,16,11,warm-same-query-same-server,c2.cleanup.dispatch,cleanup,4,4,0,1142813,284100.0,305886.0,0
c2-observer-p16-11,16,11,warm-same-query-same-server,c2.cleanup.queued_ack,cleanup,4,4,0,47883,12201.0,16937.0,0
c2-observer-p16-11,16,11,warm-same-query-same-server,c2.cleanup.close_job_executed,cleanup,3,3,0,11407,3843.0,4585.0,0
c2-observer-p16-11,16,11,warm-same-query-same-server,c2.cleanup.local_streams_removed,cleanup,4,4,0,14876,3573.0,6164.0,0
c2-observer-p16-11,16,11,warm-same-query-same-server,c2.release.response_buffer,cleanup,17,17,0,52939,2638.0,7613.0,0
c2-observer-p16-11,16,11,warm-same-query-same-server,c2.release.operation,cleanup,1,1,0,2107,2107.0,2107.0,0
c2-observer-p16-11,16,11,warm-same-query-same-server,c2.executor.owner,resources,1,1,0,20266837,20266837.0,20266837.0,0
c2-observer-p16-11,16,11,warm-same-query-same-server,c2.executor.buffer_owner,resources,1,1,0,20267503,20267503.0,20267503.0,0
c2-observer-p32-11,32,11,cold-first-data-action,c2.operation.binding,planning,1,0,1,,,,0
c2-observer-p32-11,32,11,cold-first-data-action,c2.job.accepted,scheduler,1,0,1,,,,0
c2-observer-p32-11,32,11,cold-first-data-action,c2.task.assigned,scheduler,40,0,40,,,,0
c2-observer-p32-11,32,11,cold-first-data-action,c2.plan.resolve,planning,1,1,0,505419,505419.0,505419.0,0
c2-observer-p32-11,32,11,cold-first-data-action,c2.plan.logical_execute,planning,1,1,0,12360,12360.0,12360.0,0
c2-observer-p32-11,32,11,cold-first-data-action,c2.plan.optimize,planning,1,1,0,834854,834854.0,834854.0,0
c2-observer-p32-11,32,11,cold-first-data-action,c2.plan.physical,planning,1,1,0,1609853,1609853.0,1609853.0,0
c2-observer-p32-11,32,11,cold-first-data-action,c2.job.graph,planning,1,1,0,54660,54660.0,54660.0,0
c2-observer-p32-11,32,11,cold-first-data-action,c2.job.topology,planning,1,1,0,24912,24912.0,24912.0,0
c2-observer-p32-11,32,11,cold-first-data-action,c2.scheduler.select_assign,scheduler,42,42,0,133275,2297.0,8777.0,0
c2-observer-p32-11,32,11,cold-first-data-action,c2.stage.definition,serialization,2,2,0,300952,150476.0,213974.0,0
c2-observer-p32-11,32,11,cold-first-data-action,c2.stage.physical_encode,serialization,2,2,0,268490,134245.0,201547.0,0
c2-observer-p32-11,32,11,cold-first-data-action,c2.task.preparation_queue,scheduler,40,40,0,100318238,2290439.5,4077963.0,0
c2-observer-p32-11,32,11,cold-first-data-action,c2.task.preparation,scheduler,40,40,0,54952693,1265937.0,2458974.0,0
c2-observer-p32-11,32,11,cold-first-data-action,c2.stage.definition_cache_hit,scheduler,2,0,2,,,,0
c2-observer-p32-11,32,11,cold-first-data-action,c2.batch.dispatch,scheduler,4,4,0,10388011,2783955.5,3000014.0,0
c2-observer-p32-11,32,11,cold-first-data-action,c2.task.dispatched,scheduler,40,0,40,,,,0
c2-observer-p32-11,32,11,cold-first-data-action,c2.batch.definition_encode,serialization,4,4,0,68590,15136.0,27345.0,0
c2-observer-p32-11,32,11,cold-first-data-action,c2.batch.definition_decode,serialization,4,4,0,166669,41622.0,61169.0,0
c2-observer-p32-11,32,11,cold-first-data-action,c2.batch.physical_decode,serialization,4,4,0,214455,56183.5,100279.0,0
c2-observer-p32-11,32,11,cold-first-data-action,c2.task.physical_decode,serialization,40,40,0,26249558,465701.0,1625173.0,0
c2-observer-p32-11,32,11,cold-first-data-action,c2.batch.admission,scheduler,4,4,0,3427951,839685.0,1357890.0,0
c2-observer-p32-11,32,11,cold-first-data-action,c2.task.admitted,scheduler,40,0,40,,,,0
c2-observer-p32-11,32,11,cold-first-data-action,c2.task.terminal,scheduler,40,0,40,,,,0
c2-observer-p32-11,32,11,cold-first-data-action,c2.reader.declaration,stream,32,0,32,,,,0
c2-observer-p32-11,32,11,cold-first-data-action,c2.writer.declaration,stream,40,0,40,,,,0
c2-observer-p32-11,32,11,cold-first-data-action,c2.reader.open,stream,32,32,0,173251891,5414838.5,6824097.0,0
c2-observer-p32-11,32,11,cold-first-data-action,c2.writer.open,stream,40,40,0,31327745,735892.0,1867252.0,0
c2-observer-p32-11,32,11,cold-first-data-action,c2.stream.consumption,stream,114,114,0,695885752,7260607.5,11650258.0,0
c2-observer-p32-11,32,11,cold-first-data-action,c2.stream.owner,stream,186,186,0,1370059431,8334533.5,12115486.0,0
c2-observer-p32-11,32,11,cold-first-data-action,c2.stream.first_poll,stream,114,0,114,,,,0
c2-observer-p32-11,32,11,cold-first-data-action,c2.stream.first_batch,stream,114,0,114,,,,0
c2-observer-p32-11,32,11,cold-first-data-action,c2.sink.commit,stream,40,40,0,560297,5421.5,54389.0,0
c2-observer-p32-11,32,11,cold-first-data-action,c2.sink.abort,stream,0,0,0,,,,0
c2-observer-p32-11,32,11,cold-first-data-action,c2.output.forward,stream,1,1,0,19871408,19871408.0,19871408.0,0
c2-observer-p32-11,32,11,cold-first-data-action,c2.cleanup.dispatch,cleanup,4,4,0,1120575,283212.0,318717.0,0
c2-observer-p32-11,32,11,cold-first-data-action,c2.cleanup.queued_ack,cleanup,4,4,0,29039,6859.5,8794.0,0
c2-observer-p32-11,32,11,cold-first-data-action,c2.cleanup.close_job_executed,cleanup,3,3,0,26902,9262.0,9329.0,0
c2-observer-p32-11,32,11,cold-first-data-action,c2.cleanup.local_streams_removed,cleanup,4,4,0,24039,5755.5,11116.0,0
c2-observer-p32-11,32,11,cold-first-data-action,c2.release.response_buffer,cleanup,33,33,0,90008,2254.0,6731.0,0
c2-observer-p32-11,32,11,cold-first-data-action,c2.release.operation,cleanup,1,1,0,5380,5380.0,5380.0,0
c2-observer-p32-11,32,11,cold-first-data-action,c2.executor.owner,resources,1,1,0,31223536,31223536.0,31223536.0,0
c2-observer-p32-11,32,11,cold-first-data-action,c2.executor.buffer_owner,resources,1,1,0,31233744,31233744.0,31233744.0,0
c2-observer-p32-11,32,11,warm-same-query-same-server,c2.operation.binding,planning,1,0,1,,,,0
c2-observer-p32-11,32,11,warm-same-query-same-server,c2.job.accepted,scheduler,1,0,1,,,,0
c2-observer-p32-11,32,11,warm-same-query-same-server,c2.task.assigned,scheduler,40,0,40,,,,0
c2-observer-p32-11,32,11,warm-same-query-same-server,c2.plan.resolve,planning,1,1,0,751402,751402.0,751402.0,0
c2-observer-p32-11,32,11,warm-same-query-same-server,c2.plan.logical_execute,planning,1,1,0,5183,5183.0,5183.0,0
c2-observer-p32-11,32,11,warm-same-query-same-server,c2.plan.optimize,planning,1,1,0,357716,357716.0,357716.0,0
c2-observer-p32-11,32,11,warm-same-query-same-server,c2.plan.physical,planning,1,1,0,587099,587099.0,587099.0,0
c2-observer-p32-11,32,11,warm-same-query-same-server,c2.job.graph,planning,1,1,0,16350,16350.0,16350.0,0
c2-observer-p32-11,32,11,warm-same-query-same-server,c2.job.topology,planning,1,1,0,9949,9949.0,9949.0,0
c2-observer-p32-11,32,11,warm-same-query-same-server,c2.scheduler.select_assign,scheduler,42,42,0,156602,3251.0,11879.0,0
c2-observer-p32-11,32,11,warm-same-query-same-server,c2.stage.definition,serialization,2,2,0,112933,56466.5,62901.0,0
c2-observer-p32-11,32,11,warm-same-query-same-server,c2.stage.physical_encode,serialization,2,2,0,90547,45273.5,58727.0,0
c2-observer-p32-11,32,11,warm-same-query-same-server,c2.task.preparation_queue,scheduler,40,40,0,1320540,27349.5,58298.0,0
c2-observer-p32-11,32,11,warm-same-query-same-server,c2.task.preparation,scheduler,40,40,0,12414413,282955.0,554423.0,0
c2-observer-p32-11,32,11,warm-same-query-same-server,c2.stage.definition_cache_hit,scheduler,2,0,2,,,,0
c2-observer-p32-11,32,11,warm-same-query-same-server,c2.batch.dispatch,scheduler,4,4,0,3281144,754063.0,1351259.0,0
c2-observer-p32-11,32,11,warm-same-query-same-server,c2.task.dispatched,scheduler,40,0,40,,,,0
c2-observer-p32-11,32,11,warm-same-query-same-server,c2.batch.definition_encode,serialization,4,4,0,61413,14395.5,28116.0,0
c2-observer-p32-11,32,11,warm-same-query-same-server,c2.batch.definition_decode,serialization,4,4,0,65039,15672.0,24474.0,0
c2-observer-p32-11,32,11,warm-same-query-same-server,c2.batch.physical_decode,serialization,4,4,0,87629,21002.5,42407.0,0
c2-observer-p32-11,32,11,warm-same-query-same-server,c2.task.physical_decode,serialization,40,40,0,3765947,72569.5,168918.0,0
c2-observer-p32-11,32,11,warm-same-query-same-server,c2.batch.admission,scheduler,4,4,0,1373697,276634.0,751701.0,0
c2-observer-p32-11,32,11,warm-same-query-same-server,c2.task.admitted,scheduler,40,0,40,,,,0
c2-observer-p32-11,32,11,warm-same-query-same-server,c2.task.terminal,scheduler,40,0,40,,,,0
c2-observer-p32-11,32,11,warm-same-query-same-server,c2.reader.declaration,stream,32,0,32,,,,0
c2-observer-p32-11,32,11,warm-same-query-same-server,c2.writer.declaration,stream,40,0,40,,,,0
c2-observer-p32-11,32,11,warm-same-query-same-server,c2.reader.open,stream,32,32,0,172393239,5510471.0,7385364.0,0
c2-observer-p32-11,32,11,warm-same-query-same-server,c2.writer.open,stream,40,40,0,49411024,1220552.5,1806390.0,0
c2-observer-p32-11,32,11,warm-same-query-same-server,c2.stream.consumption,stream,114,114,0,517391026,5431849.5,8987579.0,0
c2-observer-p32-11,32,11,warm-same-query-same-server,c2.stream.owner,stream,186,186,0,1047605686,7115016.0,9105111.0,0
c2-observer-p32-11,32,11,warm-same-query-same-server,c2.stream.first_poll,stream,114,0,114,,,,0
c2-observer-p32-11,32,11,warm-same-query-same-server,c2.stream.first_batch,stream,114,0,114,,,,0
c2-observer-p32-11,32,11,warm-same-query-same-server,c2.sink.commit,stream,40,40,0,354048,4526.0,27800.0,0
c2-observer-p32-11,32,11,warm-same-query-same-server,c2.sink.abort,stream,0,0,0,,,,0
c2-observer-p32-11,32,11,warm-same-query-same-server,c2.output.forward,stream,1,1,0,12427044,12427044.0,12427044.0,0
c2-observer-p32-11,32,11,warm-same-query-same-server,c2.cleanup.dispatch,cleanup,4,4,0,1039970,259295.5,276701.0,0
c2-observer-p32-11,32,11,warm-same-query-same-server,c2.cleanup.queued_ack,cleanup,4,4,0,36313,8211.0,13996.0,0
c2-observer-p32-11,32,11,warm-same-query-same-server,c2.cleanup.close_job_executed,cleanup,3,3,0,17327,3981.0,10124.0,0
c2-observer-p32-11,32,11,warm-same-query-same-server,c2.cleanup.local_streams_removed,cleanup,4,4,0,19921,4203.0,10112.0,0
c2-observer-p32-11,32,11,warm-same-query-same-server,c2.release.response_buffer,cleanup,33,33,0,127292,2446.0,14743.0,0
c2-observer-p32-11,32,11,warm-same-query-same-server,c2.release.operation,cleanup,1,1,0,6243,6243.0,6243.0,0
c2-observer-p32-11,32,11,warm-same-query-same-server,c2.executor.owner,resources,1,1,0,72678931,72678931.0,72678931.0,0
c2-observer-p32-11,32,11,warm-same-query-same-server,c2.executor.buffer_owner,resources,1,1,0,72692751,72692751.0,72692751.0,0
c2-observer-p4-12,4,12,cold-first-data-action,c2.operation.binding,planning,1,0,1,,,,0
c2-observer-p4-12,4,12,cold-first-data-action,c2.job.accepted,scheduler,1,0,1,,,,0
c2-observer-p4-12,4,12,cold-first-data-action,c2.task.assigned,scheduler,8,0,8,,,,0
c2-observer-p4-12,4,12,cold-first-data-action,c2.plan.resolve,planning,1,1,0,604520,604520.0,604520.0,0
c2-observer-p4-12,4,12,cold-first-data-action,c2.plan.logical_execute,planning,1,1,0,14693,14693.0,14693.0,0
c2-observer-p4-12,4,12,cold-first-data-action,c2.plan.optimize,planning,1,1,0,892669,892669.0,892669.0,0
c2-observer-p4-12,4,12,cold-first-data-action,c2.plan.physical,planning,1,1,0,1743138,1743138.0,1743138.0,0
c2-observer-p4-12,4,12,cold-first-data-action,c2.job.graph,planning,1,1,0,61215,61215.0,61215.0,0
c2-observer-p4-12,4,12,cold-first-data-action,c2.job.topology,planning,1,1,0,21850,21850.0,21850.0,0
c2-observer-p4-12,4,12,cold-first-data-action,c2.scheduler.select_assign,scheduler,10,10,0,24606,1575.0,9290.0,0
c2-observer-p4-12,4,12,cold-first-data-action,c2.stage.definition,serialization,2,2,0,295233,147616.5,215989.0,0
c2-observer-p4-12,4,12,cold-first-data-action,c2.stage.physical_encode,serialization,2,2,0,276859,138429.5,203129.0,0
c2-observer-p4-12,4,12,cold-first-data-action,c2.task.preparation_queue,scheduler,8,8,0,1938948,244753.5,342971.0,0
c2-observer-p4-12,4,12,cold-first-data-action,c2.task.preparation,scheduler,8,8,0,8585879,1057038.0,1250349.0,0
c2-observer-p4-12,4,12,cold-first-data-action,c2.stage.definition_cache_hit,scheduler,2,0,2,,,,0
c2-observer-p4-12,4,12,cold-first-data-action,c2.batch.dispatch,scheduler,4,4,0,6181671,1559690.0,1871250.0,0
c2-observer-p4-12,4,12,cold-first-data-action,c2.task.dispatched,scheduler,8,0,8,,,,0
c2-observer-p4-12,4,12,cold-first-data-action,c2.batch.definition_encode,serialization,4,4,0,124684,18873.5,81264.0,0
c2-observer-p4-12,4,12,cold-first-data-action,c2.batch.definition_decode,serialization,4,4,0,139118,38117.5,47357.0,0
c2-observer-p4-12,4,12,cold-first-data-action,c2.batch.physical_decode,serialization,4,4,0,248789,62813.5,105986.0,0
c2-observer-p4-12,4,12,cold-first-data-action,c2.task.physical_decode,serialization,8,8,0,5115594,606434.5,817593.0,0
c2-observer-p4-12,4,12,cold-first-data-action,c2.batch.admission,scheduler,4,4,0,867752,204939.0,327072.0,0
c2-observer-p4-12,4,12,cold-first-data-action,c2.task.admitted,scheduler,8,0,8,,,,0
c2-observer-p4-12,4,12,cold-first-data-action,c2.task.terminal,scheduler,8,0,8,,,,0
c2-observer-p4-12,4,12,cold-first-data-action,c2.reader.declaration,stream,4,0,4,,,,0
c2-observer-p4-12,4,12,cold-first-data-action,c2.writer.declaration,stream,8,0,8,,,,0
c2-observer-p4-12,4,12,cold-first-data-action,c2.reader.open,stream,4,4,0,3042698,762320.5,786397.0,0
c2-observer-p4-12,4,12,cold-first-data-action,c2.writer.open,stream,8,8,0,524490,63180.0,83672.0,0
c2-observer-p4-12,4,12,cold-first-data-action,c2.stream.consumption,stream,22,22,0,82191995,3058376.0,8538807.0,0
c2-observer-p4-12,4,12,cold-first-data-action,c2.stream.owner,stream,34,34,0,131374494,3843784.5,8892616.0,0
c2-observer-p4-12,4,12,cold-first-data-action,c2.stream.first_poll,stream,22,0,22,,,,0
c2-observer-p4-12,4,12,cold-first-data-action,c2.stream.first_batch,stream,22,0,22,,,,0
c2-observer-p4-12,4,12,cold-first-data-action,c2.sink.commit,stream,8,8,0,64313,4965.0,19165.0,0
c2-observer-p4-12,4,12,cold-first-data-action,c2.sink.abort,stream,0,0,0,,,,0
c2-observer-p4-12,4,12,cold-first-data-action,c2.output.forward,stream,1,1,0,8716779,8716779.0,8716779.0,0
c2-observer-p4-12,4,12,cold-first-data-action,c2.cleanup.dispatch,cleanup,4,4,0,1382242,334019.0,448328.0,0
c2-observer-p4-12,4,12,cold-first-data-action,c2.cleanup.queued_ack,cleanup,4,4,0,34625,7480.5,14004.0,0
c2-observer-p4-12,4,12,cold-first-data-action,c2.cleanup.close_job_executed,cleanup,3,3,0,23630,7129.0,10673.0,0
c2-observer-p4-12,4,12,cold-first-data-action,c2.cleanup.local_streams_removed,cleanup,4,4,0,17517,5106.0,5940.0,0
c2-observer-p4-12,4,12,cold-first-data-action,c2.release.response_buffer,cleanup,5,5,0,30214,3142.0,14833.0,0
c2-observer-p4-12,4,12,cold-first-data-action,c2.release.operation,cleanup,1,1,0,5877,5877.0,5877.0,0
c2-observer-p4-12,4,12,cold-first-data-action,c2.executor.owner,resources,1,1,0,13025385,13025385.0,13025385.0,0
c2-observer-p4-12,4,12,cold-first-data-action,c2.executor.buffer_owner,resources,1,1,0,13027702,13027702.0,13027702.0,0
c2-observer-p4-12,4,12,warm-same-query-same-server,c2.operation.binding,planning,1,0,1,,,,0
c2-observer-p4-12,4,12,warm-same-query-same-server,c2.job.accepted,scheduler,1,0,1,,,,0
c2-observer-p4-12,4,12,warm-same-query-same-server,c2.task.assigned,scheduler,8,0,8,,,,0
c2-observer-p4-12,4,12,warm-same-query-same-server,c2.plan.resolve,planning,1,1,0,733034,733034.0,733034.0,0
c2-observer-p4-12,4,12,warm-same-query-same-server,c2.plan.logical_execute,planning,1,1,0,6524,6524.0,6524.0,0
c2-observer-p4-12,4,12,warm-same-query-same-server,c2.plan.optimize,planning,1,1,0,390410,390410.0,390410.0,0
c2-observer-p4-12,4,12,warm-same-query-same-server,c2.plan.physical,planning,1,1,0,633533,633533.0,633533.0,0
c2-observer-p4-12,4,12,warm-same-query-same-server,c2.job.graph,planning,1,1,0,18492,18492.0,18492.0,0
c2-observer-p4-12,4,12,warm-same-query-same-server,c2.job.topology,planning,1,1,0,5400,5400.0,5400.0,0
c2-observer-p4-12,4,12,warm-same-query-same-server,c2.scheduler.select_assign,scheduler,10,10,0,25511,2513.0,6203.0,0
c2-observer-p4-12,4,12,warm-same-query-same-server,c2.stage.definition,serialization,2,2,0,107769,53884.5,74858.0,0
c2-observer-p4-12,4,12,warm-same-query-same-server,c2.stage.physical_encode,serialization,2,2,0,98119,49059.5,70969.0,0
c2-observer-p4-12,4,12,warm-same-query-same-server,c2.task.preparation_queue,scheduler,8,8,0,167504,18574.5,36445.0,0
c2-observer-p4-12,4,12,warm-same-query-same-server,c2.task.preparation,scheduler,8,8,0,2136086,255917.0,381412.0,0
c2-observer-p4-12,4,12,warm-same-query-same-server,c2.stage.definition_cache_hit,scheduler,2,0,2,,,,0
c2-observer-p4-12,4,12,warm-same-query-same-server,c2.batch.dispatch,scheduler,4,4,0,2297826,563467.5,650229.0,0
c2-observer-p4-12,4,12,warm-same-query-same-server,c2.task.dispatched,scheduler,8,0,8,,,,0
c2-observer-p4-12,4,12,warm-same-query-same-server,c2.batch.definition_encode,serialization,4,4,0,83936,8856.5,59625.0,0
c2-observer-p4-12,4,12,warm-same-query-same-server,c2.batch.definition_decode,serialization,4,4,0,35204,8851.5,10456.0,0
c2-observer-p4-12,4,12,warm-same-query-same-server,c2.batch.physical_decode,serialization,4,4,0,98138,24151.0,40636.0,0
c2-observer-p4-12,4,12,warm-same-query-same-server,c2.task.physical_decode,serialization,8,8,0,797717,91016.0,171458.0,0
c2-observer-p4-12,4,12,warm-same-query-same-server,c2.batch.admission,scheduler,4,4,0,380418,98809.5,141788.0,0
c2-observer-p4-12,4,12,warm-same-query-same-server,c2.task.admitted,scheduler,8,0,8,,,,0
c2-observer-p4-12,4,12,warm-same-query-same-server,c2.task.terminal,scheduler,8,0,8,,,,0
c2-observer-p4-12,4,12,warm-same-query-same-server,c2.reader.declaration,stream,4,0,4,,,,0
c2-observer-p4-12,4,12,warm-same-query-same-server,c2.writer.declaration,stream,8,0,8,,,,0
c2-observer-p4-12,4,12,warm-same-query-same-server,c2.reader.open,stream,4,4,0,3387169,694312.5,1357888.0,0
c2-observer-p4-12,4,12,warm-same-query-same-server,c2.writer.open,stream,8,8,0,390882,49426.0,84781.0,0
c2-observer-p4-12,4,12,warm-same-query-same-server,c2.stream.consumption,stream,22,22,0,43299652,1602061.0,4832385.0,0
c2-observer-p4-12,4,12,warm-same-query-same-server,c2.stream.owner,stream,34,34,0,70291328,2121743.5,4846142.0,0
c2-observer-p4-12,4,12,warm-same-query-same-server,c2.stream.first_poll,stream,22,0,22,,,,0
c2-observer-p4-12,4,12,warm-same-query-same-server,c2.stream.first_batch,stream,22,0,22,,,,0
c2-observer-p4-12,4,12,warm-same-query-same-server,c2.sink.commit,stream,8,8,0,46935,4672.5,10634.0,0
c2-observer-p4-12,4,12,warm-same-query-same-server,c2.sink.abort,stream,0,0,0,,,,0
c2-observer-p4-12,4,12,warm-same-query-same-server,c2.output.forward,stream,1,1,0,4456574,4456574.0,4456574.0,0
c2-observer-p4-12,4,12,warm-same-query-same-server,c2.cleanup.dispatch,cleanup,4,4,0,1027960,256749.0,283369.0,0
c2-observer-p4-12,4,12,warm-same-query-same-server,c2.cleanup.queued_ack,cleanup,4,4,0,30378,6441.5,11229.0,0
c2-observer-p4-12,4,12,warm-same-query-same-server,c2.cleanup.close_job_executed,cleanup,3,3,0,9868,3099.0,4010.0,0
c2-observer-p4-12,4,12,warm-same-query-same-server,c2.cleanup.local_streams_removed,cleanup,4,4,0,8891,2268.0,3113.0,0
c2-observer-p4-12,4,12,warm-same-query-same-server,c2.release.response_buffer,cleanup,5,5,0,17130,3292.0,4561.0,0
c2-observer-p4-12,4,12,warm-same-query-same-server,c2.release.operation,cleanup,1,1,0,3547,3547.0,3547.0,0
c2-observer-p4-12,4,12,warm-same-query-same-server,c2.executor.owner,resources,1,1,0,68239009,68239009.0,68239009.0,0
c2-observer-p4-12,4,12,warm-same-query-same-server,c2.executor.buffer_owner,resources,1,1,0,68236163,68236163.0,68236163.0,0
c2-observer-p16-12,16,12,cold-first-data-action,c2.operation.binding,planning,1,0,1,,,,0
c2-observer-p16-12,16,12,cold-first-data-action,c2.job.accepted,scheduler,1,0,1,,,,0
c2-observer-p16-12,16,12,cold-first-data-action,c2.task.assigned,scheduler,24,0,24,,,,0
c2-observer-p16-12,16,12,cold-first-data-action,c2.plan.resolve,planning,1,1,0,509152,509152.0,509152.0,0
c2-observer-p16-12,16,12,cold-first-data-action,c2.plan.logical_execute,planning,1,1,0,12812,12812.0,12812.0,0
c2-observer-p16-12,16,12,cold-first-data-action,c2.plan.optimize,planning,1,1,0,826108,826108.0,826108.0,0
c2-observer-p16-12,16,12,cold-first-data-action,c2.plan.physical,planning,1,1,0,1613435,1613435.0,1613435.0,0
c2-observer-p16-12,16,12,cold-first-data-action,c2.job.graph,planning,1,1,0,52695,52695.0,52695.0,0
c2-observer-p16-12,16,12,cold-first-data-action,c2.job.topology,planning,1,1,0,21326,21326.0,21326.0,0
c2-observer-p16-12,16,12,cold-first-data-action,c2.scheduler.select_assign,scheduler,26,26,0,100492,2014.0,16202.0,0
c2-observer-p16-12,16,12,cold-first-data-action,c2.stage.definition,serialization,2,2,0,306002,153001.0,208690.0,0
c2-observer-p16-12,16,12,cold-first-data-action,c2.stage.physical_encode,serialization,2,2,0,281550,140775.0,196744.0,0
c2-observer-p16-12,16,12,cold-first-data-action,c2.task.preparation_queue,scheduler,24,24,0,32620725,1352662.5,1868486.0,0
c2-observer-p16-12,16,12,cold-first-data-action,c2.task.preparation,scheduler,24,24,0,35757223,1413226.0,2039138.0,0
c2-observer-p16-12,16,12,cold-first-data-action,c2.stage.definition_cache_hit,scheduler,2,0,2,,,,0
c2-observer-p16-12,16,12,cold-first-data-action,c2.batch.dispatch,scheduler,4,4,0,8407856,2100607.0,2414327.0,0
c2-observer-p16-12,16,12,cold-first-data-action,c2.task.dispatched,scheduler,24,0,24,,,,0
c2-observer-p16-12,16,12,cold-first-data-action,c2.batch.definition_encode,serialization,4,4,0,65050,17337.0,26165.0,0
c2-observer-p16-12,16,12,cold-first-data-action,c2.batch.definition_decode,serialization,4,4,0,164184,41309.0,54757.0,0
c2-observer-p16-12,16,12,cold-first-data-action,c2.batch.physical_decode,serialization,4,4,0,217724,52500.5,104095.0,0
c2-observer-p16-12,16,12,cold-first-data-action,c2.task.physical_decode,serialization,24,24,0,22096430,929814.0,1347952.0,0
c2-observer-p16-12,16,12,cold-first-data-action,c2.batch.admission,scheduler,4,4,0,1483692,341654.0,556497.0,0
c2-observer-p16-12,16,12,cold-first-data-action,c2.task.admitted,scheduler,24,0,24,,,,0
c2-observer-p16-12,16,12,cold-first-data-action,c2.task.terminal,scheduler,24,0,24,,,,0
c2-observer-p16-12,16,12,cold-first-data-action,c2.reader.declaration,stream,16,0,16,,,,0
c2-observer-p16-12,16,12,cold-first-data-action,c2.writer.declaration,stream,24,0,24,,,,0
c2-observer-p16-12,16,12,cold-first-data-action,c2.reader.open,stream,16,16,0,54949467,2690264.0,5276285.0,0
c2-observer-p16-12,16,12,cold-first-data-action,c2.writer.open,stream,24,24,0,5762081,280871.5,453588.0,0
c2-observer-p16-12,16,12,cold-first-data-action,c2.stream.consumption,stream,66,66,0,298010608,5506714.0,7017783.0,0
c2-observer-p16-12,16,12,cold-first-data-action,c2.stream.owner,stream,106,106,0,548229561,6257386.0,7582396.0,0
c2-observer-p16-12,16,12,cold-first-data-action,c2.stream.first_poll,stream,66,0,66,,,,0
c2-observer-p16-12,16,12,cold-first-data-action,c2.stream.first_batch,stream,66,0,66,,,,0
c2-observer-p16-12,16,12,cold-first-data-action,c2.sink.commit,stream,24,24,0,232901,4492.0,26471.0,0
c2-observer-p16-12,16,12,cold-first-data-action,c2.sink.abort,stream,0,0,0,,,,0
c2-observer-p16-12,16,12,cold-first-data-action,c2.output.forward,stream,1,1,0,14293522,14293522.0,14293522.0,0
c2-observer-p16-12,16,12,cold-first-data-action,c2.cleanup.dispatch,cleanup,4,4,0,1133215,273251.0,326557.0,0
c2-observer-p16-12,16,12,cold-first-data-action,c2.cleanup.queued_ack,cleanup,4,4,0,31082,6815.5,10701.0,0
c2-observer-p16-12,16,12,cold-first-data-action,c2.cleanup.close_job_executed,cleanup,3,3,0,24968,8617.0,8916.0,0
c2-observer-p16-12,16,12,cold-first-data-action,c2.cleanup.local_streams_removed,cleanup,4,4,0,18062,4062.0,8423.0,0
c2-observer-p16-12,16,12,cold-first-data-action,c2.release.response_buffer,cleanup,17,17,0,59142,2445.0,9666.0,0
c2-observer-p16-12,16,12,cold-first-data-action,c2.release.operation,cleanup,1,1,0,6407,6407.0,6407.0,1
c2-observer-p16-12,16,12,cold-first-data-action,c2.executor.owner,resources,1,1,0,34030883,34030883.0,34030883.0,1
c2-observer-p16-12,16,12,cold-first-data-action,c2.executor.buffer_owner,resources,1,1,0,34028885,34028885.0,34028885.0,1
c2-observer-p16-12,16,12,warm-same-query-same-server,c2.operation.binding,planning,1,0,1,,,,0
c2-observer-p16-12,16,12,warm-same-query-same-server,c2.job.accepted,scheduler,1,0,1,,,,0
c2-observer-p16-12,16,12,warm-same-query-same-server,c2.task.assigned,scheduler,24,0,24,,,,0
c2-observer-p16-12,16,12,warm-same-query-same-server,c2.plan.resolve,planning,1,1,0,681667,681667.0,681667.0,0
c2-observer-p16-12,16,12,warm-same-query-same-server,c2.plan.logical_execute,planning,1,1,0,8583,8583.0,8583.0,0
c2-observer-p16-12,16,12,warm-same-query-same-server,c2.plan.optimize,planning,1,1,0,376801,376801.0,376801.0,0
c2-observer-p16-12,16,12,warm-same-query-same-server,c2.plan.physical,planning,1,1,0,652577,652577.0,652577.0,0
c2-observer-p16-12,16,12,warm-same-query-same-server,c2.job.graph,planning,1,1,0,19284,19284.0,19284.0,0
c2-observer-p16-12,16,12,warm-same-query-same-server,c2.job.topology,planning,1,1,0,7851,7851.0,7851.0,0
c2-observer-p16-12,16,12,warm-same-query-same-server,c2.scheduler.select_assign,scheduler,26,26,0,84176,2890.0,7460.0,0
c2-observer-p16-12,16,12,warm-same-query-same-server,c2.stage.definition,serialization,2,2,0,172705,86352.5,110026.0,0
c2-observer-p16-12,16,12,warm-same-query-same-server,c2.stage.physical_encode,serialization,2,2,0,153048,76524.0,106063.0,0
c2-observer-p16-12,16,12,warm-same-query-same-server,c2.task.preparation_queue,scheduler,24,24,0,1244566,37797.5,112476.0,0
c2-observer-p16-12,16,12,warm-same-query-same-server,c2.task.preparation,scheduler,24,24,0,11408262,459223.5,784329.0,0
c2-observer-p16-12,16,12,warm-same-query-same-server,c2.stage.definition_cache_hit,scheduler,2,0,2,,,,0
c2-observer-p16-12,16,12,warm-same-query-same-server,c2.batch.dispatch,scheduler,4,4,0,3098924,622082.0,1402760.0,0
c2-observer-p16-12,16,12,warm-same-query-same-server,c2.task.dispatched,scheduler,24,0,24,,,,0
c2-observer-p16-12,16,12,warm-same-query-same-server,c2.batch.definition_encode,serialization,4,4,0,42821,11181.0,14858.0,0
c2-observer-p16-12,16,12,warm-same-query-same-server,c2.batch.definition_decode,serialization,4,4,0,55417,13684.5,17630.0,0
c2-observer-p16-12,16,12,warm-same-query-same-server,c2.batch.physical_decode,serialization,4,4,0,159893,32725.5,91296.0,0
c2-observer-p16-12,16,12,warm-same-query-same-server,c2.task.physical_decode,serialization,24,24,0,2968163,71969.5,231159.0,0
c2-observer-p16-12,16,12,warm-same-query-same-server,c2.batch.admission,scheduler,4,4,0,796050,171800.0,407113.0,0
c2-observer-p16-12,16,12,warm-same-query-same-server,c2.task.admitted,scheduler,24,0,24,,,,0
c2-observer-p16-12,16,12,warm-same-query-same-server,c2.task.terminal,scheduler,24,0,24,,,,0
c2-observer-p16-12,16,12,warm-same-query-same-server,c2.reader.declaration,stream,16,0,16,,,,0
c2-observer-p16-12,16,12,warm-same-query-same-server,c2.writer.declaration,stream,24,0,24,,,,0
c2-observer-p16-12,16,12,warm-same-query-same-server,c2.reader.open,stream,16,16,0,50826155,3146740.0,4141842.0,0
c2-observer-p16-12,16,12,warm-same-query-same-server,c2.writer.open,stream,24,24,0,16755250,630844.0,979504.0,0
c2-observer-p16-12,16,12,warm-same-query-same-server,c2.stream.consumption,stream,66,66,0,187724973,3196330.5,5647035.0,0
c2-observer-p16-12,16,12,warm-same-query-same-server,c2.stream.owner,stream,106,106,0,374877400,4278748.5,5939019.0,0
c2-observer-p16-12,16,12,warm-same-query-same-server,c2.stream.first_poll,stream,66,0,66,,,,0
c2-observer-p16-12,16,12,warm-same-query-same-server,c2.stream.first_batch,stream,66,0,66,,,,0
c2-observer-p16-12,16,12,warm-same-query-same-server,c2.sink.commit,stream,24,24,0,159278,3962.0,14980.0,0
c2-observer-p16-12,16,12,warm-same-query-same-server,c2.sink.abort,stream,0,0,0,,,,0
c2-observer-p16-12,16,12,warm-same-query-same-server,c2.output.forward,stream,1,1,0,8159225,8159225.0,8159225.0,0
c2-observer-p16-12,16,12,warm-same-query-same-server,c2.cleanup.dispatch,cleanup,4,4,0,1077533,266484.5,293416.0,0
c2-observer-p16-12,16,12,warm-same-query-same-server,c2.cleanup.queued_ack,cleanup,4,4,0,34769,8454.0,11842.0,0
c2-observer-p16-12,16,12,warm-same-query-same-server,c2.cleanup.close_job_executed,cleanup,3,3,0,11028,3824.0,4257.0,0
c2-observer-p16-12,16,12,warm-same-query-same-server,c2.cleanup.local_streams_removed,cleanup,4,4,0,13687,3332.0,5661.0,0
c2-observer-p16-12,16,12,warm-same-query-same-server,c2.release.response_buffer,cleanup,17,17,0,49462,2572.0,6112.0,0
c2-observer-p16-12,16,12,warm-same-query-same-server,c2.release.operation,cleanup,1,1,0,3325,3325.0,3325.0,1
c2-observer-p16-12,16,12,warm-same-query-same-server,c2.executor.owner,resources,1,1,0,75702178,75702178.0,75702178.0,1
c2-observer-p16-12,16,12,warm-same-query-same-server,c2.executor.buffer_owner,resources,1,1,0,75702378,75702378.0,75702378.0,1
c2-observer-p32-12,32,12,cold-first-data-action,c2.operation.binding,planning,1,0,1,,,,0
c2-observer-p32-12,32,12,cold-first-data-action,c2.job.accepted,scheduler,1,0,1,,,,0
c2-observer-p32-12,32,12,cold-first-data-action,c2.task.assigned,scheduler,40,0,40,,,,0
c2-observer-p32-12,32,12,cold-first-data-action,c2.plan.resolve,planning,1,1,0,535125,535125.0,535125.0,0
c2-observer-p32-12,32,12,cold-first-data-action,c2.plan.logical_execute,planning,1,1,0,15335,15335.0,15335.0,0
c2-observer-p32-12,32,12,cold-first-data-action,c2.plan.optimize,planning,1,1,0,868277,868277.0,868277.0,0
c2-observer-p32-12,32,12,cold-first-data-action,c2.plan.physical,planning,1,1,0,1695911,1695911.0,1695911.0,0
c2-observer-p32-12,32,12,cold-first-data-action,c2.job.graph,planning,1,1,0,55711,55711.0,55711.0,0
c2-observer-p32-12,32,12,cold-first-data-action,c2.job.topology,planning,1,1,0,24554,24554.0,24554.0,0
c2-observer-p32-12,32,12,cold-first-data-action,c2.scheduler.select_assign,scheduler,42,42,0,143416,2468.5,7430.0,0
c2-observer-p32-12,32,12,cold-first-data-action,c2.stage.definition,serialization,2,2,0,309356,154678.0,211197.0,0
c2-observer-p32-12,32,12,cold-first-data-action,c2.stage.physical_encode,serialization,2,2,0,272423,136211.5,198805.0,0
c2-observer-p32-12,32,12,cold-first-data-action,c2.task.preparation_queue,scheduler,40,40,0,103514411,2589944.0,4391377.0,0
c2-observer-p32-12,32,12,cold-first-data-action,c2.task.preparation,scheduler,40,40,0,64094507,1463617.5,3267144.0,0
c2-observer-p32-12,32,12,cold-first-data-action,c2.stage.definition_cache_hit,scheduler,2,0,2,,,,0
c2-observer-p32-12,32,12,cold-first-data-action,c2.batch.dispatch,scheduler,4,4,0,9768889,2443725.5,2539902.0,0
c2-observer-p32-12,32,12,cold-first-data-action,c2.task.dispatched,scheduler,40,0,40,,,,0
c2-observer-p32-12,32,12,cold-first-data-action,c2.batch.definition_encode,serialization,4,4,0,99181,23372.5,40888.0,0
c2-observer-p32-12,32,12,cold-first-data-action,c2.batch.definition_decode,serialization,4,4,0,159716,39834.5,53636.0,0
c2-observer-p32-12,32,12,cold-first-data-action,c2.batch.physical_decode,serialization,4,4,0,258002,60550.5,127396.0,0
c2-observer-p32-12,32,12,cold-first-data-action,c2.task.physical_decode,serialization,40,40,0,32336318,684415.0,2103521.0,0
c2-observer-p32-12,32,12,cold-first-data-action,c2.batch.admission,scheduler,4,4,0,4061399,1203436.0,1437569.0,0
c2-observer-p32-12,32,12,cold-first-data-action,c2.task.admitted,scheduler,40,0,40,,,,0
c2-observer-p32-12,32,12,cold-first-data-action,c2.task.terminal,scheduler,40,0,40,,,,0
c2-observer-p32-12,32,12,cold-first-data-action,c2.reader.declaration,stream,32,0,32,,,,0
c2-observer-p32-12,32,12,cold-first-data-action,c2.writer.declaration,stream,40,0,40,,,,0
c2-observer-p32-12,32,12,cold-first-data-action,c2.reader.open,stream,32,32,0,194629732,6028101.0,7962147.0,0
c2-observer-p32-12,32,12,cold-first-data-action,c2.writer.open,stream,40,40,0,30265150,706794.5,1857453.0,0
c2-observer-p32-12,32,12,cold-first-data-action,c2.stream.consumption,stream,114,114,0,639008792,7090242.0,9761377.0,0
c2-observer-p32-12,32,12,cold-first-data-action,c2.stream.owner,stream,186,186,0,1268373527,8000147.5,10541074.0,0
c2-observer-p32-12,32,12,cold-first-data-action,c2.stream.first_poll,stream,114,0,114,,,,0
c2-observer-p32-12,32,12,cold-first-data-action,c2.stream.first_batch,stream,114,0,114,,,,0
c2-observer-p32-12,32,12,cold-first-data-action,c2.sink.commit,stream,40,40,0,386376,4669.5,27497.0,0
c2-observer-p32-12,32,12,cold-first-data-action,c2.sink.abort,stream,0,0,0,,,,0
c2-observer-p32-12,32,12,cold-first-data-action,c2.output.forward,stream,1,1,0,19518694,19518694.0,19518694.0,0
c2-observer-p32-12,32,12,cold-first-data-action,c2.cleanup.dispatch,cleanup,4,4,0,1172535,293150.5,302982.0,0
c2-observer-p32-12,32,12,cold-first-data-action,c2.cleanup.queued_ack,cleanup,4,4,0,28343,6943.0,7924.0,0
c2-observer-p32-12,32,12,cold-first-data-action,c2.cleanup.close_job_executed,cleanup,3,3,0,27056,9517.0,9844.0,0
c2-observer-p32-12,32,12,cold-first-data-action,c2.cleanup.local_streams_removed,cleanup,4,4,0,22961,5520.5,10465.0,0
c2-observer-p32-12,32,12,cold-first-data-action,c2.release.response_buffer,cleanup,33,33,0,97367,2295.0,8148.0,0
c2-observer-p32-12,32,12,cold-first-data-action,c2.release.operation,cleanup,1,1,0,5687,5687.0,5687.0,0
c2-observer-p32-12,32,12,cold-first-data-action,c2.executor.owner,resources,1,1,0,40139931,40139931.0,40139931.0,0
c2-observer-p32-12,32,12,cold-first-data-action,c2.executor.buffer_owner,resources,1,1,0,40144412,40144412.0,40144412.0,0
c2-observer-p32-12,32,12,warm-same-query-same-server,c2.operation.binding,planning,1,0,1,,,,0
c2-observer-p32-12,32,12,warm-same-query-same-server,c2.job.accepted,scheduler,1,0,1,,,,0
c2-observer-p32-12,32,12,warm-same-query-same-server,c2.task.assigned,scheduler,40,0,40,,,,0
c2-observer-p32-12,32,12,warm-same-query-same-server,c2.plan.resolve,planning,1,1,0,623868,623868.0,623868.0,0
c2-observer-p32-12,32,12,warm-same-query-same-server,c2.plan.logical_execute,planning,1,1,0,4950,4950.0,4950.0,0
c2-observer-p32-12,32,12,warm-same-query-same-server,c2.plan.optimize,planning,1,1,0,418251,418251.0,418251.0,0
c2-observer-p32-12,32,12,warm-same-query-same-server,c2.plan.physical,planning,1,1,0,636217,636217.0,636217.0,0
c2-observer-p32-12,32,12,warm-same-query-same-server,c2.job.graph,planning,1,1,0,18073,18073.0,18073.0,0
c2-observer-p32-12,32,12,warm-same-query-same-server,c2.job.topology,planning,1,1,0,10084,10084.0,10084.0,0
c2-observer-p32-12,32,12,warm-same-query-same-server,c2.scheduler.select_assign,scheduler,42,42,0,150874,2846.0,4163.0,0
c2-observer-p32-12,32,12,warm-same-query-same-server,c2.stage.definition,serialization,2,2,0,135865,67932.5,83489.0,0
c2-observer-p32-12,32,12,warm-same-query-same-server,c2.stage.physical_encode,serialization,2,2,0,114017,57008.5,79960.0,0
c2-observer-p32-12,32,12,warm-same-query-same-server,c2.task.preparation_queue,scheduler,40,40,0,1304405,27013.0,59075.0,0
c2-observer-p32-12,32,12,warm-same-query-same-server,c2.task.preparation,scheduler,40,40,0,14137151,327844.0,636868.0,0
c2-observer-p32-12,32,12,warm-same-query-same-server,c2.stage.definition_cache_hit,scheduler,2,0,2,,,,0
c2-observer-p32-12,32,12,warm-same-query-same-server,c2.batch.dispatch,scheduler,4,4,0,2648200,651797.0,862719.0,0
c2-observer-p32-12,32,12,warm-same-query-same-server,c2.task.dispatched,scheduler,40,0,40,,,,0
c2-observer-p32-12,32,12,warm-same-query-same-server,c2.batch.definition_encode,serialization,4,4,0,74974,20272.0,31282.0,0
c2-observer-p32-12,32,12,warm-same-query-same-server,c2.batch.definition_decode,serialization,4,4,0,59118,15255.0,22453.0,0
c2-observer-p32-12,32,12,warm-same-query-same-server,c2.batch.physical_decode,serialization,4,4,0,141356,22878.0,92594.0,0
c2-observer-p32-12,32,12,warm-same-query-same-server,c2.task.physical_decode,serialization,40,40,0,3922872,73550.5,200372.0,0
c2-observer-p32-12,32,12,warm-same-query-same-server,c2.batch.admission,scheduler,4,4,0,525554,107440.5,265202.0,0
c2-observer-p32-12,32,12,warm-same-query-same-server,c2.task.admitted,scheduler,40,0,40,,,,0
c2-observer-p32-12,32,12,warm-same-query-same-server,c2.task.terminal,scheduler,40,0,40,,,,0
c2-observer-p32-12,32,12,warm-same-query-same-server,c2.reader.declaration,stream,32,0,32,,,,0
c2-observer-p32-12,32,12,warm-same-query-same-server,c2.writer.declaration,stream,40,0,40,,,,0
c2-observer-p32-12,32,12,warm-same-query-same-server,c2.reader.open,stream,32,32,0,180046231,6104405.5,7876875.0,0
c2-observer-p32-12,32,12,warm-same-query-same-server,c2.writer.open,stream,40,40,0,62122753,1663155.0,1890880.0,0
c2-observer-p32-12,32,12,warm-same-query-same-server,c2.stream.consumption,stream,114,114,0,542891148,5522193.0,9594091.0,0
c2-observer-p32-12,32,12,warm-same-query-same-server,c2.stream.owner,stream,186,186,0,1110980632,6903617.5,9815429.0,0
c2-observer-p32-12,32,12,warm-same-query-same-server,c2.stream.first_poll,stream,114,0,114,,,,0
c2-observer-p32-12,32,12,warm-same-query-same-server,c2.stream.first_batch,stream,114,0,114,,,,0
c2-observer-p32-12,32,12,warm-same-query-same-server,c2.sink.commit,stream,40,40,0,320100,4157.5,25889.0,0
c2-observer-p32-12,32,12,warm-same-query-same-server,c2.sink.abort,stream,0,0,0,,,,0
c2-observer-p32-12,32,12,warm-same-query-same-server,c2.output.forward,stream,1,1,0,13422967,13422967.0,13422967.0,0
c2-observer-p32-12,32,12,warm-same-query-same-server,c2.cleanup.dispatch,cleanup,4,4,0,1054593,265697.5,269635.0,0
c2-observer-p32-12,32,12,warm-same-query-same-server,c2.cleanup.queued_ack,cleanup,4,4,0,28175,6606.0,8546.0,0
c2-observer-p32-12,32,12,warm-same-query-same-server,c2.cleanup.close_job_executed,cleanup,3,3,0,11481,3560.0,4824.0,0
c2-observer-p32-12,32,12,warm-same-query-same-server,c2.cleanup.local_streams_removed,cleanup,4,4,0,18009,4348.5,8232.0,0
c2-observer-p32-12,32,12,warm-same-query-same-server,c2.release.response_buffer,cleanup,33,33,0,97162,2465.0,6855.0,0
c2-observer-p32-12,32,12,warm-same-query-same-server,c2.release.operation,cleanup,1,1,0,1917,1917.0,1917.0,0
c2-observer-p32-12,32,12,warm-same-query-same-server,c2.executor.owner,resources,1,1,0,24986617,24986617.0,24986617.0,0
c2-observer-p32-12,32,12,warm-same-query-same-server,c2.executor.buffer_owner,resources,1,1,0,24984819,24984819.0,24984819.0,0
c2-observer-p4-13,4,13,cold-first-data-action,c2.operation.binding,planning,1,0,1,,,,0
c2-observer-p4-13,4,13,cold-first-data-action,c2.job.accepted,scheduler,1,0,1,,,,0
c2-observer-p4-13,4,13,cold-first-data-action,c2.task.assigned,scheduler,8,0,8,,,,0
c2-observer-p4-13,4,13,cold-first-data-action,c2.plan.resolve,planning,1,1,0,542762,542762.0,542762.0,0
c2-observer-p4-13,4,13,cold-first-data-action,c2.plan.logical_execute,planning,1,1,0,12959,12959.0,12959.0,0
c2-observer-p4-13,4,13,cold-first-data-action,c2.plan.optimize,planning,1,1,0,877234,877234.0,877234.0,0
c2-observer-p4-13,4,13,cold-first-data-action,c2.plan.physical,planning,1,1,0,1696312,1696312.0,1696312.0,0
c2-observer-p4-13,4,13,cold-first-data-action,c2.job.graph,planning,1,1,0,59513,59513.0,59513.0,0
c2-observer-p4-13,4,13,cold-first-data-action,c2.job.topology,planning,1,1,0,22712,22712.0,22712.0,0
c2-observer-p4-13,4,13,cold-first-data-action,c2.scheduler.select_assign,scheduler,10,10,0,35477,2283.5,11433.0,0
c2-observer-p4-13,4,13,cold-first-data-action,c2.stage.definition,serialization,2,2,0,315819,157909.5,232106.0,0
c2-observer-p4-13,4,13,cold-first-data-action,c2.stage.physical_encode,serialization,2,2,0,297469,148734.5,217797.0,0
c2-observer-p4-13,4,13,cold-first-data-action,c2.task.preparation_queue,scheduler,8,8,0,2556105,346516.0,379252.0,0
c2-observer-p4-13,4,13,cold-first-data-action,c2.task.preparation,scheduler,8,8,0,8529533,960203.0,1314283.0,0
c2-observer-p4-13,4,13,cold-first-data-action,c2.stage.definition_cache_hit,scheduler,2,0,2,,,,0
c2-observer-p4-13,4,13,cold-first-data-action,c2.batch.dispatch,scheduler,4,4,0,6068982,1527591.5,1561615.0,0
c2-observer-p4-13,4,13,cold-first-data-action,c2.task.dispatched,scheduler,8,0,8,,,,0
c2-observer-p4-13,4,13,cold-first-data-action,c2.batch.definition_encode,serialization,4,4,0,80275,22338.0,28165.0,0
c2-observer-p4-13,4,13,cold-first-data-action,c2.batch.definition_decode,serialization,4,4,0,148390,36989.5,47405.0,0
c2-observer-p4-13,4,13,cold-first-data-action,c2.batch.physical_decode,serialization,4,4,0,226310,53051.0,112477.0,0
c2-observer-p4-13,4,13,cold-first-data-action,c2.task.physical_decode,serialization,8,8,0,5142406,587184.5,794587.0,0
c2-observer-p4-13,4,13,cold-first-data-action,c2.batch.admission,scheduler,4,4,0,860117,206784.5,252938.0,0
c2-observer-p4-13,4,13,cold-first-data-action,c2.task.admitted,scheduler,8,0,8,,,,0
c2-observer-p4-13,4,13,cold-first-data-action,c2.task.terminal,scheduler,8,0,8,,,,0
c2-observer-p4-13,4,13,cold-first-data-action,c2.reader.declaration,stream,4,0,4,,,,0
c2-observer-p4-13,4,13,cold-first-data-action,c2.writer.declaration,stream,8,0,8,,,,0
c2-observer-p4-13,4,13,cold-first-data-action,c2.reader.open,stream,4,4,0,3189410,807281.0,839888.0,0
c2-observer-p4-13,4,13,cold-first-data-action,c2.writer.open,stream,8,8,0,573746,70787.0,120500.0,0
c2-observer-p4-13,4,13,cold-first-data-action,c2.stream.consumption,stream,22,22,0,79222754,2852045.5,8830954.0,0
c2-observer-p4-13,4,13,cold-first-data-action,c2.stream.owner,stream,34,34,0,126909308,3803467.0,9156144.0,0
c2-observer-p4-13,4,13,cold-first-data-action,c2.stream.first_poll,stream,22,0,22,,,,0
c2-observer-p4-13,4,13,cold-first-data-action,c2.stream.first_batch,stream,22,0,22,,,,0
c2-observer-p4-13,4,13,cold-first-data-action,c2.sink.commit,stream,8,8,0,71617,5557.5,20792.0,0
c2-observer-p4-13,4,13,cold-first-data-action,c2.sink.abort,stream,0,0,0,,,,0
c2-observer-p4-13,4,13,cold-first-data-action,c2.output.forward,stream,1,1,0,8729727,8729727.0,8729727.0,0
c2-observer-p4-13,4,13,cold-first-data-action,c2.cleanup.dispatch,cleanup,4,4,0,1132841,278207.0,347274.0,0
c2-observer-p4-13,4,13,cold-first-data-action,c2.cleanup.queued_ack,cleanup,4,4,0,26530,6652.0,7323.0,0
c2-observer-p4-13,4,13,cold-first-data-action,c2.cleanup.close_job_executed,cleanup,3,3,0,26853,8560.0,10558.0,0
c2-observer-p4-13,4,13,cold-first-data-action,c2.cleanup.local_streams_removed,cleanup,4,4,0,13902,3324.0,5857.0,0
c2-observer-p4-13,4,13,cold-first-data-action,c2.release.response_buffer,cleanup,5,5,0,20874,2999.0,8941.0,0
c2-observer-p4-13,4,13,cold-first-data-action,c2.release.operation,cleanup,1,1,0,6451,6451.0,6451.0,0
c2-observer-p4-13,4,13,cold-first-data-action,c2.executor.owner,resources,1,1,0,13378277,13378277.0,13378277.0,0
c2-observer-p4-13,4,13,cold-first-data-action,c2.executor.buffer_owner,resources,1,1,0,13378034,13378034.0,13378034.0,0
c2-observer-p4-13,4,13,warm-same-query-same-server,c2.operation.binding,planning,1,0,1,,,,0
c2-observer-p4-13,4,13,warm-same-query-same-server,c2.job.accepted,scheduler,1,0,1,,,,0
c2-observer-p4-13,4,13,warm-same-query-same-server,c2.task.assigned,scheduler,8,0,8,,,,0
c2-observer-p4-13,4,13,warm-same-query-same-server,c2.plan.resolve,planning,1,1,0,767175,767175.0,767175.0,0
c2-observer-p4-13,4,13,warm-same-query-same-server,c2.plan.logical_execute,planning,1,1,0,7099,7099.0,7099.0,0
c2-observer-p4-13,4,13,warm-same-query-same-server,c2.plan.optimize,planning,1,1,0,409208,409208.0,409208.0,0
c2-observer-p4-13,4,13,warm-same-query-same-server,c2.plan.physical,planning,1,1,0,651983,651983.0,651983.0,0
c2-observer-p4-13,4,13,warm-same-query-same-server,c2.job.graph,planning,1,1,0,17372,17372.0,17372.0,0
c2-observer-p4-13,4,13,warm-same-query-same-server,c2.job.topology,planning,1,1,0,6330,6330.0,6330.0,0
c2-observer-p4-13,4,13,warm-same-query-same-server,c2.scheduler.select_assign,scheduler,10,10,0,25671,2317.0,6278.0,0
c2-observer-p4-13,4,13,warm-same-query-same-server,c2.stage.definition,serialization,2,2,0,126592,63296.0,76832.0,0
c2-observer-p4-13,4,13,warm-same-query-same-server,c2.stage.physical_encode,serialization,2,2,0,116585,58292.5,72883.0,0
c2-observer-p4-13,4,13,warm-same-query-same-server,c2.task.preparation_queue,scheduler,8,8,0,181041,21084.5,35693.0,0
c2-observer-p4-13,4,13,warm-same-query-same-server,c2.task.preparation,scheduler,8,8,0,2095359,257411.0,334169.0,0
c2-observer-p4-13,4,13,warm-same-query-same-server,c2.stage.definition_cache_hit,scheduler,2,0,2,,,,0
c2-observer-p4-13,4,13,warm-same-query-same-server,c2.batch.dispatch,scheduler,4,4,0,2513468,648194.5,729608.0,0
c2-observer-p4-13,4,13,warm-same-query-same-server,c2.task.dispatched,scheduler,8,0,8,,,,0
c2-observer-p4-13,4,13,warm-same-query-same-server,c2.batch.definition_encode,serialization,4,4,0,63264,15021.5,26526.0,0
c2-observer-p4-13,4,13,warm-same-query-same-server,c2.batch.definition_decode,serialization,4,4,0,35264,8681.5,11972.0,0
c2-observer-p4-13,4,13,warm-same-query-same-server,c2.batch.physical_decode,serialization,4,4,0,92890,24656.5,40529.0,0
c2-observer-p4-13,4,13,warm-same-query-same-server,c2.task.physical_decode,serialization,8,8,0,865685,108698.0,178314.0,0
c2-observer-p4-13,4,13,warm-same-query-same-server,c2.batch.admission,scheduler,4,4,0,368889,99083.5,130045.0,0
c2-observer-p4-13,4,13,warm-same-query-same-server,c2.task.admitted,scheduler,8,0,8,,,,0
c2-observer-p4-13,4,13,warm-same-query-same-server,c2.task.terminal,scheduler,8,0,8,,,,0
c2-observer-p4-13,4,13,warm-same-query-same-server,c2.reader.declaration,stream,4,0,4,,,,0
c2-observer-p4-13,4,13,warm-same-query-same-server,c2.writer.declaration,stream,8,0,8,,,,0
c2-observer-p4-13,4,13,warm-same-query-same-server,c2.reader.open,stream,4,4,0,2730976,594055.0,1012473.0,0
c2-observer-p4-13,4,13,warm-same-query-same-server,c2.writer.open,stream,8,8,0,297762,40638.5,65575.0,0
c2-observer-p4-13,4,13,warm-same-query-same-server,c2.stream.consumption,stream,22,22,0,44307646,1697285.0,4631886.0,0
c2-observer-p4-13,4,13,warm-same-query-same-server,c2.stream.owner,stream,34,34,0,72678055,2183069.5,4992660.0,0
c2-observer-p4-13,4,13,warm-same-query-same-server,c2.stream.first_poll,stream,22,0,22,,,,0
c2-observer-p4-13,4,13,warm-same-query-same-server,c2.stream.first_batch,stream,22,0,22,,,,0
c2-observer-p4-13,4,13,warm-same-query-same-server,c2.sink.commit,stream,8,8,0,44350,4606.5,9840.0,0
c2-observer-p4-13,4,13,warm-same-query-same-server,c2.sink.abort,stream,0,0,0,,,,0
c2-observer-p4-13,4,13,warm-same-query-same-server,c2.output.forward,stream,1,1,0,4683309,4683309.0,4683309.0,0
c2-observer-p4-13,4,13,warm-same-query-same-server,c2.cleanup.dispatch,cleanup,4,4,0,1070015,267561.0,278758.0,0
c2-observer-p4-13,4,13,warm-same-query-same-server,c2.cleanup.queued_ack,cleanup,4,4,0,35662,8897.0,11331.0,0
c2-observer-p4-13,4,13,warm-same-query-same-server,c2.cleanup.close_job_executed,cleanup,3,3,0,14514,3351.0,7820.0,0
c2-observer-p4-13,4,13,warm-same-query-same-server,c2.cleanup.local_streams_removed,cleanup,4,4,0,12579,2983.5,5134.0,0
c2-observer-p4-13,4,13,warm-same-query-same-server,c2.release.response_buffer,cleanup,5,5,0,16263,3217.0,4078.0,0
c2-observer-p4-13,4,13,warm-same-query-same-server,c2.release.operation,cleanup,1,1,0,2638,2638.0,2638.0,0
c2-observer-p4-13,4,13,warm-same-query-same-server,c2.executor.owner,resources,1,1,0,8898225,8898225.0,8898225.0,0
c2-observer-p4-13,4,13,warm-same-query-same-server,c2.executor.buffer_owner,resources,1,1,0,8900285,8900285.0,8900285.0,0
c2-observer-p16-13,16,13,cold-first-data-action,c2.operation.binding,planning,1,0,1,,,,0
c2-observer-p16-13,16,13,cold-first-data-action,c2.job.accepted,scheduler,1,0,1,,,,0
c2-observer-p16-13,16,13,cold-first-data-action,c2.task.assigned,scheduler,24,0,24,,,,0
c2-observer-p16-13,16,13,cold-first-data-action,c2.plan.resolve,planning,1,1,0,545183,545183.0,545183.0,0
c2-observer-p16-13,16,13,cold-first-data-action,c2.plan.logical_execute,planning,1,1,0,13146,13146.0,13146.0,0
c2-observer-p16-13,16,13,cold-first-data-action,c2.plan.optimize,planning,1,1,0,938223,938223.0,938223.0,0
c2-observer-p16-13,16,13,cold-first-data-action,c2.plan.physical,planning,1,1,0,1752730,1752730.0,1752730.0,0
c2-observer-p16-13,16,13,cold-first-data-action,c2.job.graph,planning,1,1,0,62940,62940.0,62940.0,0
c2-observer-p16-13,16,13,cold-first-data-action,c2.job.topology,planning,1,1,0,24346,24346.0,24346.0,0
c2-observer-p16-13,16,13,cold-first-data-action,c2.scheduler.select_assign,scheduler,26,26,0,74283,1137.0,10066.0,0
c2-observer-p16-13,16,13,cold-first-data-action,c2.stage.definition,serialization,2,2,0,326731,163365.5,241266.0,0
c2-observer-p16-13,16,13,cold-first-data-action,c2.stage.physical_encode,serialization,2,2,0,300057,150028.5,228028.0,0
c2-observer-p16-13,16,13,cold-first-data-action,c2.task.preparation_queue,scheduler,24,24,0,38767903,1532043.5,2873675.0,0
c2-observer-p16-13,16,13,cold-first-data-action,c2.task.preparation,scheduler,24,24,0,39318866,1695788.5,2928856.0,0
c2-observer-p16-13,16,13,cold-first-data-action,c2.stage.definition_cache_hit,scheduler,2,0,2,,,,0
c2-observer-p16-13,16,13,cold-first-data-action,c2.batch.dispatch,scheduler,4,4,0,9151319,2458679.5,2504325.0,0
c2-observer-p16-13,16,13,cold-first-data-action,c2.task.dispatched,scheduler,24,0,24,,,,0
c2-observer-p16-13,16,13,cold-first-data-action,c2.batch.definition_encode,serialization,4,4,0,88891,21299.0,29533.0,0
c2-observer-p16-13,16,13,cold-first-data-action,c2.batch.definition_decode,serialization,4,4,0,146250,37851.0,49622.0,0
c2-observer-p16-13,16,13,cold-first-data-action,c2.batch.physical_decode,serialization,4,4,0,216903,55807.0,97631.0,0
c2-observer-p16-13,16,13,cold-first-data-action,c2.task.physical_decode,serialization,24,24,0,21408268,904477.5,1880795.0,0
c2-observer-p16-13,16,13,cold-first-data-action,c2.batch.admission,scheduler,4,4,0,1857408,406792.0,789673.0,0
c2-observer-p16-13,16,13,cold-first-data-action,c2.task.admitted,scheduler,24,0,24,,,,0
c2-observer-p16-13,16,13,cold-first-data-action,c2.task.terminal,scheduler,24,0,24,,,,0
c2-observer-p16-13,16,13,cold-first-data-action,c2.reader.declaration,stream,16,0,16,,,,0
c2-observer-p16-13,16,13,cold-first-data-action,c2.writer.declaration,stream,24,0,24,,,,0
c2-observer-p16-13,16,13,cold-first-data-action,c2.reader.open,stream,16,16,0,55824594,3014234.0,5195497.0,0
c2-observer-p16-13,16,13,cold-first-data-action,c2.writer.open,stream,24,24,0,7275976,277780.5,485276.0,0
c2-observer-p16-13,16,13,cold-first-data-action,c2.stream.consumption,stream,66,66,0,283985762,5541532.0,7147103.0,0
c2-observer-p16-13,16,13,cold-first-data-action,c2.stream.owner,stream,106,106,0,532625064,5901967.5,7542387.0,0
c2-observer-p16-13,16,13,cold-first-data-action,c2.stream.first_poll,stream,66,0,66,,,,0
c2-observer-p16-13,16,13,cold-first-data-action,c2.stream.first_batch,stream,66,0,66,,,,0
c2-observer-p16-13,16,13,cold-first-data-action,c2.sink.commit,stream,24,24,0,239560,5700.0,26441.0,0
c2-observer-p16-13,16,13,cold-first-data-action,c2.sink.abort,stream,0,0,0,,,,0
c2-observer-p16-13,16,13,cold-first-data-action,c2.output.forward,stream,1,1,0,16096012,16096012.0,16096012.0,0
c2-observer-p16-13,16,13,cold-first-data-action,c2.cleanup.dispatch,cleanup,4,4,0,1214481,300178.5,320172.0,0
c2-observer-p16-13,16,13,cold-first-data-action,c2.cleanup.queued_ack,cleanup,4,4,0,27693,6968.5,7872.0,0
c2-observer-p16-13,16,13,cold-first-data-action,c2.cleanup.close_job_executed,cleanup,3,3,0,26493,9216.0,9305.0,0
c2-observer-p16-13,16,13,cold-first-data-action,c2.cleanup.local_streams_removed,cleanup,4,4,0,21561,5101.0,9923.0,0
c2-observer-p16-13,16,13,cold-first-data-action,c2.release.response_buffer,cleanup,17,17,0,58285,2554.0,11136.0,0
c2-observer-p16-13,16,13,cold-first-data-action,c2.release.operation,cleanup,1,1,0,6266,6266.0,6266.0,1
c2-observer-p16-13,16,13,cold-first-data-action,c2.executor.owner,resources,1,1,0,35370690,35370690.0,35370690.0,1
c2-observer-p16-13,16,13,cold-first-data-action,c2.executor.buffer_owner,resources,1,1,0,35372634,35372634.0,35372634.0,1
c2-observer-p16-13,16,13,warm-same-query-same-server,c2.operation.binding,planning,1,0,1,,,,0
c2-observer-p16-13,16,13,warm-same-query-same-server,c2.job.accepted,scheduler,1,0,1,,,,0
c2-observer-p16-13,16,13,warm-same-query-same-server,c2.task.assigned,scheduler,24,0,24,,,,0
c2-observer-p16-13,16,13,warm-same-query-same-server,c2.plan.resolve,planning,1,1,0,714170,714170.0,714170.0,0
c2-observer-p16-13,16,13,warm-same-query-same-server,c2.plan.logical_execute,planning,1,1,0,6403,6403.0,6403.0,0
c2-observer-p16-13,16,13,warm-same-query-same-server,c2.plan.optimize,planning,1,1,0,383375,383375.0,383375.0,0
c2-observer-p16-13,16,13,warm-same-query-same-server,c2.plan.physical,planning,1,1,0,624817,624817.0,624817.0,0
c2-observer-p16-13,16,13,warm-same-query-same-server,c2.job.graph,planning,1,1,0,18512,18512.0,18512.0,0
c2-observer-p16-13,16,13,warm-same-query-same-server,c2.job.topology,planning,1,1,0,7187,7187.0,7187.0,0
c2-observer-p16-13,16,13,warm-same-query-same-server,c2.scheduler.select_assign,scheduler,26,26,0,79224,2470.5,10532.0,0
c2-observer-p16-13,16,13,warm-same-query-same-server,c2.stage.definition,serialization,2,2,0,146454,73227.0,101582.0,0
c2-observer-p16-13,16,13,warm-same-query-same-server,c2.stage.physical_encode,serialization,2,2,0,126654,63327.0,97646.0,0
c2-observer-p16-13,16,13,warm-same-query-same-server,c2.task.preparation_queue,scheduler,24,24,0,655262,23566.5,41037.0,0
c2-observer-p16-13,16,13,warm-same-query-same-server,c2.task.preparation,scheduler,24,24,0,8370101,312403.5,664572.0,0
c2-observer-p16-13,16,13,warm-same-query-same-server,c2.stage.definition_cache_hit,scheduler,2,0,2,,,,0
c2-observer-p16-13,16,13,warm-same-query-same-server,c2.batch.dispatch,scheduler,4,4,0,2741997,696983.0,858930.0,0
c2-observer-p16-13,16,13,warm-same-query-same-server,c2.task.dispatched,scheduler,24,0,24,,,,0
c2-observer-p16-13,16,13,warm-same-query-same-server,c2.batch.definition_encode,serialization,4,4,0,32777,8907.5,12782.0,0
c2-observer-p16-13,16,13,warm-same-query-same-server,c2.batch.definition_decode,serialization,4,4,0,47441,11360.0,15521.0,0
c2-observer-p16-13,16,13,warm-same-query-same-server,c2.batch.physical_decode,serialization,4,4,0,92684,23758.0,40346.0,0
c2-observer-p16-13,16,13,warm-same-query-same-server,c2.task.physical_decode,serialization,24,24,0,2837704,83222.0,239552.0,0
c2-observer-p16-13,16,13,warm-same-query-same-server,c2.batch.admission,scheduler,4,4,0,422551,116453.5,141096.0,0
c2-observer-p16-13,16,13,warm-same-query-same-server,c2.task.admitted,scheduler,24,0,24,,,,0
c2-observer-p16-13,16,13,warm-same-query-same-server,c2.task.terminal,scheduler,24,0,24,,,,0
c2-observer-p16-13,16,13,warm-same-query-same-server,c2.reader.declaration,stream,16,0,16,,,,0
c2-observer-p16-13,16,13,warm-same-query-same-server,c2.writer.declaration,stream,24,0,24,,,,0
c2-observer-p16-13,16,13,warm-same-query-same-server,c2.reader.open,stream,16,16,0,55361220,3653357.0,4264430.0,0
c2-observer-p16-13,16,13,warm-same-query-same-server,c2.writer.open,stream,24,24,0,15336707,670173.0,826672.0,0
c2-observer-p16-13,16,13,warm-same-query-same-server,c2.stream.consumption,stream,66,66,0,199887472,2935997.0,5986045.0,0
c2-observer-p16-13,16,13,warm-same-query-same-server,c2.stream.owner,stream,106,106,0,389017889,4174451.0,6147284.0,0
c2-observer-p16-13,16,13,warm-same-query-same-server,c2.stream.first_poll,stream,66,0,66,,,,0
c2-observer-p16-13,16,13,warm-same-query-same-server,c2.stream.first_batch,stream,66,0,66,,,,0
c2-observer-p16-13,16,13,warm-same-query-same-server,c2.sink.commit,stream,24,24,0,155096,4638.5,13957.0,0
c2-observer-p16-13,16,13,warm-same-query-same-server,c2.sink.abort,stream,0,0,0,,,,0
c2-observer-p16-13,16,13,warm-same-query-same-server,c2.output.forward,stream,1,1,0,8117377,8117377.0,8117377.0,0
c2-observer-p16-13,16,13,warm-same-query-same-server,c2.cleanup.dispatch,cleanup,4,4,0,1206156,306358.5,352003.0,0
c2-observer-p16-13,16,13,warm-same-query-same-server,c2.cleanup.queued_ack,cleanup,4,4,0,31674,7044.0,11124.0,0
c2-observer-p16-13,16,13,warm-same-query-same-server,c2.cleanup.close_job_executed,cleanup,3,3,0,16545,4341.0,9157.0,0
c2-observer-p16-13,16,13,warm-same-query-same-server,c2.cleanup.local_streams_removed,cleanup,4,4,0,12995,3212.5,5528.0,0
c2-observer-p16-13,16,13,warm-same-query-same-server,c2.release.response_buffer,cleanup,17,17,0,44928,2538.0,4493.0,0
c2-observer-p16-13,16,13,warm-same-query-same-server,c2.release.operation,cleanup,1,1,0,2130,2130.0,2130.0,0
c2-observer-p16-13,16,13,warm-same-query-same-server,c2.executor.owner,resources,1,1,0,15041698,15041698.0,15041698.0,0
c2-observer-p16-13,16,13,warm-same-query-same-server,c2.executor.buffer_owner,resources,1,1,0,15043070,15043070.0,15043070.0,0
c2-observer-p32-13,32,13,cold-first-data-action,c2.operation.binding,planning,1,0,1,,,,0
c2-observer-p32-13,32,13,cold-first-data-action,c2.job.accepted,scheduler,1,0,1,,,,0
c2-observer-p32-13,32,13,cold-first-data-action,c2.task.assigned,scheduler,40,0,40,,,,0
c2-observer-p32-13,32,13,cold-first-data-action,c2.plan.resolve,planning,1,1,0,494301,494301.0,494301.0,0
c2-observer-p32-13,32,13,cold-first-data-action,c2.plan.logical_execute,planning,1,1,0,11695,11695.0,11695.0,0
c2-observer-p32-13,32,13,cold-first-data-action,c2.plan.optimize,planning,1,1,0,819298,819298.0,819298.0,0
c2-observer-p32-13,32,13,cold-first-data-action,c2.plan.physical,planning,1,1,0,1517226,1517226.0,1517226.0,0
c2-observer-p32-13,32,13,cold-first-data-action,c2.job.graph,planning,1,1,0,56453,56453.0,56453.0,0
c2-observer-p32-13,32,13,cold-first-data-action,c2.job.topology,planning,1,1,0,25449,25449.0,25449.0,0
c2-observer-p32-13,32,13,cold-first-data-action,c2.scheduler.select_assign,scheduler,42,42,0,169972,1675.5,13851.0,0
c2-observer-p32-13,32,13,cold-first-data-action,c2.stage.definition,serialization,2,2,0,305837,152918.5,212844.0,0
c2-observer-p32-13,32,13,cold-first-data-action,c2.stage.physical_encode,serialization,2,2,0,271520,135760.0,200272.0,0
c2-observer-p32-13,32,13,cold-first-data-action,c2.task.preparation_queue,scheduler,40,40,0,94185830,2441340.0,3548106.0,0
c2-observer-p32-13,32,13,cold-first-data-action,c2.task.preparation,scheduler,40,40,0,44916564,870864.5,2202967.0,0
c2-observer-p32-13,32,13,cold-first-data-action,c2.stage.definition_cache_hit,scheduler,2,0,2,,,,0
c2-observer-p32-13,32,13,cold-first-data-action,c2.batch.dispatch,scheduler,4,4,0,10678488,2634501.0,2900803.0,0
c2-observer-p32-13,32,13,cold-first-data-action,c2.task.dispatched,scheduler,40,0,40,,,,0
c2-observer-p32-13,32,13,cold-first-data-action,c2.batch.definition_encode,serialization,4,4,0,89964,24115.5,34926.0,0
c2-observer-p32-13,32,13,cold-first-data-action,c2.batch.definition_decode,serialization,4,4,0,174026,43458.0,60229.0,0
c2-observer-p32-13,32,13,cold-first-data-action,c2.batch.physical_decode,serialization,4,4,0,589363,99882.5,387081.0,0
c2-observer-p32-13,32,13,cold-first-data-action,c2.task.physical_decode,serialization,40,40,0,21808025,296023.0,1315390.0,0
c2-observer-p32-13,32,13,cold-first-data-action,c2.batch.admission,scheduler,4,4,0,4298004,1149285.0,1585921.0,0
c2-observer-p32-13,32,13,cold-first-data-action,c2.task.admitted,scheduler,40,0,40,,,,0
c2-observer-p32-13,32,13,cold-first-data-action,c2.task.terminal,scheduler,40,0,40,,,,0
c2-observer-p32-13,32,13,cold-first-data-action,c2.reader.declaration,stream,32,0,32,,,,0
c2-observer-p32-13,32,13,cold-first-data-action,c2.writer.declaration,stream,40,0,40,,,,0
c2-observer-p32-13,32,13,cold-first-data-action,c2.reader.open,stream,32,32,0,189558845,5998709.5,6847073.0,0
c2-observer-p32-13,32,13,cold-first-data-action,c2.writer.open,stream,40,40,0,29828624,702390.0,1548355.0,0
c2-observer-p32-13,32,13,cold-first-data-action,c2.stream.consumption,stream,114,114,0,652660241,7615301.5,10162669.0,0
c2-observer-p32-13,32,13,cold-first-data-action,c2.stream.owner,stream,186,186,0,1293089427,8432362.5,10496965.0,0
c2-observer-p32-13,32,13,cold-first-data-action,c2.stream.first_poll,stream,114,0,114,,,,0
c2-observer-p32-13,32,13,cold-first-data-action,c2.stream.first_batch,stream,114,0,114,,,,0
c2-observer-p32-13,32,13,cold-first-data-action,c2.sink.commit,stream,40,40,0,429204,5891.0,36443.0,0
c2-observer-p32-13,32,13,cold-first-data-action,c2.sink.abort,stream,0,0,0,,,,0
c2-observer-p32-13,32,13,cold-first-data-action,c2.output.forward,stream,1,1,0,19606577,19606577.0,19606577.0,0
c2-observer-p32-13,32,13,cold-first-data-action,c2.cleanup.dispatch,cleanup,4,4,0,1137808,283388.5,298367.0,0
c2-observer-p32-13,32,13,cold-first-data-action,c2.cleanup.queued_ack,cleanup,4,4,0,25569,6456.5,6671.0,0
c2-observer-p32-13,32,13,cold-first-data-action,c2.cleanup.close_job_executed,cleanup,3,3,0,27052,9010.0,10097.0,0
c2-observer-p32-13,32,13,cold-first-data-action,c2.cleanup.local_streams_removed,cleanup,4,4,0,25691,6353.0,11644.0,0
c2-observer-p32-13,32,13,cold-first-data-action,c2.release.response_buffer,cleanup,33,33,0,104286,2435.0,8800.0,0
c2-observer-p32-13,32,13,cold-first-data-action,c2.release.operation,cleanup,1,1,0,5432,5432.0,5432.0,0
c2-observer-p32-13,32,13,cold-first-data-action,c2.executor.owner,resources,1,1,0,31282619,31282619.0,31282619.0,0
c2-observer-p32-13,32,13,cold-first-data-action,c2.executor.buffer_owner,resources,1,1,0,31286818,31286818.0,31286818.0,0
c2-observer-p32-13,32,13,warm-same-query-same-server,c2.operation.binding,planning,1,0,1,,,,0
c2-observer-p32-13,32,13,warm-same-query-same-server,c2.job.accepted,scheduler,1,0,1,,,,0
c2-observer-p32-13,32,13,warm-same-query-same-server,c2.task.assigned,scheduler,40,0,40,,,,0
c2-observer-p32-13,32,13,warm-same-query-same-server,c2.plan.resolve,planning,1,1,0,647749,647749.0,647749.0,0
c2-observer-p32-13,32,13,warm-same-query-same-server,c2.plan.logical_execute,planning,1,1,0,5707,5707.0,5707.0,0
c2-observer-p32-13,32,13,warm-same-query-same-server,c2.plan.optimize,planning,1,1,0,357165,357165.0,357165.0,0
c2-observer-p32-13,32,13,warm-same-query-same-server,c2.plan.physical,planning,1,1,0,528009,528009.0,528009.0,0
c2-observer-p32-13,32,13,warm-same-query-same-server,c2.job.graph,planning,1,1,0,17286,17286.0,17286.0,0
c2-observer-p32-13,32,13,warm-same-query-same-server,c2.job.topology,planning,1,1,0,12374,12374.0,12374.0,0
c2-observer-p32-13,32,13,warm-same-query-same-server,c2.scheduler.select_assign,scheduler,42,42,0,134131,3125.5,7206.0,0
c2-observer-p32-13,32,13,warm-same-query-same-server,c2.stage.definition,serialization,2,2,0,101767,50883.5,61287.0,0
c2-observer-p32-13,32,13,warm-same-query-same-server,c2.stage.physical_encode,serialization,2,2,0,82088,41044.0,57498.0,0
c2-observer-p32-13,32,13,warm-same-query-same-server,c2.task.preparation_queue,scheduler,40,40,0,1845679,28707.0,178232.0,0
c2-observer-p32-13,32,13,warm-same-query-same-server,c2.task.preparation,scheduler,40,40,0,14924952,346745.5,609041.0,0
c2-observer-p32-13,32,13,warm-same-query-same-server,c2.stage.definition_cache_hit,scheduler,2,0,2,,,,0
c2-observer-p32-13,32,13,warm-same-query-same-server,c2.batch.dispatch,scheduler,4,4,0,3287911,734668.5,1343603.0,0
c2-observer-p32-13,32,13,warm-same-query-same-server,c2.task.dispatched,scheduler,40,0,40,,,,0
c2-observer-p32-13,32,13,warm-same-query-same-server,c2.batch.definition_encode,serialization,4,4,0,75002,16958.0,33731.0,0
c2-observer-p32-13,32,13,warm-same-query-same-server,c2.batch.definition_decode,serialization,4,4,0,63998,14929.5,24479.0,0
c2-observer-p32-13,32,13,warm-same-query-same-server,c2.batch.physical_decode,serialization,4,4,0,102506,24813.0,45145.0,0
c2-observer-p32-13,32,13,warm-same-query-same-server,c2.task.physical_decode,serialization,40,40,0,4349785,91089.5,193796.0,0
c2-observer-p32-13,32,13,warm-same-query-same-server,c2.batch.admission,scheduler,4,4,0,695348,158167.0,332622.0,0
c2-observer-p32-13,32,13,warm-same-query-same-server,c2.task.admitted,scheduler,40,0,40,,,,0
c2-observer-p32-13,32,13,warm-same-query-same-server,c2.task.terminal,scheduler,40,0,40,,,,0
c2-observer-p32-13,32,13,warm-same-query-same-server,c2.reader.declaration,stream,32,0,32,,,,0
c2-observer-p32-13,32,13,warm-same-query-same-server,c2.writer.declaration,stream,40,0,40,,,,0
c2-observer-p32-13,32,13,warm-same-query-same-server,c2.reader.open,stream,32,32,0,173169989,5975996.5,7032171.0,0
c2-observer-p32-13,32,13,warm-same-query-same-server,c2.writer.open,stream,40,40,0,57557397,1556296.5,1912223.0,0
c2-observer-p32-13,32,13,warm-same-query-same-server,c2.stream.consumption,stream,114,114,0,527299013,4937133.0,9378280.0,0
c2-observer-p32-13,32,13,warm-same-query-same-server,c2.stream.owner,stream,186,186,0,1074542110,6971897.0,9650023.0,0
c2-observer-p32-13,32,13,warm-same-query-same-server,c2.stream.first_poll,stream,114,0,114,,,,0
c2-observer-p32-13,32,13,warm-same-query-same-server,c2.stream.first_batch,stream,114,0,114,,,,0
c2-observer-p32-13,32,13,warm-same-query-same-server,c2.sink.commit,stream,40,40,0,400122,4304.5,32515.0,0
c2-observer-p32-13,32,13,warm-same-query-same-server,c2.sink.abort,stream,0,0,0,,,,0
c2-observer-p32-13,32,13,warm-same-query-same-server,c2.output.forward,stream,1,1,0,12661252,12661252.0,12661252.0,0
c2-observer-p32-13,32,13,warm-same-query-same-server,c2.cleanup.dispatch,cleanup,4,4,0,978442,242825.5,260703.0,0
c2-observer-p32-13,32,13,warm-same-query-same-server,c2.cleanup.queued_ack,cleanup,4,4,0,42831,10968.0,12596.0,0
c2-observer-p32-13,32,13,warm-same-query-same-server,c2.cleanup.close_job_executed,cleanup,3,3,0,16174,5460.0,6119.0,0
c2-observer-p32-13,32,13,warm-same-query-same-server,c2.cleanup.local_streams_removed,cleanup,4,4,0,20751,5079.5,9346.0,0
c2-observer-p32-13,32,13,warm-same-query-same-server,c2.release.response_buffer,cleanup,33,33,0,91345,2534.0,3902.0,0
c2-observer-p32-13,32,13,warm-same-query-same-server,c2.release.operation,cleanup,1,1,0,2207,2207.0,2207.0,0
c2-observer-p32-13,32,13,warm-same-query-same-server,c2.executor.owner,resources,1,1,0,24818806,24818806.0,24818806.0,0
c2-observer-p32-13,32,13,warm-same-query-same-server,c2.executor.buffer_owner,resources,1,1,0,24819519,24819519.0,24819519.0,0
c2-observer-p4-14,4,14,cold-first-data-action,c2.operation.binding,planning,1,0,1,,,,0
c2-observer-p4-14,4,14,cold-first-data-action,c2.job.accepted,scheduler,1,0,1,,,,0
c2-observer-p4-14,4,14,cold-first-data-action,c2.task.assigned,scheduler,8,0,8,,,,0
c2-observer-p4-14,4,14,cold-first-data-action,c2.plan.resolve,planning,1,1,0,510768,510768.0,510768.0,0
c2-observer-p4-14,4,14,cold-first-data-action,c2.plan.logical_execute,planning,1,1,0,12349,12349.0,12349.0,0
c2-observer-p4-14,4,14,cold-first-data-action,c2.plan.optimize,planning,1,1,0,820954,820954.0,820954.0,0
c2-observer-p4-14,4,14,cold-first-data-action,c2.plan.physical,planning,1,1,0,1576061,1576061.0,1576061.0,0
c2-observer-p4-14,4,14,cold-first-data-action,c2.job.graph,planning,1,1,0,55399,55399.0,55399.0,0
c2-observer-p4-14,4,14,cold-first-data-action,c2.job.topology,planning,1,1,0,19873,19873.0,19873.0,0
c2-observer-p4-14,4,14,cold-first-data-action,c2.scheduler.select_assign,scheduler,10,10,0,39321,2346.5,12971.0,0
c2-observer-p4-14,4,14,cold-first-data-action,c2.stage.definition,serialization,2,2,0,289774,144887.0,213630.0,0
c2-observer-p4-14,4,14,cold-first-data-action,c2.stage.physical_encode,serialization,2,2,0,272978,136489.0,200714.0,0
c2-observer-p4-14,4,14,cold-first-data-action,c2.task.preparation_queue,scheduler,8,8,0,2119920,288167.0,347816.0,0
c2-observer-p4-14,4,14,cold-first-data-action,c2.task.preparation,scheduler,8,8,0,8572986,1038205.5,1356944.0,0
c2-observer-p4-14,4,14,cold-first-data-action,c2.stage.definition_cache_hit,scheduler,2,0,2,,,,0
c2-observer-p4-14,4,14,cold-first-data-action,c2.batch.dispatch,scheduler,4,4,0,5452634,1369372.5,1443101.0,0
c2-observer-p4-14,4,14,cold-first-data-action,c2.task.dispatched,scheduler,8,0,8,,,,0
c2-observer-p4-14,4,14,cold-first-data-action,c2.batch.definition_encode,serialization,4,4,0,49803,13401.0,15138.0,0
c2-observer-p4-14,4,14,cold-first-data-action,c2.batch.definition_decode,serialization,4,4,0,139184,33370.0,50877.0,0
c2-observer-p4-14,4,14,cold-first-data-action,c2.batch.physical_decode,serialization,4,4,0,223299,61399.5,98866.0,0
c2-observer-p4-14,4,14,cold-first-data-action,c2.task.physical_decode,serialization,8,8,0,5308598,637193.0,888780.0,0
c2-observer-p4-14,4,14,cold-first-data-action,c2.batch.admission,scheduler,4,4,0,950269,211389.5,369523.0,0
c2-observer-p4-14,4,14,cold-first-data-action,c2.task.admitted,scheduler,8,0,8,,,,0
c2-observer-p4-14,4,14,cold-first-data-action,c2.task.terminal,scheduler,8,0,8,,,,0
c2-observer-p4-14,4,14,cold-first-data-action,c2.reader.declaration,stream,4,0,4,,,,0
c2-observer-p4-14,4,14,cold-first-data-action,c2.writer.declaration,stream,8,0,8,,,,0
c2-observer-p4-14,4,14,cold-first-data-action,c2.reader.open,stream,4,4,0,3075735,761546.5,800118.0,0
c2-observer-p4-14,4,14,cold-first-data-action,c2.writer.open,stream,8,8,0,396163,46747.5,83525.0,0
c2-observer-p4-14,4,14,cold-first-data-action,c2.stream.consumption,stream,22,22,0,79287501,2764496.0,8343098.0,0
c2-observer-p4-14,4,14,cold-first-data-action,c2.stream.owner,stream,34,34,0,127423723,3781783.5,8662742.0,0
c2-observer-p4-14,4,14,cold-first-data-action,c2.stream.first_poll,stream,22,0,22,,,,0
c2-observer-p4-14,4,14,cold-first-data-action,c2.stream.first_batch,stream,22,0,22,,,,0
c2-observer-p4-14,4,14,cold-first-data-action,c2.sink.commit,stream,8,8,0,51553,4347.5,14518.0,0
c2-observer-p4-14,4,14,cold-first-data-action,c2.sink.abort,stream,0,0,0,,,,0
c2-observer-p4-14,4,14,cold-first-data-action,c2.output.forward,stream,1,1,0,8262628,8262628.0,8262628.0,0
c2-observer-p4-14,4,14,cold-first-data-action,c2.cleanup.dispatch,cleanup,4,4,0,1128508,281956.0,326702.0,0
c2-observer-p4-14,4,14,cold-first-data-action,c2.cleanup.queued_ack,cleanup,4,4,0,42788,10339.0,15162.0,0
c2-observer-p4-14,4,14,cold-first-data-action,c2.cleanup.close_job_executed,cleanup,3,3,0,23720,6617.0,11639.0,0
c2-observer-p4-14,4,14,cold-first-data-action,c2.cleanup.local_streams_removed,cleanup,4,4,0,12356,2927.0,5297.0,0
c2-observer-p4-14,4,14,cold-first-data-action,c2.release.response_buffer,cleanup,5,5,0,20983,2813.0,7614.0,0
c2-observer-p4-14,4,14,cold-first-data-action,c2.release.operation,cleanup,1,1,0,5494,5494.0,5494.0,0
c2-observer-p4-14,4,14,cold-first-data-action,c2.executor.owner,resources,1,1,0,12588886,12588886.0,12588886.0,0
c2-observer-p4-14,4,14,cold-first-data-action,c2.executor.buffer_owner,resources,1,1,0,12590846,12590846.0,12590846.0,0
c2-observer-p4-14,4,14,warm-same-query-same-server,c2.operation.binding,planning,1,0,1,,,,0
c2-observer-p4-14,4,14,warm-same-query-same-server,c2.job.accepted,scheduler,1,0,1,,,,0
c2-observer-p4-14,4,14,warm-same-query-same-server,c2.task.assigned,scheduler,8,0,8,,,,0
c2-observer-p4-14,4,14,warm-same-query-same-server,c2.plan.resolve,planning,1,1,0,691537,691537.0,691537.0,0
c2-observer-p4-14,4,14,warm-same-query-same-server,c2.plan.logical_execute,planning,1,1,0,6128,6128.0,6128.0,0
c2-observer-p4-14,4,14,warm-same-query-same-server,c2.plan.optimize,planning,1,1,0,353584,353584.0,353584.0,0
c2-observer-p4-14,4,14,warm-same-query-same-server,c2.plan.physical,planning,1,1,0,614085,614085.0,614085.0,0
c2-observer-p4-14,4,14,warm-same-query-same-server,c2.job.graph,planning,1,1,0,15754,15754.0,15754.0,0
c2-observer-p4-14,4,14,warm-same-query-same-server,c2.job.topology,planning,1,1,0,5099,5099.0,5099.0,0
c2-observer-p4-14,4,14,warm-same-query-same-server,c2.scheduler.select_assign,scheduler,10,10,0,30311,2580.0,7016.0,0
c2-observer-p4-14,4,14,warm-same-query-same-server,c2.stage.definition,serialization,2,2,0,127638,63819.0,75747.0,0
c2-observer-p4-14,4,14,warm-same-query-same-server,c2.stage.physical_encode,serialization,2,2,0,119561,59780.5,72139.0,0
c2-observer-p4-14,4,14,warm-same-query-same-server,c2.task.preparation_queue,scheduler,8,8,0,141427,17781.5,21312.0,0
c2-observer-p4-14,4,14,warm-same-query-same-server,c2.task.preparation,scheduler,8,8,0,2005486,262832.0,306173.0,0
c2-observer-p4-14,4,14,warm-same-query-same-server,c2.stage.definition_cache_hit,scheduler,2,0,2,,,,0
c2-observer-p4-14,4,14,warm-same-query-same-server,c2.batch.dispatch,scheduler,4,4,0,2219418,553330.0,583808.0,0
c2-observer-p4-14,4,14,warm-same-query-same-server,c2.task.dispatched,scheduler,8,0,8,,,,0
c2-observer-p4-14,4,14,warm-same-query-same-server,c2.batch.definition_encode,serialization,4,4,0,38629,7093.5,20667.0,0
c2-observer-p4-14,4,14,warm-same-query-same-server,c2.batch.definition_decode,serialization,4,4,0,36634,9201.0,11896.0,0
c2-observer-p4-14,4,14,warm-same-query-same-server,c2.batch.physical_decode,serialization,4,4,0,95756,24596.0,40188.0,0
c2-observer-p4-14,4,14,warm-same-query-same-server,c2.task.physical_decode,serialization,8,8,0,803725,79997.0,188760.0,0
c2-observer-p4-14,4,14,warm-same-query-same-server,c2.batch.admission,scheduler,4,4,0,402187,116194.5,127987.0,0
c2-observer-p4-14,4,14,warm-same-query-same-server,c2.task.admitted,scheduler,8,0,8,,,,0
c2-observer-p4-14,4,14,warm-same-query-same-server,c2.task.terminal,scheduler,8,0,8,,,,0
c2-observer-p4-14,4,14,warm-same-query-same-server,c2.reader.declaration,stream,4,0,4,,,,0
c2-observer-p4-14,4,14,warm-same-query-same-server,c2.writer.declaration,stream,8,0,8,,,,0
c2-observer-p4-14,4,14,warm-same-query-same-server,c2.reader.open,stream,4,4,0,2196252,532777.5,659506.0,0
c2-observer-p4-14,4,14,warm-same-query-same-server,c2.writer.open,stream,8,8,0,355696,47336.0,58946.0,0
c2-observer-p4-14,4,14,warm-same-query-same-server,c2.stream.consumption,stream,22,22,0,38793168,1317162.0,4433276.0,0
c2-observer-p4-14,4,14,warm-same-query-same-server,c2.stream.owner,stream,34,34,0,64506235,1978314.5,5261446.0,0
c2-observer-p4-14,4,14,warm-same-query-same-server,c2.stream.first_poll,stream,22,0,22,,,,0
c2-observer-p4-14,4,14,warm-same-query-same-server,c2.stream.first_batch,stream,22,0,22,,,,0
c2-observer-p4-14,4,14,warm-same-query-same-server,c2.sink.commit,stream,8,8,0,50969,4532.0,14680.0,0
c2-observer-p4-14,4,14,warm-same-query-same-server,c2.sink.abort,stream,0,0,0,,,,0
c2-observer-p4-14,4,14,warm-same-query-same-server,c2.output.forward,stream,1,1,0,3862002,3862002.0,3862002.0,0
c2-observer-p4-14,4,14,warm-same-query-same-server,c2.cleanup.dispatch,cleanup,4,4,0,1104328,244104.0,380912.0,0
c2-observer-p4-14,4,14,warm-same-query-same-server,c2.cleanup.queued_ack,cleanup,4,4,0,31444,7186.0,11173.0,0
c2-observer-p4-14,4,14,warm-same-query-same-server,c2.cleanup.close_job_executed,cleanup,3,3,0,10127,3207.0,3865.0,0
c2-observer-p4-14,4,14,warm-same-query-same-server,c2.cleanup.local_streams_removed,cleanup,4,4,0,8699,1942.5,3492.0,0
c2-observer-p4-14,4,14,warm-same-query-same-server,c2.release.response_buffer,cleanup,5,5,0,17645,2648.0,6685.0,0
c2-observer-p4-14,4,14,warm-same-query-same-server,c2.release.operation,cleanup,1,1,0,2117,2117.0,2117.0,0
c2-observer-p4-14,4,14,warm-same-query-same-server,c2.executor.owner,resources,1,1,0,7191708,7191708.0,7191708.0,0
c2-observer-p4-14,4,14,warm-same-query-same-server,c2.executor.buffer_owner,resources,1,1,0,7193814,7193814.0,7193814.0,0
c2-observer-p16-14,16,14,cold-first-data-action,c2.operation.binding,planning,1,0,1,,,,0
c2-observer-p16-14,16,14,cold-first-data-action,c2.job.accepted,scheduler,1,0,1,,,,0
c2-observer-p16-14,16,14,cold-first-data-action,c2.task.assigned,scheduler,24,0,24,,,,0
c2-observer-p16-14,16,14,cold-first-data-action,c2.plan.resolve,planning,1,1,0,548527,548527.0,548527.0,0
c2-observer-p16-14,16,14,cold-first-data-action,c2.plan.logical_execute,planning,1,1,0,13161,13161.0,13161.0,0
c2-observer-p16-14,16,14,cold-first-data-action,c2.plan.optimize,planning,1,1,0,861929,861929.0,861929.0,0
c2-observer-p16-14,16,14,cold-first-data-action,c2.plan.physical,planning,1,1,0,1640050,1640050.0,1640050.0,0
c2-observer-p16-14,16,14,cold-first-data-action,c2.job.graph,planning,1,1,0,65407,65407.0,65407.0,0
c2-observer-p16-14,16,14,cold-first-data-action,c2.job.topology,planning,1,1,0,21323,21323.0,21323.0,0
c2-observer-p16-14,16,14,cold-first-data-action,c2.scheduler.select_assign,scheduler,26,26,0,93440,2597.0,12213.0,0
c2-observer-p16-14,16,14,cold-first-data-action,c2.stage.definition,serialization,2,2,0,301562,150781.0,220783.0,0
c2-observer-p16-14,16,14,cold-first-data-action,c2.stage.physical_encode,serialization,2,2,0,277077,138538.5,208599.0,0
c2-observer-p16-14,16,14,cold-first-data-action,c2.task.preparation_queue,scheduler,24,24,0,38073206,1644877.5,2519882.0,0
c2-observer-p16-14,16,14,cold-first-data-action,c2.task.preparation,scheduler,24,24,0,39777098,1624225.5,2579926.0,0
c2-observer-p16-14,16,14,cold-first-data-action,c2.stage.definition_cache_hit,scheduler,2,0,2,,,,0
c2-observer-p16-14,16,14,cold-first-data-action,c2.batch.dispatch,scheduler,4,4,0,11844147,3202846.0,3352604.0,0
c2-observer-p16-14,16,14,cold-first-data-action,c2.task.dispatched,scheduler,24,0,24,,,,0
c2-observer-p16-14,16,14,cold-first-data-action,c2.batch.definition_encode,serialization,4,4,0,63148,15190.5,25597.0,0
c2-observer-p16-14,16,14,cold-first-data-action,c2.batch.definition_decode,serialization,4,4,0,152380,37062.5,58266.0,0
c2-observer-p16-14,16,14,cold-first-data-action,c2.batch.physical_decode,serialization,4,4,0,223988,60021.5,102303.0,0
c2-observer-p16-14,16,14,cold-first-data-action,c2.task.physical_decode,serialization,24,24,0,23544740,969489.0,1796685.0,0
c2-observer-p16-14,16,14,cold-first-data-action,c2.batch.admission,scheduler,4,4,0,3155928,871930.0,1230124.0,0
c2-observer-p16-14,16,14,cold-first-data-action,c2.task.admitted,scheduler,24,0,24,,,,0
c2-observer-p16-14,16,14,cold-first-data-action,c2.task.terminal,scheduler,24,0,24,,,,0
c2-observer-p16-14,16,14,cold-first-data-action,c2.reader.declaration,stream,16,0,16,,,,0
c2-observer-p16-14,16,14,cold-first-data-action,c2.writer.declaration,stream,24,0,24,,,,0
c2-observer-p16-14,16,14,cold-first-data-action,c2.reader.open,stream,16,16,0,61807949,4137607.5,5327415.0,0
c2-observer-p16-14,16,14,cold-first-data-action,c2.writer.open,stream,24,24,0,4253834,192233.5,408996.0,0
c2-observer-p16-14,16,14,cold-first-data-action,c2.stream.consumption,stream,66,66,0,269119240,5322931.0,6637450.0,0
c2-observer-p16-14,16,14,cold-first-data-action,c2.stream.owner,stream,106,106,0,500524772,5854716.0,6815381.0,0
c2-observer-p16-14,16,14,cold-first-data-action,c2.stream.first_poll,stream,66,0,66,,,,0
c2-observer-p16-14,16,14,cold-first-data-action,c2.stream.first_batch,stream,66,0,66,,,,0
c2-observer-p16-14,16,14,cold-first-data-action,c2.sink.commit,stream,24,24,0,250156,3351.5,32322.0,0
c2-observer-p16-14,16,14,cold-first-data-action,c2.sink.abort,stream,0,0,0,,,,0
c2-observer-p16-14,16,14,cold-first-data-action,c2.output.forward,stream,1,1,0,15243069,15243069.0,15243069.0,0
c2-observer-p16-14,16,14,cold-first-data-action,c2.cleanup.dispatch,cleanup,4,4,0,1115408,282866.5,313937.0,0
c2-observer-p16-14,16,14,cold-first-data-action,c2.cleanup.queued_ack,cleanup,4,4,0,26162,6630.0,7077.0,0
c2-observer-p16-14,16,14,cold-first-data-action,c2.cleanup.close_job_executed,cleanup,3,3,0,24661,8087.0,9143.0,0
c2-observer-p16-14,16,14,cold-first-data-action,c2.cleanup.local_streams_removed,cleanup,4,4,0,18188,4479.5,7806.0,0
c2-observer-p16-14,16,14,cold-first-data-action,c2.release.response_buffer,cleanup,17,17,0,53722,2461.0,7418.0,0
c2-observer-p16-14,16,14,cold-first-data-action,c2.release.operation,cleanup,1,1,0,4920,4920.0,4920.0,0
c2-observer-p16-14,16,14,cold-first-data-action,c2.executor.owner,resources,1,1,0,21098726,21098726.0,21098726.0,0
c2-observer-p16-14,16,14,cold-first-data-action,c2.executor.buffer_owner,resources,1,1,0,21103263,21103263.0,21103263.0,0
c2-observer-p16-14,16,14,warm-same-query-same-server,c2.operation.binding,planning,1,0,1,,,,0
c2-observer-p16-14,16,14,warm-same-query-same-server,c2.job.accepted,scheduler,1,0,1,,,,0
c2-observer-p16-14,16,14,warm-same-query-same-server,c2.task.assigned,scheduler,24,0,24,,,,0
c2-observer-p16-14,16,14,warm-same-query-same-server,c2.plan.resolve,planning,1,1,0,704133,704133.0,704133.0,0
c2-observer-p16-14,16,14,warm-same-query-same-server,c2.plan.logical_execute,planning,1,1,0,5021,5021.0,5021.0,0
c2-observer-p16-14,16,14,warm-same-query-same-server,c2.plan.optimize,planning,1,1,0,355248,355248.0,355248.0,0
c2-observer-p16-14,16,14,warm-same-query-same-server,c2.plan.physical,planning,1,1,0,511933,511933.0,511933.0,0
c2-observer-p16-14,16,14,warm-same-query-same-server,c2.job.graph,planning,1,1,0,15411,15411.0,15411.0,0
c2-observer-p16-14,16,14,warm-same-query-same-server,c2.job.topology,planning,1,1,0,9304,9304.0,9304.0,0
c2-observer-p16-14,16,14,warm-same-query-same-server,c2.scheduler.select_assign,scheduler,26,26,0,150111,2738.5,11212.0,0
c2-observer-p16-14,16,14,warm-same-query-same-server,c2.stage.definition,serialization,2,2,0,108472,54236.0,73466.0,0
c2-observer-p16-14,16,14,warm-same-query-same-server,c2.stage.physical_encode,serialization,2,2,0,95418,47709.0,69961.0,0
c2-observer-p16-14,16,14,warm-same-query-same-server,c2.task.preparation_queue,scheduler,24,24,0,857748,35568.5,50766.0,0
c2-observer-p16-14,16,14,warm-same-query-same-server,c2.task.preparation,scheduler,24,24,0,7478859,311546.0,566579.0,0
c2-observer-p16-14,16,14,warm-same-query-same-server,c2.stage.definition_cache_hit,scheduler,2,0,2,,,,0
c2-observer-p16-14,16,14,warm-same-query-same-server,c2.batch.dispatch,scheduler,4,4,0,2837775,601540.5,1198459.0,0
c2-observer-p16-14,16,14,warm-same-query-same-server,c2.task.dispatched,scheduler,24,0,24,,,,0
c2-observer-p16-14,16,14,warm-same-query-same-server,c2.batch.definition_encode,serialization,4,4,0,31880,8245.0,11333.0,0
c2-observer-p16-14,16,14,warm-same-query-same-server,c2.batch.definition_decode,serialization,4,4,0,70006,17025.5,24025.0,0
c2-observer-p16-14,16,14,warm-same-query-same-server,c2.batch.physical_decode,serialization,4,4,0,93295,24307.5,38359.0,0
c2-observer-p16-14,16,14,warm-same-query-same-server,c2.task.physical_decode,serialization,24,24,0,2448736,69363.0,199262.0,0
c2-observer-p16-14,16,14,warm-same-query-same-server,c2.batch.admission,scheduler,4,4,0,591369,123943.0,295394.0,0
c2-observer-p16-14,16,14,warm-same-query-same-server,c2.task.admitted,scheduler,24,0,24,,,,0
c2-observer-p16-14,16,14,warm-same-query-same-server,c2.task.terminal,scheduler,24,0,24,,,,0
c2-observer-p16-14,16,14,warm-same-query-same-server,c2.reader.declaration,stream,16,0,16,,,,0
c2-observer-p16-14,16,14,warm-same-query-same-server,c2.writer.declaration,stream,24,0,24,,,,0
c2-observer-p16-14,16,14,warm-same-query-same-server,c2.reader.open,stream,16,16,0,50111390,3395072.0,4212186.0,0
c2-observer-p16-14,16,14,warm-same-query-same-server,c2.writer.open,stream,24,24,0,13421086,590555.0,805950.0,0
c2-observer-p16-14,16,14,warm-same-query-same-server,c2.stream.consumption,stream,66,66,0,183664049,2702563.0,5190998.0,0
c2-observer-p16-14,16,14,warm-same-query-same-server,c2.stream.owner,stream,106,106,0,356788747,4085992.0,5422450.0,0
c2-observer-p16-14,16,14,warm-same-query-same-server,c2.stream.first_poll,stream,66,0,66,,,,0
c2-observer-p16-14,16,14,warm-same-query-same-server,c2.stream.first_batch,stream,66,0,66,,,,0
c2-observer-p16-14,16,14,warm-same-query-same-server,c2.sink.commit,stream,24,24,0,166665,4127.0,17781.0,0
c2-observer-p16-14,16,14,warm-same-query-same-server,c2.sink.abort,stream,0,0,0,,,,0
c2-observer-p16-14,16,14,warm-same-query-same-server,c2.output.forward,stream,1,1,0,8563413,8563413.0,8563413.0,0
c2-observer-p16-14,16,14,warm-same-query-same-server,c2.cleanup.dispatch,cleanup,4,4,0,1230728,307290.0,343737.0,0
c2-observer-p16-14,16,14,warm-same-query-same-server,c2.cleanup.queued_ack,cleanup,4,4,0,27125,6739.5,7809.0,0
c2-observer-p16-14,16,14,warm-same-query-same-server,c2.cleanup.close_job_executed,cleanup,3,3,0,11085,3852.0,4643.0,0
c2-observer-p16-14,16,14,warm-same-query-same-server,c2.cleanup.local_streams_removed,cleanup,4,4,0,19505,3730.0,10515.0,0
c2-observer-p16-14,16,14,warm-same-query-same-server,c2.release.response_buffer,cleanup,17,17,0,56164,2540.0,8821.0,0
c2-observer-p16-14,16,14,warm-same-query-same-server,c2.release.operation,cleanup,1,1,0,2092,2092.0,2092.0,0
c2-observer-p16-14,16,14,warm-same-query-same-server,c2.executor.owner,resources,1,1,0,14080846,14080846.0,14080846.0,0
c2-observer-p16-14,16,14,warm-same-query-same-server,c2.executor.buffer_owner,resources,1,1,0,14078684,14078684.0,14078684.0,0
c2-observer-p32-14,32,14,cold-first-data-action,c2.operation.binding,planning,1,0,1,,,,0
c2-observer-p32-14,32,14,cold-first-data-action,c2.job.accepted,scheduler,1,0,1,,,,0
c2-observer-p32-14,32,14,cold-first-data-action,c2.task.assigned,scheduler,40,0,40,,,,0
c2-observer-p32-14,32,14,cold-first-data-action,c2.plan.resolve,planning,1,1,0,473330,473330.0,473330.0,0
c2-observer-p32-14,32,14,cold-first-data-action,c2.plan.logical_execute,planning,1,1,0,12277,12277.0,12277.0,0
c2-observer-p32-14,32,14,cold-first-data-action,c2.plan.optimize,planning,1,1,0,813981,813981.0,813981.0,0
c2-observer-p32-14,32,14,cold-first-data-action,c2.plan.physical,planning,1,1,0,1514208,1514208.0,1514208.0,0
c2-observer-p32-14,32,14,cold-first-data-action,c2.job.graph,planning,1,1,0,76413,76413.0,76413.0,0
c2-observer-p32-14,32,14,cold-first-data-action,c2.job.topology,planning,1,1,0,22879,22879.0,22879.0,0
c2-observer-p32-14,32,14,cold-first-data-action,c2.scheduler.select_assign,scheduler,42,42,0,141322,1543.0,9361.0,0
c2-observer-p32-14,32,14,cold-first-data-action,c2.stage.definition,serialization,2,2,0,363298,181649.0,246226.0,0
c2-observer-p32-14,32,14,cold-first-data-action,c2.stage.physical_encode,serialization,2,2,0,323412,161706.0,232660.0,0
c2-observer-p32-14,32,14,cold-first-data-action,c2.task.preparation_queue,scheduler,40,40,0,120746331,3729223.5,4649039.0,0
c2-observer-p32-14,32,14,cold-first-data-action,c2.task.preparation,scheduler,40,40,0,57173702,1521593.0,2428800.0,0
c2-observer-p32-14,32,14,cold-first-data-action,c2.stage.definition_cache_hit,scheduler,2,0,2,,,,0
c2-observer-p32-14,32,14,cold-first-data-action,c2.batch.dispatch,scheduler,4,4,0,9549221,2395424.0,2489133.0,0
c2-observer-p32-14,32,14,cold-first-data-action,c2.task.dispatched,scheduler,40,0,40,,,,0
c2-observer-p32-14,32,14,cold-first-data-action,c2.batch.definition_encode,serialization,4,4,0,81725,23080.0,26073.0,0
c2-observer-p32-14,32,14,cold-first-data-action,c2.batch.definition_decode,serialization,4,4,0,142348,32677.5,56248.0,0
c2-observer-p32-14,32,14,cold-first-data-action,c2.batch.physical_decode,serialization,4,4,0,244362,61942.5,112921.0,0
c2-observer-p32-14,32,14,cold-first-data-action,c2.task.physical_decode,serialization,40,40,0,27932510,634136.0,1375507.0,0
c2-observer-p32-14,32,14,cold-first-data-action,c2.batch.admission,scheduler,4,4,0,3230006,799046.5,1409767.0,0
c2-observer-p32-14,32,14,cold-first-data-action,c2.task.admitted,scheduler,40,0,40,,,,0
c2-observer-p32-14,32,14,cold-first-data-action,c2.task.terminal,scheduler,40,0,40,,,,0
c2-observer-p32-14,32,14,cold-first-data-action,c2.reader.declaration,stream,32,0,32,,,,0
c2-observer-p32-14,32,14,cold-first-data-action,c2.writer.declaration,stream,40,0,40,,,,0
c2-observer-p32-14,32,14,cold-first-data-action,c2.reader.open,stream,32,32,0,174043586,5423643.5,6861140.0,0
c2-observer-p32-14,32,14,cold-first-data-action,c2.writer.open,stream,40,40,0,48167726,975907.5,2321935.0,0
c2-observer-p32-14,32,14,cold-first-data-action,c2.stream.consumption,stream,114,114,0,600060062,6420138.5,9071401.0,0
c2-observer-p32-14,32,14,cold-first-data-action,c2.stream.owner,stream,186,186,0,1202506432,7684735.5,10141527.0,0
c2-observer-p32-14,32,14,cold-first-data-action,c2.stream.first_poll,stream,114,0,114,,,,0
c2-observer-p32-14,32,14,cold-first-data-action,c2.stream.first_batch,stream,114,0,114,,,,0
c2-observer-p32-14,32,14,cold-first-data-action,c2.sink.commit,stream,40,40,0,383259,4324.5,31678.0,0
c2-observer-p32-14,32,14,cold-first-data-action,c2.sink.abort,stream,0,0,0,,,,0
c2-observer-p32-14,32,14,cold-first-data-action,c2.output.forward,stream,1,1,0,20497324,20497324.0,20497324.0,0
c2-observer-p32-14,32,14,cold-first-data-action,c2.cleanup.dispatch,cleanup,4,4,0,1239819,307496.5,353783.0,0
c2-observer-p32-14,32,14,cold-first-data-action,c2.cleanup.queued_ack,cleanup,4,4,0,33869,7116.0,13345.0,0
c2-observer-p32-14,32,14,cold-first-data-action,c2.cleanup.close_job_executed,cleanup,3,3,0,29386,8956.0,12638.0,0
c2-observer-p32-14,32,14,cold-first-data-action,c2.cleanup.local_streams_removed,cleanup,4,4,0,21656,5185.0,9594.0,0
c2-observer-p32-14,32,14,cold-first-data-action,c2.release.response_buffer,cleanup,33,33,0,89590,2236.0,6070.0,0
c2-observer-p32-14,32,14,cold-first-data-action,c2.release.operation,cleanup,1,1,0,4935,4935.0,4935.0,0
c2-observer-p32-14,32,14,cold-first-data-action,c2.executor.owner,resources,1,1,0,31148731,31148731.0,31148731.0,0
c2-observer-p32-14,32,14,cold-first-data-action,c2.executor.buffer_owner,resources,1,1,0,31150946,31150946.0,31150946.0,0
c2-observer-p32-14,32,14,warm-same-query-same-server,c2.operation.binding,planning,1,0,1,,,,0
c2-observer-p32-14,32,14,warm-same-query-same-server,c2.job.accepted,scheduler,1,0,1,,,,0
c2-observer-p32-14,32,14,warm-same-query-same-server,c2.task.assigned,scheduler,40,0,40,,,,0
c2-observer-p32-14,32,14,warm-same-query-same-server,c2.plan.resolve,planning,1,1,0,700651,700651.0,700651.0,0
c2-observer-p32-14,32,14,warm-same-query-same-server,c2.plan.logical_execute,planning,1,1,0,5253,5253.0,5253.0,0
c2-observer-p32-14,32,14,warm-same-query-same-server,c2.plan.optimize,planning,1,1,0,354813,354813.0,354813.0,0
c2-observer-p32-14,32,14,warm-same-query-same-server,c2.plan.physical,planning,1,1,0,550789,550789.0,550789.0,0
c2-observer-p32-14,32,14,warm-same-query-same-server,c2.job.graph,planning,1,1,0,16060,16060.0,16060.0,0
c2-observer-p32-14,32,14,warm-same-query-same-server,c2.job.topology,planning,1,1,0,8789,8789.0,8789.0,0
c2-observer-p32-14,32,14,warm-same-query-same-server,c2.scheduler.select_assign,scheduler,42,42,0,127663,2397.5,4705.0,0
c2-observer-p32-14,32,14,warm-same-query-same-server,c2.stage.definition,serialization,2,2,0,123348,61674.0,77700.0,0
c2-observer-p32-14,32,14,warm-same-query-same-server,c2.stage.physical_encode,serialization,2,2,0,97924,48962.0,74228.0,0
c2-observer-p32-14,32,14,warm-same-query-same-server,c2.task.preparation_queue,scheduler,40,40,0,1304088,24240.0,65763.0,0
c2-observer-p32-14,32,14,warm-same-query-same-server,c2.task.preparation,scheduler,40,40,0,14062074,353659.0,595873.0,0
c2-observer-p32-14,32,14,warm-same-query-same-server,c2.stage.definition_cache_hit,scheduler,2,0,2,,,,0
c2-observer-p32-14,32,14,warm-same-query-same-server,c2.batch.dispatch,scheduler,4,4,0,2835825,723683.5,952647.0,0
c2-observer-p32-14,32,14,warm-same-query-same-server,c2.task.dispatched,scheduler,40,0,40,,,,0
c2-observer-p32-14,32,14,warm-same-query-same-server,c2.batch.definition_encode,serialization,4,4,0,77753,18768.5,27879.0,0
c2-observer-p32-14,32,14,warm-same-query-same-server,c2.batch.definition_decode,serialization,4,4,0,69188,17676.5,23866.0,0
c2-observer-p32-14,32,14,warm-same-query-same-server,c2.batch.physical_decode,serialization,4,4,0,81418,17229.0,39606.0,0
c2-observer-p32-14,32,14,warm-same-query-same-server,c2.task.physical_decode,serialization,40,40,0,4245092,70312.0,273856.0,0
c2-observer-p32-14,32,14,warm-same-query-same-server,c2.batch.admission,scheduler,4,4,0,739972,136247.0,424033.0,0
c2-observer-p32-14,32,14,warm-same-query-same-server,c2.task.admitted,scheduler,40,0,40,,,,0
c2-observer-p32-14,32,14,warm-same-query-same-server,c2.task.terminal,scheduler,40,0,40,,,,0
c2-observer-p32-14,32,14,warm-same-query-same-server,c2.reader.declaration,stream,32,0,32,,,,0
c2-observer-p32-14,32,14,warm-same-query-same-server,c2.writer.declaration,stream,40,0,40,,,,0
c2-observer-p32-14,32,14,warm-same-query-same-server,c2.reader.open,stream,32,32,0,173392259,5690081.0,7182183.0,0
c2-observer-p32-14,32,14,warm-same-query-same-server,c2.writer.open,stream,40,40,0,57400432,1591648.5,1803242.0,0
c2-observer-p32-14,32,14,warm-same-query-same-server,c2.stream.consumption,stream,114,114,0,523250160,5754372.0,9116391.0,0
c2-observer-p32-14,32,14,warm-same-query-same-server,c2.stream.owner,stream,186,186,0,1069474172,6831567.0,9258275.0,0
c2-observer-p32-14,32,14,warm-same-query-same-server,c2.stream.first_poll,stream,114,0,114,,,,0
c2-observer-p32-14,32,14,warm-same-query-same-server,c2.stream.first_batch,stream,114,0,114,,,,0
c2-observer-p32-14,32,14,warm-same-query-same-server,c2.sink.commit,stream,40,40,0,399267,4514.0,28306.0,0
c2-observer-p32-14,32,14,warm-same-query-same-server,c2.sink.abort,stream,0,0,0,,,,0
c2-observer-p32-14,32,14,warm-same-query-same-server,c2.output.forward,stream,1,1,0,12334804,12334804.0,12334804.0,0
c2-observer-p32-14,32,14,warm-same-query-same-server,c2.cleanup.dispatch,cleanup,4,4,0,985032,244778.5,263951.0,0
c2-observer-p32-14,32,14,warm-same-query-same-server,c2.cleanup.queued_ack,cleanup,4,4,0,32467,7217.5,11859.0,0
c2-observer-p32-14,32,14,warm-same-query-same-server,c2.cleanup.close_job_executed,cleanup,3,3,0,11324,3971.0,4739.0,0
c2-observer-p32-14,32,14,warm-same-query-same-server,c2.cleanup.local_streams_removed,cleanup,4,4,0,19274,4498.0,8896.0,0
c2-observer-p32-14,32,14,warm-same-query-same-server,c2.release.response_buffer,cleanup,33,33,0,109351,2611.0,8600.0,0
c2-observer-p32-14,32,14,warm-same-query-same-server,c2.release.operation,cleanup,1,1,0,2077,2077.0,2077.0,0
c2-observer-p32-14,32,14,warm-same-query-same-server,c2.executor.owner,resources,1,1,0,23808119,23808119.0,23808119.0,0
c2-observer-p32-14,32,14,warm-same-query-same-server,c2.executor.buffer_owner,resources,1,1,0,23810953,23810953.0,23810953.0,0
c2-observer-p4-15,4,15,cold-first-data-action,c2.operation.binding,planning,1,0,1,,,,0
c2-observer-p4-15,4,15,cold-first-data-action,c2.job.accepted,scheduler,1,0,1,,,,0
c2-observer-p4-15,4,15,cold-first-data-action,c2.task.assigned,scheduler,8,0,8,,,,0
c2-observer-p4-15,4,15,cold-first-data-action,c2.plan.resolve,planning,1,1,0,508757,508757.0,508757.0,0
c2-observer-p4-15,4,15,cold-first-data-action,c2.plan.logical_execute,planning,1,1,0,12433,12433.0,12433.0,0
c2-observer-p4-15,4,15,cold-first-data-action,c2.plan.optimize,planning,1,1,0,830992,830992.0,830992.0,0
c2-observer-p4-15,4,15,cold-first-data-action,c2.plan.physical,planning,1,1,0,1626313,1626313.0,1626313.0,0
c2-observer-p4-15,4,15,cold-first-data-action,c2.job.graph,planning,1,1,0,51566,51566.0,51566.0,0
c2-observer-p4-15,4,15,cold-first-data-action,c2.job.topology,planning,1,1,0,18612,18612.0,18612.0,0
c2-observer-p4-15,4,15,cold-first-data-action,c2.scheduler.select_assign,scheduler,10,10,0,26499,2772.5,6307.0,0
c2-observer-p4-15,4,15,cold-first-data-action,c2.stage.definition,serialization,2,2,0,273818,136909.0,203757.0,0
c2-observer-p4-15,4,15,cold-first-data-action,c2.stage.physical_encode,serialization,2,2,0,257199,128599.5,190890.0,0
c2-observer-p4-15,4,15,cold-first-data-action,c2.task.preparation_queue,scheduler,8,8,0,1915205,234199.0,315095.0,0
c2-observer-p4-15,4,15,cold-first-data-action,c2.task.preparation,scheduler,8,8,0,8495210,1086535.0,1138129.0,0
c2-observer-p4-15,4,15,cold-first-data-action,c2.stage.definition_cache_hit,scheduler,2,0,2,,,,0
c2-observer-p4-15,4,15,cold-first-data-action,c2.batch.dispatch,scheduler,4,4,0,5501360,1378688.5,1421201.0,0
c2-observer-p4-15,4,15,cold-first-data-action,c2.task.dispatched,scheduler,8,0,8,,,,0
c2-observer-p4-15,4,15,cold-first-data-action,c2.batch.definition_encode,serialization,4,4,0,121590,19053.5,74643.0,0
c2-observer-p4-15,4,15,cold-first-data-action,c2.batch.definition_decode,serialization,4,4,0,133733,33290.0,43952.0,0
c2-observer-p4-15,4,15,cold-first-data-action,c2.batch.physical_decode,serialization,4,4,0,223423,58530.0,98484.0,0
c2-observer-p4-15,4,15,cold-first-data-action,c2.task.physical_decode,serialization,8,8,0,5100652,654263.0,686984.0,0
c2-observer-p4-15,4,15,cold-first-data-action,c2.batch.admission,scheduler,4,4,0,908919,230009.5,309066.0,0
c2-observer-p4-15,4,15,cold-first-data-action,c2.task.admitted,scheduler,8,0,8,,,,0
c2-observer-p4-15,4,15,cold-first-data-action,c2.task.terminal,scheduler,8,0,8,,,,0
c2-observer-p4-15,4,15,cold-first-data-action,c2.reader.declaration,stream,4,0,4,,,,0
c2-observer-p4-15,4,15,cold-first-data-action,c2.writer.declaration,stream,8,0,8,,,,0
c2-observer-p4-15,4,15,cold-first-data-action,c2.reader.open,stream,4,4,0,3067244,763858.5,828580.0,0
c2-observer-p4-15,4,15,cold-first-data-action,c2.writer.open,stream,8,8,0,421362,49515.5,80561.0,0
c2-observer-p4-15,4,15,cold-first-data-action,c2.stream.consumption,stream,22,22,0,76855128,2662060.5,8421543.0,0
c2-observer-p4-15,4,15,cold-first-data-action,c2.stream.owner,stream,34,34,0,124420718,3735837.5,9251911.0,0
c2-observer-p4-15,4,15,cold-first-data-action,c2.stream.first_poll,stream,22,0,22,,,,0
c2-observer-p4-15,4,15,cold-first-data-action,c2.stream.first_batch,stream,22,0,22,,,,0
c2-observer-p4-15,4,15,cold-first-data-action,c2.sink.commit,stream,8,8,0,57104,4220.5,18250.0,0
c2-observer-p4-15,4,15,cold-first-data-action,c2.sink.abort,stream,0,0,0,,,,0
c2-observer-p4-15,4,15,cold-first-data-action,c2.output.forward,stream,1,1,0,7974553,7974553.0,7974553.0,0
c2-observer-p4-15,4,15,cold-first-data-action,c2.cleanup.dispatch,cleanup,4,4,0,1081276,262779.5,309314.0,0
c2-observer-p4-15,4,15,cold-first-data-action,c2.cleanup.queued_ack,cleanup,4,4,0,26988,6112.5,9077.0,0
c2-observer-p4-15,4,15,cold-first-data-action,c2.cleanup.close_job_executed,cleanup,3,3,0,30746,5854.0,19212.0,0
c2-observer-p4-15,4,15,cold-first-data-action,c2.cleanup.local_streams_removed,cleanup,4,4,0,18695,3937.5,9604.0,0
c2-observer-p4-15,4,15,cold-first-data-action,c2.release.response_buffer,cleanup,5,5,0,18385,3031.0,6991.0,0
c2-observer-p4-15,4,15,cold-first-data-action,c2.release.operation,cleanup,1,1,0,5418,5418.0,5418.0,0
c2-observer-p4-15,4,15,cold-first-data-action,c2.executor.owner,resources,1,1,0,11848085,11848085.0,11848085.0,0
c2-observer-p4-15,4,15,cold-first-data-action,c2.executor.buffer_owner,resources,1,1,0,11850557,11850557.0,11850557.0,0
c2-observer-p4-15,4,15,warm-same-query-same-server,c2.operation.binding,planning,1,0,1,,,,0
c2-observer-p4-15,4,15,warm-same-query-same-server,c2.job.accepted,scheduler,1,0,1,,,,0
c2-observer-p4-15,4,15,warm-same-query-same-server,c2.task.assigned,scheduler,8,0,8,,,,0
c2-observer-p4-15,4,15,warm-same-query-same-server,c2.plan.resolve,planning,1,1,0,627987,627987.0,627987.0,0
c2-observer-p4-15,4,15,warm-same-query-same-server,c2.plan.logical_execute,planning,1,1,0,4826,4826.0,4826.0,0
c2-observer-p4-15,4,15,warm-same-query-same-server,c2.plan.optimize,planning,1,1,0,359280,359280.0,359280.0,0
c2-observer-p4-15,4,15,warm-same-query-same-server,c2.plan.physical,planning,1,1,0,582756,582756.0,582756.0,0
c2-observer-p4-15,4,15,warm-same-query-same-server,c2.job.graph,planning,1,1,0,17662,17662.0,17662.0,0
c2-observer-p4-15,4,15,warm-same-query-same-server,c2.job.topology,planning,1,1,0,5300,5300.0,5300.0,0
c2-observer-p4-15,4,15,warm-same-query-same-server,c2.scheduler.select_assign,scheduler,10,10,0,34872,2594.0,10609.0,0
c2-observer-p4-15,4,15,warm-same-query-same-server,c2.stage.definition,serialization,2,2,0,128709,64354.5,88867.0,0
c2-observer-p4-15,4,15,warm-same-query-same-server,c2.stage.physical_encode,serialization,2,2,0,120380,60190.0,84705.0,0
c2-observer-p4-15,4,15,warm-same-query-same-server,c2.task.preparation_queue,scheduler,8,8,0,158265,16206.5,41926.0,0
c2-observer-p4-15,4,15,warm-same-query-same-server,c2.task.preparation,scheduler,8,8,0,1697301,206385.0,283508.0,0
c2-observer-p4-15,4,15,warm-same-query-same-server,c2.stage.definition_cache_hit,scheduler,2,0,2,,,,0
c2-observer-p4-15,4,15,warm-same-query-same-server,c2.batch.dispatch,scheduler,4,4,0,2158567,550711.0,640197.0,0
c2-observer-p4-15,4,15,warm-same-query-same-server,c2.task.dispatched,scheduler,8,0,8,,,,0
c2-observer-p4-15,4,15,warm-same-query-same-server,c2.batch.definition_encode,serialization,4,4,0,29026,5649.0,12671.0,0
c2-observer-p4-15,4,15,warm-same-query-same-server,c2.batch.definition_decode,serialization,4,4,0,42012,10702.5,15427.0,0
c2-observer-p4-15,4,15,warm-same-query-same-server,c2.batch.physical_decode,serialization,4,4,0,82704,21256.5,36855.0,0
c2-observer-p4-15,4,15,warm-same-query-same-server,c2.task.physical_decode,serialization,8,8,0,650127,78544.5,124784.0,0
c2-observer-p4-15,4,15,warm-same-query-same-server,c2.batch.admission,scheduler,4,4,0,318425,82267.5,113379.0,0
c2-observer-p4-15,4,15,warm-same-query-same-server,c2.task.admitted,scheduler,8,0,8,,,,0
c2-observer-p4-15,4,15,warm-same-query-same-server,c2.task.terminal,scheduler,8,0,8,,,,0
c2-observer-p4-15,4,15,warm-same-query-same-server,c2.reader.declaration,stream,4,0,4,,,,0
c2-observer-p4-15,4,15,warm-same-query-same-server,c2.writer.declaration,stream,8,0,8,,,,0
c2-observer-p4-15,4,15,warm-same-query-same-server,c2.reader.open,stream,4,4,0,2568644,655334.5,894699.0,0
c2-observer-p4-15,4,15,warm-same-query-same-server,c2.writer.open,stream,8,8,0,407419,40239.0,102771.0,0
c2-observer-p4-15,4,15,warm-same-query-same-server,c2.stream.consumption,stream,22,22,0,38761711,1498409.5,4452819.0,0
c2-observer-p4-15,4,15,warm-same-query-same-server,c2.stream.owner,stream,34,34,0,63335616,1871193.0,4785185.0,0
c2-observer-p4-15,4,15,warm-same-query-same-server,c2.stream.first_poll,stream,22,0,22,,,,0
c2-observer-p4-15,4,15,warm-same-query-same-server,c2.stream.first_batch,stream,22,0,22,,,,0
c2-observer-p4-15,4,15,warm-same-query-same-server,c2.sink.commit,stream,8,8,0,45510,5397.0,10985.0,0
c2-observer-p4-15,4,15,warm-same-query-same-server,c2.sink.abort,stream,0,0,0,,,,0
c2-observer-p4-15,4,15,warm-same-query-same-server,c2.output.forward,stream,1,1,0,4058618,4058618.0,4058618.0,0
c2-observer-p4-15,4,15,warm-same-query-same-server,c2.cleanup.dispatch,cleanup,4,4,0,1017800,254203.0,267865.0,0
c2-observer-p4-15,4,15,warm-same-query-same-server,c2.cleanup.queued_ack,cleanup,4,4,0,25732,6376.0,7327.0,0
c2-observer-p4-15,4,15,warm-same-query-same-server,c2.cleanup.close_job_executed,cleanup,3,3,0,9267,2965.0,3719.0,0
c2-observer-p4-15,4,15,warm-same-query-same-server,c2.cleanup.local_streams_removed,cleanup,4,4,0,9639,2188.5,3890.0,0
c2-observer-p4-15,4,15,warm-same-query-same-server,c2.release.response_buffer,cleanup,5,5,0,15519,2434.0,5528.0,0
c2-observer-p4-15,4,15,warm-same-query-same-server,c2.release.operation,cleanup,1,1,0,2396,2396.0,2396.0,0
c2-observer-p4-15,4,15,warm-same-query-same-server,c2.executor.owner,resources,1,1,0,7886898,7886898.0,7886898.0,0
c2-observer-p4-15,4,15,warm-same-query-same-server,c2.executor.buffer_owner,resources,1,1,0,7889728,7889728.0,7889728.0,0
c2-observer-p16-15,16,15,cold-first-data-action,c2.operation.binding,planning,1,0,1,,,,0
c2-observer-p16-15,16,15,cold-first-data-action,c2.job.accepted,scheduler,1,0,1,,,,0
c2-observer-p16-15,16,15,cold-first-data-action,c2.task.assigned,scheduler,24,0,24,,,,0
c2-observer-p16-15,16,15,cold-first-data-action,c2.plan.resolve,planning,1,1,0,487087,487087.0,487087.0,0
c2-observer-p16-15,16,15,cold-first-data-action,c2.plan.logical_execute,planning,1,1,0,12512,12512.0,12512.0,0
c2-observer-p16-15,16,15,cold-first-data-action,c2.plan.optimize,planning,1,1,0,809790,809790.0,809790.0,0
c2-observer-p16-15,16,15,cold-first-data-action,c2.plan.physical,planning,1,1,0,1668821,1668821.0,1668821.0,0
c2-observer-p16-15,16,15,cold-first-data-action,c2.job.graph,planning,1,1,0,51261,51261.0,51261.0,0
c2-observer-p16-15,16,15,cold-first-data-action,c2.job.topology,planning,1,1,0,20562,20562.0,20562.0,0
c2-observer-p16-15,16,15,cold-first-data-action,c2.scheduler.select_assign,scheduler,26,26,0,96523,1694.5,11822.0,0
c2-observer-p16-15,16,15,cold-first-data-action,c2.stage.definition,serialization,2,2,0,318515,159257.5,231914.0,0
c2-observer-p16-15,16,15,cold-first-data-action,c2.stage.physical_encode,serialization,2,2,0,293671,146835.5,220036.0,0
c2-observer-p16-15,16,15,cold-first-data-action,c2.task.preparation_queue,scheduler,24,24,0,34739175,1625660.5,2223754.0,0
c2-observer-p16-15,16,15,cold-first-data-action,c2.task.preparation,scheduler,24,24,0,29403981,1057253.0,2473020.0,0
c2-observer-p16-15,16,15,cold-first-data-action,c2.stage.definition_cache_hit,scheduler,2,0,2,,,,0
c2-observer-p16-15,16,15,cold-first-data-action,c2.batch.dispatch,scheduler,4,4,0,11670546,2888274.5,3096688.0,0
c2-observer-p16-15,16,15,cold-first-data-action,c2.task.dispatched,scheduler,24,0,24,,,,0
c2-observer-p16-15,16,15,cold-first-data-action,c2.batch.definition_encode,serialization,4,4,0,68875,17382.5,21901.0,0
c2-observer-p16-15,16,15,cold-first-data-action,c2.batch.definition_decode,serialization,4,4,0,155559,38926.5,50897.0,0
c2-observer-p16-15,16,15,cold-first-data-action,c2.batch.physical_decode,serialization,4,4,0,216558,54466.0,98838.0,0
c2-observer-p16-15,16,15,cold-first-data-action,c2.task.physical_decode,serialization,24,24,0,16822879,564421.5,1822375.0,0
c2-observer-p16-15,16,15,cold-first-data-action,c2.batch.admission,scheduler,4,4,0,2583837,651584.5,744280.0,0
c2-observer-p16-15,16,15,cold-first-data-action,c2.task.admitted,scheduler,24,0,24,,,,0
c2-observer-p16-15,16,15,cold-first-data-action,c2.task.terminal,scheduler,24,0,24,,,,0
c2-observer-p16-15,16,15,cold-first-data-action,c2.reader.declaration,stream,16,0,16,,,,0
c2-observer-p16-15,16,15,cold-first-data-action,c2.writer.declaration,stream,24,0,24,,,,0
c2-observer-p16-15,16,15,cold-first-data-action,c2.reader.open,stream,16,16,0,62018685,3916784.0,5088088.0,0
c2-observer-p16-15,16,15,cold-first-data-action,c2.writer.open,stream,24,24,0,5088513,166114.5,465649.0,0
c2-observer-p16-15,16,15,cold-first-data-action,c2.stream.consumption,stream,66,66,0,285326767,5323764.5,6918144.0,0
c2-observer-p16-15,16,15,cold-first-data-action,c2.stream.owner,stream,106,106,0,528249348,5947673.5,7554985.0,0
c2-observer-p16-15,16,15,cold-first-data-action,c2.stream.first_poll,stream,66,0,66,,,,0
c2-observer-p16-15,16,15,cold-first-data-action,c2.stream.first_batch,stream,66,0,66,,,,0
c2-observer-p16-15,16,15,cold-first-data-action,c2.sink.commit,stream,24,24,0,197619,4316.0,24816.0,0
c2-observer-p16-15,16,15,cold-first-data-action,c2.sink.abort,stream,0,0,0,,,,0
c2-observer-p16-15,16,15,cold-first-data-action,c2.output.forward,stream,1,1,0,15435904,15435904.0,15435904.0,0
c2-observer-p16-15,16,15,cold-first-data-action,c2.cleanup.dispatch,cleanup,4,4,0,1078522,267778.5,301887.0,0
c2-observer-p16-15,16,15,cold-first-data-action,c2.cleanup.queued_ack,cleanup,4,4,0,39296,10049.0,11507.0,0
c2-observer-p16-15,16,15,cold-first-data-action,c2.cleanup.close_job_executed,cleanup,3,3,0,25654,8258.0,9659.0,0
c2-observer-p16-15,16,15,cold-first-data-action,c2.cleanup.local_streams_removed,cleanup,4,4,0,17888,4382.5,7581.0,0
c2-observer-p16-15,16,15,cold-first-data-action,c2.release.response_buffer,cleanup,17,17,0,56358,2584.0,7765.0,0
c2-observer-p16-15,16,15,cold-first-data-action,c2.release.operation,cleanup,1,1,0,5539,5539.0,5539.0,0
c2-observer-p16-15,16,15,cold-first-data-action,c2.executor.owner,resources,1,1,0,21030499,21030499.0,21030499.0,0
c2-observer-p16-15,16,15,cold-first-data-action,c2.executor.buffer_owner,resources,1,1,0,21035911,21035911.0,21035911.0,0
c2-observer-p16-15,16,15,warm-same-query-same-server,c2.operation.binding,planning,1,0,1,,,,0
c2-observer-p16-15,16,15,warm-same-query-same-server,c2.job.accepted,scheduler,1,0,1,,,,0
c2-observer-p16-15,16,15,warm-same-query-same-server,c2.task.assigned,scheduler,24,0,24,,,,0
c2-observer-p16-15,16,15,warm-same-query-same-server,c2.plan.resolve,planning,1,1,0,825863,825863.0,825863.0,0
c2-observer-p16-15,16,15,warm-same-query-same-server,c2.plan.logical_execute,planning,1,1,0,6375,6375.0,6375.0,0
c2-observer-p16-15,16,15,warm-same-query-same-server,c2.plan.optimize,planning,1,1,0,406149,406149.0,406149.0,0
c2-observer-p16-15,16,15,warm-same-query-same-server,c2.plan.physical,planning,1,1,0,640937,640937.0,640937.0,0
c2-observer-p16-15,16,15,warm-same-query-same-server,c2.job.graph,planning,1,1,0,15785,15785.0,15785.0,0
c2-observer-p16-15,16,15,warm-same-query-same-server,c2.job.topology,planning,1,1,0,9690,9690.0,9690.0,0
c2-observer-p16-15,16,15,warm-same-query-same-server,c2.scheduler.select_assign,scheduler,26,26,0,87425,2706.0,10499.0,0
c2-observer-p16-15,16,15,warm-same-query-same-server,c2.stage.definition,serialization,2,2,0,129223,64611.5,82458.0,0
c2-observer-p16-15,16,15,warm-same-query-same-server,c2.stage.physical_encode,serialization,2,2,0,111786,55893.0,77920.0,0
c2-observer-p16-15,16,15,warm-same-query-same-server,c2.task.preparation_queue,scheduler,24,24,0,699517,23409.5,58928.0,0
c2-observer-p16-15,16,15,warm-same-query-same-server,c2.task.preparation,scheduler,24,24,0,7987979,340374.0,503337.0,0
c2-observer-p16-15,16,15,warm-same-query-same-server,c2.stage.definition_cache_hit,scheduler,2,0,2,,,,0
c2-observer-p16-15,16,15,warm-same-query-same-server,c2.batch.dispatch,scheduler,4,4,0,2624649,643777.5,918919.0,0
c2-observer-p16-15,16,15,warm-same-query-same-server,c2.task.dispatched,scheduler,24,0,24,,,,0
c2-observer-p16-15,16,15,warm-same-query-same-server,c2.batch.definition_encode,serialization,4,4,0,33193,8778.0,11313.0,0
c2-observer-p16-15,16,15,warm-same-query-same-server,c2.batch.definition_decode,serialization,4,4,0,55517,14896.5,15477.0,0
c2-observer-p16-15,16,15,warm-same-query-same-server,c2.batch.physical_decode,serialization,4,4,0,94527,23547.5,43056.0,0
c2-observer-p16-15,16,15,warm-same-query-same-server,c2.task.physical_decode,serialization,24,24,0,2506916,86069.5,217138.0,0
c2-observer-p16-15,16,15,warm-same-query-same-server,c2.batch.admission,scheduler,4,4,0,748368,149042.5,405400.0,0
c2-observer-p16-15,16,15,warm-same-query-same-server,c2.task.admitted,scheduler,24,0,24,,,,0
c2-observer-p16-15,16,15,warm-same-query-same-server,c2.task.terminal,scheduler,24,0,24,,,,0
c2-observer-p16-15,16,15,warm-same-query-same-server,c2.reader.declaration,stream,16,0,16,,,,0
c2-observer-p16-15,16,15,warm-same-query-same-server,c2.writer.declaration,stream,24,0,24,,,,0
c2-observer-p16-15,16,15,warm-same-query-same-server,c2.reader.open,stream,16,16,0,52352047,3539310.5,4132656.0,0
c2-observer-p16-15,16,15,warm-same-query-same-server,c2.writer.open,stream,24,24,0,14682550,603279.5,887945.0,0
c2-observer-p16-15,16,15,warm-same-query-same-server,c2.stream.consumption,stream,66,66,0,188846182,2944343.0,5399595.0,0
c2-observer-p16-15,16,15,warm-same-query-same-server,c2.stream.owner,stream,106,106,0,369706907,4056694.5,5668226.0,0
c2-observer-p16-15,16,15,warm-same-query-same-server,c2.stream.first_poll,stream,66,0,66,,,,0
c2-observer-p16-15,16,15,warm-same-query-same-server,c2.stream.first_batch,stream,66,0,66,,,,0
c2-observer-p16-15,16,15,warm-same-query-same-server,c2.sink.commit,stream,24,24,0,146560,3868.0,13107.0,0
c2-observer-p16-15,16,15,warm-same-query-same-server,c2.sink.abort,stream,0,0,0,,,,0
c2-observer-p16-15,16,15,warm-same-query-same-server,c2.output.forward,stream,1,1,0,7852282,7852282.0,7852282.0,0
c2-observer-p16-15,16,15,warm-same-query-same-server,c2.cleanup.dispatch,cleanup,4,4,0,1009504,250709.5,286517.0,0
c2-observer-p16-15,16,15,warm-same-query-same-server,c2.cleanup.queued_ack,cleanup,4,4,0,34390,7850.0,12437.0,0
c2-observer-p16-15,16,15,warm-same-query-same-server,c2.cleanup.close_job_executed,cleanup,3,3,0,10973,3553.0,4214.0,0
c2-observer-p16-15,16,15,warm-same-query-same-server,c2.cleanup.local_streams_removed,cleanup,4,4,0,13513,3266.0,5757.0,0
c2-observer-p16-15,16,15,warm-same-query-same-server,c2.release.response_buffer,cleanup,17,17,0,75436,2392.0,15707.0,0
c2-observer-p16-15,16,15,warm-same-query-same-server,c2.release.operation,cleanup,1,1,0,3490,3490.0,3490.0,1
c2-observer-p16-15,16,15,warm-same-query-same-server,c2.executor.owner,resources,1,1,0,66204859,66204859.0,66204859.0,1
c2-observer-p16-15,16,15,warm-same-query-same-server,c2.executor.buffer_owner,resources,1,1,0,66202913,66202913.0,66202913.0,1
c2-observer-p32-15,32,15,cold-first-data-action,c2.operation.binding,planning,1,0,1,,,,0
c2-observer-p32-15,32,15,cold-first-data-action,c2.job.accepted,scheduler,1,0,1,,,,0
c2-observer-p32-15,32,15,cold-first-data-action,c2.task.assigned,scheduler,40,0,40,,,,0
c2-observer-p32-15,32,15,cold-first-data-action,c2.plan.resolve,planning,1,1,0,533794,533794.0,533794.0,0
c2-observer-p32-15,32,15,cold-first-data-action,c2.plan.logical_execute,planning,1,1,0,12673,12673.0,12673.0,0
c2-observer-p32-15,32,15,cold-first-data-action,c2.plan.optimize,planning,1,1,0,856147,856147.0,856147.0,0
c2-observer-p32-15,32,15,cold-first-data-action,c2.plan.physical,planning,1,1,0,1549015,1549015.0,1549015.0,0
c2-observer-p32-15,32,15,cold-first-data-action,c2.job.graph,planning,1,1,0,54329,54329.0,54329.0,0
c2-observer-p32-15,32,15,cold-first-data-action,c2.job.topology,planning,1,1,0,24454,24454.0,24454.0,0
c2-observer-p32-15,32,15,cold-first-data-action,c2.scheduler.select_assign,scheduler,42,42,0,115921,1536.5,8333.0,0
c2-observer-p32-15,32,15,cold-first-data-action,c2.stage.definition,serialization,2,2,0,298400,149200.0,212122.0,0
c2-observer-p32-15,32,15,cold-first-data-action,c2.stage.physical_encode,serialization,2,2,0,267150,133575.0,200613.0,0
c2-observer-p32-15,32,15,cold-first-data-action,c2.task.preparation_queue,scheduler,40,40,0,89165507,2106520.0,3626840.0,0
c2-observer-p32-15,32,15,cold-first-data-action,c2.task.preparation,scheduler,40,40,0,62075453,1387596.5,2649389.0,0
c2-observer-p32-15,32,15,cold-first-data-action,c2.stage.definition_cache_hit,scheduler,2,0,2,,,,0
c2-observer-p32-15,32,15,cold-first-data-action,c2.batch.dispatch,scheduler,4,4,0,9095886,2541722.5,2726182.0,0
c2-observer-p32-15,32,15,cold-first-data-action,c2.task.dispatched,scheduler,40,0,40,,,,0
c2-observer-p32-15,32,15,cold-first-data-action,c2.batch.definition_encode,serialization,4,4,0,108695,27798.5,39902.0,0
c2-observer-p32-15,32,15,cold-first-data-action,c2.batch.definition_decode,serialization,4,4,0,161149,40464.5,51208.0,0
c2-observer-p32-15,32,15,cold-first-data-action,c2.batch.physical_decode,serialization,4,4,0,299144,70596.5,135068.0,0
c2-observer-p32-15,32,15,cold-first-data-action,c2.task.physical_decode,serialization,40,40,0,25427636,382887.0,1900115.0,0
c2-observer-p32-15,32,15,cold-first-data-action,c2.batch.admission,scheduler,4,4,0,3719250,864930.0,1778108.0,0
c2-observer-p32-15,32,15,cold-first-data-action,c2.task.admitted,scheduler,40,0,40,,,,0
c2-observer-p32-15,32,15,cold-first-data-action,c2.task.terminal,scheduler,40,0,40,,,,0
c2-observer-p32-15,32,15,cold-first-data-action,c2.reader.declaration,stream,32,0,32,,,,0
c2-observer-p32-15,32,15,cold-first-data-action,c2.writer.declaration,stream,40,0,40,,,,0
c2-observer-p32-15,32,15,cold-first-data-action,c2.reader.open,stream,32,32,0,190545419,6353172.0,7115732.0,0
c2-observer-p32-15,32,15,cold-first-data-action,c2.writer.open,stream,40,40,0,35906320,885060.5,1758860.0,0
c2-observer-p32-15,32,15,cold-first-data-action,c2.stream.consumption,stream,114,114,0,605879593,6719047.5,8857477.0,0
c2-observer-p32-15,32,15,cold-first-data-action,c2.stream.owner,stream,186,186,0,1228800463,8051052.5,9927122.0,0
c2-observer-p32-15,32,15,cold-first-data-action,c2.stream.first_poll,stream,114,0,114,,,,0
c2-observer-p32-15,32,15,cold-first-data-action,c2.stream.first_batch,stream,114,0,114,,,,0
c2-observer-p32-15,32,15,cold-first-data-action,c2.sink.commit,stream,40,40,0,424019,4483.0,37669.0,0
c2-observer-p32-15,32,15,cold-first-data-action,c2.sink.abort,stream,0,0,0,,,,0
c2-observer-p32-15,32,15,cold-first-data-action,c2.output.forward,stream,1,1,0,19665942,19665942.0,19665942.0,0
c2-observer-p32-15,32,15,cold-first-data-action,c2.cleanup.dispatch,cleanup,4,4,0,1105611,277256.5,289447.0,0
c2-observer-p32-15,32,15,cold-first-data-action,c2.cleanup.queued_ack,cleanup,4,4,0,25976,6514.0,7112.0,0
c2-observer-p32-15,32,15,cold-first-data-action,c2.cleanup.close_job_executed,cleanup,3,3,0,27191,8176.0,11491.0,0
c2-observer-p32-15,32,15,cold-first-data-action,c2.cleanup.local_streams_removed,cleanup,4,4,0,23809,5621.5,11224.0,0
c2-observer-p32-15,32,15,cold-first-data-action,c2.release.response_buffer,cleanup,33,33,0,92785,2393.0,6883.0,0
c2-observer-p32-15,32,15,cold-first-data-action,c2.release.operation,cleanup,1,1,0,5482,5482.0,5482.0,0
c2-observer-p32-15,32,15,cold-first-data-action,c2.executor.owner,resources,1,1,0,31441063,31441063.0,31441063.0,0
c2-observer-p32-15,32,15,cold-first-data-action,c2.executor.buffer_owner,resources,1,1,0,31446053,31446053.0,31446053.0,0
c2-observer-p32-15,32,15,warm-same-query-same-server,c2.operation.binding,planning,1,0,1,,,,0
c2-observer-p32-15,32,15,warm-same-query-same-server,c2.job.accepted,scheduler,1,0,1,,,,0
c2-observer-p32-15,32,15,warm-same-query-same-server,c2.task.assigned,scheduler,40,0,40,,,,0
c2-observer-p32-15,32,15,warm-same-query-same-server,c2.plan.resolve,planning,1,1,0,626262,626262.0,626262.0,0
c2-observer-p32-15,32,15,warm-same-query-same-server,c2.plan.logical_execute,planning,1,1,0,5783,5783.0,5783.0,0
c2-observer-p32-15,32,15,warm-same-query-same-server,c2.plan.optimize,planning,1,1,0,355305,355305.0,355305.0,0
c2-observer-p32-15,32,15,warm-same-query-same-server,c2.plan.physical,planning,1,1,0,639138,639138.0,639138.0,0
c2-observer-p32-15,32,15,warm-same-query-same-server,c2.job.graph,planning,1,1,0,15552,15552.0,15552.0,0
c2-observer-p32-15,32,15,warm-same-query-same-server,c2.job.topology,planning,1,1,0,10722,10722.0,10722.0,0
c2-observer-p32-15,32,15,warm-same-query-same-server,c2.scheduler.select_assign,scheduler,42,42,0,154642,2894.5,8629.0,0
c2-observer-p32-15,32,15,warm-same-query-same-server,c2.stage.definition,serialization,2,2,0,130372,65186.0,79671.0,0
c2-observer-p32-15,32,15,warm-same-query-same-server,c2.stage.physical_encode,serialization,2,2,0,102874,51437.0,75866.0,0
c2-observer-p32-15,32,15,warm-same-query-same-server,c2.task.preparation_queue,scheduler,40,40,0,1328615,29100.0,59488.0,0
c2-observer-p32-15,32,15,warm-same-query-same-server,c2.task.preparation,scheduler,40,40,0,14441539,312650.0,629598.0,0
c2-observer-p32-15,32,15,warm-same-query-same-server,c2.stage.definition_cache_hit,scheduler,2,0,2,,,,0
c2-observer-p32-15,32,15,warm-same-query-same-server,c2.batch.dispatch,scheduler,4,4,0,3059069,566875.0,1445664.0,0
c2-observer-p32-15,32,15,warm-same-query-same-server,c2.task.dispatched,scheduler,40,0,40,,,,0
c2-observer-p32-15,32,15,warm-same-query-same-server,c2.batch.definition_encode,serialization,4,4,0,85486,21857.0,36632.0,0
c2-observer-p32-15,32,15,warm-same-query-same-server,c2.batch.definition_decode,serialization,4,4,0,93670,22651.0,35758.0,0
c2-observer-p32-15,32,15,warm-same-query-same-server,c2.batch.physical_decode,serialization,4,4,0,108330,26209.5,48342.0,0
c2-observer-p32-15,32,15,warm-same-query-same-server,c2.task.physical_decode,serialization,40,40,0,3785628,70336.5,189894.0,0
c2-observer-p32-15,32,15,warm-same-query-same-server,c2.batch.admission,scheduler,4,4,0,666673,148893.0,303648.0,0
c2-observer-p32-15,32,15,warm-same-query-same-server,c2.task.admitted,scheduler,40,0,40,,,,0
c2-observer-p32-15,32,15,warm-same-query-same-server,c2.task.terminal,scheduler,40,0,40,,,,0
c2-observer-p32-15,32,15,warm-same-query-same-server,c2.reader.declaration,stream,32,0,32,,,,0
c2-observer-p32-15,32,15,warm-same-query-same-server,c2.writer.declaration,stream,40,0,40,,,,0
c2-observer-p32-15,32,15,warm-same-query-same-server,c2.reader.open,stream,32,32,0,177647165,6129047.0,7487428.0,0
c2-observer-p32-15,32,15,warm-same-query-same-server,c2.writer.open,stream,40,40,0,56189578,1396418.0,1837787.0,0
c2-observer-p32-15,32,15,warm-same-query-same-server,c2.stream.consumption,stream,114,114,0,527045710,5015174.5,9407420.0,0
c2-observer-p32-15,32,15,warm-same-query-same-server,c2.stream.owner,stream,186,186,0,1077361296,6869868.5,9664110.0,0
c2-observer-p32-15,32,15,warm-same-query-same-server,c2.stream.first_poll,stream,114,0,114,,,,0
c2-observer-p32-15,32,15,warm-same-query-same-server,c2.stream.first_batch,stream,114,0,114,,,,0
c2-observer-p32-15,32,15,warm-same-query-same-server,c2.sink.commit,stream,40,40,0,320667,4093.5,26853.0,0
c2-observer-p32-15,32,15,warm-same-query-same-server,c2.sink.abort,stream,0,0,0,,,,0
c2-observer-p32-15,32,15,warm-same-query-same-server,c2.output.forward,stream,1,1,0,13025632,13025632.0,13025632.0,0
c2-observer-p32-15,32,15,warm-same-query-same-server,c2.cleanup.dispatch,cleanup,4,4,0,1074160,272086.5,285369.0,0
c2-observer-p32-15,32,15,warm-same-query-same-server,c2.cleanup.queued_ack,cleanup,4,4,0,31559,6589.0,12263.0,0
c2-observer-p32-15,32,15,warm-same-query-same-server,c2.cleanup.close_job_executed,cleanup,3,3,0,11838,3888.0,4926.0,0
c2-observer-p32-15,32,15,warm-same-query-same-server,c2.cleanup.local_streams_removed,cleanup,4,4,0,19293,4670.0,8573.0,0
c2-observer-p32-15,32,15,warm-same-query-same-server,c2.release.response_buffer,cleanup,33,33,0,115239,2532.0,7493.0,0
c2-observer-p32-15,32,15,warm-same-query-same-server,c2.release.operation,cleanup,1,1,0,1804,1804.0,1804.0,0
c2-observer-p32-15,32,15,warm-same-query-same-server,c2.executor.owner,resources,1,1,0,23674647,23674647.0,23674647.0,0
c2-observer-p32-15,32,15,warm-same-query-same-server,c2.executor.buffer_owner,resources,1,1,0,23674976,23674976.0,23674976.0,0
c2-observer-p4-16,4,16,cold-first-data-action,c2.operation.binding,planning,1,0,1,,,,0
c2-observer-p4-16,4,16,cold-first-data-action,c2.job.accepted,scheduler,1,0,1,,,,0
c2-observer-p4-16,4,16,cold-first-data-action,c2.task.assigned,scheduler,8,0,8,,,,0
c2-observer-p4-16,4,16,cold-first-data-action,c2.plan.resolve,planning,1,1,0,457459,457459.0,457459.0,0
c2-observer-p4-16,4,16,cold-first-data-action,c2.plan.logical_execute,planning,1,1,0,11784,11784.0,11784.0,0
c2-observer-p4-16,4,16,cold-first-data-action,c2.plan.optimize,planning,1,1,0,813812,813812.0,813812.0,0
c2-observer-p4-16,4,16,cold-first-data-action,c2.plan.physical,planning,1,1,0,1535213,1535213.0,1535213.0,0
c2-observer-p4-16,4,16,cold-first-data-action,c2.job.graph,planning,1,1,0,56100,56100.0,56100.0,0
c2-observer-p4-16,4,16,cold-first-data-action,c2.job.topology,planning,1,1,0,20387,20387.0,20387.0,0
c2-observer-p4-16,4,16,cold-first-data-action,c2.scheduler.select_assign,scheduler,10,10,0,23267,2131.0,5689.0,0
c2-observer-p4-16,4,16,cold-first-data-action,c2.stage.definition,serialization,2,2,0,283511,141755.5,207765.0,0
c2-observer-p4-16,4,16,cold-first-data-action,c2.stage.physical_encode,serialization,2,2,0,265248,132624.0,195154.0,0
c2-observer-p4-16,4,16,cold-first-data-action,c2.task.preparation_queue,scheduler,8,8,0,1818251,215884.5,331952.0,0
c2-observer-p4-16,4,16,cold-first-data-action,c2.task.preparation,scheduler,8,8,0,7617566,857954.5,1228066.0,0
c2-observer-p4-16,4,16,cold-first-data-action,c2.stage.definition_cache_hit,scheduler,2,0,2,,,,0
c2-observer-p4-16,4,16,cold-first-data-action,c2.batch.dispatch,scheduler,4,4,0,5738738,1396334.0,1645424.0,0
c2-observer-p4-16,4,16,cold-first-data-action,c2.task.dispatched,scheduler,8,0,8,,,,0
c2-observer-p4-16,4,16,cold-first-data-action,c2.batch.definition_encode,serialization,4,4,0,69988,19117.5,27586.0,0
c2-observer-p4-16,4,16,cold-first-data-action,c2.batch.definition_decode,serialization,4,4,0,123288,30002.0,46642.0,0
c2-observer-p4-16,4,16,cold-first-data-action,c2.batch.physical_decode,serialization,4,4,0,205501,52001.0,99946.0,0
c2-observer-p4-16,4,16,cold-first-data-action,c2.task.physical_decode,serialization,8,8,0,4722424,555823.0,754434.0,0
c2-observer-p4-16,4,16,cold-first-data-action,c2.batch.admission,scheduler,4,4,0,1027231,227474.5,370071.0,0
c2-observer-p4-16,4,16,cold-first-data-action,c2.task.admitted,scheduler,8,0,8,,,,0
c2-observer-p4-16,4,16,cold-first-data-action,c2.task.terminal,scheduler,8,0,8,,,,0
c2-observer-p4-16,4,16,cold-first-data-action,c2.reader.declaration,stream,4,0,4,,,,0
c2-observer-p4-16,4,16,cold-first-data-action,c2.writer.declaration,stream,8,0,8,,,,0
c2-observer-p4-16,4,16,cold-first-data-action,c2.reader.open,stream,4,4,0,3208217,800265.0,830038.0,0
c2-observer-p4-16,4,16,cold-first-data-action,c2.writer.open,stream,8,8,0,542968,69472.0,108255.0,0
c2-observer-p4-16,4,16,cold-first-data-action,c2.stream.consumption,stream,22,22,0,80598728,2804719.5,8781654.0,0
c2-observer-p4-16,4,16,cold-first-data-action,c2.stream.owner,stream,34,34,0,129786767,3930319.0,9583219.0,0
c2-observer-p4-16,4,16,cold-first-data-action,c2.stream.first_poll,stream,22,0,22,,,,0
c2-observer-p4-16,4,16,cold-first-data-action,c2.stream.first_batch,stream,22,0,22,,,,0
c2-observer-p4-16,4,16,cold-first-data-action,c2.sink.commit,stream,8,8,0,88274,4120.0,38283.0,0
c2-observer-p4-16,4,16,cold-first-data-action,c2.sink.abort,stream,0,0,0,,,,0
c2-observer-p4-16,4,16,cold-first-data-action,c2.output.forward,stream,1,1,0,8368622,8368622.0,8368622.0,0
c2-observer-p4-16,4,16,cold-first-data-action,c2.cleanup.dispatch,cleanup,4,4,0,1156148,276027.0,349827.0,0
c2-observer-p4-16,4,16,cold-first-data-action,c2.cleanup.queued_ack,cleanup,4,4,0,28043,6411.5,9650.0,0
c2-observer-p4-16,4,16,cold-first-data-action,c2.cleanup.close_job_executed,cleanup,3,3,0,25672,7625.0,10790.0,0
c2-observer-p4-16,4,16,cold-first-data-action,c2.cleanup.local_streams_removed,cleanup,4,4,0,13594,3329.5,5751.0,0
c2-observer-p4-16,4,16,cold-first-data-action,c2.release.response_buffer,cleanup,5,5,0,18395,2619.0,7773.0,0
c2-observer-p4-16,4,16,cold-first-data-action,c2.release.operation,cleanup,1,1,0,7887,7887.0,7887.0,0
c2-observer-p4-16,4,16,cold-first-data-action,c2.executor.owner,resources,1,1,0,12158245,12158245.0,12158245.0,0
c2-observer-p4-16,4,16,cold-first-data-action,c2.executor.buffer_owner,resources,1,1,0,12160851,12160851.0,12160851.0,0
c2-observer-p4-16,4,16,warm-same-query-same-server,c2.operation.binding,planning,1,0,1,,,,0
c2-observer-p4-16,4,16,warm-same-query-same-server,c2.job.accepted,scheduler,1,0,1,,,,0
c2-observer-p4-16,4,16,warm-same-query-same-server,c2.task.assigned,scheduler,8,0,8,,,,0
c2-observer-p4-16,4,16,warm-same-query-same-server,c2.plan.resolve,planning,1,1,0,680767,680767.0,680767.0,0
c2-observer-p4-16,4,16,warm-same-query-same-server,c2.plan.logical_execute,planning,1,1,0,5076,5076.0,5076.0,0
c2-observer-p4-16,4,16,warm-same-query-same-server,c2.plan.optimize,planning,1,1,0,351833,351833.0,351833.0,0
c2-observer-p4-16,4,16,warm-same-query-same-server,c2.plan.physical,planning,1,1,0,596197,596197.0,596197.0,0
c2-observer-p4-16,4,16,warm-same-query-same-server,c2.job.graph,planning,1,1,0,16500,16500.0,16500.0,0
c2-observer-p4-16,4,16,warm-same-query-same-server,c2.job.topology,planning,1,1,0,5314,5314.0,5314.0,0
c2-observer-p4-16,4,16,warm-same-query-same-server,c2.scheduler.select_assign,scheduler,10,10,0,31030,2172.5,8477.0,0
c2-observer-p4-16,4,16,warm-same-query-same-server,c2.stage.definition,serialization,2,2,0,118180,59090.0,69417.0,0
c2-observer-p4-16,4,16,warm-same-query-same-server,c2.stage.physical_encode,serialization,2,2,0,111073,55536.5,65975.0,0
c2-observer-p4-16,4,16,warm-same-query-same-server,c2.task.preparation_queue,scheduler,8,8,0,157172,19191.5,27308.0,0
c2-observer-p4-16,4,16,warm-same-query-same-server,c2.task.preparation,scheduler,8,8,0,1911514,233303.0,281269.0,0
c2-observer-p4-16,4,16,warm-same-query-same-server,c2.stage.definition_cache_hit,scheduler,2,0,2,,,,0
c2-observer-p4-16,4,16,warm-same-query-same-server,c2.batch.dispatch,scheduler,4,4,0,2385184,590342.5,696312.0,0
c2-observer-p4-16,4,16,warm-same-query-same-server,c2.task.dispatched,scheduler,8,0,8,,,,0
c2-observer-p4-16,4,16,warm-same-query-same-server,c2.batch.definition_encode,serialization,4,4,0,22084,6023.0,7525.0,0
c2-observer-p4-16,4,16,warm-same-query-same-server,c2.batch.definition_decode,serialization,4,4,0,41425,8963.0,15559.0,0
c2-observer-p4-16,4,16,warm-same-query-same-server,c2.batch.physical_decode,serialization,4,4,0,86836,19696.0,45051.0,0
c2-observer-p4-16,4,16,warm-same-query-same-server,c2.task.physical_decode,serialization,8,8,0,692427,80150.5,125509.0,0
c2-observer-p4-16,4,16,warm-same-query-same-server,c2.batch.admission,scheduler,4,4,0,381689,94811.0,112640.0,0
c2-observer-p4-16,4,16,warm-same-query-same-server,c2.task.admitted,scheduler,8,0,8,,,,0
c2-observer-p4-16,4,16,warm-same-query-same-server,c2.task.terminal,scheduler,8,0,8,,,,0
c2-observer-p4-16,4,16,warm-same-query-same-server,c2.reader.declaration,stream,4,0,4,,,,0
c2-observer-p4-16,4,16,warm-same-query-same-server,c2.writer.declaration,stream,8,0,8,,,,0
c2-observer-p4-16,4,16,warm-same-query-same-server,c2.reader.open,stream,4,4,0,2044829,527394.0,545867.0,0
c2-observer-p4-16,4,16,warm-same-query-same-server,c2.writer.open,stream,8,8,0,308646,38342.0,59942.0,0
c2-observer-p4-16,4,16,warm-same-query-same-server,c2.stream.consumption,stream,22,22,0,41933574,1477093.5,4326157.0,0
c2-observer-p4-16,4,16,warm-same-query-same-server,c2.stream.owner,stream,34,34,0,68326549,2057000.5,4643812.0,0
c2-observer-p4-16,4,16,warm-same-query-same-server,c2.stream.first_poll,stream,22,0,22,,,,0
c2-observer-p4-16,4,16,warm-same-query-same-server,c2.stream.first_batch,stream,22,0,22,,,,0
c2-observer-p4-16,4,16,warm-same-query-same-server,c2.sink.commit,stream,8,8,0,50195,6410.5,10847.0,0
c2-observer-p4-16,4,16,warm-same-query-same-server,c2.sink.abort,stream,0,0,0,,,,0
c2-observer-p4-16,4,16,warm-same-query-same-server,c2.output.forward,stream,1,1,0,4052562,4052562.0,4052562.0,0
c2-observer-p4-16,4,16,warm-same-query-same-server,c2.cleanup.dispatch,cleanup,4,4,0,960328,239246.0,255056.0,0
c2-observer-p4-16,4,16,warm-same-query-same-server,c2.cleanup.queued_ack,cleanup,4,4,0,37036,10260.0,10639.0,0
c2-observer-p4-16,4,16,warm-same-query-same-server,c2.cleanup.close_job_executed,cleanup,3,3,0,10015,3420.0,4170.0,0
c2-observer-p4-16,4,16,warm-same-query-same-server,c2.cleanup.local_streams_removed,cleanup,4,4,0,13141,3461.5,4665.0,0
c2-observer-p4-16,4,16,warm-same-query-same-server,c2.release.response_buffer,cleanup,5,5,0,20396,3092.0,7632.0,0
c2-observer-p4-16,4,16,warm-same-query-same-server,c2.release.operation,cleanup,1,1,0,2144,2144.0,2144.0,0
c2-observer-p4-16,4,16,warm-same-query-same-server,c2.executor.owner,resources,1,1,0,7867938,7867938.0,7867938.0,0
c2-observer-p4-16,4,16,warm-same-query-same-server,c2.executor.buffer_owner,resources,1,1,0,7868039,7868039.0,7868039.0,0
c2-observer-p16-16,16,16,cold-first-data-action,c2.operation.binding,planning,1,0,1,,,,0
c2-observer-p16-16,16,16,cold-first-data-action,c2.job.accepted,scheduler,1,0,1,,,,0
c2-observer-p16-16,16,16,cold-first-data-action,c2.task.assigned,scheduler,24,0,24,,,,0
c2-observer-p16-16,16,16,cold-first-data-action,c2.plan.resolve,planning,1,1,0,516411,516411.0,516411.0,0
c2-observer-p16-16,16,16,cold-first-data-action,c2.plan.logical_execute,planning,1,1,0,12381,12381.0,12381.0,0
c2-observer-p16-16,16,16,cold-first-data-action,c2.plan.optimize,planning,1,1,0,834021,834021.0,834021.0,0
c2-observer-p16-16,16,16,cold-first-data-action,c2.plan.physical,planning,1,1,0,1555914,1555914.0,1555914.0,0
c2-observer-p16-16,16,16,cold-first-data-action,c2.job.graph,planning,1,1,0,52740,52740.0,52740.0,0
c2-observer-p16-16,16,16,cold-first-data-action,c2.job.topology,planning,1,1,0,21247,21247.0,21247.0,0
c2-observer-p16-16,16,16,cold-first-data-action,c2.scheduler.select_assign,scheduler,26,26,0,84340,1679.5,9700.0,0
c2-observer-p16-16,16,16,cold-first-data-action,c2.stage.definition,serialization,2,2,0,286376,143188.0,205021.0,0
c2-observer-p16-16,16,16,cold-first-data-action,c2.stage.physical_encode,serialization,2,2,0,258372,129186.0,190892.0,0
c2-observer-p16-16,16,16,cold-first-data-action,c2.task.preparation_queue,scheduler,24,24,0,32757894,1386145.0,2028878.0,0
c2-observer-p16-16,16,16,cold-first-data-action,c2.task.preparation,scheduler,24,24,0,39523203,1619705.0,2689081.0,0
c2-observer-p16-16,16,16,cold-first-data-action,c2.stage.definition_cache_hit,scheduler,2,0,2,,,,0
c2-observer-p16-16,16,16,cold-first-data-action,c2.batch.dispatch,scheduler,4,4,0,7978519,1955711.5,2152327.0,0
c2-observer-p16-16,16,16,cold-first-data-action,c2.task.dispatched,scheduler,24,0,24,,,,0
c2-observer-p16-16,16,16,cold-first-data-action,c2.batch.definition_encode,serialization,4,4,0,48889,12997.5,16629.0,0
c2-observer-p16-16,16,16,cold-first-data-action,c2.batch.definition_decode,serialization,4,4,0,160190,39191.5,52741.0,0
c2-observer-p16-16,16,16,cold-first-data-action,c2.batch.physical_decode,serialization,4,4,0,228174,59908.5,97330.0,0
c2-observer-p16-16,16,16,cold-first-data-action,c2.task.physical_decode,serialization,24,24,0,21601734,662227.5,1953545.0,0
c2-observer-p16-16,16,16,cold-first-data-action,c2.batch.admission,scheduler,4,4,0,1932079,517410.5,637268.0,0
c2-observer-p16-16,16,16,cold-first-data-action,c2.task.admitted,scheduler,24,0,24,,,,0
c2-observer-p16-16,16,16,cold-first-data-action,c2.task.terminal,scheduler,24,0,24,,,,0
c2-observer-p16-16,16,16,cold-first-data-action,c2.reader.declaration,stream,16,0,16,,,,0
c2-observer-p16-16,16,16,cold-first-data-action,c2.writer.declaration,stream,24,0,24,,,,0
c2-observer-p16-16,16,16,cold-first-data-action,c2.reader.open,stream,16,16,0,56812889,3122291.5,5486487.0,0
c2-observer-p16-16,16,16,cold-first-data-action,c2.writer.open,stream,24,24,0,5340405,211107.5,438087.0,0
c2-observer-p16-16,16,16,cold-first-data-action,c2.stream.consumption,stream,66,66,0,276812274,5490579.0,6710931.0,0
c2-observer-p16-16,16,16,cold-first-data-action,c2.stream.owner,stream,106,106,0,516966882,5925207.0,7336516.0,0
c2-observer-p16-16,16,16,cold-first-data-action,c2.stream.first_poll,stream,66,0,66,,,,0
c2-observer-p16-16,16,16,cold-first-data-action,c2.stream.first_batch,stream,66,0,66,,,,0
c2-observer-p16-16,16,16,cold-first-data-action,c2.sink.commit,stream,24,24,0,299982,3478.5,38013.0,0
c2-observer-p16-16,16,16,cold-first-data-action,c2.sink.abort,stream,0,0,0,,,,0
c2-observer-p16-16,16,16,cold-first-data-action,c2.output.forward,stream,1,1,0,15390779,15390779.0,15390779.0,0
c2-observer-p16-16,16,16,cold-first-data-action,c2.cleanup.dispatch,cleanup,4,4,0,1096500,275709.0,287031.0,0
c2-observer-p16-16,16,16,cold-first-data-action,c2.cleanup.queued_ack,cleanup,4,4,0,27450,6144.5,9065.0,0
c2-observer-p16-16,16,16,cold-first-data-action,c2.cleanup.close_job_executed,cleanup,3,3,0,29709,9970.0,11515.0,0
c2-observer-p16-16,16,16,cold-first-data-action,c2.cleanup.local_streams_removed,cleanup,4,4,0,17404,4352.5,7365.0,0
c2-observer-p16-16,16,16,cold-first-data-action,c2.release.response_buffer,cleanup,17,17,0,60418,2483.0,14026.0,0
c2-observer-p16-16,16,16,cold-first-data-action,c2.release.operation,cleanup,1,1,0,5116,5116.0,5116.0,1
c2-observer-p16-16,16,16,cold-first-data-action,c2.executor.owner,resources,1,1,0,33395969,33395969.0,33395969.0,1
c2-observer-p16-16,16,16,cold-first-data-action,c2.executor.buffer_owner,resources,1,1,0,33398097,33398097.0,33398097.0,1
c2-observer-p16-16,16,16,warm-same-query-same-server,c2.operation.binding,planning,1,0,1,,,,0
c2-observer-p16-16,16,16,warm-same-query-same-server,c2.job.accepted,scheduler,1,0,1,,,,0
c2-observer-p16-16,16,16,warm-same-query-same-server,c2.task.assigned,scheduler,24,0,24,,,,0
c2-observer-p16-16,16,16,warm-same-query-same-server,c2.plan.resolve,planning,1,1,0,640241,640241.0,640241.0,0
c2-observer-p16-16,16,16,warm-same-query-same-server,c2.plan.logical_execute,planning,1,1,0,5360,5360.0,5360.0,0
c2-observer-p16-16,16,16,warm-same-query-same-server,c2.plan.optimize,planning,1,1,0,357384,357384.0,357384.0,0
c2-observer-p16-16,16,16,warm-same-query-same-server,c2.plan.physical,planning,1,1,0,661581,661581.0,661581.0,0
c2-observer-p16-16,16,16,warm-same-query-same-server,c2.job.graph,planning,1,1,0,15640,15640.0,15640.0,0
c2-observer-p16-16,16,16,warm-same-query-same-server,c2.job.topology,planning,1,1,0,6736,6736.0,6736.0,0
c2-observer-p16-16,16,16,warm-same-query-same-server,c2.scheduler.select_assign,scheduler,26,26,0,90161,2991.0,7947.0,0
c2-observer-p16-16,16,16,warm-same-query-same-server,c2.stage.definition,serialization,2,2,0,142140,71070.0,76202.0,0
c2-observer-p16-16,16,16,warm-same-query-same-server,c2.stage.physical_encode,serialization,2,2,0,127028,63514.0,72642.0,0
c2-observer-p16-16,16,16,warm-same-query-same-server,c2.task.preparation_queue,scheduler,24,24,0,672188,23997.5,56232.0,0
c2-observer-p16-16,16,16,warm-same-query-same-server,c2.task.preparation,scheduler,24,24,0,8341588,344309.0,563697.0,0
c2-observer-p16-16,16,16,warm-same-query-same-server,c2.stage.definition_cache_hit,scheduler,2,0,2,,,,0
c2-observer-p16-16,16,16,warm-same-query-same-server,c2.batch.dispatch,scheduler,4,4,0,2553961,648702.0,725809.0,0
c2-observer-p16-16,16,16,warm-same-query-same-server,c2.task.dispatched,scheduler,24,0,24,,,,0
c2-observer-p16-16,16,16,warm-same-query-same-server,c2.batch.definition_encode,serialization,4,4,0,34192,8823.0,11536.0,0
c2-observer-p16-16,16,16,warm-same-query-same-server,c2.batch.definition_decode,serialization,4,4,0,40436,9991.5,15165.0,0
c2-observer-p16-16,16,16,warm-same-query-same-server,c2.batch.physical_decode,serialization,4,4,0,80918,19567.5,37195.0,0
c2-observer-p16-16,16,16,warm-same-query-same-server,c2.task.physical_decode,serialization,24,24,0,2329369,75398.5,186732.0,0
c2-observer-p16-16,16,16,warm-same-query-same-server,c2.batch.admission,scheduler,4,4,0,482584,121023.0,131238.0,0
c2-observer-p16-16,16,16,warm-same-query-same-server,c2.task.admitted,scheduler,24,0,24,,,,0
c2-observer-p16-16,16,16,warm-same-query-same-server,c2.task.terminal,scheduler,24,0,24,,,,0
c2-observer-p16-16,16,16,warm-same-query-same-server,c2.reader.declaration,stream,16,0,16,,,,0
c2-observer-p16-16,16,16,warm-same-query-same-server,c2.writer.declaration,stream,24,0,24,,,,0
c2-observer-p16-16,16,16,warm-same-query-same-server,c2.reader.open,stream,16,16,0,51887760,3461801.5,4548350.0,0
c2-observer-p16-16,16,16,warm-same-query-same-server,c2.writer.open,stream,24,24,0,13678914,573124.0,741380.0,0
c2-observer-p16-16,16,16,warm-same-query-same-server,c2.stream.consumption,stream,66,66,0,182309216,3010826.5,5410725.0,0
c2-observer-p16-16,16,16,warm-same-query-same-server,c2.stream.owner,stream,106,106,0,360131390,4092104.5,5564464.0,0
c2-observer-p16-16,16,16,warm-same-query-same-server,c2.stream.first_poll,stream,66,0,66,,,,0
c2-observer-p16-16,16,16,warm-same-query-same-server,c2.stream.first_batch,stream,66,0,66,,,,0
c2-observer-p16-16,16,16,warm-same-query-same-server,c2.sink.commit,stream,24,24,0,151255,4344.5,12247.0,0
c2-observer-p16-16,16,16,warm-same-query-same-server,c2.sink.abort,stream,0,0,0,,,,0
c2-observer-p16-16,16,16,warm-same-query-same-server,c2.output.forward,stream,1,1,0,7840698,7840698.0,7840698.0,0
c2-observer-p16-16,16,16,warm-same-query-same-server,c2.cleanup.dispatch,cleanup,4,4,0,1043519,262392.0,275764.0,0
c2-observer-p16-16,16,16,warm-same-query-same-server,c2.cleanup.queued_ack,cleanup,4,4,0,32908,7775.0,10943.0,0
c2-observer-p16-16,16,16,warm-same-query-same-server,c2.cleanup.close_job_executed,cleanup,3,3,0,17832,3990.0,10703.0,0
c2-observer-p16-16,16,16,warm-same-query-same-server,c2.cleanup.local_streams_removed,cleanup,4,4,0,15437,3467.0,7116.0,0
c2-observer-p16-16,16,16,warm-same-query-same-server,c2.release.response_buffer,cleanup,17,17,0,46477,2531.0,4556.0,0
c2-observer-p16-16,16,16,warm-same-query-same-server,c2.release.operation,cleanup,1,1,0,4542,4542.0,4542.0,0
c2-observer-p16-16,16,16,warm-same-query-same-server,c2.executor.owner,resources,1,1,0,61558313,61558313.0,61558313.0,0
c2-observer-p16-16,16,16,warm-same-query-same-server,c2.executor.buffer_owner,resources,1,1,0,61554798,61554798.0,61554798.0,0
c2-observer-p32-16,32,16,cold-first-data-action,c2.operation.binding,planning,1,0,1,,,,0
c2-observer-p32-16,32,16,cold-first-data-action,c2.job.accepted,scheduler,1,0,1,,,,0
c2-observer-p32-16,32,16,cold-first-data-action,c2.task.assigned,scheduler,40,0,40,,,,0
c2-observer-p32-16,32,16,cold-first-data-action,c2.plan.resolve,planning,1,1,0,471761,471761.0,471761.0,0
c2-observer-p32-16,32,16,cold-first-data-action,c2.plan.logical_execute,planning,1,1,0,12099,12099.0,12099.0,0
c2-observer-p32-16,32,16,cold-first-data-action,c2.plan.optimize,planning,1,1,0,811719,811719.0,811719.0,0
c2-observer-p32-16,32,16,cold-first-data-action,c2.plan.physical,planning,1,1,0,1549045,1549045.0,1549045.0,0
c2-observer-p32-16,32,16,cold-first-data-action,c2.job.graph,planning,1,1,0,57662,57662.0,57662.0,0
c2-observer-p32-16,32,16,cold-first-data-action,c2.job.topology,planning,1,1,0,23406,23406.0,23406.0,0
c2-observer-p32-16,32,16,cold-first-data-action,c2.scheduler.select_assign,scheduler,42,42,0,136432,2689.5,8680.0,0
c2-observer-p32-16,32,16,cold-first-data-action,c2.stage.definition,serialization,2,2,0,306849,153424.5,214189.0,0
c2-observer-p32-16,32,16,cold-first-data-action,c2.stage.physical_encode,serialization,2,2,0,272586,136293.0,202011.0,0
c2-observer-p32-16,32,16,cold-first-data-action,c2.task.preparation_queue,scheduler,40,40,0,110257274,2437558.0,4673450.0,0
c2-observer-p32-16,32,16,cold-first-data-action,c2.task.preparation,scheduler,40,40,0,55697131,1309178.5,2584729.0,0
c2-observer-p32-16,32,16,cold-first-data-action,c2.stage.definition_cache_hit,scheduler,2,0,2,,,,0
c2-observer-p32-16,32,16,cold-first-data-action,c2.batch.dispatch,scheduler,4,4,0,10870080,2731835.0,2779195.0,0
c2-observer-p32-16,32,16,cold-first-data-action,c2.task.dispatched,scheduler,40,0,40,,,,0
c2-observer-p32-16,32,16,cold-first-data-action,c2.batch.definition_encode,serialization,4,4,0,103246,27142.5,35352.0,0
c2-observer-p32-16,32,16,cold-first-data-action,c2.batch.definition_decode,serialization,4,4,0,177004,45151.0,51609.0,0
c2-observer-p32-16,32,16,cold-first-data-action,c2.batch.physical_decode,serialization,4,4,0,203685,50586.0,100873.0,0
c2-observer-p32-16,32,16,cold-first-data-action,c2.task.physical_decode,serialization,40,40,0,25416840,499543.5,1679375.0,0
c2-observer-p32-16,32,16,cold-first-data-action,c2.batch.admission,scheduler,4,4,0,4118331,1060443.5,1472083.0,0
c2-observer-p32-16,32,16,cold-first-data-action,c2.task.admitted,scheduler,40,0,40,,,,0
c2-observer-p32-16,32,16,cold-first-data-action,c2.task.terminal,scheduler,40,0,40,,,,0
c2-observer-p32-16,32,16,cold-first-data-action,c2.reader.declaration,stream,32,0,32,,,,0
c2-observer-p32-16,32,16,cold-first-data-action,c2.writer.declaration,stream,40,0,40,,,,0
c2-observer-p32-16,32,16,cold-first-data-action,c2.reader.open,stream,32,32,0,194878327,6176879.5,7926202.0,0
c2-observer-p32-16,32,16,cold-first-data-action,c2.writer.open,stream,40,40,0,31307895,662317.5,1737131.0,0
c2-observer-p32-16,32,16,cold-first-data-action,c2.stream.consumption,stream,114,114,0,670362496,7084762.5,10357682.0,0
c2-observer-p32-16,32,16,cold-first-data-action,c2.stream.owner,stream,186,186,0,1319692969,8539530.0,10964270.0,0
c2-observer-p32-16,32,16,cold-first-data-action,c2.stream.first_poll,stream,114,0,114,,,,0
c2-observer-p32-16,32,16,cold-first-data-action,c2.stream.first_batch,stream,114,0,114,,,,0
c2-observer-p32-16,32,16,cold-first-data-action,c2.sink.commit,stream,40,40,0,387541,4222.0,37756.0,0
c2-observer-p32-16,32,16,cold-first-data-action,c2.sink.abort,stream,0,0,0,,,,0
c2-observer-p32-16,32,16,cold-first-data-action,c2.output.forward,stream,1,1,0,20799633,20799633.0,20799633.0,0
c2-observer-p32-16,32,16,cold-first-data-action,c2.cleanup.dispatch,cleanup,4,4,0,1145731,286350.0,299792.0,0
c2-observer-p32-16,32,16,cold-first-data-action,c2.cleanup.queued_ack,cleanup,4,4,0,29837,7026.0,10185.0,0
c2-observer-p32-16,32,16,cold-first-data-action,c2.cleanup.close_job_executed,cleanup,3,3,0,50738,15812.0,25315.0,0
c2-observer-p32-16,32,16,cold-first-data-action,c2.cleanup.local_streams_removed,cleanup,4,4,0,24269,6053.0,10759.0,0
c2-observer-p32-16,32,16,cold-first-data-action,c2.release.response_buffer,cleanup,33,33,0,95849,2327.0,7332.0,0
c2-observer-p32-16,32,16,cold-first-data-action,c2.release.operation,cleanup,1,1,0,4978,4978.0,4978.0,0
c2-observer-p32-16,32,16,cold-first-data-action,c2.executor.owner,resources,1,1,0,30872051,30872051.0,30872051.0,0
c2-observer-p32-16,32,16,cold-first-data-action,c2.executor.buffer_owner,resources,1,1,0,30877418,30877418.0,30877418.0,0
c2-observer-p32-16,32,16,warm-same-query-same-server,c2.operation.binding,planning,1,0,1,,,,0
c2-observer-p32-16,32,16,warm-same-query-same-server,c2.job.accepted,scheduler,1,0,1,,,,0
c2-observer-p32-16,32,16,warm-same-query-same-server,c2.task.assigned,scheduler,40,0,40,,,,0
c2-observer-p32-16,32,16,warm-same-query-same-server,c2.plan.resolve,planning,1,1,0,719027,719027.0,719027.0,0
c2-observer-p32-16,32,16,warm-same-query-same-server,c2.plan.logical_execute,planning,1,1,0,5147,5147.0,5147.0,0
c2-observer-p32-16,32,16,warm-same-query-same-server,c2.plan.optimize,planning,1,1,0,380165,380165.0,380165.0,0
c2-observer-p32-16,32,16,warm-same-query-same-server,c2.plan.physical,planning,1,1,0,616583,616583.0,616583.0,0
c2-observer-p32-16,32,16,warm-same-query-same-server,c2.job.graph,planning,1,1,0,16855,16855.0,16855.0,0
c2-observer-p32-16,32,16,warm-same-query-same-server,c2.job.topology,planning,1,1,0,9697,9697.0,9697.0,0
c2-observer-p32-16,32,16,warm-same-query-same-server,c2.scheduler.select_assign,scheduler,42,42,0,131174,2488.5,7836.0,0
c2-observer-p32-16,32,16,warm-same-query-same-server,c2.stage.definition,serialization,2,2,0,127369,63684.5,73865.0,0
c2-observer-p32-16,32,16,warm-same-query-same-server,c2.stage.physical_encode,serialization,2,2,0,97726,48863.0,70434.0,0
c2-observer-p32-16,32,16,warm-same-query-same-server,c2.task.preparation_queue,scheduler,40,40,0,1492316,26967.5,92802.0,0
c2-observer-p32-16,32,16,warm-same-query-same-server,c2.task.preparation,scheduler,40,40,0,15375149,344190.5,654464.0,0
c2-observer-p32-16,32,16,warm-same-query-same-server,c2.stage.definition_cache_hit,scheduler,2,0,2,,,,0
c2-observer-p32-16,32,16,warm-same-query-same-server,c2.batch.dispatch,scheduler,4,4,0,2868896,762803.5,829103.0,0
c2-observer-p32-16,32,16,warm-same-query-same-server,c2.task.dispatched,scheduler,40,0,40,,,,0
c2-observer-p32-16,32,16,warm-same-query-same-server,c2.batch.definition_encode,serialization,4,4,0,49119,11362.0,22008.0,0
c2-observer-p32-16,32,16,warm-same-query-same-server,c2.batch.definition_decode,serialization,4,4,0,71593,17123.0,24674.0,0
c2-observer-p32-16,32,16,warm-same-query-same-server,c2.batch.physical_decode,serialization,4,4,0,66715,11349.5,35967.0,0
c2-observer-p32-16,32,16,warm-same-query-same-server,c2.task.physical_decode,serialization,40,40,0,4519239,79864.0,286822.0,0
c2-observer-p32-16,32,16,warm-same-query-same-server,c2.batch.admission,scheduler,4,4,0,575384,168495.5,192064.0,0
c2-observer-p32-16,32,16,warm-same-query-same-server,c2.task.admitted,scheduler,40,0,40,,,,0
c2-observer-p32-16,32,16,warm-same-query-same-server,c2.task.terminal,scheduler,40,0,40,,,,0
c2-observer-p32-16,32,16,warm-same-query-same-server,c2.reader.declaration,stream,32,0,32,,,,0
c2-observer-p32-16,32,16,warm-same-query-same-server,c2.writer.declaration,stream,40,0,40,,,,0
c2-observer-p32-16,32,16,warm-same-query-same-server,c2.reader.open,stream,32,32,0,177721543,5871120.5,7927724.0,0
c2-observer-p32-16,32,16,warm-same-query-same-server,c2.writer.open,stream,40,40,0,49282166,1320441.5,1553635.0,0
c2-observer-p32-16,32,16,warm-same-query-same-server,c2.stream.consumption,stream,114,114,0,505895616,5055532.0,9220538.0,0
c2-observer-p32-16,32,16,warm-same-query-same-server,c2.stream.owner,stream,186,186,0,1034508093,6581972.0,9717170.0,0
c2-observer-p32-16,32,16,warm-same-query-same-server,c2.stream.first_poll,stream,114,0,114,,,,0
c2-observer-p32-16,32,16,warm-same-query-same-server,c2.stream.first_batch,stream,114,0,114,,,,0
c2-observer-p32-16,32,16,warm-same-query-same-server,c2.sink.commit,stream,40,40,0,307729,4189.0,26588.0,0
c2-observer-p32-16,32,16,warm-same-query-same-server,c2.sink.abort,stream,0,0,0,,,,0
c2-observer-p32-16,32,16,warm-same-query-same-server,c2.output.forward,stream,1,1,0,12207390,12207390.0,12207390.0,0
c2-observer-p32-16,32,16,warm-same-query-same-server,c2.cleanup.dispatch,cleanup,4,4,0,1082105,273101.5,287315.0,0
c2-observer-p32-16,32,16,warm-same-query-same-server,c2.cleanup.queued_ack,cleanup,4,4,0,27614,5843.0,10834.0,0
c2-observer-p32-16,32,16,warm-same-query-same-server,c2.cleanup.close_job_executed,cleanup,3,3,0,12919,3910.0,5308.0,0
c2-observer-p32-16,32,16,warm-same-query-same-server,c2.cleanup.local_streams_removed,cleanup,4,4,0,18006,4334.5,8417.0,0
c2-observer-p32-16,32,16,warm-same-query-same-server,c2.release.response_buffer,cleanup,33,33,0,121007,2373.0,8433.0,0
c2-observer-p32-16,32,16,warm-same-query-same-server,c2.release.operation,cleanup,1,1,0,2166,2166.0,2166.0,0
c2-observer-p32-16,32,16,warm-same-query-same-server,c2.executor.owner,resources,1,1,0,23874223,23874223.0,23874223.0,0
c2-observer-p32-16,32,16,warm-same-query-same-server,c2.executor.buffer_owner,resources,1,1,0,23870711,23870711.0,23870711.0,0
c2-observer-p4-17,4,17,cold-first-data-action,c2.operation.binding,planning,1,0,1,,,,0
c2-observer-p4-17,4,17,cold-first-data-action,c2.job.accepted,scheduler,1,0,1,,,,0
c2-observer-p4-17,4,17,cold-first-data-action,c2.task.assigned,scheduler,8,0,8,,,,0
c2-observer-p4-17,4,17,cold-first-data-action,c2.plan.resolve,planning,1,1,0,474955,474955.0,474955.0,0
c2-observer-p4-17,4,17,cold-first-data-action,c2.plan.logical_execute,planning,1,1,0,12004,12004.0,12004.0,0
c2-observer-p4-17,4,17,cold-first-data-action,c2.plan.optimize,planning,1,1,0,810469,810469.0,810469.0,0
c2-observer-p4-17,4,17,cold-first-data-action,c2.plan.physical,planning,1,1,0,1635924,1635924.0,1635924.0,0
c2-observer-p4-17,4,17,cold-first-data-action,c2.job.graph,planning,1,1,0,89577,89577.0,89577.0,0
c2-observer-p4-17,4,17,cold-first-data-action,c2.job.topology,planning,1,1,0,18985,18985.0,18985.0,0
c2-observer-p4-17,4,17,cold-first-data-action,c2.scheduler.select_assign,scheduler,10,10,0,39054,2415.5,10568.0,0
c2-observer-p4-17,4,17,cold-first-data-action,c2.stage.definition,serialization,2,2,0,295670,147835.0,218497.0,0
c2-observer-p4-17,4,17,cold-first-data-action,c2.stage.physical_encode,serialization,2,2,0,280125,140062.5,206921.0,0
c2-observer-p4-17,4,17,cold-first-data-action,c2.task.preparation_queue,scheduler,8,8,0,1620905,185754.5,311519.0,0
c2-observer-p4-17,4,17,cold-first-data-action,c2.task.preparation,scheduler,8,8,0,8031357,1011122.0,1118406.0,0
c2-observer-p4-17,4,17,cold-first-data-action,c2.stage.definition_cache_hit,scheduler,2,0,2,,,,0
c2-observer-p4-17,4,17,cold-first-data-action,c2.batch.dispatch,scheduler,4,4,0,5332810,1320348.0,1438818.0,0
c2-observer-p4-17,4,17,cold-first-data-action,c2.task.dispatched,scheduler,8,0,8,,,,0
c2-observer-p4-17,4,17,cold-first-data-action,c2.batch.definition_encode,serialization,4,4,0,153439,27692.0,82257.0,0
c2-observer-p4-17,4,17,cold-first-data-action,c2.batch.definition_decode,serialization,4,4,0,150014,39987.0,52423.0,0
c2-observer-p4-17,4,17,cold-first-data-action,c2.batch.physical_decode,serialization,4,4,0,206842,53136.5,98964.0,0
c2-observer-p4-17,4,17,cold-first-data-action,c2.task.physical_decode,serialization,8,8,0,4919943,636660.5,708532.0,0
c2-observer-p4-17,4,17,cold-first-data-action,c2.batch.admission,scheduler,4,4,0,918596,225391.5,265668.0,0
c2-observer-p4-17,4,17,cold-first-data-action,c2.task.admitted,scheduler,8,0,8,,,,0
c2-observer-p4-17,4,17,cold-first-data-action,c2.task.terminal,scheduler,8,0,8,,,,0
c2-observer-p4-17,4,17,cold-first-data-action,c2.reader.declaration,stream,4,0,4,,,,0
c2-observer-p4-17,4,17,cold-first-data-action,c2.writer.declaration,stream,8,0,8,,,,0
c2-observer-p4-17,4,17,cold-first-data-action,c2.reader.open,stream,4,4,0,2793210,710599.0,745322.0,0
c2-observer-p4-17,4,17,cold-first-data-action,c2.writer.open,stream,8,8,0,563053,64147.5,101881.0,0
c2-observer-p4-17,4,17,cold-first-data-action,c2.stream.consumption,stream,22,22,0,82349666,3037708.0,8296056.0,0
c2-observer-p4-17,4,17,cold-first-data-action,c2.stream.owner,stream,34,34,0,132544449,3901001.0,8895105.0,0
c2-observer-p4-17,4,17,cold-first-data-action,c2.stream.first_poll,stream,22,0,22,,,,0
c2-observer-p4-17,4,17,cold-first-data-action,c2.stream.first_batch,stream,22,0,22,,,,0
c2-observer-p4-17,4,17,cold-first-data-action,c2.sink.commit,stream,8,8,0,64408,6152.0,17353.0,0
c2-observer-p4-17,4,17,cold-first-data-action,c2.sink.abort,stream,0,0,0,,,,0
c2-observer-p4-17,4,17,cold-first-data-action,c2.output.forward,stream,1,1,0,8038874,8038874.0,8038874.0,0
c2-observer-p4-17,4,17,cold-first-data-action,c2.cleanup.dispatch,cleanup,4,4,0,1122954,281954.5,325976.0,0
c2-observer-p4-17,4,17,cold-first-data-action,c2.cleanup.queued_ack,cleanup,4,4,0,23731,5319.0,7832.0,0
c2-observer-p4-17,4,17,cold-first-data-action,c2.cleanup.close_job_executed,cleanup,3,3,0,21582,7575.0,8407.0,0
c2-observer-p4-17,4,17,cold-first-data-action,c2.cleanup.local_streams_removed,cleanup,4,4,0,13815,3188.0,6434.0,0
c2-observer-p4-17,4,17,cold-first-data-action,c2.release.response_buffer,cleanup,5,5,0,33377,2674.0,23643.0,0
c2-observer-p4-17,4,17,cold-first-data-action,c2.release.operation,cleanup,1,1,0,5095,5095.0,5095.0,0
c2-observer-p4-17,4,17,cold-first-data-action,c2.executor.owner,resources,1,1,0,11576810,11576810.0,11576810.0,0
c2-observer-p4-17,4,17,cold-first-data-action,c2.executor.buffer_owner,resources,1,1,0,11578583,11578583.0,11578583.0,0
c2-observer-p4-17,4,17,warm-same-query-same-server,c2.operation.binding,planning,1,0,1,,,,0
c2-observer-p4-17,4,17,warm-same-query-same-server,c2.job.accepted,scheduler,1,0,1,,,,0
c2-observer-p4-17,4,17,warm-same-query-same-server,c2.task.assigned,scheduler,8,0,8,,,,0
c2-observer-p4-17,4,17,warm-same-query-same-server,c2.plan.resolve,planning,1,1,0,695681,695681.0,695681.0,0
c2-observer-p4-17,4,17,warm-same-query-same-server,c2.plan.logical_execute,planning,1,1,0,5740,5740.0,5740.0,0
c2-observer-p4-17,4,17,warm-same-query-same-server,c2.plan.optimize,planning,1,1,0,354862,354862.0,354862.0,0
c2-observer-p4-17,4,17,warm-same-query-same-server,c2.plan.physical,planning,1,1,0,620358,620358.0,620358.0,0
c2-observer-p4-17,4,17,warm-same-query-same-server,c2.job.graph,planning,1,1,0,15909,15909.0,15909.0,0
c2-observer-p4-17,4,17,warm-same-query-same-server,c2.job.topology,planning,1,1,0,4706,4706.0,4706.0,0
c2-observer-p4-17,4,17,warm-same-query-same-server,c2.scheduler.select_assign,scheduler,10,10,0,25781,2451.0,7111.0,0
c2-observer-p4-17,4,17,warm-same-query-same-server,c2.stage.definition,serialization,2,2,0,123618,61809.0,71949.0,0
c2-observer-p4-17,4,17,warm-same-query-same-server,c2.stage.physical_encode,serialization,2,2,0,113108,56554.0,67818.0,0
c2-observer-p4-17,4,17,warm-same-query-same-server,c2.task.preparation_queue,scheduler,8,8,0,158972,16790.0,37796.0,0
c2-observer-p4-17,4,17,warm-same-query-same-server,c2.task.preparation,scheduler,8,8,0,2080056,263869.0,363705.0,0
c2-observer-p4-17,4,17,warm-same-query-same-server,c2.stage.definition_cache_hit,scheduler,2,0,2,,,,0
c2-observer-p4-17,4,17,warm-same-query-same-server,c2.batch.dispatch,scheduler,4,4,0,2302833,577596.5,618223.0,0
c2-observer-p4-17,4,17,warm-same-query-same-server,c2.task.dispatched,scheduler,8,0,8,,,,0
c2-observer-p4-17,4,17,warm-same-query-same-server,c2.batch.definition_encode,serialization,4,4,0,40725,9621.5,16107.0,0
c2-observer-p4-17,4,17,warm-same-query-same-server,c2.batch.definition_decode,serialization,4,4,0,31245,7291.5,11203.0,0
c2-observer-p4-17,4,17,warm-same-query-same-server,c2.batch.physical_decode,serialization,4,4,0,103433,24559.5,49200.0,0
c2-observer-p4-17,4,17,warm-same-query-same-server,c2.task.physical_decode,serialization,8,8,0,865854,90220.5,164802.0,0
c2-observer-p4-17,4,17,warm-same-query-same-server,c2.batch.admission,scheduler,4,4,0,416277,109014.0,127732.0,0
c2-observer-p4-17,4,17,warm-same-query-same-server,c2.task.admitted,scheduler,8,0,8,,,,0
c2-observer-p4-17,4,17,warm-same-query-same-server,c2.task.terminal,scheduler,8,0,8,,,,0
c2-observer-p4-17,4,17,warm-same-query-same-server,c2.reader.declaration,stream,4,0,4,,,,0
c2-observer-p4-17,4,17,warm-same-query-same-server,c2.writer.declaration,stream,8,0,8,,,,0
c2-observer-p4-17,4,17,warm-same-query-same-server,c2.reader.open,stream,4,4,0,1828211,439082.0,526210.0,0
c2-observer-p4-17,4,17,warm-same-query-same-server,c2.writer.open,stream,8,8,0,309998,29125.0,89495.0,0
c2-observer-p4-17,4,17,warm-same-query-same-server,c2.stream.consumption,stream,22,22,0,42828017,1501898.0,4975629.0,0
c2-observer-p4-17,4,17,warm-same-query-same-server,c2.stream.owner,stream,34,34,0,68886066,2057542.5,5367848.0,0
c2-observer-p4-17,4,17,warm-same-query-same-server,c2.stream.first_poll,stream,22,0,22,,,,0
c2-observer-p4-17,4,17,warm-same-query-same-server,c2.stream.first_batch,stream,22,0,22,,,,0
c2-observer-p4-17,4,17,warm-same-query-same-server,c2.sink.commit,stream,8,8,0,42808,5106.5,9824.0,0
c2-observer-p4-17,4,17,warm-same-query-same-server,c2.sink.abort,stream,0,0,0,,,,0
c2-observer-p4-17,4,17,warm-same-query-same-server,c2.output.forward,stream,1,1,0,4392766,4392766.0,4392766.0,0
c2-observer-p4-17,4,17,warm-same-query-same-server,c2.cleanup.dispatch,cleanup,4,4,0,1009101,252894.0,260850.0,0
c2-observer-p4-17,4,17,warm-same-query-same-server,c2.cleanup.queued_ack,cleanup,4,4,0,30748,6612.0,11598.0,0
c2-observer-p4-17,4,17,warm-same-query-same-server,c2.cleanup.close_job_executed,cleanup,3,3,0,10210,3140.0,4787.0,0
c2-observer-p4-17,4,17,warm-same-query-same-server,c2.cleanup.local_streams_removed,cleanup,4,4,0,8385,2044.5,3215.0,0
c2-observer-p4-17,4,17,warm-same-query-same-server,c2.release.response_buffer,cleanup,5,5,0,20017,3932.0,5941.0,0
c2-observer-p4-17,4,17,warm-same-query-same-server,c2.release.operation,cleanup,1,1,0,1970,1970.0,1970.0,0
c2-observer-p4-17,4,17,warm-same-query-same-server,c2.executor.owner,resources,1,1,0,7077013,7077013.0,7077013.0,0
c2-observer-p4-17,4,17,warm-same-query-same-server,c2.executor.buffer_owner,resources,1,1,0,7077183,7077183.0,7077183.0,0
c2-observer-p16-17,16,17,cold-first-data-action,c2.operation.binding,planning,1,0,1,,,,0
c2-observer-p16-17,16,17,cold-first-data-action,c2.job.accepted,scheduler,1,0,1,,,,0
c2-observer-p16-17,16,17,cold-first-data-action,c2.task.assigned,scheduler,24,0,24,,,,0
c2-observer-p16-17,16,17,cold-first-data-action,c2.plan.resolve,planning,1,1,0,594787,594787.0,594787.0,0
c2-observer-p16-17,16,17,cold-first-data-action,c2.plan.logical_execute,planning,1,1,0,13226,13226.0,13226.0,0
c2-observer-p16-17,16,17,cold-first-data-action,c2.plan.optimize,planning,1,1,0,874079,874079.0,874079.0,0
c2-observer-p16-17,16,17,cold-first-data-action,c2.plan.physical,planning,1,1,0,1750975,1750975.0,1750975.0,0
c2-observer-p16-17,16,17,cold-first-data-action,c2.job.graph,planning,1,1,0,55046,55046.0,55046.0,0
c2-observer-p16-17,16,17,cold-first-data-action,c2.job.topology,planning,1,1,0,21402,21402.0,21402.0,0
c2-observer-p16-17,16,17,cold-first-data-action,c2.scheduler.select_assign,scheduler,26,26,0,113460,1839.5,14443.0,0
c2-observer-p16-17,16,17,cold-first-data-action,c2.stage.definition,serialization,2,2,0,307747,153873.5,219588.0,0
c2-observer-p16-17,16,17,cold-first-data-action,c2.stage.physical_encode,serialization,2,2,0,278665,139332.5,206466.0,0
c2-observer-p16-17,16,17,cold-first-data-action,c2.task.preparation_queue,scheduler,24,24,0,52071235,2061669.0,3331197.0,0
c2-observer-p16-17,16,17,cold-first-data-action,c2.task.preparation,scheduler,24,24,0,30438784,1100483.0,2528755.0,0
c2-observer-p16-17,16,17,cold-first-data-action,c2.stage.definition_cache_hit,scheduler,2,0,2,,,,0
c2-observer-p16-17,16,17,cold-first-data-action,c2.batch.dispatch,scheduler,4,4,0,12844800,3303067.5,3627462.0,0
c2-observer-p16-17,16,17,cold-first-data-action,c2.task.dispatched,scheduler,24,0,24,,,,0
c2-observer-p16-17,16,17,cold-first-data-action,c2.batch.definition_encode,serialization,4,4,0,59794,14217.0,27421.0,0
c2-observer-p16-17,16,17,cold-first-data-action,c2.batch.definition_decode,serialization,4,4,0,154582,39149.5,53590.0,0
c2-observer-p16-17,16,17,cold-first-data-action,c2.batch.physical_decode,serialization,4,4,0,214309,52449.5,99475.0,0
c2-observer-p16-17,16,17,cold-first-data-action,c2.task.physical_decode,serialization,24,24,0,17075624,390562.5,1838423.0,0
c2-observer-p16-17,16,17,cold-first-data-action,c2.batch.admission,scheduler,4,4,0,2564627,640325.0,991937.0,0
c2-observer-p16-17,16,17,cold-first-data-action,c2.task.admitted,scheduler,24,0,24,,,,0
c2-observer-p16-17,16,17,cold-first-data-action,c2.task.terminal,scheduler,24,0,24,,,,0
c2-observer-p16-17,16,17,cold-first-data-action,c2.reader.declaration,stream,16,0,16,,,,0
c2-observer-p16-17,16,17,cold-first-data-action,c2.writer.declaration,stream,24,0,24,,,,0
c2-observer-p16-17,16,17,cold-first-data-action,c2.reader.open,stream,16,16,0,54621082,3103070.5,5626164.0,0
c2-observer-p16-17,16,17,cold-first-data-action,c2.writer.open,stream,24,24,0,5638542,221035.0,536609.0,0
c2-observer-p16-17,16,17,cold-first-data-action,c2.stream.consumption,stream,66,66,0,316789466,5636162.0,7750293.0,0
c2-observer-p16-17,16,17,cold-first-data-action,c2.stream.owner,stream,106,106,0,577216685,6337740.5,8384052.0,0
c2-observer-p16-17,16,17,cold-first-data-action,c2.stream.first_poll,stream,66,0,66,,,,0
c2-observer-p16-17,16,17,cold-first-data-action,c2.stream.first_batch,stream,66,0,66,,,,0
c2-observer-p16-17,16,17,cold-first-data-action,c2.sink.commit,stream,24,24,0,229301,4827.0,23314.0,0
c2-observer-p16-17,16,17,cold-first-data-action,c2.sink.abort,stream,0,0,0,,,,0
c2-observer-p16-17,16,17,cold-first-data-action,c2.output.forward,stream,1,1,0,16728911,16728911.0,16728911.0,0
c2-observer-p16-17,16,17,cold-first-data-action,c2.cleanup.dispatch,cleanup,4,4,0,1186834,290287.5,324189.0,0
c2-observer-p16-17,16,17,cold-first-data-action,c2.cleanup.queued_ack,cleanup,4,4,0,34205,8285.5,11596.0,0
c2-observer-p16-17,16,17,cold-first-data-action,c2.cleanup.close_job_executed,cleanup,3,3,0,51133,17138.0,25183.0,0
c2-observer-p16-17,16,17,cold-first-data-action,c2.cleanup.local_streams_removed,cleanup,4,4,0,17500,4188.0,7808.0,0
c2-observer-p16-17,16,17,cold-first-data-action,c2.release.response_buffer,cleanup,17,17,0,59594,2659.0,16446.0,0
c2-observer-p16-17,16,17,cold-first-data-action,c2.release.operation,cleanup,1,1,0,6013,6013.0,6013.0,0
c2-observer-p16-17,16,17,cold-first-data-action,c2.executor.owner,resources,1,1,0,22523222,22523222.0,22523222.0,0
c2-observer-p16-17,16,17,cold-first-data-action,c2.executor.buffer_owner,resources,1,1,0,22528809,22528809.0,22528809.0,0
c2-observer-p16-17,16,17,warm-same-query-same-server,c2.operation.binding,planning,1,0,1,,,,0
c2-observer-p16-17,16,17,warm-same-query-same-server,c2.job.accepted,scheduler,1,0,1,,,,0
c2-observer-p16-17,16,17,warm-same-query-same-server,c2.task.assigned,scheduler,24,0,24,,,,0
c2-observer-p16-17,16,17,warm-same-query-same-server,c2.plan.resolve,planning,1,1,0,691339,691339.0,691339.0,0
c2-observer-p16-17,16,17,warm-same-query-same-server,c2.plan.logical_execute,planning,1,1,0,6101,6101.0,6101.0,0
c2-observer-p16-17,16,17,warm-same-query-same-server,c2.plan.optimize,planning,1,1,0,378047,378047.0,378047.0,0
c2-observer-p16-17,16,17,warm-same-query-same-server,c2.plan.physical,planning,1,1,0,663847,663847.0,663847.0,0
c2-observer-p16-17,16,17,warm-same-query-same-server,c2.job.graph,planning,1,1,0,17043,17043.0,17043.0,0
c2-observer-p16-17,16,17,warm-same-query-same-server,c2.job.topology,planning,1,1,0,6911,6911.0,6911.0,0
c2-observer-p16-17,16,17,warm-same-query-same-server,c2.scheduler.select_assign,scheduler,26,26,0,92291,2750.5,6597.0,0
c2-observer-p16-17,16,17,warm-same-query-same-server,c2.stage.definition,serialization,2,2,0,141122,70561.0,84920.0,0
c2-observer-p16-17,16,17,warm-same-query-same-server,c2.stage.physical_encode,serialization,2,2,0,124167,62083.5,80386.0,0
c2-observer-p16-17,16,17,warm-same-query-same-server,c2.task.preparation_queue,scheduler,24,24,0,985426,31639.5,86373.0,0
c2-observer-p16-17,16,17,warm-same-query-same-server,c2.task.preparation,scheduler,24,24,0,12764983,527986.0,896937.0,0
c2-observer-p16-17,16,17,warm-same-query-same-server,c2.stage.definition_cache_hit,scheduler,2,0,2,,,,0
c2-observer-p16-17,16,17,warm-same-query-same-server,c2.batch.dispatch,scheduler,4,4,0,2393667,603425.5,692890.0,0
c2-observer-p16-17,16,17,warm-same-query-same-server,c2.task.dispatched,scheduler,24,0,24,,,,0
c2-observer-p16-17,16,17,warm-same-query-same-server,c2.batch.definition_encode,serialization,4,4,0,35573,8730.5,13664.0,0
c2-observer-p16-17,16,17,warm-same-query-same-server,c2.batch.definition_decode,serialization,4,4,0,45908,11716.0,12105.0,0
c2-observer-p16-17,16,17,warm-same-query-same-server,c2.batch.physical_decode,serialization,4,4,0,121282,27891.0,57697.0,0
c2-observer-p16-17,16,17,warm-same-query-same-server,c2.task.physical_decode,serialization,24,24,0,3509119,80208.5,314937.0,0
c2-observer-p16-17,16,17,warm-same-query-same-server,c2.batch.admission,scheduler,4,4,0,511823,113137.5,233302.0,0
c2-observer-p16-17,16,17,warm-same-query-same-server,c2.task.admitted,scheduler,24,0,24,,,,0
c2-observer-p16-17,16,17,warm-same-query-same-server,c2.task.terminal,scheduler,24,0,24,,,,0
c2-observer-p16-17,16,17,warm-same-query-same-server,c2.reader.declaration,stream,16,0,16,,,,0
c2-observer-p16-17,16,17,warm-same-query-same-server,c2.writer.declaration,stream,24,0,24,,,,0
c2-observer-p16-17,16,17,warm-same-query-same-server,c2.reader.open,stream,16,16,0,55921431,3625879.0,4300304.0,0
c2-observer-p16-17,16,17,warm-same-query-same-server,c2.writer.open,stream,24,24,0,13299239,519587.0,873004.0,0
c2-observer-p16-17,16,17,warm-same-query-same-server,c2.stream.consumption,stream,66,66,0,194209212,3333242.5,5770282.0,0
c2-observer-p16-17,16,17,warm-same-query-same-server,c2.stream.owner,stream,106,106,0,385733436,4419375.5,6079772.0,0
c2-observer-p16-17,16,17,warm-same-query-same-server,c2.stream.first_poll,stream,66,0,66,,,,0
c2-observer-p16-17,16,17,warm-same-query-same-server,c2.stream.first_batch,stream,66,0,66,,,,0
c2-observer-p16-17,16,17,warm-same-query-same-server,c2.sink.commit,stream,24,24,0,155257,3723.5,15615.0,0
c2-observer-p16-17,16,17,warm-same-query-same-server,c2.sink.abort,stream,0,0,0,,,,0
c2-observer-p16-17,16,17,warm-same-query-same-server,c2.output.forward,stream,1,1,0,8403673,8403673.0,8403673.0,0
c2-observer-p16-17,16,17,warm-same-query-same-server,c2.cleanup.dispatch,cleanup,4,4,0,1067806,268572.0,293039.0,0
c2-observer-p16-17,16,17,warm-same-query-same-server,c2.cleanup.queued_ack,cleanup,4,4,0,25952,6557.5,7258.0,0
c2-observer-p16-17,16,17,warm-same-query-same-server,c2.cleanup.close_job_executed,cleanup,3,3,0,11341,3852.0,4167.0,0
c2-observer-p16-17,16,17,warm-same-query-same-server,c2.cleanup.local_streams_removed,cleanup,4,4,0,14393,3587.5,5874.0,0
c2-observer-p16-17,16,17,warm-same-query-same-server,c2.release.response_buffer,cleanup,17,17,0,48135,2590.0,5192.0,0
c2-observer-p16-17,16,17,warm-same-query-same-server,c2.release.operation,cleanup,1,1,0,4106,4106.0,4106.0,1
c2-observer-p16-17,16,17,warm-same-query-same-server,c2.executor.owner,resources,1,1,0,73523401,73523401.0,73523401.0,1
c2-observer-p16-17,16,17,warm-same-query-same-server,c2.executor.buffer_owner,resources,1,1,0,73518912,73518912.0,73518912.0,1
c2-observer-p32-17,32,17,cold-first-data-action,c2.operation.binding,planning,1,0,1,,,,0
c2-observer-p32-17,32,17,cold-first-data-action,c2.job.accepted,scheduler,1,0,1,,,,0
c2-observer-p32-17,32,17,cold-first-data-action,c2.task.assigned,scheduler,40,0,40,,,,0
c2-observer-p32-17,32,17,cold-first-data-action,c2.plan.resolve,planning,1,1,0,529374,529374.0,529374.0,0
c2-observer-p32-17,32,17,cold-first-data-action,c2.plan.logical_execute,planning,1,1,0,14632,14632.0,14632.0,0
c2-observer-p32-17,32,17,cold-first-data-action,c2.plan.optimize,planning,1,1,0,876700,876700.0,876700.0,0
c2-observer-p32-17,32,17,cold-first-data-action,c2.plan.physical,planning,1,1,0,1572595,1572595.0,1572595.0,0
c2-observer-p32-17,32,17,cold-first-data-action,c2.job.graph,planning,1,1,0,55505,55505.0,55505.0,0
c2-observer-p32-17,32,17,cold-first-data-action,c2.job.topology,planning,1,1,0,25671,25671.0,25671.0,0
c2-observer-p32-17,32,17,cold-first-data-action,c2.scheduler.select_assign,scheduler,42,42,0,133370,2372.5,9333.0,0
c2-observer-p32-17,32,17,cold-first-data-action,c2.stage.definition,serialization,2,2,0,325575,162787.5,234364.0,0
c2-observer-p32-17,32,17,cold-first-data-action,c2.stage.physical_encode,serialization,2,2,0,289761,144880.5,221808.0,0
c2-observer-p32-17,32,17,cold-first-data-action,c2.task.preparation_queue,scheduler,40,40,0,113896733,2928284.5,5085561.0,0
c2-observer-p32-17,32,17,cold-first-data-action,c2.task.preparation,scheduler,40,40,0,65172206,1529178.5,2803030.0,0
c2-observer-p32-17,32,17,cold-first-data-action,c2.stage.definition_cache_hit,scheduler,2,0,2,,,,0
c2-observer-p32-17,32,17,cold-first-data-action,c2.batch.dispatch,scheduler,4,4,0,10248170,2536895.5,2710647.0,0
c2-observer-p32-17,32,17,cold-first-data-action,c2.task.dispatched,scheduler,40,0,40,,,,0
c2-observer-p32-17,32,17,cold-first-data-action,c2.batch.definition_encode,serialization,4,4,0,100627,21303.0,50976.0,0
c2-observer-p32-17,32,17,cold-first-data-action,c2.batch.definition_decode,serialization,4,4,0,159611,38178.5,53758.0,0
c2-observer-p32-17,32,17,cold-first-data-action,c2.batch.physical_decode,serialization,4,4,0,266183,63165.5,123827.0,0
c2-observer-p32-17,32,17,cold-first-data-action,c2.task.physical_decode,serialization,40,40,0,31928528,766282.0,1635812.0,0
c2-observer-p32-17,32,17,cold-first-data-action,c2.batch.admission,scheduler,4,4,0,2705563,679247.0,1168403.0,0
c2-observer-p32-17,32,17,cold-first-data-action,c2.task.admitted,scheduler,40,0,40,,,,0
c2-observer-p32-17,32,17,cold-first-data-action,c2.task.terminal,scheduler,40,0,40,,,,0
c2-observer-p32-17,32,17,cold-first-data-action,c2.reader.declaration,stream,32,0,32,,,,0
c2-observer-p32-17,32,17,cold-first-data-action,c2.writer.declaration,stream,40,0,40,,,,0
c2-observer-p32-17,32,17,cold-first-data-action,c2.reader.open,stream,32,32,0,176144634,5716102.0,7042779.0,0
c2-observer-p32-17,32,17,cold-first-data-action,c2.writer.open,stream,40,40,0,38751125,910736.5,1867299.0,0
c2-observer-p32-17,32,17,cold-first-data-action,c2.stream.consumption,stream,114,114,0,582859667,6069512.5,9254340.0,0
c2-observer-p32-17,32,17,cold-first-data-action,c2.stream.owner,stream,186,186,0,1174059303,7165170.5,9970952.0,0
c2-observer-p32-17,32,17,cold-first-data-action,c2.stream.first_poll,stream,114,0,114,,,,0
c2-observer-p32-17,32,17,cold-first-data-action,c2.stream.first_batch,stream,114,0,114,,,,0
c2-observer-p32-17,32,17,cold-first-data-action,c2.sink.commit,stream,40,40,0,387819,4347.0,34407.0,0
c2-observer-p32-17,32,17,cold-first-data-action,c2.sink.abort,stream,0,0,0,,,,0
c2-observer-p32-17,32,17,cold-first-data-action,c2.output.forward,stream,1,1,0,18408909,18408909.0,18408909.0,0
c2-observer-p32-17,32,17,cold-first-data-action,c2.cleanup.dispatch,cleanup,4,4,0,1102002,269342.0,310357.0,0
c2-observer-p32-17,32,17,cold-first-data-action,c2.cleanup.queued_ack,cleanup,4,4,0,27735,6197.5,9626.0,0
c2-observer-p32-17,32,17,cold-first-data-action,c2.cleanup.close_job_executed,cleanup,3,3,0,23878,7787.0,8526.0,0
c2-observer-p32-17,32,17,cold-first-data-action,c2.cleanup.local_streams_removed,cleanup,4,4,0,23478,5792.0,10578.0,0
c2-observer-p32-17,32,17,cold-first-data-action,c2.release.response_buffer,cleanup,33,33,0,84880,2221.0,7119.0,0
c2-observer-p32-17,32,17,cold-first-data-action,c2.release.operation,cleanup,1,1,0,5066,5066.0,5066.0,0
c2-observer-p32-17,32,17,cold-first-data-action,c2.executor.owner,resources,1,1,0,31345107,31345107.0,31345107.0,0
c2-observer-p32-17,32,17,cold-first-data-action,c2.executor.buffer_owner,resources,1,1,0,31348264,31348264.0,31348264.0,0
c2-observer-p32-17,32,17,warm-same-query-same-server,c2.operation.binding,planning,1,0,1,,,,0
c2-observer-p32-17,32,17,warm-same-query-same-server,c2.job.accepted,scheduler,1,0,1,,,,0
c2-observer-p32-17,32,17,warm-same-query-same-server,c2.task.assigned,scheduler,40,0,40,,,,0
c2-observer-p32-17,32,17,warm-same-query-same-server,c2.plan.resolve,planning,1,1,0,697420,697420.0,697420.0,0
c2-observer-p32-17,32,17,warm-same-query-same-server,c2.plan.logical_execute,planning,1,1,0,5652,5652.0,5652.0,0
c2-observer-p32-17,32,17,warm-same-query-same-server,c2.plan.optimize,planning,1,1,0,358321,358321.0,358321.0,0
c2-observer-p32-17,32,17,warm-same-query-same-server,c2.plan.physical,planning,1,1,0,581621,581621.0,581621.0,0
c2-observer-p32-17,32,17,warm-same-query-same-server,c2.job.graph,planning,1,1,0,15739,15739.0,15739.0,0
c2-observer-p32-17,32,17,warm-same-query-same-server,c2.job.topology,planning,1,1,0,9384,9384.0,9384.0,0
c2-observer-p32-17,32,17,warm-same-query-same-server,c2.scheduler.select_assign,scheduler,42,42,0,178665,3017.0,6334.0,0
c2-observer-p32-17,32,17,warm-same-query-same-server,c2.stage.definition,serialization,2,2,0,151946,75973.0,101706.0,0
c2-observer-p32-17,32,17,warm-same-query-same-server,c2.stage.physical_encode,serialization,2,2,0,123149,61574.5,97428.0,0
c2-observer-p32-17,32,17,warm-same-query-same-server,c2.task.preparation_queue,scheduler,40,40,0,1048852,23705.0,45215.0,0
c2-observer-p32-17,32,17,warm-same-query-same-server,c2.task.preparation,scheduler,40,40,0,13269679,317835.5,639753.0,0
c2-observer-p32-17,32,17,warm-same-query-same-server,c2.stage.definition_cache_hit,scheduler,2,0,2,,,,0
c2-observer-p32-17,32,17,warm-same-query-same-server,c2.batch.dispatch,scheduler,4,4,0,2503480,635307.0,791354.0,0
c2-observer-p32-17,32,17,warm-same-query-same-server,c2.task.dispatched,scheduler,40,0,40,,,,0
c2-observer-p32-17,32,17,warm-same-query-same-server,c2.batch.definition_encode,serialization,4,4,0,66892,18408.5,24173.0,0
c2-observer-p32-17,32,17,warm-same-query-same-server,c2.batch.definition_decode,serialization,4,4,0,87421,18720.0,35703.0,0
c2-observer-p32-17,32,17,warm-same-query-same-server,c2.batch.physical_decode,serialization,4,4,0,97809,26826.5,41073.0,0
c2-observer-p32-17,32,17,warm-same-query-same-server,c2.task.physical_decode,serialization,40,40,0,4160934,71932.5,226369.0,0
c2-observer-p32-17,32,17,warm-same-query-same-server,c2.batch.admission,scheduler,4,4,0,540550,153949.0,181863.0,0
c2-observer-p32-17,32,17,warm-same-query-same-server,c2.task.admitted,scheduler,40,0,40,,,,0
c2-observer-p32-17,32,17,warm-same-query-same-server,c2.task.terminal,scheduler,40,0,40,,,,0
c2-observer-p32-17,32,17,warm-same-query-same-server,c2.reader.declaration,stream,32,0,32,,,,0
c2-observer-p32-17,32,17,warm-same-query-same-server,c2.writer.declaration,stream,40,0,40,,,,0
c2-observer-p32-17,32,17,warm-same-query-same-server,c2.reader.open,stream,32,32,0,163433539,5260324.5,7475688.0,0
c2-observer-p32-17,32,17,warm-same-query-same-server,c2.writer.open,stream,40,40,0,56928603,1489708.5,1944192.0,0
c2-observer-p32-17,32,17,warm-same-query-same-server,c2.stream.consumption,stream,114,114,0,500838534,4662597.5,9132708.0,0
c2-observer-p32-17,32,17,warm-same-query-same-server,c2.stream.owner,stream,186,186,0,1023038551,6182928.0,9305517.0,0
c2-observer-p32-17,32,17,warm-same-query-same-server,c2.stream.first_poll,stream,114,0,114,,,,0
c2-observer-p32-17,32,17,warm-same-query-same-server,c2.stream.first_batch,stream,114,0,114,,,,0
c2-observer-p32-17,32,17,warm-same-query-same-server,c2.sink.commit,stream,40,40,0,353920,4019.0,27884.0,0
c2-observer-p32-17,32,17,warm-same-query-same-server,c2.sink.abort,stream,0,0,0,,,,0
c2-observer-p32-17,32,17,warm-same-query-same-server,c2.output.forward,stream,1,1,0,12304771,12304771.0,12304771.0,0
c2-observer-p32-17,32,17,warm-same-query-same-server,c2.cleanup.dispatch,cleanup,4,4,0,978629,246462.5,250808.0,0
c2-observer-p32-17,32,17,warm-same-query-same-server,c2.cleanup.queued_ack,cleanup,4,4,0,29274,6758.0,9965.0,0
c2-observer-p32-17,32,17,warm-same-query-same-server,c2.cleanup.close_job_executed,cleanup,3,3,0,11464,4330.0,4491.0,0
c2-observer-p32-17,32,17,warm-same-query-same-server,c2.cleanup.local_streams_removed,cleanup,4,4,0,24595,7084.5,9123.0,0
c2-observer-p32-17,32,17,warm-same-query-same-server,c2.release.response_buffer,cleanup,33,33,0,95538,2592.0,4740.0,0
c2-observer-p32-17,32,17,warm-same-query-same-server,c2.release.operation,cleanup,1,1,0,4012,4012.0,4012.0,0
c2-observer-p32-17,32,17,warm-same-query-same-server,c2.executor.owner,resources,1,1,0,72732029,72732029.0,72732029.0,0
c2-observer-p32-17,32,17,warm-same-query-same-server,c2.executor.buffer_owner,resources,1,1,0,72736394,72736394.0,72736394.0,0
c2-observer-p4-18,4,18,cold-first-data-action,c2.operation.binding,planning,1,0,1,,,,0
c2-observer-p4-18,4,18,cold-first-data-action,c2.job.accepted,scheduler,1,0,1,,,,0
c2-observer-p4-18,4,18,cold-first-data-action,c2.task.assigned,scheduler,8,0,8,,,,0
c2-observer-p4-18,4,18,cold-first-data-action,c2.plan.resolve,planning,1,1,0,509124,509124.0,509124.0,0
c2-observer-p4-18,4,18,cold-first-data-action,c2.plan.logical_execute,planning,1,1,0,12520,12520.0,12520.0,0
c2-observer-p4-18,4,18,cold-first-data-action,c2.plan.optimize,planning,1,1,0,810037,810037.0,810037.0,0
c2-observer-p4-18,4,18,cold-first-data-action,c2.plan.physical,planning,1,1,0,1562601,1562601.0,1562601.0,0
c2-observer-p4-18,4,18,cold-first-data-action,c2.job.graph,planning,1,1,0,53763,53763.0,53763.0,0
c2-observer-p4-18,4,18,cold-first-data-action,c2.job.topology,planning,1,1,0,19249,19249.0,19249.0,0
c2-observer-p4-18,4,18,cold-first-data-action,c2.scheduler.select_assign,scheduler,10,10,0,27898,2139.0,6629.0,0
c2-observer-p4-18,4,18,cold-first-data-action,c2.stage.definition,serialization,2,2,0,315678,157839.0,237359.0,0
c2-observer-p4-18,4,18,cold-first-data-action,c2.stage.physical_encode,serialization,2,2,0,295606,147803.0,223213.0,0
c2-observer-p4-18,4,18,cold-first-data-action,c2.task.preparation_queue,scheduler,8,8,0,2245015,252392.5,467665.0,0
c2-observer-p4-18,4,18,cold-first-data-action,c2.task.preparation,scheduler,8,8,0,8760680,1096437.5,1391880.0,0
c2-observer-p4-18,4,18,cold-first-data-action,c2.stage.definition_cache_hit,scheduler,2,0,2,,,,0
c2-observer-p4-18,4,18,cold-first-data-action,c2.batch.dispatch,scheduler,4,4,0,6379553,1590293.5,1819047.0,0
c2-observer-p4-18,4,18,cold-first-data-action,c2.task.dispatched,scheduler,8,0,8,,,,0
c2-observer-p4-18,4,18,cold-first-data-action,c2.batch.definition_encode,serialization,4,4,0,121397,25243.0,62745.0,0
c2-observer-p4-18,4,18,cold-first-data-action,c2.batch.definition_decode,serialization,4,4,0,136159,36320.5,47423.0,0
c2-observer-p4-18,4,18,cold-first-data-action,c2.batch.physical_decode,serialization,4,4,0,290343,67744.5,139412.0,0
c2-observer-p4-18,4,18,cold-first-data-action,c2.task.physical_decode,serialization,8,8,0,4826100,624631.0,758953.0,0
c2-observer-p4-18,4,18,cold-first-data-action,c2.batch.admission,scheduler,4,4,0,1036854,237713.5,401907.0,0
c2-observer-p4-18,4,18,cold-first-data-action,c2.task.admitted,scheduler,8,0,8,,,,0
c2-observer-p4-18,4,18,cold-first-data-action,c2.task.terminal,scheduler,8,0,8,,,,0
c2-observer-p4-18,4,18,cold-first-data-action,c2.reader.declaration,stream,4,0,4,,,,0
c2-observer-p4-18,4,18,cold-first-data-action,c2.writer.declaration,stream,8,0,8,,,,0
c2-observer-p4-18,4,18,cold-first-data-action,c2.reader.open,stream,4,4,0,3369951,816183.5,974558.0,0
c2-observer-p4-18,4,18,cold-first-data-action,c2.writer.open,stream,8,8,0,433250,54986.5,85012.0,0
c2-observer-p4-18,4,18,cold-first-data-action,c2.stream.consumption,stream,22,22,0,79202498,2965751.0,8375571.0,0
c2-observer-p4-18,4,18,cold-first-data-action,c2.stream.owner,stream,34,34,0,127272816,3675645.0,8678915.0,0
c2-observer-p4-18,4,18,cold-first-data-action,c2.stream.first_poll,stream,22,0,22,,,,0
c2-observer-p4-18,4,18,cold-first-data-action,c2.stream.first_batch,stream,22,0,22,,,,0
c2-observer-p4-18,4,18,cold-first-data-action,c2.sink.commit,stream,8,8,0,59061,3965.0,18570.0,0
c2-observer-p4-18,4,18,cold-first-data-action,c2.sink.abort,stream,0,0,0,,,,0
c2-observer-p4-18,4,18,cold-first-data-action,c2.output.forward,stream,1,1,0,8612248,8612248.0,8612248.0,0
c2-observer-p4-18,4,18,cold-first-data-action,c2.cleanup.dispatch,cleanup,4,4,0,1046881,260491.5,313751.0,0
c2-observer-p4-18,4,18,cold-first-data-action,c2.cleanup.queued_ack,cleanup,4,4,0,39342,7598.0,17868.0,0
c2-observer-p4-18,4,18,cold-first-data-action,c2.cleanup.close_job_executed,cleanup,3,3,0,20883,6465.0,8151.0,0
c2-observer-p4-18,4,18,cold-first-data-action,c2.cleanup.local_streams_removed,cleanup,4,4,0,14327,3481.5,6167.0,0
c2-observer-p4-18,4,18,cold-first-data-action,c2.release.response_buffer,cleanup,5,5,0,30167,3583.0,14425.0,0
c2-observer-p4-18,4,18,cold-first-data-action,c2.release.operation,cleanup,1,1,0,6634,6634.0,6634.0,0
c2-observer-p4-18,4,18,cold-first-data-action,c2.executor.owner,resources,1,1,0,12486892,12486892.0,12486892.0,0
c2-observer-p4-18,4,18,cold-first-data-action,c2.executor.buffer_owner,resources,1,1,0,12489644,12489644.0,12489644.0,0
c2-observer-p4-18,4,18,warm-same-query-same-server,c2.operation.binding,planning,1,0,1,,,,0
c2-observer-p4-18,4,18,warm-same-query-same-server,c2.job.accepted,scheduler,1,0,1,,,,0
c2-observer-p4-18,4,18,warm-same-query-same-server,c2.task.assigned,scheduler,8,0,8,,,,0
c2-observer-p4-18,4,18,warm-same-query-same-server,c2.plan.resolve,planning,1,1,0,820313,820313.0,820313.0,0
c2-observer-p4-18,4,18,warm-same-query-same-server,c2.plan.logical_execute,planning,1,1,0,6039,6039.0,6039.0,0
c2-observer-p4-18,4,18,warm-same-query-same-server,c2.plan.optimize,planning,1,1,0,418514,418514.0,418514.0,0
c2-observer-p4-18,4,18,warm-same-query-same-server,c2.plan.physical,planning,1,1,0,656270,656270.0,656270.0,0
c2-observer-p4-18,4,18,warm-same-query-same-server,c2.job.graph,planning,1,1,0,17060,17060.0,17060.0,0
c2-observer-p4-18,4,18,warm-same-query-same-server,c2.job.topology,planning,1,1,0,5386,5386.0,5386.0,0
c2-observer-p4-18,4,18,warm-same-query-same-server,c2.scheduler.select_assign,scheduler,10,10,0,33748,2418.0,10583.0,0
c2-observer-p4-18,4,18,warm-same-query-same-server,c2.stage.definition,serialization,2,2,0,141634,70817.0,91610.0,0
c2-observer-p4-18,4,18,warm-same-query-same-server,c2.stage.physical_encode,serialization,2,2,0,129819,64909.5,85902.0,0
c2-observer-p4-18,4,18,warm-same-query-same-server,c2.task.preparation_queue,scheduler,8,8,0,157977,19245.5,34809.0,0
c2-observer-p4-18,4,18,warm-same-query-same-server,c2.task.preparation,scheduler,8,8,0,1989605,239736.5,333484.0,0
c2-observer-p4-18,4,18,warm-same-query-same-server,c2.stage.definition_cache_hit,scheduler,2,0,2,,,,0
c2-observer-p4-18,4,18,warm-same-query-same-server,c2.batch.dispatch,scheduler,4,4,0,2351073,597929.5,613415.0,0
c2-observer-p4-18,4,18,warm-same-query-same-server,c2.task.dispatched,scheduler,8,0,8,,,,0
c2-observer-p4-18,4,18,warm-same-query-same-server,c2.batch.definition_encode,serialization,4,4,0,52950,8355.0,29957.0,0
c2-observer-p4-18,4,18,warm-same-query-same-server,c2.batch.definition_decode,serialization,4,4,0,49102,11397.5,19260.0,0
c2-observer-p4-18,4,18,warm-same-query-same-server,c2.batch.physical_decode,serialization,4,4,0,88269,22174.0,41508.0,0
c2-observer-p4-18,4,18,warm-same-query-same-server,c2.task.physical_decode,serialization,8,8,0,789209,87718.0,153117.0,0
c2-observer-p4-18,4,18,warm-same-query-same-server,c2.batch.admission,scheduler,4,4,0,350792,89362.5,122956.0,0
c2-observer-p4-18,4,18,warm-same-query-same-server,c2.task.admitted,scheduler,8,0,8,,,,0
c2-observer-p4-18,4,18,warm-same-query-same-server,c2.task.terminal,scheduler,8,0,8,,,,0
c2-observer-p4-18,4,18,warm-same-query-same-server,c2.reader.declaration,stream,4,0,4,,,,0
c2-observer-p4-18,4,18,warm-same-query-same-server,c2.writer.declaration,stream,8,0,8,,,,0
c2-observer-p4-18,4,18,warm-same-query-same-server,c2.reader.open,stream,4,4,0,2064027,523951.0,562151.0,0
c2-observer-p4-18,4,18,warm-same-query-same-server,c2.writer.open,stream,8,8,0,357932,41207.5,85985.0,0
c2-observer-p4-18,4,18,warm-same-query-same-server,c2.stream.consumption,stream,22,22,0,39206943,1324257.5,4272017.0,0
c2-observer-p4-18,4,18,warm-same-query-same-server,c2.stream.owner,stream,34,34,0,64905881,2014000.5,4979237.0,0
c2-observer-p4-18,4,18,warm-same-query-same-server,c2.stream.first_poll,stream,22,0,22,,,,0
c2-observer-p4-18,4,18,warm-same-query-same-server,c2.stream.first_batch,stream,22,0,22,,,,0
c2-observer-p4-18,4,18,warm-same-query-same-server,c2.sink.commit,stream,8,8,0,36633,4112.5,8396.0,0
c2-observer-p4-18,4,18,warm-same-query-same-server,c2.sink.abort,stream,0,0,0,,,,0
c2-observer-p4-18,4,18,warm-same-query-same-server,c2.output.forward,stream,1,1,0,3834399,3834399.0,3834399.0,0
c2-observer-p4-18,4,18,warm-same-query-same-server,c2.cleanup.dispatch,cleanup,4,4,0,993034,247215.0,258844.0,0
c2-observer-p4-18,4,18,warm-same-query-same-server,c2.cleanup.queued_ack,cleanup,4,4,0,32107,7735.5,11064.0,0
c2-observer-p4-18,4,18,warm-same-query-same-server,c2.cleanup.close_job_executed,cleanup,3,3,0,8430,2462.0,3887.0,0
c2-observer-p4-18,4,18,warm-same-query-same-server,c2.cleanup.local_streams_removed,cleanup,4,4,0,14955,2637.0,8258.0,0
c2-observer-p4-18,4,18,warm-same-query-same-server,c2.release.response_buffer,cleanup,5,5,0,15208,2564.0,4450.0,0
c2-observer-p4-18,4,18,warm-same-query-same-server,c2.release.operation,cleanup,1,1,0,1970,1970.0,1970.0,0
c2-observer-p4-18,4,18,warm-same-query-same-server,c2.executor.owner,resources,1,1,0,7161853,7161853.0,7161853.0,0
c2-observer-p4-18,4,18,warm-same-query-same-server,c2.executor.buffer_owner,resources,1,1,0,7164849,7164849.0,7164849.0,0
c2-observer-p16-18,16,18,cold-first-data-action,c2.operation.binding,planning,1,0,1,,,,0
c2-observer-p16-18,16,18,cold-first-data-action,c2.job.accepted,scheduler,1,0,1,,,,0
c2-observer-p16-18,16,18,cold-first-data-action,c2.task.assigned,scheduler,24,0,24,,,,0
c2-observer-p16-18,16,18,cold-first-data-action,c2.plan.resolve,planning,1,1,0,452848,452848.0,452848.0,0
c2-observer-p16-18,16,18,cold-first-data-action,c2.plan.logical_execute,planning,1,1,0,11683,11683.0,11683.0,0
c2-observer-p16-18,16,18,cold-first-data-action,c2.plan.optimize,planning,1,1,0,840782,840782.0,840782.0,0
c2-observer-p16-18,16,18,cold-first-data-action,c2.plan.physical,planning,1,1,0,1742437,1742437.0,1742437.0,0
c2-observer-p16-18,16,18,cold-first-data-action,c2.job.graph,planning,1,1,0,60614,60614.0,60614.0,0
c2-observer-p16-18,16,18,cold-first-data-action,c2.job.topology,planning,1,1,0,41694,41694.0,41694.0,0
c2-observer-p16-18,16,18,cold-first-data-action,c2.scheduler.select_assign,scheduler,26,26,0,74830,1440.5,10270.0,0
c2-observer-p16-18,16,18,cold-first-data-action,c2.stage.definition,serialization,2,2,0,304925,152462.5,218806.0,0
c2-observer-p16-18,16,18,cold-first-data-action,c2.stage.physical_encode,serialization,2,2,0,274603,137301.5,203954.0,0
c2-observer-p16-18,16,18,cold-first-data-action,c2.task.preparation_queue,scheduler,24,24,0,30729583,1159002.5,2030484.0,0
c2-observer-p16-18,16,18,cold-first-data-action,c2.task.preparation,scheduler,24,24,0,35069104,1602356.5,2242107.0,0
c2-observer-p16-18,16,18,cold-first-data-action,c2.stage.definition_cache_hit,scheduler,2,0,2,,,,0
c2-observer-p16-18,16,18,cold-first-data-action,c2.batch.dispatch,scheduler,4,4,0,8151463,2150145.5,2522025.0,0
c2-observer-p16-18,16,18,cold-first-data-action,c2.task.dispatched,scheduler,24,0,24,,,,0
c2-observer-p16-18,16,18,cold-first-data-action,c2.batch.definition_encode,serialization,4,4,0,66823,17255.5,22809.0,0
c2-observer-p16-18,16,18,cold-first-data-action,c2.batch.definition_decode,serialization,4,4,0,145281,36796.0,46428.0,0
c2-observer-p16-18,16,18,cold-first-data-action,c2.batch.physical_decode,serialization,4,4,0,207650,48185.5,109702.0,0
c2-observer-p16-18,16,18,cold-first-data-action,c2.task.physical_decode,serialization,24,24,0,21582508,982361.0,1785443.0,0
c2-observer-p16-18,16,18,cold-first-data-action,c2.batch.admission,scheduler,4,4,0,1947248,480162.0,732239.0,0
c2-observer-p16-18,16,18,cold-first-data-action,c2.task.admitted,scheduler,24,0,24,,,,0
c2-observer-p16-18,16,18,cold-first-data-action,c2.task.terminal,scheduler,24,0,24,,,,0
c2-observer-p16-18,16,18,cold-first-data-action,c2.reader.declaration,stream,16,0,16,,,,0
c2-observer-p16-18,16,18,cold-first-data-action,c2.writer.declaration,stream,24,0,24,,,,0
c2-observer-p16-18,16,18,cold-first-data-action,c2.reader.open,stream,16,16,0,48960886,2371842.5,5263456.0,0
c2-observer-p16-18,16,18,cold-first-data-action,c2.writer.open,stream,24,24,0,5533845,231618.0,431667.0,0
c2-observer-p16-18,16,18,cold-first-data-action,c2.stream.consumption,stream,66,66,0,273266093,4811117.0,6296984.0,0
c2-observer-p16-18,16,18,cold-first-data-action,c2.stream.owner,stream,106,106,0,502469856,5741579.0,6685393.0,0
c2-observer-p16-18,16,18,cold-first-data-action,c2.stream.first_poll,stream,66,0,66,,,,0
c2-observer-p16-18,16,18,cold-first-data-action,c2.stream.first_batch,stream,66,0,66,,,,0
c2-observer-p16-18,16,18,cold-first-data-action,c2.sink.commit,stream,24,24,0,302902,4640.0,40830.0,0
c2-observer-p16-18,16,18,cold-first-data-action,c2.sink.abort,stream,0,0,0,,,,0
c2-observer-p16-18,16,18,cold-first-data-action,c2.output.forward,stream,1,1,0,13297568,13297568.0,13297568.0,0
c2-observer-p16-18,16,18,cold-first-data-action,c2.cleanup.dispatch,cleanup,4,4,0,1141752,281218.5,317715.0,0
c2-observer-p16-18,16,18,cold-first-data-action,c2.cleanup.queued_ack,cleanup,4,4,0,24702,6144.5,6823.0,0
c2-observer-p16-18,16,18,cold-first-data-action,c2.cleanup.close_job_executed,cleanup,3,3,0,27502,8326.0,11423.0,0
c2-observer-p16-18,16,18,cold-first-data-action,c2.cleanup.local_streams_removed,cleanup,4,4,0,18085,4528.5,7634.0,0
c2-observer-p16-18,16,18,cold-first-data-action,c2.release.response_buffer,cleanup,17,17,0,50075,2357.0,8368.0,0
c2-observer-p16-18,16,18,cold-first-data-action,c2.release.operation,cleanup,1,1,0,6210,6210.0,6210.0,1
c2-observer-p16-18,16,18,cold-first-data-action,c2.executor.owner,resources,1,1,0,32873350,32873350.0,32873350.0,1
c2-observer-p16-18,16,18,cold-first-data-action,c2.executor.buffer_owner,resources,1,1,0,32873454,32873454.0,32873454.0,1
c2-observer-p16-18,16,18,warm-same-query-same-server,c2.operation.binding,planning,1,0,1,,,,0
c2-observer-p16-18,16,18,warm-same-query-same-server,c2.job.accepted,scheduler,1,0,1,,,,0
c2-observer-p16-18,16,18,warm-same-query-same-server,c2.task.assigned,scheduler,24,0,24,,,,0
c2-observer-p16-18,16,18,warm-same-query-same-server,c2.plan.resolve,planning,1,1,0,641335,641335.0,641335.0,0
c2-observer-p16-18,16,18,warm-same-query-same-server,c2.plan.logical_execute,planning,1,1,0,5977,5977.0,5977.0,0
c2-observer-p16-18,16,18,warm-same-query-same-server,c2.plan.optimize,planning,1,1,0,352940,352940.0,352940.0,0
c2-observer-p16-18,16,18,warm-same-query-same-server,c2.plan.physical,planning,1,1,0,515276,515276.0,515276.0,0
c2-observer-p16-18,16,18,warm-same-query-same-server,c2.job.graph,planning,1,1,0,16842,16842.0,16842.0,0
c2-observer-p16-18,16,18,warm-same-query-same-server,c2.job.topology,planning,1,1,0,7706,7706.0,7706.0,0
c2-observer-p16-18,16,18,warm-same-query-same-server,c2.scheduler.select_assign,scheduler,26,26,0,85605,2749.5,10162.0,0
c2-observer-p16-18,16,18,warm-same-query-same-server,c2.stage.definition,serialization,2,2,0,119692,59846.0,78119.0,0
c2-observer-p16-18,16,18,warm-same-query-same-server,c2.stage.physical_encode,serialization,2,2,0,104108,52054.0,74303.0,0
c2-observer-p16-18,16,18,warm-same-query-same-server,c2.task.preparation_queue,scheduler,24,24,0,669897,25340.0,44385.0,0
c2-observer-p16-18,16,18,warm-same-query-same-server,c2.task.preparation,scheduler,24,24,0,7748566,309481.0,553943.0,0
c2-observer-p16-18,16,18,warm-same-query-same-server,c2.stage.definition_cache_hit,scheduler,2,0,2,,,,0
c2-observer-p16-18,16,18,warm-same-query-same-server,c2.batch.dispatch,scheduler,4,4,0,2761353,613223.0,1049023.0,0
c2-observer-p16-18,16,18,warm-same-query-same-server,c2.task.dispatched,scheduler,24,0,24,,,,0
c2-observer-p16-18,16,18,warm-same-query-same-server,c2.batch.definition_encode,serialization,4,4,0,43647,10720.5,17599.0,0
c2-observer-p16-18,16,18,warm-same-query-same-server,c2.batch.definition_decode,serialization,4,4,0,51559,13015.0,14466.0,0
c2-observer-p16-18,16,18,warm-same-query-same-server,c2.batch.physical_decode,serialization,4,4,0,66939,17736.5,28183.0,0
c2-observer-p16-18,16,18,warm-same-query-same-server,c2.task.physical_decode,serialization,24,24,0,2357217,71854.5,214409.0,0
c2-observer-p16-18,16,18,warm-same-query-same-server,c2.batch.admission,scheduler,4,4,0,558944,128486.5,256563.0,0
c2-observer-p16-18,16,18,warm-same-query-same-server,c2.task.admitted,scheduler,24,0,24,,,,0
c2-observer-p16-18,16,18,warm-same-query-same-server,c2.task.terminal,scheduler,24,0,24,,,,0
c2-observer-p16-18,16,18,warm-same-query-same-server,c2.reader.declaration,stream,16,0,16,,,,0
c2-observer-p16-18,16,18,warm-same-query-same-server,c2.writer.declaration,stream,24,0,24,,,,0
c2-observer-p16-18,16,18,warm-same-query-same-server,c2.reader.open,stream,16,16,0,43322225,2687188.5,3892832.0,0
c2-observer-p16-18,16,18,warm-same-query-same-server,c2.writer.open,stream,24,24,0,16158315,676218.5,877118.0,0
c2-observer-p16-18,16,18,warm-same-query-same-server,c2.stream.consumption,stream,66,66,0,168366510,2733063.0,4902260.0,0
c2-observer-p16-18,16,18,warm-same-query-same-server,c2.stream.owner,stream,106,106,0,328204065,3541501.5,5194794.0,0
c2-observer-p16-18,16,18,warm-same-query-same-server,c2.stream.first_poll,stream,66,0,66,,,,0
c2-observer-p16-18,16,18,warm-same-query-same-server,c2.stream.first_batch,stream,66,0,66,,,,0
c2-observer-p16-18,16,18,warm-same-query-same-server,c2.sink.commit,stream,24,24,0,148747,3651.0,13135.0,0
c2-observer-p16-18,16,18,warm-same-query-same-server,c2.sink.abort,stream,0,0,0,,,,0
c2-observer-p16-18,16,18,warm-same-query-same-server,c2.output.forward,stream,1,1,0,8042118,8042118.0,8042118.0,0
c2-observer-p16-18,16,18,warm-same-query-same-server,c2.cleanup.dispatch,cleanup,4,4,0,1033408,260452.5,272311.0,0
c2-observer-p16-18,16,18,warm-same-query-same-server,c2.cleanup.queued_ack,cleanup,4,4,0,30768,6230.5,12253.0,0
c2-observer-p16-18,16,18,warm-same-query-same-server,c2.cleanup.close_job_executed,cleanup,3,3,0,11026,3599.0,4513.0,0
c2-observer-p16-18,16,18,warm-same-query-same-server,c2.cleanup.local_streams_removed,cleanup,4,4,0,15954,3907.0,6458.0,0
c2-observer-p16-18,16,18,warm-same-query-same-server,c2.release.response_buffer,cleanup,17,17,0,47027,2419.0,5149.0,0
c2-observer-p16-18,16,18,warm-same-query-same-server,c2.release.operation,cleanup,1,1,0,3553,3553.0,3553.0,0
c2-observer-p16-18,16,18,warm-same-query-same-server,c2.executor.owner,resources,1,1,0,62837338,62837338.0,62837338.0,0
c2-observer-p16-18,16,18,warm-same-query-same-server,c2.executor.buffer_owner,resources,1,1,0,62837088,62837088.0,62837088.0,0
c2-observer-p32-18,32,18,cold-first-data-action,c2.operation.binding,planning,1,0,1,,,,0
c2-observer-p32-18,32,18,cold-first-data-action,c2.job.accepted,scheduler,1,0,1,,,,0
c2-observer-p32-18,32,18,cold-first-data-action,c2.task.assigned,scheduler,40,0,40,,,,0
c2-observer-p32-18,32,18,cold-first-data-action,c2.plan.resolve,planning,1,1,0,451767,451767.0,451767.0,0
c2-observer-p32-18,32,18,cold-first-data-action,c2.plan.logical_execute,planning,1,1,0,12310,12310.0,12310.0,0
c2-observer-p32-18,32,18,cold-first-data-action,c2.plan.optimize,planning,1,1,0,865018,865018.0,865018.0,0
c2-observer-p32-18,32,18,cold-first-data-action,c2.plan.physical,planning,1,1,0,1620871,1620871.0,1620871.0,0
c2-observer-p32-18,32,18,cold-first-data-action,c2.job.graph,planning,1,1,0,54215,54215.0,54215.0,0
c2-observer-p32-18,32,18,cold-first-data-action,c2.job.topology,planning,1,1,0,25329,25329.0,25329.0,0
c2-observer-p32-18,32,18,cold-first-data-action,c2.scheduler.select_assign,scheduler,42,42,0,130365,2273.5,8791.0,0
c2-observer-p32-18,32,18,cold-first-data-action,c2.stage.definition,serialization,2,2,0,311801,155900.5,220843.0,0
c2-observer-p32-18,32,18,cold-first-data-action,c2.stage.physical_encode,serialization,2,2,0,274977,137488.5,207484.0,0
c2-observer-p32-18,32,18,cold-first-data-action,c2.task.preparation_queue,scheduler,40,40,0,110202904,3131299.0,4274087.0,0
c2-observer-p32-18,32,18,cold-first-data-action,c2.task.preparation,scheduler,40,40,0,57065187,1464721.0,2345450.0,0
c2-observer-p32-18,32,18,cold-first-data-action,c2.stage.definition_cache_hit,scheduler,2,0,2,,,,0
c2-observer-p32-18,32,18,cold-first-data-action,c2.batch.dispatch,scheduler,4,4,0,10100250,2575985.0,2932498.0,0
c2-observer-p32-18,32,18,cold-first-data-action,c2.task.dispatched,scheduler,40,0,40,,,,0
c2-observer-p32-18,32,18,cold-first-data-action,c2.batch.definition_encode,serialization,4,4,0,87226,27632.5,27877.0,0
c2-observer-p32-18,32,18,cold-first-data-action,c2.batch.definition_decode,serialization,4,4,0,162537,39632.0,57639.0,0
c2-observer-p32-18,32,18,cold-first-data-action,c2.batch.physical_decode,serialization,4,4,0,382765,70945.0,217634.0,0
c2-observer-p32-18,32,18,cold-first-data-action,c2.task.physical_decode,serialization,40,40,0,29460490,605307.5,1560190.0,0
c2-observer-p32-18,32,18,cold-first-data-action,c2.batch.admission,scheduler,4,4,0,2590830,638302.5,1112459.0,0
c2-observer-p32-18,32,18,cold-first-data-action,c2.task.admitted,scheduler,40,0,40,,,,0
c2-observer-p32-18,32,18,cold-first-data-action,c2.task.terminal,scheduler,40,0,40,,,,0
c2-observer-p32-18,32,18,cold-first-data-action,c2.reader.declaration,stream,32,0,32,,,,0
c2-observer-p32-18,32,18,cold-first-data-action,c2.writer.declaration,stream,40,0,40,,,,0
c2-observer-p32-18,32,18,cold-first-data-action,c2.reader.open,stream,32,32,0,196412285,6098410.5,7528504.0,0
c2-observer-p32-18,32,18,cold-first-data-action,c2.writer.open,stream,40,40,0,39714118,1002213.5,1842603.0,0
c2-observer-p32-18,32,18,cold-first-data-action,c2.stream.consumption,stream,114,114,0,659389421,7200650.0,10373794.0,0
c2-observer-p32-18,32,18,cold-first-data-action,c2.stream.owner,stream,186,186,0,1309090099,8213095.0,10717737.0,0
c2-observer-p32-18,32,18,cold-first-data-action,c2.stream.first_poll,stream,114,0,114,,,,0
c2-observer-p32-18,32,18,cold-first-data-action,c2.stream.first_batch,stream,114,0,114,,,,0
c2-observer-p32-18,32,18,cold-first-data-action,c2.sink.commit,stream,40,40,0,402797,5112.0,24872.0,0
c2-observer-p32-18,32,18,cold-first-data-action,c2.sink.abort,stream,0,0,0,,,,0
c2-observer-p32-18,32,18,cold-first-data-action,c2.output.forward,stream,1,1,0,21407278,21407278.0,21407278.0,0
c2-observer-p32-18,32,18,cold-first-data-action,c2.cleanup.dispatch,cleanup,4,4,0,1221495,295853.0,341447.0,0
c2-observer-p32-18,32,18,cold-first-data-action,c2.cleanup.queued_ack,cleanup,4,4,0,36315,8354.0,12572.0,0
c2-observer-p32-18,32,18,cold-first-data-action,c2.cleanup.close_job_executed,cleanup,3,3,0,29310,9514.0,10907.0,0
c2-observer-p32-18,32,18,cold-first-data-action,c2.cleanup.local_streams_removed,cleanup,4,4,0,24295,5848.5,11205.0,0
c2-observer-p32-18,32,18,cold-first-data-action,c2.release.response_buffer,cleanup,33,33,0,99792,2395.0,7307.0,0
c2-observer-p32-18,32,18,cold-first-data-action,c2.release.operation,cleanup,1,1,0,6778,6778.0,6778.0,0
c2-observer-p32-18,32,18,cold-first-data-action,c2.executor.owner,resources,1,1,0,31368273,31368273.0,31368273.0,0
c2-observer-p32-18,32,18,cold-first-data-action,c2.executor.buffer_owner,resources,1,1,0,31355119,31355119.0,31355119.0,0
c2-observer-p32-18,32,18,warm-same-query-same-server,c2.operation.binding,planning,1,0,1,,,,0
c2-observer-p32-18,32,18,warm-same-query-same-server,c2.job.accepted,scheduler,1,0,1,,,,0
c2-observer-p32-18,32,18,warm-same-query-same-server,c2.task.assigned,scheduler,40,0,40,,,,0
c2-observer-p32-18,32,18,warm-same-query-same-server,c2.plan.resolve,planning,1,1,0,716309,716309.0,716309.0,0
c2-observer-p32-18,32,18,warm-same-query-same-server,c2.plan.logical_execute,planning,1,1,0,5130,5130.0,5130.0,0
c2-observer-p32-18,32,18,warm-same-query-same-server,c2.plan.optimize,planning,1,1,0,371472,371472.0,371472.0,0
c2-observer-p32-18,32,18,warm-same-query-same-server,c2.plan.physical,planning,1,1,0,571247,571247.0,571247.0,0
c2-observer-p32-18,32,18,warm-same-query-same-server,c2.job.graph,planning,1,1,0,17104,17104.0,17104.0,0
c2-observer-p32-18,32,18,warm-same-query-same-server,c2.job.topology,planning,1,1,0,9865,9865.0,9865.0,0
c2-observer-p32-18,32,18,warm-same-query-same-server,c2.scheduler.select_assign,scheduler,42,42,0,166710,2999.0,8807.0,0
c2-observer-p32-18,32,18,warm-same-query-same-server,c2.stage.definition,serialization,2,2,0,120851,60425.5,76573.0,0
c2-observer-p32-18,32,18,warm-same-query-same-server,c2.stage.physical_encode,serialization,2,2,0,96960,48480.0,70975.0,0
c2-observer-p32-18,32,18,warm-same-query-same-server,c2.task.preparation_queue,scheduler,40,40,0,1655545,36372.0,71619.0,0
c2-observer-p32-18,32,18,warm-same-query-same-server,c2.task.preparation,scheduler,40,40,0,13207834,332717.0,557495.0,0
c2-observer-p32-18,32,18,warm-same-query-same-server,c2.stage.definition_cache_hit,scheduler,2,0,2,,,,0
c2-observer-p32-18,32,18,warm-same-query-same-server,c2.batch.dispatch,scheduler,4,4,0,3382164,683405.0,1451151.0,0
c2-observer-p32-18,32,18,warm-same-query-same-server,c2.task.dispatched,scheduler,40,0,40,,,,0
c2-observer-p32-18,32,18,warm-same-query-same-server,c2.batch.definition_encode,serialization,4,4,0,55939,14143.5,25200.0,0
c2-observer-p32-18,32,18,warm-same-query-same-server,c2.batch.definition_decode,serialization,4,4,0,61720,15063.0,21372.0,0
c2-observer-p32-18,32,18,warm-same-query-same-server,c2.batch.physical_decode,serialization,4,4,0,85763,21876.5,33840.0,0
c2-observer-p32-18,32,18,warm-same-query-same-server,c2.task.physical_decode,serialization,40,40,0,3583800,67583.0,175910.0,0
c2-observer-p32-18,32,18,warm-same-query-same-server,c2.batch.admission,scheduler,4,4,0,857436,88014.0,627303.0,0
c2-observer-p32-18,32,18,warm-same-query-same-server,c2.task.admitted,scheduler,40,0,40,,,,0
c2-observer-p32-18,32,18,warm-same-query-same-server,c2.task.terminal,scheduler,40,0,40,,,,0
c2-observer-p32-18,32,18,warm-same-query-same-server,c2.reader.declaration,stream,32,0,32,,,,0
c2-observer-p32-18,32,18,warm-same-query-same-server,c2.writer.declaration,stream,40,0,40,,,,0
c2-observer-p32-18,32,18,warm-same-query-same-server,c2.reader.open,stream,32,32,0,164160796,5405516.0,7276691.0,0
c2-observer-p32-18,32,18,warm-same-query-same-server,c2.writer.open,stream,40,40,0,60405010,1629940.5,1988777.0,0
c2-observer-p32-18,32,18,warm-same-query-same-server,c2.stream.consumption,stream,114,114,0,499102518,4843387.0,8906291.0,0
c2-observer-p32-18,32,18,warm-same-query-same-server,c2.stream.owner,stream,186,186,0,1021609987,6415344.0,9100801.0,0
c2-observer-p32-18,32,18,warm-same-query-same-server,c2.stream.first_poll,stream,114,0,114,,,,0
c2-observer-p32-18,32,18,warm-same-query-same-server,c2.stream.first_batch,stream,114,0,114,,,,0
c2-observer-p32-18,32,18,warm-same-query-same-server,c2.sink.commit,stream,40,40,0,412925,3801.0,27066.0,0
c2-observer-p32-18,32,18,warm-same-query-same-server,c2.sink.abort,stream,0,0,0,,,,0
c2-observer-p32-18,32,18,warm-same-query-same-server,c2.output.forward,stream,1,1,0,12301296,12301296.0,12301296.0,0
c2-observer-p32-18,32,18,warm-same-query-same-server,c2.cleanup.dispatch,cleanup,4,4,0,986006,255543.0,268774.0,0
c2-observer-p32-18,32,18,warm-same-query-same-server,c2.cleanup.queued_ack,cleanup,4,4,0,24500,5971.0,7146.0,0
c2-observer-p32-18,32,18,warm-same-query-same-server,c2.cleanup.close_job_executed,cleanup,3,3,0,12598,3615.0,6247.0,0
c2-observer-p32-18,32,18,warm-same-query-same-server,c2.cleanup.local_streams_removed,cleanup,4,4,0,22746,4941.0,11921.0,0
c2-observer-p32-18,32,18,warm-same-query-same-server,c2.release.response_buffer,cleanup,33,33,0,120169,2584.0,8545.0,0
c2-observer-p32-18,32,18,warm-same-query-same-server,c2.release.operation,cleanup,1,1,0,2385,2385.0,2385.0,0
c2-observer-p32-18,32,18,warm-same-query-same-server,c2.executor.owner,resources,1,1,0,23780350,23780350.0,23780350.0,0
c2-observer-p32-18,32,18,warm-same-query-same-server,c2.executor.buffer_owner,resources,1,1,0,23775755,23775755.0,23775755.0,0
c2-observer-p4-19,4,19,cold-first-data-action,c2.operation.binding,planning,1,0,1,,,,0
c2-observer-p4-19,4,19,cold-first-data-action,c2.job.accepted,scheduler,1,0,1,,,,0
c2-observer-p4-19,4,19,cold-first-data-action,c2.task.assigned,scheduler,8,0,8,,,,0
c2-observer-p4-19,4,19,cold-first-data-action,c2.plan.resolve,planning,1,1,0,492034,492034.0,492034.0,0
c2-observer-p4-19,4,19,cold-first-data-action,c2.plan.logical_execute,planning,1,1,0,14421,14421.0,14421.0,0
c2-observer-p4-19,4,19,cold-first-data-action,c2.plan.optimize,planning,1,1,0,809968,809968.0,809968.0,0
c2-observer-p4-19,4,19,cold-first-data-action,c2.plan.physical,planning,1,1,0,1590589,1590589.0,1590589.0,0
c2-observer-p4-19,4,19,cold-first-data-action,c2.job.graph,planning,1,1,0,57589,57589.0,57589.0,0
c2-observer-p4-19,4,19,cold-first-data-action,c2.job.topology,planning,1,1,0,21885,21885.0,21885.0,0
c2-observer-p4-19,4,19,cold-first-data-action,c2.scheduler.select_assign,scheduler,10,10,0,24569,1790.5,7631.0,0
c2-observer-p4-19,4,19,cold-first-data-action,c2.stage.definition,serialization,2,2,0,298301,149150.5,216025.0,0
c2-observer-p4-19,4,19,cold-first-data-action,c2.stage.physical_encode,serialization,2,2,0,280817,140408.5,203344.0,0
c2-observer-p4-19,4,19,cold-first-data-action,c2.task.preparation_queue,scheduler,8,8,0,2558230,344148.0,458501.0,0
c2-observer-p4-19,4,19,cold-first-data-action,c2.task.preparation,scheduler,8,8,0,8490263,1044341.5,1310245.0,0
c2-observer-p4-19,4,19,cold-first-data-action,c2.stage.definition_cache_hit,scheduler,2,0,2,,,,0
c2-observer-p4-19,4,19,cold-first-data-action,c2.batch.dispatch,scheduler,4,4,0,6383693,1586926.5,1808642.0,0
c2-observer-p4-19,4,19,cold-first-data-action,c2.task.dispatched,scheduler,8,0,8,,,,0
c2-observer-p4-19,4,19,cold-first-data-action,c2.batch.definition_encode,serialization,4,4,0,58115,13962.5,23853.0,0
c2-observer-p4-19,4,19,cold-first-data-action,c2.batch.definition_decode,serialization,4,4,0,125376,30356.5,46984.0,0
c2-observer-p4-19,4,19,cold-first-data-action,c2.batch.physical_decode,serialization,4,4,0,216995,58271.0,98772.0,0
c2-observer-p4-19,4,19,cold-first-data-action,c2.task.physical_decode,serialization,8,8,0,5012582,616245.0,695258.0,0
c2-observer-p4-19,4,19,cold-first-data-action,c2.batch.admission,scheduler,4,4,0,911957,240216.0,290155.0,0
c2-observer-p4-19,4,19,cold-first-data-action,c2.task.admitted,scheduler,8,0,8,,,,0
c2-observer-p4-19,4,19,cold-first-data-action,c2.task.terminal,scheduler,8,0,8,,,,0
c2-observer-p4-19,4,19,cold-first-data-action,c2.reader.declaration,stream,4,0,4,,,,0
c2-observer-p4-19,4,19,cold-first-data-action,c2.writer.declaration,stream,8,0,8,,,,0
c2-observer-p4-19,4,19,cold-first-data-action,c2.reader.open,stream,4,4,0,3033086,769133.0,788640.0,0
c2-observer-p4-19,4,19,cold-first-data-action,c2.writer.open,stream,8,8,0,386410,50042.0,65624.0,0
c2-observer-p4-19,4,19,cold-first-data-action,c2.stream.consumption,stream,22,22,0,80921314,2802241.0,8693950.0,0
c2-observer-p4-19,4,19,cold-first-data-action,c2.stream.owner,stream,34,34,0,130351942,3804844.0,9462471.0,0
c2-observer-p4-19,4,19,cold-first-data-action,c2.stream.first_poll,stream,22,0,22,,,,0
c2-observer-p4-19,4,19,cold-first-data-action,c2.stream.first_batch,stream,22,0,22,,,,0
c2-observer-p4-19,4,19,cold-first-data-action,c2.sink.commit,stream,8,8,0,55965,4615.5,14200.0,0
c2-observer-p4-19,4,19,cold-first-data-action,c2.sink.abort,stream,0,0,0,,,,0
c2-observer-p4-19,4,19,cold-first-data-action,c2.output.forward,stream,1,1,0,8554768,8554768.0,8554768.0,0
c2-observer-p4-19,4,19,cold-first-data-action,c2.cleanup.dispatch,cleanup,4,4,0,1051226,266735.5,318423.0,0
c2-observer-p4-19,4,19,cold-first-data-action,c2.cleanup.queued_ack,cleanup,4,4,0,25942,6122.0,8127.0,0
c2-observer-p4-19,4,19,cold-first-data-action,c2.cleanup.close_job_executed,cleanup,3,3,0,21866,7188.0,7552.0,0
c2-observer-p4-19,4,19,cold-first-data-action,c2.cleanup.local_streams_removed,cleanup,4,4,0,12892,3243.5,5201.0,0
c2-observer-p4-19,4,19,cold-first-data-action,c2.release.response_buffer,cleanup,5,5,0,21502,2751.0,10914.0,0
c2-observer-p4-19,4,19,cold-first-data-action,c2.release.operation,cleanup,1,1,0,5813,5813.0,5813.0,1
c2-observer-p4-19,4,19,cold-first-data-action,c2.executor.owner,resources,1,1,0,24849276,24849276.0,24849276.0,1
c2-observer-p4-19,4,19,cold-first-data-action,c2.executor.buffer_owner,resources,1,1,0,24848293,24848293.0,24848293.0,1
c2-observer-p4-19,4,19,warm-same-query-same-server,c2.operation.binding,planning,1,0,1,,,,0
c2-observer-p4-19,4,19,warm-same-query-same-server,c2.job.accepted,scheduler,1,0,1,,,,0
c2-observer-p4-19,4,19,warm-same-query-same-server,c2.task.assigned,scheduler,8,0,8,,,,0
c2-observer-p4-19,4,19,warm-same-query-same-server,c2.plan.resolve,planning,1,1,0,660835,660835.0,660835.0,0
c2-observer-p4-19,4,19,warm-same-query-same-server,c2.plan.logical_execute,planning,1,1,0,5520,5520.0,5520.0,0
c2-observer-p4-19,4,19,warm-same-query-same-server,c2.plan.optimize,planning,1,1,0,359811,359811.0,359811.0,0
c2-observer-p4-19,4,19,warm-same-query-same-server,c2.plan.physical,planning,1,1,0,528098,528098.0,528098.0,0
c2-observer-p4-19,4,19,warm-same-query-same-server,c2.job.graph,planning,1,1,0,16717,16717.0,16717.0,0
c2-observer-p4-19,4,19,warm-same-query-same-server,c2.job.topology,planning,1,1,0,5632,5632.0,5632.0,0
c2-observer-p4-19,4,19,warm-same-query-same-server,c2.scheduler.select_assign,scheduler,10,10,0,27432,2445.0,8007.0,0
c2-observer-p4-19,4,19,warm-same-query-same-server,c2.stage.definition,serialization,2,2,0,108694,54347.0,74657.0,0
c2-observer-p4-19,4,19,warm-same-query-same-server,c2.stage.physical_encode,serialization,2,2,0,101864,50932.0,71399.0,0
c2-observer-p4-19,4,19,warm-same-query-same-server,c2.task.preparation_queue,scheduler,8,8,0,174023,22696.0,27161.0,0
c2-observer-p4-19,4,19,warm-same-query-same-server,c2.task.preparation,scheduler,8,8,0,1778052,208297.0,296873.0,0
c2-observer-p4-19,4,19,warm-same-query-same-server,c2.stage.definition_cache_hit,scheduler,2,0,2,,,,0
c2-observer-p4-19,4,19,warm-same-query-same-server,c2.batch.dispatch,scheduler,4,4,0,1900787,473676.5,534225.0,0
c2-observer-p4-19,4,19,warm-same-query-same-server,c2.task.dispatched,scheduler,8,0,8,,,,0
c2-observer-p4-19,4,19,warm-same-query-same-server,c2.batch.definition_encode,serialization,4,4,0,21514,4935.0,7151.0,0
c2-observer-p4-19,4,19,warm-same-query-same-server,c2.batch.definition_decode,serialization,4,4,0,28583,7025.0,10271.0,0
c2-observer-p4-19,4,19,warm-same-query-same-server,c2.batch.physical_decode,serialization,4,4,0,93245,19276.0,47779.0,0
c2-observer-p4-19,4,19,warm-same-query-same-server,c2.task.physical_decode,serialization,8,8,0,702864,80905.0,145478.0,0
c2-observer-p4-19,4,19,warm-same-query-same-server,c2.batch.admission,scheduler,4,4,0,224956,52528.0,76240.0,0
c2-observer-p4-19,4,19,warm-same-query-same-server,c2.task.admitted,scheduler,8,0,8,,,,0
c2-observer-p4-19,4,19,warm-same-query-same-server,c2.task.terminal,scheduler,8,0,8,,,,0
c2-observer-p4-19,4,19,warm-same-query-same-server,c2.reader.declaration,stream,4,0,4,,,,0
c2-observer-p4-19,4,19,warm-same-query-same-server,c2.writer.declaration,stream,8,0,8,,,,0
c2-observer-p4-19,4,19,warm-same-query-same-server,c2.reader.open,stream,4,4,0,2415164,536657.5,839214.0,0
c2-observer-p4-19,4,19,warm-same-query-same-server,c2.writer.open,stream,8,8,0,422529,42933.5,141112.0,0
c2-observer-p4-19,4,19,warm-same-query-same-server,c2.stream.consumption,stream,22,22,0,36393707,1321374.0,4297427.0,0
c2-observer-p4-19,4,19,warm-same-query-same-server,c2.stream.owner,stream,34,34,0,59876319,1828752.5,4956002.0,0
c2-observer-p4-19,4,19,warm-same-query-same-server,c2.stream.first_poll,stream,22,0,22,,,,0
c2-observer-p4-19,4,19,warm-same-query-same-server,c2.stream.first_batch,stream,22,0,22,,,,0
c2-observer-p4-19,4,19,warm-same-query-same-server,c2.sink.commit,stream,8,8,0,41355,4460.0,11986.0,0
c2-observer-p4-19,4,19,warm-same-query-same-server,c2.sink.abort,stream,0,0,0,,,,0
c2-observer-p4-19,4,19,warm-same-query-same-server,c2.output.forward,stream,1,1,0,3678870,3678870.0,3678870.0,0
c2-observer-p4-19,4,19,warm-same-query-same-server,c2.cleanup.dispatch,cleanup,4,4,0,994792,249104.5,269509.0,0
c2-observer-p4-19,4,19,warm-same-query-same-server,c2.cleanup.queued_ack,cleanup,4,4,0,26245,6287.5,7946.0,0
c2-observer-p4-19,4,19,warm-same-query-same-server,c2.cleanup.close_job_executed,cleanup,3,3,0,10043,2742.0,4612.0,0
c2-observer-p4-19,4,19,warm-same-query-same-server,c2.cleanup.local_streams_removed,cleanup,4,4,0,9058,2161.0,3615.0,0
c2-observer-p4-19,4,19,warm-same-query-same-server,c2.release.response_buffer,cleanup,5,5,0,18775,2857.0,5666.0,0
c2-observer-p4-19,4,19,warm-same-query-same-server,c2.release.operation,cleanup,1,1,0,2304,2304.0,2304.0,0
c2-observer-p4-19,4,19,warm-same-query-same-server,c2.executor.owner,resources,1,1,0,7193882,7193882.0,7193882.0,0
c2-observer-p4-19,4,19,warm-same-query-same-server,c2.executor.buffer_owner,resources,1,1,0,7196205,7196205.0,7196205.0,0
c2-observer-p16-19,16,19,cold-first-data-action,c2.operation.binding,planning,1,0,1,,,,0
c2-observer-p16-19,16,19,cold-first-data-action,c2.job.accepted,scheduler,1,0,1,,,,0
c2-observer-p16-19,16,19,cold-first-data-action,c2.task.assigned,scheduler,24,0,24,,,,0
c2-observer-p16-19,16,19,cold-first-data-action,c2.plan.resolve,planning,1,1,0,474693,474693.0,474693.0,0
c2-observer-p16-19,16,19,cold-first-data-action,c2.plan.logical_execute,planning,1,1,0,11902,11902.0,11902.0,0
c2-observer-p16-19,16,19,cold-first-data-action,c2.plan.optimize,planning,1,1,0,818583,818583.0,818583.0,0
c2-observer-p16-19,16,19,cold-first-data-action,c2.plan.physical,planning,1,1,0,1619047,1619047.0,1619047.0,0
c2-observer-p16-19,16,19,cold-first-data-action,c2.job.graph,planning,1,1,0,61423,61423.0,61423.0,0
c2-observer-p16-19,16,19,cold-first-data-action,c2.job.topology,planning,1,1,0,20779,20779.0,20779.0,0
c2-observer-p16-19,16,19,cold-first-data-action,c2.scheduler.select_assign,scheduler,26,26,0,82682,1879.5,9141.0,0
c2-observer-p16-19,16,19,cold-first-data-action,c2.stage.definition,serialization,2,2,0,286673,143336.5,205332.0,0
c2-observer-p16-19,16,19,cold-first-data-action,c2.stage.physical_encode,serialization,2,2,0,260422,130211.0,193220.0,0
c2-observer-p16-19,16,19,cold-first-data-action,c2.task.preparation_queue,scheduler,24,24,0,36154780,1384098.0,2627917.0,0
c2-observer-p16-19,16,19,cold-first-data-action,c2.task.preparation,scheduler,24,24,0,41977540,1756344.0,3115814.0,0
c2-observer-p16-19,16,19,cold-first-data-action,c2.stage.definition_cache_hit,scheduler,2,0,2,,,,0
c2-observer-p16-19,16,19,cold-first-data-action,c2.batch.dispatch,scheduler,4,4,0,10124819,2569516.0,2693295.0,0
c2-observer-p16-19,16,19,cold-first-data-action,c2.task.dispatched,scheduler,24,0,24,,,,0
c2-observer-p16-19,16,19,cold-first-data-action,c2.batch.definition_encode,serialization,4,4,0,65128,16250.5,17039.0,0
c2-observer-p16-19,16,19,cold-first-data-action,c2.batch.definition_decode,serialization,4,4,0,141536,35245.0,53247.0,0
c2-observer-p16-19,16,19,cold-first-data-action,c2.batch.physical_decode,serialization,4,4,0,269763,60321.0,136973.0,0
c2-observer-p16-19,16,19,cold-first-data-action,c2.task.physical_decode,serialization,24,24,0,23545892,916591.5,1795651.0,0
c2-observer-p16-19,16,19,cold-first-data-action,c2.batch.admission,scheduler,4,4,0,1961272,539634.0,697832.0,0
c2-observer-p16-19,16,19,cold-first-data-action,c2.task.admitted,scheduler,24,0,24,,,,0
c2-observer-p16-19,16,19,cold-first-data-action,c2.task.terminal,scheduler,24,0,24,,,,0
c2-observer-p16-19,16,19,cold-first-data-action,c2.reader.declaration,stream,16,0,16,,,,0
c2-observer-p16-19,16,19,cold-first-data-action,c2.writer.declaration,stream,24,0,24,,,,0
c2-observer-p16-19,16,19,cold-first-data-action,c2.reader.open,stream,16,16,0,56993638,3275826.0,4759271.0,0
c2-observer-p16-19,16,19,cold-first-data-action,c2.writer.open,stream,24,24,0,6800823,278823.0,486222.0,0
c2-observer-p16-19,16,19,cold-first-data-action,c2.stream.consumption,stream,66,66,0,303996915,5633784.5,7079682.0,0
c2-observer-p16-19,16,19,cold-first-data-action,c2.stream.owner,stream,106,106,0,567215539,6484022.0,8160377.0,0
c2-observer-p16-19,16,19,cold-first-data-action,c2.stream.first_poll,stream,66,0,66,,,,0
c2-observer-p16-19,16,19,cold-first-data-action,c2.stream.first_batch,stream,66,0,66,,,,0
c2-observer-p16-19,16,19,cold-first-data-action,c2.sink.commit,stream,24,24,0,222331,5819.5,25170.0,0
c2-observer-p16-19,16,19,cold-first-data-action,c2.sink.abort,stream,0,0,0,,,,0
c2-observer-p16-19,16,19,cold-first-data-action,c2.output.forward,stream,1,1,0,15906753,15906753.0,15906753.0,0
c2-observer-p16-19,16,19,cold-first-data-action,c2.cleanup.dispatch,cleanup,4,4,0,1127991,281193.5,302535.0,0
c2-observer-p16-19,16,19,cold-first-data-action,c2.cleanup.queued_ack,cleanup,4,4,0,31814,6913.0,11913.0,0
c2-observer-p16-19,16,19,cold-first-data-action,c2.cleanup.close_job_executed,cleanup,3,3,0,33001,11295.0,12456.0,0
c2-observer-p16-19,16,19,cold-first-data-action,c2.cleanup.local_streams_removed,cleanup,4,4,0,19863,4731.0,9053.0,0
c2-observer-p16-19,16,19,cold-first-data-action,c2.release.response_buffer,cleanup,17,17,0,61125,2715.0,9733.0,0
c2-observer-p16-19,16,19,cold-first-data-action,c2.release.operation,cleanup,1,1,0,7236,7236.0,7236.0,1
c2-observer-p16-19,16,19,cold-first-data-action,c2.executor.owner,resources,1,1,0,34355073,34355073.0,34355073.0,1
c2-observer-p16-19,16,19,cold-first-data-action,c2.executor.buffer_owner,resources,1,1,0,34362939,34362939.0,34362939.0,1
c2-observer-p16-19,16,19,warm-same-query-same-server,c2.operation.binding,planning,1,0,1,,,,0
c2-observer-p16-19,16,19,warm-same-query-same-server,c2.job.accepted,scheduler,1,0,1,,,,0
c2-observer-p16-19,16,19,warm-same-query-same-server,c2.task.assigned,scheduler,24,0,24,,,,0
c2-observer-p16-19,16,19,warm-same-query-same-server,c2.plan.resolve,planning,1,1,0,663673,663673.0,663673.0,0
c2-observer-p16-19,16,19,warm-same-query-same-server,c2.plan.logical_execute,planning,1,1,0,4899,4899.0,4899.0,0
c2-observer-p16-19,16,19,warm-same-query-same-server,c2.plan.optimize,planning,1,1,0,355468,355468.0,355468.0,0
c2-observer-p16-19,16,19,warm-same-query-same-server,c2.plan.physical,planning,1,1,0,616166,616166.0,616166.0,0
c2-observer-p16-19,16,19,warm-same-query-same-server,c2.job.graph,planning,1,1,0,15260,15260.0,15260.0,0
c2-observer-p16-19,16,19,warm-same-query-same-server,c2.job.topology,planning,1,1,0,6698,6698.0,6698.0,0
c2-observer-p16-19,16,19,warm-same-query-same-server,c2.scheduler.select_assign,scheduler,26,26,0,103858,2550.5,13734.0,0
c2-observer-p16-19,16,19,warm-same-query-same-server,c2.stage.definition,serialization,2,2,0,137436,68718.0,77859.0,0
c2-observer-p16-19,16,19,warm-same-query-same-server,c2.stage.physical_encode,serialization,2,2,0,120463,60231.5,74128.0,0
c2-observer-p16-19,16,19,warm-same-query-same-server,c2.task.preparation_queue,scheduler,24,24,0,1278219,39825.0,138185.0,0
c2-observer-p16-19,16,19,warm-same-query-same-server,c2.task.preparation,scheduler,24,24,0,11650096,445344.5,839806.0,0
c2-observer-p16-19,16,19,warm-same-query-same-server,c2.stage.definition_cache_hit,scheduler,2,0,2,,,,0
c2-observer-p16-19,16,19,warm-same-query-same-server,c2.batch.dispatch,scheduler,4,4,0,3334285,755894.0,1172660.0,0
c2-observer-p16-19,16,19,warm-same-query-same-server,c2.task.dispatched,scheduler,24,0,24,,,,0
c2-observer-p16-19,16,19,warm-same-query-same-server,c2.batch.definition_encode,serialization,4,4,0,36061,9652.5,12676.0,0
c2-observer-p16-19,16,19,warm-same-query-same-server,c2.batch.definition_decode,serialization,4,4,0,49350,11938.5,14747.0,0
c2-observer-p16-19,16,19,warm-same-query-same-server,c2.batch.physical_decode,serialization,4,4,0,97327,21460.5,46693.0,0
c2-observer-p16-19,16,19,warm-same-query-same-server,c2.task.physical_decode,serialization,24,24,0,3271526,104542.5,269760.0,0
c2-observer-p16-19,16,19,warm-same-query-same-server,c2.batch.admission,scheduler,4,4,0,715456,161749.5,245050.0,0
c2-observer-p16-19,16,19,warm-same-query-same-server,c2.task.admitted,scheduler,24,0,24,,,,0
c2-observer-p16-19,16,19,warm-same-query-same-server,c2.task.terminal,scheduler,24,0,24,,,,0
c2-observer-p16-19,16,19,warm-same-query-same-server,c2.reader.declaration,stream,16,0,16,,,,0
c2-observer-p16-19,16,19,warm-same-query-same-server,c2.writer.declaration,stream,24,0,24,,,,0
c2-observer-p16-19,16,19,warm-same-query-same-server,c2.reader.open,stream,16,16,0,50167613,3206546.5,3756689.0,0
c2-observer-p16-19,16,19,warm-same-query-same-server,c2.writer.open,stream,24,24,0,13841046,568178.0,789434.0,0
c2-observer-p16-19,16,19,warm-same-query-same-server,c2.stream.consumption,stream,66,66,0,179887974,2963675.0,5265977.0,0
c2-observer-p16-19,16,19,warm-same-query-same-server,c2.stream.owner,stream,106,106,0,358050060,3990201.5,5547185.0,0
c2-observer-p16-19,16,19,warm-same-query-same-server,c2.stream.first_poll,stream,66,0,66,,,,0
c2-observer-p16-19,16,19,warm-same-query-same-server,c2.stream.first_batch,stream,66,0,66,,,,0
c2-observer-p16-19,16,19,warm-same-query-same-server,c2.sink.commit,stream,24,24,0,160794,3943.5,15504.0,0
c2-observer-p16-19,16,19,warm-same-query-same-server,c2.sink.abort,stream,0,0,0,,,,0
c2-observer-p16-19,16,19,warm-same-query-same-server,c2.output.forward,stream,1,1,0,7759615,7759615.0,7759615.0,0
c2-observer-p16-19,16,19,warm-same-query-same-server,c2.cleanup.dispatch,cleanup,4,4,0,1057885,271194.0,278046.0,0
c2-observer-p16-19,16,19,warm-same-query-same-server,c2.cleanup.queued_ack,cleanup,4,4,0,36507,9304.0,11053.0,0
c2-observer-p16-19,16,19,warm-same-query-same-server,c2.cleanup.close_job_executed,cleanup,3,3,0,11310,3872.0,4285.0,0
c2-observer-p16-19,16,19,warm-same-query-same-server,c2.cleanup.local_streams_removed,cleanup,4,4,0,18716,3603.0,10160.0,0
c2-observer-p16-19,16,19,warm-same-query-same-server,c2.release.response_buffer,cleanup,17,17,0,57830,2482.0,15702.0,0
c2-observer-p16-19,16,19,warm-same-query-same-server,c2.release.operation,cleanup,1,1,0,2651,2651.0,2651.0,0
c2-observer-p16-19,16,19,warm-same-query-same-server,c2.executor.owner,resources,1,1,0,14283971,14283971.0,14283971.0,0
c2-observer-p16-19,16,19,warm-same-query-same-server,c2.executor.buffer_owner,resources,1,1,0,14281189,14281189.0,14281189.0,0
c2-observer-p32-19,32,19,cold-first-data-action,c2.operation.binding,planning,1,0,1,,,,0
c2-observer-p32-19,32,19,cold-first-data-action,c2.job.accepted,scheduler,1,0,1,,,,0
c2-observer-p32-19,32,19,cold-first-data-action,c2.task.assigned,scheduler,40,0,40,,,,0
c2-observer-p32-19,32,19,cold-first-data-action,c2.plan.resolve,planning,1,1,0,487799,487799.0,487799.0,0
c2-observer-p32-19,32,19,cold-first-data-action,c2.plan.logical_execute,planning,1,1,0,12479,12479.0,12479.0,0
c2-observer-p32-19,32,19,cold-first-data-action,c2.plan.optimize,planning,1,1,0,826400,826400.0,826400.0,0
c2-observer-p32-19,32,19,cold-first-data-action,c2.plan.physical,planning,1,1,0,1713079,1713079.0,1713079.0,0
c2-observer-p32-19,32,19,cold-first-data-action,c2.job.graph,planning,1,1,0,54586,54586.0,54586.0,0
c2-observer-p32-19,32,19,cold-first-data-action,c2.job.topology,planning,1,1,0,23945,23945.0,23945.0,0
c2-observer-p32-19,32,19,cold-first-data-action,c2.scheduler.select_assign,scheduler,42,42,0,207223,2586.5,11908.0,0
c2-observer-p32-19,32,19,cold-first-data-action,c2.stage.definition,serialization,2,2,0,296077,148038.5,208113.0,0
c2-observer-p32-19,32,19,cold-first-data-action,c2.stage.physical_encode,serialization,2,2,0,257128,128564.0,190656.0,0
c2-observer-p32-19,32,19,cold-first-data-action,c2.task.preparation_queue,scheduler,40,40,0,100084043,2133438.0,4317178.0,0
c2-observer-p32-19,32,19,cold-first-data-action,c2.task.preparation,scheduler,40,40,0,65645402,1498992.0,3280153.0,0
c2-observer-p32-19,32,19,cold-first-data-action,c2.stage.definition_cache_hit,scheduler,2,0,2,,,,0
c2-observer-p32-19,32,19,cold-first-data-action,c2.batch.dispatch,scheduler,4,4,0,6727039,1771426.5,1827864.0,0
c2-observer-p32-19,32,19,cold-first-data-action,c2.task.dispatched,scheduler,40,0,40,,,,0
c2-observer-p32-19,32,19,cold-first-data-action,c2.batch.definition_encode,serialization,4,4,0,138411,23042.5,85638.0,0
c2-observer-p32-19,32,19,cold-first-data-action,c2.batch.definition_decode,serialization,4,4,0,177088,49163.5,56052.0,0
c2-observer-p32-19,32,19,cold-first-data-action,c2.batch.physical_decode,serialization,4,4,0,229284,60881.5,100605.0,0
c2-observer-p32-19,32,19,cold-first-data-action,c2.task.physical_decode,serialization,40,40,0,38219037,721879.5,2144096.0,0
c2-observer-p32-19,32,19,cold-first-data-action,c2.batch.admission,scheduler,4,4,0,1610931,322212.0,798125.0,0
c2-observer-p32-19,32,19,cold-first-data-action,c2.task.admitted,scheduler,40,0,40,,,,0
c2-observer-p32-19,32,19,cold-first-data-action,c2.task.terminal,scheduler,40,0,40,,,,0
c2-observer-p32-19,32,19,cold-first-data-action,c2.reader.declaration,stream,32,0,32,,,,0
c2-observer-p32-19,32,19,cold-first-data-action,c2.writer.declaration,stream,40,0,40,,,,0
c2-observer-p32-19,32,19,cold-first-data-action,c2.reader.open,stream,32,32,0,184744730,5914622.0,7560563.0,0
c2-observer-p32-19,32,19,cold-first-data-action,c2.writer.open,stream,40,40,0,49663000,1043657.5,2638970.0,0
c2-observer-p32-19,32,19,cold-first-data-action,c2.stream.consumption,stream,114,114,0,617232673,6834206.0,10199219.0,0
c2-observer-p32-19,32,19,cold-first-data-action,c2.stream.owner,stream,186,186,0,1237933426,7999753.5,10720592.0,0
c2-observer-p32-19,32,19,cold-first-data-action,c2.stream.first_poll,stream,114,0,114,,,,0
c2-observer-p32-19,32,19,cold-first-data-action,c2.stream.first_batch,stream,114,0,114,,,,0
c2-observer-p32-19,32,19,cold-first-data-action,c2.sink.commit,stream,40,40,0,524852,5164.5,54526.0,0
c2-observer-p32-19,32,19,cold-first-data-action,c2.sink.abort,stream,0,0,0,,,,0
c2-observer-p32-19,32,19,cold-first-data-action,c2.output.forward,stream,1,1,0,19860305,19860305.0,19860305.0,0
c2-observer-p32-19,32,19,cold-first-data-action,c2.cleanup.dispatch,cleanup,4,4,0,1268583,314350.5,351341.0,0
c2-observer-p32-19,32,19,cold-first-data-action,c2.cleanup.queued_ack,cleanup,4,4,0,36186,9580.0,10643.0,0
c2-observer-p32-19,32,19,cold-first-data-action,c2.cleanup.close_job_executed,cleanup,3,3,0,25341,8500.0,9030.0,0
c2-observer-p32-19,32,19,cold-first-data-action,c2.cleanup.local_streams_removed,cleanup,4,4,0,24141,5987.0,10723.0,0
c2-observer-p32-19,32,19,cold-first-data-action,c2.release.response_buffer,cleanup,33,33,0,91563,2298.0,7548.0,0
c2-observer-p32-19,32,19,cold-first-data-action,c2.release.operation,cleanup,1,1,0,5578,5578.0,5578.0,0
c2-observer-p32-19,32,19,cold-first-data-action,c2.executor.owner,resources,1,1,0,37784391,37784391.0,37784391.0,0
c2-observer-p32-19,32,19,cold-first-data-action,c2.executor.buffer_owner,resources,1,1,0,37786389,37786389.0,37786389.0,0
c2-observer-p32-19,32,19,warm-same-query-same-server,c2.operation.binding,planning,1,0,1,,,,0
c2-observer-p32-19,32,19,warm-same-query-same-server,c2.job.accepted,scheduler,1,0,1,,,,0
c2-observer-p32-19,32,19,warm-same-query-same-server,c2.task.assigned,scheduler,40,0,40,,,,0
c2-observer-p32-19,32,19,warm-same-query-same-server,c2.plan.resolve,planning,1,1,0,669267,669267.0,669267.0,0
c2-observer-p32-19,32,19,warm-same-query-same-server,c2.plan.logical_execute,planning,1,1,0,5733,5733.0,5733.0,0
c2-observer-p32-19,32,19,warm-same-query-same-server,c2.plan.optimize,planning,1,1,0,356716,356716.0,356716.0,0
c2-observer-p32-19,32,19,warm-same-query-same-server,c2.plan.physical,planning,1,1,0,556008,556008.0,556008.0,0
c2-observer-p32-19,32,19,warm-same-query-same-server,c2.job.graph,planning,1,1,0,20139,20139.0,20139.0,0
c2-observer-p32-19,32,19,warm-same-query-same-server,c2.job.topology,planning,1,1,0,8898,8898.0,8898.0,0
c2-observer-p32-19,32,19,warm-same-query-same-server,c2.scheduler.select_assign,scheduler,42,42,0,138725,2738.5,5712.0,0
c2-observer-p32-19,32,19,warm-same-query-same-server,c2.stage.definition,serialization,2,2,0,143182,71591.0,97029.0,0
c2-observer-p32-19,32,19,warm-same-query-same-server,c2.stage.physical_encode,serialization,2,2,0,119686,59843.0,93451.0,0
c2-observer-p32-19,32,19,warm-same-query-same-server,c2.task.preparation_queue,scheduler,40,40,0,1139217,24813.0,56934.0,0
c2-observer-p32-19,32,19,warm-same-query-same-server,c2.task.preparation,scheduler,40,40,0,14609015,320690.0,639602.0,0
c2-observer-p32-19,32,19,warm-same-query-same-server,c2.stage.definition_cache_hit,scheduler,2,0,2,,,,0
c2-observer-p32-19,32,19,warm-same-query-same-server,c2.batch.dispatch,scheduler,4,4,0,2723176,555906.0,1186357.0,0
c2-observer-p32-19,32,19,warm-same-query-same-server,c2.task.dispatched,scheduler,40,0,40,,,,0
c2-observer-p32-19,32,19,warm-same-query-same-server,c2.batch.definition_encode,serialization,4,4,0,58672,16666.5,20794.0,0
c2-observer-p32-19,32,19,warm-same-query-same-server,c2.batch.definition_decode,serialization,4,4,0,81695,21941.0,27031.0,0
c2-observer-p32-19,32,19,warm-same-query-same-server,c2.batch.physical_decode,serialization,4,4,0,101435,21994.5,54230.0,0
c2-observer-p32-19,32,19,warm-same-query-same-server,c2.task.physical_decode,serialization,40,40,0,3602067,69655.5,186103.0,0
c2-observer-p32-19,32,19,warm-same-query-same-server,c2.batch.admission,scheduler,4,4,0,538697,103613.5,290548.0,0
c2-observer-p32-19,32,19,warm-same-query-same-server,c2.task.admitted,scheduler,40,0,40,,,,0
c2-observer-p32-19,32,19,warm-same-query-same-server,c2.task.terminal,scheduler,40,0,40,,,,0
c2-observer-p32-19,32,19,warm-same-query-same-server,c2.reader.declaration,stream,32,0,32,,,,0
c2-observer-p32-19,32,19,warm-same-query-same-server,c2.writer.declaration,stream,40,0,40,,,,0
c2-observer-p32-19,32,19,warm-same-query-same-server,c2.reader.open,stream,32,32,0,174363005,5978385.5,7144261.0,0
c2-observer-p32-19,32,19,warm-same-query-same-server,c2.writer.open,stream,40,40,0,59925306,1521878.0,1894216.0,0
c2-observer-p32-19,32,19,warm-same-query-same-server,c2.stream.consumption,stream,114,114,0,534925802,5558987.0,9131188.0,0
c2-observer-p32-19,32,19,warm-same-query-same-server,c2.stream.owner,stream,186,186,0,1092298411,7094885.0,9569652.0,0
c2-observer-p32-19,32,19,warm-same-query-same-server,c2.stream.first_poll,stream,114,0,114,,,,0
c2-observer-p32-19,32,19,warm-same-query-same-server,c2.stream.first_batch,stream,114,0,114,,,,0
c2-observer-p32-19,32,19,warm-same-query-same-server,c2.sink.commit,stream,40,40,0,381510,4118.5,28557.0,0
c2-observer-p32-19,32,19,warm-same-query-same-server,c2.sink.abort,stream,0,0,0,,,,0
c2-observer-p32-19,32,19,warm-same-query-same-server,c2.output.forward,stream,1,1,0,13063318,13063318.0,13063318.0,0
c2-observer-p32-19,32,19,warm-same-query-same-server,c2.cleanup.dispatch,cleanup,4,4,0,988017,247194.0,258352.0,0
c2-observer-p32-19,32,19,warm-same-query-same-server,c2.cleanup.queued_ack,cleanup,4,4,0,30400,6573.0,11069.0,0
c2-observer-p32-19,32,19,warm-same-query-same-server,c2.cleanup.close_job_executed,cleanup,3,3,0,12967,5081.0,5279.0,0
c2-observer-p32-19,32,19,warm-same-query-same-server,c2.cleanup.local_streams_removed,cleanup,4,4,0,20679,4615.0,10081.0,0
c2-observer-p32-19,32,19,warm-same-query-same-server,c2.release.response_buffer,cleanup,33,33,0,109195,2415.0,7621.0,0
c2-observer-p32-19,32,19,warm-same-query-same-server,c2.release.operation,cleanup,1,1,0,2500,2500.0,2500.0,0
c2-observer-p32-19,32,19,warm-same-query-same-server,c2.executor.owner,resources,1,1,0,24312121,24312121.0,24312121.0,0
c2-observer-p32-19,32,19,warm-same-query-same-server,c2.executor.buffer_owner,resources,1,1,0,24312654,24312654.0,24312654.0,0
c2-observer-p4-20,4,20,cold-first-data-action,c2.operation.binding,planning,1,0,1,,,,0
c2-observer-p4-20,4,20,cold-first-data-action,c2.job.accepted,scheduler,1,0,1,,,,0
c2-observer-p4-20,4,20,cold-first-data-action,c2.task.assigned,scheduler,8,0,8,,,,0
c2-observer-p4-20,4,20,cold-first-data-action,c2.plan.resolve,planning,1,1,0,606080,606080.0,606080.0,0
c2-observer-p4-20,4,20,cold-first-data-action,c2.plan.logical_execute,planning,1,1,0,13324,13324.0,13324.0,0
c2-observer-p4-20,4,20,cold-first-data-action,c2.plan.optimize,planning,1,1,0,919897,919897.0,919897.0,0
c2-observer-p4-20,4,20,cold-first-data-action,c2.plan.physical,planning,1,1,0,1657257,1657257.0,1657257.0,0
c2-observer-p4-20,4,20,cold-first-data-action,c2.job.graph,planning,1,1,0,60301,60301.0,60301.0,0
c2-observer-p4-20,4,20,cold-first-data-action,c2.job.topology,planning,1,1,0,20615,20615.0,20615.0,0
c2-observer-p4-20,4,20,cold-first-data-action,c2.scheduler.select_assign,scheduler,10,10,0,31081,1754.5,10318.0,0
c2-observer-p4-20,4,20,cold-first-data-action,c2.stage.definition,serialization,2,2,0,282455,141227.5,209641.0,0
c2-observer-p4-20,4,20,cold-first-data-action,c2.stage.physical_encode,serialization,2,2,0,265115,132557.5,197367.0,0
c2-observer-p4-20,4,20,cold-first-data-action,c2.task.preparation_queue,scheduler,8,8,0,2092127,249567.0,342210.0,0
c2-observer-p4-20,4,20,cold-first-data-action,c2.task.preparation,scheduler,8,8,0,8504594,982752.0,1297170.0,0
c2-observer-p4-20,4,20,cold-first-data-action,c2.stage.definition_cache_hit,scheduler,2,0,2,,,,0
c2-observer-p4-20,4,20,cold-first-data-action,c2.batch.dispatch,scheduler,4,4,0,6073299,1515145.5,1578311.0,0
c2-observer-p4-20,4,20,cold-first-data-action,c2.task.dispatched,scheduler,8,0,8,,,,0
c2-observer-p4-20,4,20,cold-first-data-action,c2.batch.definition_encode,serialization,4,4,0,46539,9638.0,22674.0,0
c2-observer-p4-20,4,20,cold-first-data-action,c2.batch.definition_decode,serialization,4,4,0,132037,31738.0,47433.0,0
c2-observer-p4-20,4,20,cold-first-data-action,c2.batch.physical_decode,serialization,4,4,0,211265,52601.0,98764.0,0
c2-observer-p4-20,4,20,cold-first-data-action,c2.task.physical_decode,serialization,8,8,0,5185700,621987.5,812619.0,0
c2-observer-p4-20,4,20,cold-first-data-action,c2.batch.admission,scheduler,4,4,0,879515,205712.0,273077.0,0
c2-observer-p4-20,4,20,cold-first-data-action,c2.task.admitted,scheduler,8,0,8,,,,0
c2-observer-p4-20,4,20,cold-first-data-action,c2.task.terminal,scheduler,8,0,8,,,,0
c2-observer-p4-20,4,20,cold-first-data-action,c2.reader.declaration,stream,4,0,4,,,,0
c2-observer-p4-20,4,20,cold-first-data-action,c2.writer.declaration,stream,8,0,8,,,,0
c2-observer-p4-20,4,20,cold-first-data-action,c2.reader.open,stream,4,4,0,3283665,816711.5,835522.0,0
c2-observer-p4-20,4,20,cold-first-data-action,c2.writer.open,stream,8,8,0,591001,88669.0,106012.0,0
c2-observer-p4-20,4,20,cold-first-data-action,c2.stream.consumption,stream,22,22,0,75972589,2689910.0,8070417.0,0
c2-observer-p4-20,4,20,cold-first-data-action,c2.stream.owner,stream,34,34,0,123807530,3664905.5,8972189.0,0
c2-observer-p4-20,4,20,cold-first-data-action,c2.stream.first_poll,stream,22,0,22,,,,0
c2-observer-p4-20,4,20,cold-first-data-action,c2.stream.first_batch,stream,22,0,22,,,,0
c2-observer-p4-20,4,20,cold-first-data-action,c2.sink.commit,stream,8,8,0,61909,5528.0,18365.0,0
c2-observer-p4-20,4,20,cold-first-data-action,c2.sink.abort,stream,0,0,0,,,,0
c2-observer-p4-20,4,20,cold-first-data-action,c2.output.forward,stream,1,1,0,8012872,8012872.0,8012872.0,0
c2-observer-p4-20,4,20,cold-first-data-action,c2.cleanup.dispatch,cleanup,4,4,0,1115440,284324.0,311010.0,0
c2-observer-p4-20,4,20,cold-first-data-action,c2.cleanup.queued_ack,cleanup,4,4,0,25837,5842.0,8777.0,0
c2-observer-p4-20,4,20,cold-first-data-action,c2.cleanup.close_job_executed,cleanup,3,3,0,21125,7833.0,8140.0,0
c2-observer-p4-20,4,20,cold-first-data-action,c2.cleanup.local_streams_removed,cleanup,4,4,0,13682,3317.5,5737.0,0
c2-observer-p4-20,4,20,cold-first-data-action,c2.release.response_buffer,cleanup,5,5,0,24238,5146.0,8706.0,0
c2-observer-p4-20,4,20,cold-first-data-action,c2.release.operation,cleanup,1,1,0,5262,5262.0,5262.0,1
c2-observer-p4-20,4,20,cold-first-data-action,c2.executor.owner,resources,1,1,0,24054893,24054893.0,24054893.0,1
c2-observer-p4-20,4,20,cold-first-data-action,c2.executor.buffer_owner,resources,1,1,0,24054862,24054862.0,24054862.0,1
c2-observer-p4-20,4,20,warm-same-query-same-server,c2.operation.binding,planning,1,0,1,,,,0
c2-observer-p4-20,4,20,warm-same-query-same-server,c2.job.accepted,scheduler,1,0,1,,,,0
c2-observer-p4-20,4,20,warm-same-query-same-server,c2.task.assigned,scheduler,8,0,8,,,,0
c2-observer-p4-20,4,20,warm-same-query-same-server,c2.plan.resolve,planning,1,1,0,691895,691895.0,691895.0,0
c2-observer-p4-20,4,20,warm-same-query-same-server,c2.plan.logical_execute,planning,1,1,0,5497,5497.0,5497.0,0
c2-observer-p4-20,4,20,warm-same-query-same-server,c2.plan.optimize,planning,1,1,0,357076,357076.0,357076.0,0
c2-observer-p4-20,4,20,warm-same-query-same-server,c2.plan.physical,planning,1,1,0,573827,573827.0,573827.0,0
c2-observer-p4-20,4,20,warm-same-query-same-server,c2.job.graph,planning,1,1,0,15835,15835.0,15835.0,0
c2-observer-p4-20,4,20,warm-same-query-same-server,c2.job.topology,planning,1,1,0,4888,4888.0,4888.0,0
c2-observer-p4-20,4,20,warm-same-query-same-server,c2.scheduler.select_assign,scheduler,10,10,0,25699,2582.0,5154.0,0
c2-observer-p4-20,4,20,warm-same-query-same-server,c2.stage.definition,serialization,2,2,0,120706,60353.0,74304.0,0
c2-observer-p4-20,4,20,warm-same-query-same-server,c2.stage.physical_encode,serialization,2,2,0,111366,55683.0,68528.0,0
c2-observer-p4-20,4,20,warm-same-query-same-server,c2.task.preparation_queue,scheduler,8,8,0,172494,20502.5,28450.0,0
c2-observer-p4-20,4,20,warm-same-query-same-server,c2.task.preparation,scheduler,8,8,0,1900917,226516.5,338601.0,0
c2-observer-p4-20,4,20,warm-same-query-same-server,c2.stage.definition_cache_hit,scheduler,2,0,2,,,,0
c2-observer-p4-20,4,20,warm-same-query-same-server,c2.batch.dispatch,scheduler,4,4,0,2116732,536543.5,609270.0,0
c2-observer-p4-20,4,20,warm-same-query-same-server,c2.task.dispatched,scheduler,8,0,8,,,,0
c2-observer-p4-20,4,20,warm-same-query-same-server,c2.batch.definition_encode,serialization,4,4,0,18827,4387.5,6034.0,0
c2-observer-p4-20,4,20,warm-same-query-same-server,c2.batch.definition_decode,serialization,4,4,0,33858,9715.5,10365.0,0
c2-observer-p4-20,4,20,warm-same-query-same-server,c2.batch.physical_decode,serialization,4,4,0,78186,19436.0,35975.0,0
c2-observer-p4-20,4,20,warm-same-query-same-server,c2.task.physical_decode,serialization,8,8,0,635973,78174.5,106476.0,0
c2-observer-p4-20,4,20,warm-same-query-same-server,c2.batch.admission,scheduler,4,4,0,305716,79652.5,104185.0,0
c2-observer-p4-20,4,20,warm-same-query-same-server,c2.task.admitted,scheduler,8,0,8,,,,0
c2-observer-p4-20,4,20,warm-same-query-same-server,c2.task.terminal,scheduler,8,0,8,,,,0
c2-observer-p4-20,4,20,warm-same-query-same-server,c2.reader.declaration,stream,4,0,4,,,,0
c2-observer-p4-20,4,20,warm-same-query-same-server,c2.writer.declaration,stream,8,0,8,,,,0
c2-observer-p4-20,4,20,warm-same-query-same-server,c2.reader.open,stream,4,4,0,4080938,1028969.5,1420262.0,0
c2-observer-p4-20,4,20,warm-same-query-same-server,c2.writer.open,stream,8,8,0,368042,42052.0,83680.0,0
c2-observer-p4-20,4,20,warm-same-query-same-server,c2.stream.consumption,stream,22,22,0,38817568,1267626.5,4215360.0,0
c2-observer-p4-20,4,20,warm-same-query-same-server,c2.stream.owner,stream,34,34,0,65790658,1996920.0,4903622.0,0
c2-observer-p4-20,4,20,warm-same-query-same-server,c2.stream.first_poll,stream,22,0,22,,,,0
c2-observer-p4-20,4,20,warm-same-query-same-server,c2.stream.first_batch,stream,22,0,22,,,,0
c2-observer-p4-20,4,20,warm-same-query-same-server,c2.sink.commit,stream,8,8,0,46809,5291.0,15722.0,0
c2-observer-p4-20,4,20,warm-same-query-same-server,c2.sink.abort,stream,0,0,0,,,,0
c2-observer-p4-20,4,20,warm-same-query-same-server,c2.output.forward,stream,1,1,0,4244872,4244872.0,4244872.0,0
c2-observer-p4-20,4,20,warm-same-query-same-server,c2.cleanup.dispatch,cleanup,4,4,0,947314,237801.5,264848.0,0
c2-observer-p4-20,4,20,warm-same-query-same-server,c2.cleanup.queued_ack,cleanup,4,4,0,40419,7198.5,20427.0,0
c2-observer-p4-20,4,20,warm-same-query-same-server,c2.cleanup.close_job_executed,cleanup,3,3,0,21938,3129.0,16402.0,0
c2-observer-p4-20,4,20,warm-same-query-same-server,c2.cleanup.local_streams_removed,cleanup,4,4,0,10656,2653.0,3995.0,0
c2-observer-p4-20,4,20,warm-same-query-same-server,c2.release.response_buffer,cleanup,5,5,0,14568,2847.0,3351.0,0
c2-observer-p4-20,4,20,warm-same-query-same-server,c2.release.operation,cleanup,1,1,0,2082,2082.0,2082.0,0
c2-observer-p4-20,4,20,warm-same-query-same-server,c2.executor.owner,resources,1,1,0,7198940,7198940.0,7198940.0,0
c2-observer-p4-20,4,20,warm-same-query-same-server,c2.executor.buffer_owner,resources,1,1,0,7201260,7201260.0,7201260.0,0
c2-observer-p16-20,16,20,cold-first-data-action,c2.operation.binding,planning,1,0,1,,,,0
c2-observer-p16-20,16,20,cold-first-data-action,c2.job.accepted,scheduler,1,0,1,,,,0
c2-observer-p16-20,16,20,cold-first-data-action,c2.task.assigned,scheduler,24,0,24,,,,0
c2-observer-p16-20,16,20,cold-first-data-action,c2.plan.resolve,planning,1,1,0,495784,495784.0,495784.0,0
c2-observer-p16-20,16,20,cold-first-data-action,c2.plan.logical_execute,planning,1,1,0,11951,11951.0,11951.0,0
c2-observer-p16-20,16,20,cold-first-data-action,c2.plan.optimize,planning,1,1,0,815416,815416.0,815416.0,0
c2-observer-p16-20,16,20,cold-first-data-action,c2.plan.physical,planning,1,1,0,1725782,1725782.0,1725782.0,0
c2-observer-p16-20,16,20,cold-first-data-action,c2.job.graph,planning,1,1,0,53110,53110.0,53110.0,0
c2-observer-p16-20,16,20,cold-first-data-action,c2.job.topology,planning,1,1,0,21099,21099.0,21099.0,0
c2-observer-p16-20,16,20,cold-first-data-action,c2.scheduler.select_assign,scheduler,26,26,0,85903,1463.0,15144.0,0
c2-observer-p16-20,16,20,cold-first-data-action,c2.stage.definition,serialization,2,2,0,287442,143721.0,206783.0,0
c2-observer-p16-20,16,20,cold-first-data-action,c2.stage.physical_encode,serialization,2,2,0,264904,132452.0,195005.0,0
c2-observer-p16-20,16,20,cold-first-data-action,c2.task.preparation_queue,scheduler,24,24,0,31348422,1224456.5,2251662.0,0
c2-observer-p16-20,16,20,cold-first-data-action,c2.task.preparation,scheduler,24,24,0,34180412,1288956.5,2133985.0,0
c2-observer-p16-20,16,20,cold-first-data-action,c2.stage.definition_cache_hit,scheduler,2,0,2,,,,0
c2-observer-p16-20,16,20,cold-first-data-action,c2.batch.dispatch,scheduler,4,4,0,6477803,1466750.0,2362235.0,0
c2-observer-p16-20,16,20,cold-first-data-action,c2.task.dispatched,scheduler,24,0,24,,,,0
c2-observer-p16-20,16,20,cold-first-data-action,c2.batch.definition_encode,serialization,4,4,0,57048,11322.5,29652.0,0
c2-observer-p16-20,16,20,cold-first-data-action,c2.batch.definition_decode,serialization,4,4,0,150544,35609.0,58344.0,0
c2-observer-p16-20,16,20,cold-first-data-action,c2.batch.physical_decode,serialization,4,4,0,277563,61576.5,137881.0,0
c2-observer-p16-20,16,20,cold-first-data-action,c2.task.physical_decode,serialization,24,24,0,19965162,647918.5,1550936.0,0
c2-observer-p16-20,16,20,cold-first-data-action,c2.batch.admission,scheduler,4,4,0,1559845,384505.0,613460.0,0
c2-observer-p16-20,16,20,cold-first-data-action,c2.task.admitted,scheduler,24,0,24,,,,0
c2-observer-p16-20,16,20,cold-first-data-action,c2.task.terminal,scheduler,24,0,24,,,,0
c2-observer-p16-20,16,20,cold-first-data-action,c2.reader.declaration,stream,16,0,16,,,,0
c2-observer-p16-20,16,20,cold-first-data-action,c2.writer.declaration,stream,24,0,24,,,,0
c2-observer-p16-20,16,20,cold-first-data-action,c2.reader.open,stream,16,16,0,55933266,3931417.0,4624061.0,0
c2-observer-p16-20,16,20,cold-first-data-action,c2.writer.open,stream,24,24,0,5485844,260155.5,398031.0,0
c2-observer-p16-20,16,20,cold-first-data-action,c2.stream.consumption,stream,66,66,0,275209788,5192800.5,6567056.0,0
c2-observer-p16-20,16,20,cold-first-data-action,c2.stream.owner,stream,106,106,0,512098402,5797599.5,6976493.0,0
c2-observer-p16-20,16,20,cold-first-data-action,c2.stream.first_poll,stream,66,0,66,,,,0
c2-observer-p16-20,16,20,cold-first-data-action,c2.stream.first_batch,stream,66,0,66,,,,0
c2-observer-p16-20,16,20,cold-first-data-action,c2.sink.commit,stream,24,24,0,262948,4733.5,27683.0,0
c2-observer-p16-20,16,20,cold-first-data-action,c2.sink.abort,stream,0,0,0,,,,0
c2-observer-p16-20,16,20,cold-first-data-action,c2.output.forward,stream,1,1,0,14055198,14055198.0,14055198.0,0
c2-observer-p16-20,16,20,cold-first-data-action,c2.cleanup.dispatch,cleanup,4,4,0,1105935,275471.0,289880.0,0
c2-observer-p16-20,16,20,cold-first-data-action,c2.cleanup.queued_ack,cleanup,4,4,0,35209,8902.5,11423.0,0
c2-observer-p16-20,16,20,cold-first-data-action,c2.cleanup.close_job_executed,cleanup,3,3,0,25920,8829.0,8852.0,0
c2-observer-p16-20,16,20,cold-first-data-action,c2.cleanup.local_streams_removed,cleanup,4,4,0,21217,5811.0,8000.0,0
c2-observer-p16-20,16,20,cold-first-data-action,c2.release.response_buffer,cleanup,17,17,0,53653,2646.0,8148.0,0
c2-observer-p16-20,16,20,cold-first-data-action,c2.release.operation,cleanup,1,1,0,5849,5849.0,5849.0,0
c2-observer-p16-20,16,20,cold-first-data-action,c2.executor.owner,resources,1,1,0,20765999,20765999.0,20765999.0,0
c2-observer-p16-20,16,20,cold-first-data-action,c2.executor.buffer_owner,resources,1,1,0,20769995,20769995.0,20769995.0,0
c2-observer-p16-20,16,20,warm-same-query-same-server,c2.operation.binding,planning,1,0,1,,,,0
c2-observer-p16-20,16,20,warm-same-query-same-server,c2.job.accepted,scheduler,1,0,1,,,,0
c2-observer-p16-20,16,20,warm-same-query-same-server,c2.task.assigned,scheduler,24,0,24,,,,0
c2-observer-p16-20,16,20,warm-same-query-same-server,c2.plan.resolve,planning,1,1,0,721338,721338.0,721338.0,0
c2-observer-p16-20,16,20,warm-same-query-same-server,c2.plan.logical_execute,planning,1,1,0,9137,9137.0,9137.0,0
c2-observer-p16-20,16,20,warm-same-query-same-server,c2.plan.optimize,planning,1,1,0,381699,381699.0,381699.0,0
c2-observer-p16-20,16,20,warm-same-query-same-server,c2.plan.physical,planning,1,1,0,620296,620296.0,620296.0,0
c2-observer-p16-20,16,20,warm-same-query-same-server,c2.job.graph,planning,1,1,0,15945,15945.0,15945.0,0
c2-observer-p16-20,16,20,warm-same-query-same-server,c2.job.topology,planning,1,1,0,7196,7196.0,7196.0,0
c2-observer-p16-20,16,20,warm-same-query-same-server,c2.scheduler.select_assign,scheduler,26,26,0,80284,2779.0,8513.0,0
c2-observer-p16-20,16,20,warm-same-query-same-server,c2.stage.definition,serialization,2,2,0,129624,64812.0,91029.0,0
c2-observer-p16-20,16,20,warm-same-query-same-server,c2.stage.physical_encode,serialization,2,2,0,114924,57462.0,87210.0,0
c2-observer-p16-20,16,20,warm-same-query-same-server,c2.task.preparation_queue,scheduler,24,24,0,597554,22932.0,44582.0,0
c2-observer-p16-20,16,20,warm-same-query-same-server,c2.task.preparation,scheduler,24,24,0,9583727,365990.5,759401.0,0
c2-observer-p16-20,16,20,warm-same-query-same-server,c2.stage.definition_cache_hit,scheduler,2,0,2,,,,0
c2-observer-p16-20,16,20,warm-same-query-same-server,c2.batch.dispatch,scheduler,4,4,0,2799170,751970.0,833259.0,0
c2-observer-p16-20,16,20,warm-same-query-same-server,c2.task.dispatched,scheduler,24,0,24,,,,0
c2-observer-p16-20,16,20,warm-same-query-same-server,c2.batch.definition_encode,serialization,4,4,0,37687,10024.5,13117.0,0
c2-observer-p16-20,16,20,warm-same-query-same-server,c2.batch.definition_decode,serialization,4,4,0,52320,12356.5,15735.0,0
c2-observer-p16-20,16,20,warm-same-query-same-server,c2.batch.physical_decode,serialization,4,4,0,113254,25970.5,53764.0,0
c2-observer-p16-20,16,20,warm-same-query-same-server,c2.task.physical_decode,serialization,24,24,0,2725211,92550.0,250842.0,0
c2-observer-p16-20,16,20,warm-same-query-same-server,c2.batch.admission,scheduler,4,4,0,755115,178494.0,349785.0,0
c2-observer-p16-20,16,20,warm-same-query-same-server,c2.task.admitted,scheduler,24,0,24,,,,0
c2-observer-p16-20,16,20,warm-same-query-same-server,c2.task.terminal,scheduler,24,0,24,,,,0
c2-observer-p16-20,16,20,warm-same-query-same-server,c2.reader.declaration,stream,16,0,16,,,,0
c2-observer-p16-20,16,20,warm-same-query-same-server,c2.writer.declaration,stream,24,0,24,,,,0
c2-observer-p16-20,16,20,warm-same-query-same-server,c2.reader.open,stream,16,16,0,51277211,3227455.0,4146145.0,0
c2-observer-p16-20,16,20,warm-same-query-same-server,c2.writer.open,stream,24,24,0,16109855,619414.5,973477.0,0
c2-observer-p16-20,16,20,warm-same-query-same-server,c2.stream.consumption,stream,66,66,0,184166484,2970839.5,5766500.0,0
c2-observer-p16-20,16,20,warm-same-query-same-server,c2.stream.owner,stream,106,106,0,366847416,4120881.5,5938522.0,0
c2-observer-p16-20,16,20,warm-same-query-same-server,c2.stream.first_poll,stream,66,0,66,,,,0
c2-observer-p16-20,16,20,warm-same-query-same-server,c2.stream.first_batch,stream,66,0,66,,,,0
c2-observer-p16-20,16,20,warm-same-query-same-server,c2.sink.commit,stream,24,24,0,147032,4339.5,13198.0,0
c2-observer-p16-20,16,20,warm-same-query-same-server,c2.sink.abort,stream,0,0,0,,,,0
c2-observer-p16-20,16,20,warm-same-query-same-server,c2.output.forward,stream,1,1,0,7618865,7618865.0,7618865.0,0
c2-observer-p16-20,16,20,warm-same-query-same-server,c2.cleanup.dispatch,cleanup,4,4,0,1218310,299679.5,336779.0,0
c2-observer-p16-20,16,20,warm-same-query-same-server,c2.cleanup.queued_ack,cleanup,4,4,0,31975,6412.5,13076.0,0
c2-observer-p16-20,16,20,warm-same-query-same-server,c2.cleanup.close_job_executed,cleanup,3,3,0,12228,4431.0,4782.0,0
c2-observer-p16-20,16,20,warm-same-query-same-server,c2.cleanup.local_streams_removed,cleanup,4,4,0,14674,3432.0,6512.0,0
c2-observer-p16-20,16,20,warm-same-query-same-server,c2.release.response_buffer,cleanup,17,17,0,46778,2497.0,6607.0,0
c2-observer-p16-20,16,20,warm-same-query-same-server,c2.release.operation,cleanup,1,1,0,2873,2873.0,2873.0,0
c2-observer-p16-20,16,20,warm-same-query-same-server,c2.executor.owner,resources,1,1,0,66316051,66316051.0,66316051.0,0
c2-observer-p16-20,16,20,warm-same-query-same-server,c2.executor.buffer_owner,resources,1,1,0,66318391,66318391.0,66318391.0,0
c2-observer-p32-20,32,20,cold-first-data-action,c2.operation.binding,planning,1,0,1,,,,0
c2-observer-p32-20,32,20,cold-first-data-action,c2.job.accepted,scheduler,1,0,1,,,,0
c2-observer-p32-20,32,20,cold-first-data-action,c2.task.assigned,scheduler,40,0,40,,,,0
c2-observer-p32-20,32,20,cold-first-data-action,c2.plan.resolve,planning,1,1,0,475651,475651.0,475651.0,0
c2-observer-p32-20,32,20,cold-first-data-action,c2.plan.logical_execute,planning,1,1,0,12303,12303.0,12303.0,0
c2-observer-p32-20,32,20,cold-first-data-action,c2.plan.optimize,planning,1,1,0,867950,867950.0,867950.0,0
c2-observer-p32-20,32,20,cold-first-data-action,c2.plan.physical,planning,1,1,0,1633701,1633701.0,1633701.0,0
c2-observer-p32-20,32,20,cold-first-data-action,c2.job.graph,planning,1,1,0,52622,52622.0,52622.0,0
c2-observer-p32-20,32,20,cold-first-data-action,c2.job.topology,planning,1,1,0,24572,24572.0,24572.0,0
c2-observer-p32-20,32,20,cold-first-data-action,c2.scheduler.select_assign,scheduler,42,42,0,226975,2557.5,9064.0,0
c2-observer-p32-20,32,20,cold-first-data-action,c2.stage.definition,serialization,2,2,0,300768,150384.0,213847.0,0
c2-observer-p32-20,32,20,cold-first-data-action,c2.stage.physical_encode,serialization,2,2,0,266975,133487.5,201337.0,0
c2-observer-p32-20,32,20,cold-first-data-action,c2.task.preparation_queue,scheduler,40,40,0,119698463,3239983.0,4794694.0,0
c2-observer-p32-20,32,20,cold-first-data-action,c2.task.preparation,scheduler,40,40,0,56203544,1219668.5,2979161.0,0
c2-observer-p32-20,32,20,cold-first-data-action,c2.stage.definition_cache_hit,scheduler,2,0,2,,,,0
c2-observer-p32-20,32,20,cold-first-data-action,c2.batch.dispatch,scheduler,4,4,0,9247797,2391391.5,2545258.0,0
c2-observer-p32-20,32,20,cold-first-data-action,c2.task.dispatched,scheduler,40,0,40,,,,0
c2-observer-p32-20,32,20,cold-first-data-action,c2.batch.definition_encode,serialization,4,4,0,89110,22254.5,29686.0,0
c2-observer-p32-20,32,20,cold-first-data-action,c2.batch.definition_decode,serialization,4,4,0,147135,37355.5,45844.0,0
c2-observer-p32-20,32,20,cold-first-data-action,c2.batch.physical_decode,serialization,4,4,0,343614,60795.5,206206.0,0
c2-observer-p32-20,32,20,cold-first-data-action,c2.task.physical_decode,serialization,40,40,0,28249650,558617.5,1710592.0,0
c2-observer-p32-20,32,20,cold-first-data-action,c2.batch.admission,scheduler,4,4,0,3154103,761861.0,1423074.0,0
c2-observer-p32-20,32,20,cold-first-data-action,c2.task.admitted,scheduler,40,0,40,,,,0
c2-observer-p32-20,32,20,cold-first-data-action,c2.task.terminal,scheduler,40,0,40,,,,0
c2-observer-p32-20,32,20,cold-first-data-action,c2.reader.declaration,stream,32,0,32,,,,0
c2-observer-p32-20,32,20,cold-first-data-action,c2.writer.declaration,stream,40,0,40,,,,0
c2-observer-p32-20,32,20,cold-first-data-action,c2.reader.open,stream,32,32,0,178440840,5551718.5,7544380.0,0
c2-observer-p32-20,32,20,cold-first-data-action,c2.writer.open,stream,40,40,0,36035993,866871.5,1747538.0,0
c2-observer-p32-20,32,20,cold-first-data-action,c2.stream.consumption,stream,114,114,0,601573333,6639467.0,9391774.0,0
c2-observer-p32-20,32,20,cold-first-data-action,c2.stream.owner,stream,186,186,0,1201906878,7675731.5,10073570.0,0
c2-observer-p32-20,32,20,cold-first-data-action,c2.stream.first_poll,stream,114,0,114,,,,0
c2-observer-p32-20,32,20,cold-first-data-action,c2.stream.first_batch,stream,114,0,114,,,,0
c2-observer-p32-20,32,20,cold-first-data-action,c2.sink.commit,stream,40,40,0,424752,5083.0,34485.0,0
c2-observer-p32-20,32,20,cold-first-data-action,c2.sink.abort,stream,0,0,0,,,,0
c2-observer-p32-20,32,20,cold-first-data-action,c2.output.forward,stream,1,1,0,21018339,21018339.0,21018339.0,0
c2-observer-p32-20,32,20,cold-first-data-action,c2.cleanup.dispatch,cleanup,4,4,0,1183496,296772.0,305951.0,0
c2-observer-p32-20,32,20,cold-first-data-action,c2.cleanup.queued_ack,cleanup,4,4,0,30542,6877.5,10249.0,0
c2-observer-p32-20,32,20,cold-first-data-action,c2.cleanup.close_job_executed,cleanup,3,3,0,29140,8730.0,12885.0,0
c2-observer-p32-20,32,20,cold-first-data-action,c2.cleanup.local_streams_removed,cleanup,4,4,0,24123,5992.0,10792.0,0
c2-observer-p32-20,32,20,cold-first-data-action,c2.release.response_buffer,cleanup,33,33,0,97221,2408.0,6895.0,0
c2-observer-p32-20,32,20,cold-first-data-action,c2.release.operation,cleanup,1,1,0,5557,5557.0,5557.0,0
c2-observer-p32-20,32,20,cold-first-data-action,c2.executor.owner,resources,1,1,0,31295599,31295599.0,31295599.0,0
c2-observer-p32-20,32,20,cold-first-data-action,c2.executor.buffer_owner,resources,1,1,0,31300312,31300312.0,31300312.0,0
c2-observer-p32-20,32,20,warm-same-query-same-server,c2.operation.binding,planning,1,0,1,,,,0
c2-observer-p32-20,32,20,warm-same-query-same-server,c2.job.accepted,scheduler,1,0,1,,,,0
c2-observer-p32-20,32,20,warm-same-query-same-server,c2.task.assigned,scheduler,40,0,40,,,,0
c2-observer-p32-20,32,20,warm-same-query-same-server,c2.plan.resolve,planning,1,1,0,716554,716554.0,716554.0,0
c2-observer-p32-20,32,20,warm-same-query-same-server,c2.plan.logical_execute,planning,1,1,0,6154,6154.0,6154.0,0
c2-observer-p32-20,32,20,warm-same-query-same-server,c2.plan.optimize,planning,1,1,0,382774,382774.0,382774.0,0
c2-observer-p32-20,32,20,warm-same-query-same-server,c2.plan.physical,planning,1,1,0,733847,733847.0,733847.0,0
c2-observer-p32-20,32,20,warm-same-query-same-server,c2.job.graph,planning,1,1,0,17432,17432.0,17432.0,0
c2-observer-p32-20,32,20,warm-same-query-same-server,c2.job.topology,planning,1,1,0,11112,11112.0,11112.0,0
c2-observer-p32-20,32,20,warm-same-query-same-server,c2.scheduler.select_assign,scheduler,42,42,0,138027,2519.5,4442.0,0
c2-observer-p32-20,32,20,warm-same-query-same-server,c2.stage.definition,serialization,2,2,0,142084,71042.0,78961.0,0
c2-observer-p32-20,32,20,warm-same-query-same-server,c2.stage.physical_encode,serialization,2,2,0,117474,58737.0,74907.0,0
c2-observer-p32-20,32,20,warm-same-query-same-server,c2.task.preparation_queue,scheduler,40,40,0,2308666,47395.5,99005.0,0
c2-observer-p32-20,32,20,warm-same-query-same-server,c2.task.preparation,scheduler,40,40,0,17810253,378639.5,801659.0,0
c2-observer-p32-20,32,20,warm-same-query-same-server,c2.stage.definition_cache_hit,scheduler,2,0,2,,,,0
c2-observer-p32-20,32,20,warm-same-query-same-server,c2.batch.dispatch,scheduler,4,4,0,3484352,887640.0,1328205.0,0
c2-observer-p32-20,32,20,warm-same-query-same-server,c2.task.dispatched,scheduler,40,0,40,,,,0
c2-observer-p32-20,32,20,warm-same-query-same-server,c2.batch.definition_encode,serialization,4,4,0,55781,17008.0,17361.0,0
c2-observer-p32-20,32,20,warm-same-query-same-server,c2.batch.definition_decode,serialization,4,4,0,63123,16743.5,20103.0,0
c2-observer-p32-20,32,20,warm-same-query-same-server,c2.batch.physical_decode,serialization,4,4,0,93879,19079.0,47202.0,0
c2-observer-p32-20,32,20,warm-same-query-same-server,c2.task.physical_decode,serialization,40,40,0,5388050,105698.0,290610.0,0
c2-observer-p32-20,32,20,warm-same-query-same-server,c2.batch.admission,scheduler,4,4,0,575106,122483.5,283518.0,0
c2-observer-p32-20,32,20,warm-same-query-same-server,c2.task.admitted,scheduler,40,0,40,,,,0
c2-observer-p32-20,32,20,warm-same-query-same-server,c2.task.terminal,scheduler,40,0,40,,,,0
c2-observer-p32-20,32,20,warm-same-query-same-server,c2.reader.declaration,stream,32,0,32,,,,0
c2-observer-p32-20,32,20,warm-same-query-same-server,c2.writer.declaration,stream,40,0,40,,,,0
c2-observer-p32-20,32,20,warm-same-query-same-server,c2.reader.open,stream,32,32,0,164330142,5198922.0,7029023.0,0
c2-observer-p32-20,32,20,warm-same-query-same-server,c2.writer.open,stream,40,40,0,52580662,1410807.0,1764006.0,0
c2-observer-p32-20,32,20,warm-same-query-same-server,c2.stream.consumption,stream,114,114,0,495489568,5083770.5,8452778.0,0
c2-observer-p32-20,32,20,warm-same-query-same-server,c2.stream.owner,stream,186,186,0,1013909661,6685542.0,8726671.0,0
c2-observer-p32-20,32,20,warm-same-query-same-server,c2.stream.first_poll,stream,114,0,114,,,,0
c2-observer-p32-20,32,20,warm-same-query-same-server,c2.stream.first_batch,stream,114,0,114,,,,0
c2-observer-p32-20,32,20,warm-same-query-same-server,c2.sink.commit,stream,40,40,0,329809,4057.5,28913.0,0
c2-observer-p32-20,32,20,warm-same-query-same-server,c2.sink.abort,stream,0,0,0,,,,0
c2-observer-p32-20,32,20,warm-same-query-same-server,c2.output.forward,stream,1,1,0,12156104,12156104.0,12156104.0,0
c2-observer-p32-20,32,20,warm-same-query-same-server,c2.cleanup.dispatch,cleanup,4,4,0,944282,237102.0,256868.0,0
c2-observer-p32-20,32,20,warm-same-query-same-server,c2.cleanup.queued_ack,cleanup,4,4,0,34298,8418.0,11700.0,0
c2-observer-p32-20,32,20,warm-same-query-same-server,c2.cleanup.close_job_executed,cleanup,3,3,0,12318,4974.0,5054.0,0
c2-observer-p32-20,32,20,warm-same-query-same-server,c2.cleanup.local_streams_removed,cleanup,4,4,0,19796,4969.0,8487.0,0
c2-observer-p32-20,32,20,warm-same-query-same-server,c2.release.response_buffer,cleanup,33,33,0,90983,2415.0,4972.0,0
c2-observer-p32-20,32,20,warm-same-query-same-server,c2.release.operation,cleanup,1,1,0,3697,3697.0,3697.0,0
c2-observer-p32-20,32,20,warm-same-query-same-server,c2.executor.owner,resources,1,1,0,73216486,73216486.0,73216486.0,0
c2-observer-p32-20,32,20,warm-same-query-same-server,c2.executor.buffer_owner,resources,1,1,0,73214089,73214089.0,73214089.0,0
