I1002 09:11:53.575564 3890543 fork_posix.cc:71] Other threads are currently calling into gRPC, skipping fork() handlers
I1002 09:11:53.611612 3890543 fork_posix.cc:71] Other threads are currently calling into gRPC, skipping fork() handlers
I1002 09:11:53.643358 3890543 fork_posix.cc:71] Other threads are currently calling into gRPC, skipping fork() handlers
I1002 09:11:53.674687 3890543 fork_posix.cc:71] Other threads are currently calling into gRPC, skipping fork() handlers
I1002 09:11:53.704456 3890543 fork_posix.cc:71] Other threads are currently calling into gRPC, skipping fork() handlers
I1002 09:11:53.741491 3890543 fork_posix.cc:71] Other threads are currently calling into gRPC, skipping fork() handlers
I1002 09:11:53.769462 3890543 fork_posix.cc:71] Other threads are currently calling into gRPC, skipping fork() handlers
I1002 09:11:53.805893 3890543 fork_posix.cc:71] Other threads are currently calling into gRPC, skipping fork() handlers
I1002 09:11:53.836125 3890543 fork_posix.cc:71] Other threads are currently calling into gRPC, skipping fork() handlers
I1002 09:11:53.865718 3890543 fork_posix.cc:71] Other threads are currently calling into gRPC, skipping fork() handlers
I1002 09:11:53.895047 3890543 fork_posix.cc:71] Other threads are currently calling into gRPC, skipping fork() handlers
I1002 09:11:53.934956 3890543 fork_posix.cc:71] Other threads are currently calling into gRPC, skipping fork() handlers
I1002 09:11:54.331471 3891443 ev_poll_posix.cc:587] FD from fork parent still in poll list: fd(8, generation: 1)
I1002 09:11:55.595624 3892517 ev_poll_posix.cc:587] FD from fork parent still in poll list: fd(8, generation: 1)
I1002 09:11:57.483604 3894269 ev_poll_posix.cc:587] FD from fork parent still in poll list: fd(8, generation: 1)
I1002 09:11:57.563313 3894335 ev_poll_posix.cc:587] FD from fork parent still in poll list: fd(8, generation: 1)
I1002 09:11:57.643663 3894399 ev_poll_posix.cc:587] FD from fork parent still in poll list: fd(8, generation: 1)
I1002 09:11:58.408243 3895077 ev_poll_posix.cc:587] FD from fork parent still in poll list: fd(8, generation: 1)
I1002 09:11:58.537407 3895194 ev_poll_posix.cc:587] FD from fork parent still in poll list: fd(8, generation: 1)
I1002 09:11:58.615470 3895234 ev_poll_posix.cc:587] FD from fork parent still in poll list: fd(8, generation: 1)
I1002 09:11:59.424009 3895927 ev_poll_posix.cc:587] FD from fork parent still in poll list: fd(8, generation: 1)
I1002 09:11:59.469616 3895961 ev_poll_posix.cc:587] FD from fork parent still in poll list: fd(8, generation: 1)
I1002 09:11:59.736776 3896168 ev_poll_posix.cc:587] FD from fork parent still in poll list: fd(8, generation: 1)
I1002 09:12:00.119512 3896453 ev_poll_posix.cc:587] FD from fork parent still in poll list: fd(8, generation: 1)
I1002 09:12:00.875800 3897053 ev_poll_posix.cc:587] FD from fork parent still in poll list: fd(8, generation: 1)
I1002 09:12:01.094685 3897232 ev_poll_posix.cc:587] FD from fork parent still in poll list: fd(8, generation: 1)
I1002 09:12:01.718025 3897744 ev_poll_posix.cc:587] FD from fork parent still in poll list: fd(8, generation: 1)
I1002 09:12:02.858245 3898596 ev_poll_posix.cc:587] FD from fork parent still in poll list: fd(8, generation: 1)
I1002 09:12:03.001918 3898708 ev_poll_posix.cc:587] FD from fork parent still in poll list: fd(8, generation: 1)
I1002 09:12:03.222922 3898884 ev_poll_posix.cc:587] FD from fork parent still in poll list: fd(8, generation: 1)
I1002 09:12:03.584437 3899185 ev_poll_posix.cc:587] FD from fork parent still in poll list: fd(8, generation: 1)
I1002 09:12:03.812947 3899364 ev_poll_posix.cc:587] FD from fork parent still in poll list: fd(8, generation: 1)
I1002 09:12:03.939948 3899467 ev_poll_posix.cc:587] FD from fork parent still in poll list: fd(8, generation: 1)
I1002 09:12:04.638663 3900000 ev_poll_posix.cc:587] FD from fork parent still in poll list: fd(8, generation: 1)
I1002 09:12:05.200414 3900431 ev_poll_posix.cc:587] FD from fork parent still in poll list: fd(8, generation: 1)
I1002 09:12:09.755310 3903576 ev_poll_posix.cc:587] FD from fork parent still in poll list: fd(8, generation: 1)
I1002 09:12:10.870166 3904394 ev_poll_posix.cc:587] FD from fork parent still in poll list: fd(8, generation: 1)
I1002 09:12:11.714019 3905000 ev_poll_posix.cc:587] FD from fork parent still in poll list: fd(8, generation: 1)
I1002 09:12:13.513563 3906328 ev_poll_posix.cc:587] FD from fork parent still in poll list: fd(8, generation: 1)
I1002 09:12:14.695422 3907100 ev_poll_posix.cc:587] FD from fork parent still in poll list: fd(8, generation: 1)
I1002 09:12:15.243933 3907454 ev_poll_posix.cc:587] FD from fork parent still in poll list: fd(8, generation: 1)
I1002 09:12:15.791168 3907849 ev_poll_posix.cc:587] FD from fork parent still in poll list: fd(8, generation: 1)
I1002 09:12:19.229277 3910051 ev_poll_posix.cc:587] FD from fork parent still in poll list: fd(8, generation: 1)
I1002 09:12:20.804728 3911100 ev_poll_posix.cc:587] FD from fork parent still in poll list: fd(8, generation: 1)
I1002 09:12:21.087551 3911278 ev_poll_posix.cc:587] FD from fork parent still in poll list: fd(8, generation: 1)
I1002 09:12:22.517526 3912161 ev_poll_posix.cc:587] FD from fork parent still in poll list: fd(8, generation: 1)
I1002 09:12:22.836594 3912395 ev_poll_posix.cc:587] FD from fork parent still in poll list: fd(8, generation: 1)
I1002 09:12:23.245751 3912644 ev_poll_posix.cc:587] FD from fork parent still in poll list: fd(8, generation: 1)
I1002 09:12:24.385497 3913356 ev_poll_posix.cc:587] FD from fork parent still in poll list: fd(8, generation: 1)
I1002 09:12:26.321367 3914580 ev_poll_posix.cc:587] FD from fork parent still in poll list: fd(8, generation: 1)
I1002 09:12:28.815143 3916123 ev_poll_posix.cc:587] FD from fork parent still in poll list: fd(8, generation: 1)
I1002 09:12:31.244394 3917709 ev_poll_posix.cc:587] FD from fork parent still in poll list: fd(8, generation: 1)
I1002 09:12:32.154612 3918356 ev_poll_posix.cc:587] FD from fork parent still in poll list: fd(8, generation: 1)
I1002 09:12:32.269503 3918443 ev_poll_posix.cc:587] FD from fork parent still in poll list: fd(8, generation: 1)
I1002 09:12:32.528343 3918637 ev_poll_posix.cc:587] FD from fork parent still in poll list: fd(8, generation: 1)
I1002 09:12:32.883881 3918929 ev_poll_posix.cc:587] FD from fork parent still in poll list: fd(8, generation: 1)
I1002 09:12:32.987620 3919006 ev_poll_posix.cc:587] FD from fork parent still in poll list: fd(8, generation: 1)
I1002 09:12:33.196842 3919154 ev_poll_posix.cc:587] FD from fork parent still in poll list: fd(8, generation: 1)
I1002 09:12:33.294185 3919245 ev_poll_posix.cc:587] FD from fork parent still in poll list: fd(8, generation: 1)
I1002 09:12:33.597075 3919465 ev_poll_posix.cc:587] FD from fork parent still in poll list: fd(8, generation: 1)
I1002 09:12:34.961788 3920625 ev_poll_posix.cc:587] FD from fork parent still in poll list: fd(8, generation: 1)
I1002 09:12:35.133480 3920769 ev_poll_posix.cc:587] FD from fork parent still in poll list: fd(8, generation: 1)
I1002 09:12:35.978856 3921553 ev_poll_posix.cc:587] FD from fork parent still in poll list: fd(8, generation: 1)
I1002 09:12:37.477649 3923061 ev_poll_posix.cc:587] FD from fork parent still in poll list: fd(8, generation: 1)
I1002 09:12:37.532455 3923136 ev_poll_posix.cc:587] FD from fork parent still in poll list: fd(8, generation: 1)
I1002 09:12:38.111154 3923487 ev_poll_posix.cc:587] FD from fork parent still in poll list: fd(8, generation: 1)
I1002 09:12:38.321089 3923635 ev_poll_posix.cc:587] FD from fork parent still in poll list: fd(8, generation: 1)
I1002 09:12:38.370574 3923670 ev_poll_posix.cc:587] FD from fork parent still in poll list: fd(8, generation: 1)
I1002 09:12:39.277978 3924254 ev_poll_posix.cc:587] FD from fork parent still in poll list: fd(8, generation: 1)
I1002 09:12:39.454627 3924361 ev_poll_posix.cc:587] FD from fork parent still in poll list: fd(8, generation: 1)
I1002 09:12:41.667804 3925836 ev_poll_posix.cc:587] FD from fork parent still in poll list: fd(8, generation: 1)
I1002 09:12:41.897337 3925997 ev_poll_posix.cc:587] FD from fork parent still in poll list: fd(8, generation: 1)
I1002 09:12:46.264257 3928597 ev_poll_posix.cc:587] FD from fork parent still in poll list: fd(8, generation: 1)
I1002 09:12:46.693475 3928844 ev_poll_posix.cc:587] FD from fork parent still in poll list: fd(8, generation: 1)
I1002 09:12:48.451901 3929888 ev_poll_posix.cc:587] FD from fork parent still in poll list: fd(8, generation: 1)
I1002 09:12:48.978684 3930135 ev_poll_posix.cc:587] FD from fork parent still in poll list: fd(8, generation: 1)
I1002 09:12:49.702618 3930528 ev_poll_posix.cc:587] FD from fork parent still in poll list: fd(8, generation: 1)
I1002 09:12:52.068465 3931874 ev_poll_posix.cc:587] FD from fork parent still in poll list: fd(8, generation: 1)
I1002 09:12:56.440442 3934333 ev_poll_posix.cc:587] FD from fork parent still in poll list: fd(8, generation: 1)
I1002 09:12:56.559546 3934493 ev_poll_posix.cc:587] FD from fork parent still in poll list: fd(8, generation: 1)
I1002 09:12:56.625280 3934530 ev_poll_posix.cc:587] FD from fork parent still in poll list: fd(8, generation: 1)
I1002 09:12:58.097499 3935370 ev_poll_posix.cc:587] FD from fork parent still in poll list: fd(8, generation: 1)
I1002 09:12:58.671466 3935690 ev_poll_posix.cc:587] FD from fork parent still in poll list: fd(8, generation: 1)
I1002 09:13:01.760060 3937422 ev_poll_posix.cc:587] FD from fork parent still in poll list: fd(8, generation: 1)
I1002 09:13:05.704546 3939621 ev_poll_posix.cc:587] FD from fork parent still in poll list: fd(8, generation: 1)
I1002 09:13:06.803400 3940188 ev_poll_posix.cc:587] FD from fork parent still in poll list: fd(8, generation: 1)
I1002 09:13:08.182251 3940956 ev_poll_posix.cc:587] FD from fork parent still in poll list: fd(8, generation: 1)
I1002 09:13:09.999286 3941899 ev_poll_posix.cc:587] FD from fork parent still in poll list: fd(8, generation: 1)
I1002 09:13:10.064117 3941931 ev_poll_posix.cc:587] FD from fork parent still in poll list: fd(8, generation: 1)
I1002 09:13:20.027721 3947198 ev_poll_posix.cc:587] FD from fork parent still in poll list: fd(8, generation: 1)
I1002 09:13:20.168382 3947290 ev_poll_posix.cc:587] FD from fork parent still in poll list: fd(8, generation: 1)
I1002 09:13:20.380008 3947395 ev_poll_posix.cc:587] FD from fork parent still in poll list: fd(8, generation: 1)
I1002 09:13:21.419083 3947905 ev_poll_posix.cc:587] FD from fork parent still in poll list: fd(8, generation: 1)
I1002 09:13:22.409370 3948394 ev_poll_posix.cc:587] FD from fork parent still in poll list: fd(8, generation: 1)
I1002 09:13:22.479303 3948426 ev_poll_posix.cc:587] FD from fork parent still in poll list: fd(8, generation: 1)
I1002 09:13:25.111729 3949740 ev_poll_posix.cc:587] FD from fork parent still in poll list: fd(8, generation: 1)
I1002 09:13:25.450759 3949914 ev_poll_posix.cc:587] FD from fork parent still in poll list: fd(8, generation: 1)
I1002 09:13:26.896222 3950689 ev_poll_posix.cc:587] FD from fork parent still in poll list: fd(8, generation: 1)
I1002 09:13:27.954324 3951222 ev_poll_posix.cc:587] FD from fork parent still in poll list: fd(8, generation: 1)
I1002 09:13:30.518467 3952491 ev_poll_posix.cc:587] FD from fork parent still in poll list: fd(8, generation: 1)
I1002 09:13:31.446209 3952972 ev_poll_posix.cc:587] FD from fork parent still in poll list: fd(8, generation: 1)
I1002 09:13:32.493729 3953617 ev_poll_posix.cc:587] FD from fork parent still in poll list: fd(8, generation: 1)
I1002 09:13:34.799881 3954738 ev_poll_posix.cc:587] FD from fork parent still in poll list: fd(8, generation: 1)
I1002 09:13:36.877158 3955748 ev_poll_posix.cc:587] FD from fork parent still in poll list: fd(8, generation: 1)
I1002 09:13:39.137573 3956870 ev_poll_posix.cc:587] FD from fork parent still in poll list: fd(8, generation: 1)
I1002 09:13:39.812943 3957211 ev_poll_posix.cc:587] FD from fork parent still in poll list: fd(8, generation: 1)
I1002 09:13:40.262800 3957431 ev_poll_posix.cc:587] FD from fork parent still in poll list: fd(8, generation: 1)
I1002 09:13:41.963511 3958237 ev_poll_posix.cc:587] FD from fork parent still in poll list: fd(8, generation: 1)
I1002 09:13:43.034439 3958738 ev_poll_posix.cc:587] FD from fork parent still in poll list: fd(8, generation: 1)
I1002 09:13:43.599698 3959009 ev_poll_posix.cc:587] FD from fork parent still in poll list: fd(8, generation: 1)
I1002 09:13:43.816278 3959119 ev_poll_posix.cc:587] FD from fork parent still in poll list: fd(8, generation: 1)
I1002 09:13:44.528264 3959445 ev_poll_posix.cc:587] FD from fork parent still in poll list: fd(8, generation: 1)
I1002 09:13:45.581444 3959945 ev_poll_posix.cc:587] FD from fork parent still in poll list: fd(8, generation: 1)
I1002 09:13:49.581517 3961826 ev_poll_posix.cc:587] FD from fork parent still in poll list: fd(8, generation: 1)
I1002 09:13:50.319888 3962327 ev_poll_posix.cc:587] FD from fork parent still in poll list: fd(8, generation: 1)
I1002 09:13:50.856602 3962579 ev_poll_posix.cc:587] FD from fork parent still in poll list: fd(8, generation: 1)
I1002 09:13:51.086901 3962686 ev_poll_posix.cc:587] FD from fork parent still in poll list: fd(8, generation: 1)
I1002 09:13:52.180574 3963205 ev_poll_posix.cc:587] FD from fork parent still in poll list: fd(8, generation: 1)
I1002 09:13:52.252038 3963240 ev_poll_posix.cc:587] FD from fork parent still in poll list: fd(8, generation: 1)
I1002 09:13:55.235208 3964625 ev_poll_posix.cc:587] FD from fork parent still in poll list: fd(8, generation: 1)
I1002 09:13:56.601073 3965284 ev_poll_posix.cc:587] FD from fork parent still in poll list: fd(8, generation: 1)
I1002 09:13:58.866297 3966360 ev_poll_posix.cc:587] FD from fork parent still in poll list: fd(8, generation: 1)
I1002 09:13:59.202403 3966616 ev_poll_posix.cc:587] FD from fork parent still in poll list: fd(8, generation: 1)
I1002 09:14:00.240824 3967147 ev_poll_posix.cc:587] FD from fork parent still in poll list: fd(8, generation: 1)
I1002 09:14:00.497911 3967304 ev_poll_posix.cc:587] FD from fork parent still in poll list: fd(8, generation: 1)
I1002 09:14:00.572778 3967367 ev_poll_posix.cc:587] FD from fork parent still in poll list: fd(8, generation: 1)
I1002 09:14:00.939788 3967512 ev_poll_posix.cc:587] FD from fork parent still in poll list: fd(8, generation: 1)
I1002 09:14:01.110115 3967588 ev_poll_posix.cc:587] FD from fork parent still in poll list: fd(8, generation: 1)
I1002 09:14:02.785830 3968425 ev_poll_posix.cc:587] FD from fork parent still in poll list: fd(8, generation: 1)
I1002 09:14:03.853547 3968865 ev_poll_posix.cc:587] FD from fork parent still in poll list: fd(8, generation: 1)
I1002 09:14:03.926122 3968909 ev_poll_posix.cc:587] FD from fork parent still in poll list: fd(8, generation: 1)
I1002 09:14:05.208047 3969536 ev_poll_posix.cc:587] FD from fork parent still in poll list: fd(8, generation: 1)
I1002 09:14:06.464161 3970162 ev_poll_posix.cc:587] FD from fork parent still in poll list: fd(8, generation: 1)
I1002 09:14:06.753242 3970318 ev_poll_posix.cc:587] FD from fork parent still in poll list: fd(8, generation: 1)
I1002 09:14:07.081071 3970481 ev_poll_posix.cc:587] FD from fork parent still in poll list: fd(8, generation: 1)
I1002 09:14:07.512496 3970697 ev_poll_posix.cc:587] FD from fork parent still in poll list: fd(8, generation: 1)
I1002 09:14:07.891733 3970873 ev_poll_posix.cc:587] FD from fork parent still in poll list: fd(8, generation: 1)
I1002 09:14:08.499191 3971342 ev_poll_posix.cc:587] FD from fork parent still in poll list: fd(8, generation: 1)
I1002 09:14:08.980895 3971581 ev_poll_posix.cc:587] FD from fork parent still in poll list: fd(8, generation: 1)
I1002 09:14:09.365024 3971790 ev_poll_posix.cc:587] FD from fork parent still in poll list: fd(8, generation: 1)
I1002 09:14:10.037223 3972087 ev_poll_posix.cc:587] FD from fork parent still in poll list: fd(8, generation: 1)
I1002 09:14:10.261696 3972193 ev_poll_posix.cc:587] FD from fork parent still in poll list: fd(8, generation: 1)
I1002 09:14:10.716427 3972410 ev_poll_posix.cc:587] FD from fork parent still in poll list: fd(8, generation: 1)
I1002 09:14:10.951895 3972523 ev_poll_posix.cc:587] FD from fork parent still in poll list: fd(8, generation: 1)
I1002 09:14:11.173221 3972636 ev_poll_posix.cc:587] FD from fork parent still in poll list: fd(8, generation: 1)
I1002 09:14:11.359535 3972711 ev_poll_posix.cc:587] FD from fork parent still in poll list: fd(8, generation: 1)
I1002 09:14:11.433740 3972749 ev_poll_posix.cc:587] FD from fork parent still in poll list: fd(8, generation: 1)
I1002 09:14:11.838462 3972937 ev_poll_posix.cc:587] FD from fork parent still in poll list: fd(8, generation: 1)
I1002 09:14:11.989675 3973009 ev_poll_posix.cc:587] FD from fork parent still in poll list: fd(8, generation: 1)
I1002 09:14:12.789345 3973366 ev_poll_posix.cc:587] FD from fork parent still in poll list: fd(8, generation: 1)
I1002 09:14:13.031829 3973473 ev_poll_posix.cc:587] FD from fork parent still in poll list: fd(8, generation: 1)
I1002 09:14:13.328464 3973630 ev_poll_posix.cc:587] FD from fork parent still in poll list: fd(8, generation: 1)
I1002 09:14:13.810849 3973808 ev_poll_posix.cc:587] FD from fork parent still in poll list: fd(8, generation: 1)
I1002 09:14:14.179096 3973962 ev_poll_posix.cc:587] FD from fork parent still in poll list: fd(8, generation: 1)
I1002 09:14:14.315523 3974036 ev_poll_posix.cc:587] FD from fork parent still in poll list: fd(8, generation: 1)
I1002 09:14:15.394870 3974505 ev_poll_posix.cc:587] FD from fork parent still in poll list: fd(8, generation: 1)
I1002 09:14:15.568263 3974612 ev_poll_posix.cc:587] FD from fork parent still in poll list: fd(8, generation: 1)
I1002 09:14:15.739674 3974682 ev_poll_posix.cc:587] FD from fork parent still in poll list: fd(8, generation: 1)
I1002 09:14:15.814224 3974724 ev_poll_posix.cc:587] FD from fork parent still in poll list: fd(8, generation: 1)
I1002 09:14:16.180720 3974877 ev_poll_posix.cc:587] FD from fork parent still in poll list: fd(8, generation: 1)
I1002 09:14:16.290874 3974918 ev_poll_posix.cc:587] FD from fork parent still in poll list: fd(8, generation: 1)
I1002 09:14:16.915537 3975178 ev_poll_posix.cc:587] FD from fork parent still in poll list: fd(8, generation: 1)
I1002 09:14:16.987439 3975213 ev_poll_posix.cc:587] FD from fork parent still in poll list: fd(8, generation: 1)
I1002 09:14:17.178628 3975284 ev_poll_posix.cc:587] FD from fork parent still in poll list: fd(8, generation: 1)
I1002 09:14:17.325685 3975354 ev_poll_posix.cc:587] FD from fork parent still in poll list: fd(8, generation: 1)
I1002 09:14:17.405038 3975390 ev_poll_posix.cc:587] FD from fork parent still in poll list: fd(8, generation: 1)
I1002 09:14:17.745987 3975560 ev_poll_posix.cc:587] FD from fork parent still in poll list: fd(8, generation: 1)
I1002 09:14:17.825181 3975595 ev_poll_posix.cc:587] FD from fork parent still in poll list: fd(8, generation: 1)
I1002 09:14:18.570120 3975894 ev_poll_posix.cc:587] FD from fork parent still in poll list: fd(8, generation: 1)
I1002 09:14:19.545592 3976298 ev_poll_posix.cc:587] FD from fork parent still in poll list: fd(8, generation: 1)
I1002 09:14:20.238156 3976623 ev_poll_posix.cc:587] FD from fork parent still in poll list: fd(8, generation: 1)
I1002 09:14:20.861664 3976886 ev_poll_posix.cc:587] FD from fork parent still in poll list: fd(8, generation: 1)
I1002 09:14:20.940061 3976936 ev_poll_posix.cc:587] FD from fork parent still in poll list: fd(8, generation: 1)
I1002 09:14:23.851915 3978168 ev_poll_posix.cc:587] FD from fork parent still in poll list: fd(8, generation: 1)
I1002 09:14:24.523442 3978479 ev_poll_posix.cc:587] FD from fork parent still in poll list: fd(8, generation: 1)
I1002 09:14:25.388109 3978849 ev_poll_posix.cc:587] FD from fork parent still in poll list: fd(8, generation: 1)
I1002 09:14:25.743037 3978989 ev_poll_posix.cc:587] FD from fork parent still in poll list: fd(8, generation: 1)
I1002 09:14:26.403637 3979310 ev_poll_posix.cc:587] FD from fork parent still in poll list: fd(8, generation: 1)
I1002 09:14:26.484163 3979348 ev_poll_posix.cc:587] FD from fork parent still in poll list: fd(8, generation: 1)
I1002 09:14:26.803492 3979491 ev_poll_posix.cc:587] FD from fork parent still in poll list: fd(8, generation: 1)
I1002 09:14:28.432619 3980261 ev_poll_posix.cc:587] FD from fork parent still in poll list: fd(8, generation: 1)
I1002 09:14:28.736525 3980402 ev_poll_posix.cc:587] FD from fork parent still in poll list: fd(8, generation: 1)
I1002 09:14:28.800740 3980440 ev_poll_posix.cc:587] FD from fork parent still in poll list: fd(8, generation: 1)
I1002 09:14:28.945657 3980510 ev_poll_posix.cc:587] FD from fork parent still in poll list: fd(8, generation: 1)
I1002 09:14:29.206069 3980633 ev_poll_posix.cc:587] FD from fork parent still in poll list: fd(8, generation: 1)
I1002 09:14:29.351540 3980702 ev_poll_posix.cc:587] FD from fork parent still in poll list: fd(8, generation: 1)
I1002 09:14:29.471656 3980740 ev_poll_posix.cc:587] FD from fork parent still in poll list: fd(8, generation: 1)
I1002 09:14:29.706393 3980844 ev_poll_posix.cc:587] FD from fork parent still in poll list: fd(8, generation: 1)
I1002 09:14:29.784372 3980892 ev_poll_posix.cc:587] FD from fork parent still in poll list: fd(8, generation: 1)
I1002 09:14:29.863703 3980931 ev_poll_posix.cc:587] FD from fork parent still in poll list: fd(8, generation: 1)
I1002 09:14:29.974721 3980971 ev_poll_posix.cc:587] FD from fork parent still in poll list: fd(8, generation: 1)
I1002 09:14:30.376666 3981171 ev_poll_posix.cc:587] FD from fork parent still in poll list: fd(8, generation: 1)
I1002 09:14:30.618194 3981285 ev_poll_posix.cc:587] FD from fork parent still in poll list: fd(8, generation: 1)
I1002 09:14:30.858810 3981395 ev_poll_posix.cc:587] FD from fork parent still in poll list: fd(8, generation: 1)
I1002 09:14:31.022285 3981477 ev_poll_posix.cc:587] FD from fork parent still in poll list: fd(8, generation: 1)
I1002 09:14:31.408173 3981682 ev_poll_posix.cc:587] FD from fork parent still in poll list: fd(8, generation: 1)
I1002 09:14:31.477903 3981718 ev_poll_posix.cc:587] FD from fork parent still in poll list: fd(8, generation: 1)
I1002 09:14:31.708741 3981824 ev_poll_posix.cc:587] FD from fork parent still in poll list: fd(8, generation: 1)
I1002 09:14:32.315532 3982109 ev_poll_posix.cc:587] FD from fork parent still in poll list: fd(8, generation: 1)
I1002 09:14:32.551815 3982238 ev_poll_posix.cc:587] FD from fork parent still in poll list: fd(8, generation: 1)
I1002 09:14:32.713065 3982308 ev_poll_posix.cc:587] FD from fork parent still in poll list: fd(8, generation: 1)
I1002 09:14:32.952265 3982414 ev_poll_posix.cc:587] FD from fork parent still in poll list: fd(8, generation: 1)
I1002 09:14:33.193051 3982521 ev_poll_posix.cc:587] FD from fork parent still in poll list: fd(8, generation: 1)
I1002 09:14:33.492837 3982679 ev_poll_posix.cc:587] FD from fork parent still in poll list: fd(8, generation: 1)
I1002 09:14:33.728155 3982912 ev_poll_posix.cc:587] FD from fork parent still in poll list: fd(8, generation: 1)
I1002 09:14:33.805030 3982953 ev_poll_posix.cc:587] FD from fork parent still in poll list: fd(8, generation: 1)
I1002 09:14:34.267032 3983181 ev_poll_posix.cc:587] FD from fork parent still in poll list: fd(8, generation: 1)
I1002 09:14:34.510883 3983291 ev_poll_posix.cc:587] FD from fork parent still in poll list: fd(8, generation: 1)
I1002 09:14:34.593590 3983343 ev_poll_posix.cc:587] FD from fork parent still in poll list: fd(8, generation: 1)
I1002 09:14:34.909391 3983480 ev_poll_posix.cc:587] FD from fork parent still in poll list: fd(8, generation: 1)
I1002 09:14:35.388762 3983696 ev_poll_posix.cc:587] FD from fork parent still in poll list: fd(8, generation: 1)
I1002 09:14:35.459493 3983732 ev_poll_posix.cc:587] FD from fork parent still in poll list: fd(8, generation: 1)
I1002 09:14:35.616076 3983805 ev_poll_posix.cc:587] FD from fork parent still in poll list: fd(8, generation: 1)
I1002 09:14:35.693440 3983842 ev_poll_posix.cc:587] FD from fork parent still in poll list: fd(8, generation: 1)
I1002 09:14:35.771675 3983878 ev_poll_posix.cc:587] FD from fork parent still in poll list: fd(8, generation: 1)
I1002 09:14:35.921452 3983948 ev_poll_posix.cc:587] FD from fork parent still in poll list: fd(8, generation: 1)
I1002 09:14:35.993514 3983986 ev_poll_posix.cc:587] FD from fork parent still in poll list: fd(8, generation: 1)
I1002 09:14:36.156273 3984055 ev_poll_posix.cc:587] FD from fork parent still in poll list: fd(8, generation: 1)
I1002 09:14:36.238702 3984089 ev_poll_posix.cc:587] FD from fork parent still in poll list: fd(8, generation: 1)
I1002 09:14:36.576760 3984237 ev_poll_posix.cc:587] FD from fork parent still in poll list: fd(8, generation: 1)
I1002 09:14:36.733439 3984331 ev_poll_posix.cc:587] FD from fork parent still in poll list: fd(8, generation: 1)
I1002 09:14:36.806485 3984367 ev_poll_posix.cc:587] FD from fork parent still in poll list: fd(8, generation: 1)
I1002 09:14:36.919416 3984401 ev_poll_posix.cc:587] FD from fork parent still in poll list: fd(8, generation: 1)
I1002 09:14:37.450673 3984621 ev_poll_posix.cc:587] FD from fork parent still in poll list: fd(8, generation: 1)
I1002 09:14:37.610983 3984693 ev_poll_posix.cc:587] FD from fork parent still in poll list: fd(8, generation: 1)
I1002 09:14:39.767284 3985634 ev_poll_posix.cc:587] FD from fork parent still in poll list: fd(8, generation: 1)
I1002 09:14:40.476582 3985951 ev_poll_posix.cc:587] FD from fork parent still in poll list: fd(8, generation: 1)
I1002 09:14:41.859431 3986585 ev_poll_posix.cc:587] FD from fork parent still in poll list: fd(8, generation: 1)
I1002 09:14:42.730613 3986981 ev_poll_posix.cc:587] FD from fork parent still in poll list: fd(8, generation: 1)
I1002 09:14:42.894152 3987051 ev_poll_posix.cc:587] FD from fork parent still in poll list: fd(8, generation: 1)
I1002 09:14:43.793490 3987466 ev_poll_posix.cc:587] FD from fork parent still in poll list: fd(8, generation: 1)
I1002 09:14:44.226173 3987648 ev_poll_posix.cc:587] FD from fork parent still in poll list: fd(8, generation: 1)
I1002 09:14:45.140295 3988070 ev_poll_posix.cc:587] FD from fork parent still in poll list: fd(8, generation: 1)
I1002 09:14:46.379595 3988626 ev_poll_posix.cc:587] FD from fork parent still in poll list: fd(8, generation: 1)
I1002 09:14:46.997674 3988874 ev_poll_posix.cc:587] FD from fork parent still in poll list: fd(8, generation: 1)
I1002 09:14:48.089363 3989357 ev_poll_posix.cc:587] FD from fork parent still in poll list: fd(8, generation: 1)
I1002 09:14:49.578024 3990015 ev_poll_posix.cc:587] FD from fork parent still in poll list: fd(8, generation: 1)
I1002 09:14:50.099429 3990244 ev_poll_posix.cc:587] FD from fork parent still in poll list: fd(8, generation: 1)
I1002 09:14:53.532107 3991815 ev_poll_posix.cc:587] FD from fork parent still in poll list: fd(8, generation: 1)
I1002 09:14:54.831611 3992369 ev_poll_posix.cc:587] FD from fork parent still in poll list: fd(8, generation: 1)
I1002 09:14:54.910168 3992404 ev_poll_posix.cc:587] FD from fork parent still in poll list: fd(8, generation: 1)
I1002 09:14:55.316709 3992581 ev_poll_posix.cc:587] FD from fork parent still in poll list: fd(8, generation: 1)
I1002 09:14:56.219806 3992991 ev_poll_posix.cc:587] FD from fork parent still in poll list: fd(8, generation: 1)
I1002 09:14:57.333364 3993454 ev_poll_posix.cc:587] FD from fork parent still in poll list: fd(8, generation: 1)
I1002 09:14:57.414256 3993489 ev_poll_posix.cc:587] FD from fork parent still in poll list: fd(8, generation: 1)
I1002 09:14:57.998320 3993761 ev_poll_posix.cc:587] FD from fork parent still in poll list: fd(8, generation: 1)
I1002 09:14:58.245180 3993868 ev_poll_posix.cc:587] FD from fork parent still in poll list: fd(8, generation: 1)
I1002 09:14:58.905903 3994160 ev_poll_posix.cc:587] FD from fork parent still in poll list: fd(8, generation: 1)
I1002 09:14:59.154393 3994268 ev_poll_posix.cc:587] FD from fork parent still in poll list: fd(8, generation: 1)
I1002 09:15:00.687845 3994939 ev_poll_posix.cc:587] FD from fork parent still in poll list: fd(8, generation: 1)
I1002 09:15:01.031002 3995085 ev_poll_posix.cc:587] FD from fork parent still in poll list: fd(8, generation: 1)
I1002 09:15:02.592994 3995758 ev_poll_posix.cc:587] FD from fork parent still in poll list: fd(8, generation: 1)
I1002 09:15:02.921741 3995895 ev_poll_posix.cc:587] FD from fork parent still in poll list: fd(8, generation: 1)
I1002 09:15:04.025177 3996378 ev_poll_posix.cc:587] FD from fork parent still in poll list: fd(8, generation: 1)
I1002 09:15:04.918915 3996765 ev_poll_posix.cc:587] FD from fork parent still in poll list: fd(8, generation: 1)
I1002 09:15:05.964609 3997227 ev_poll_posix.cc:587] FD from fork parent still in poll list: fd(8, generation: 1)
I1002 09:15:08.120614 3998137 ev_poll_posix.cc:587] FD from fork parent still in poll list: fd(8, generation: 1)
I1002 09:15:08.726005 3998403 ev_poll_posix.cc:587] FD from fork parent still in poll list: fd(8, generation: 1)
I1002 09:15:10.208604 3999016 ev_poll_posix.cc:587] FD from fork parent still in poll list: fd(8, generation: 1)
I1002 09:15:11.054456 3999480 ev_poll_posix.cc:587] FD from fork parent still in poll list: fd(8, generation: 1)
I1002 09:15:11.555477 3999734 ev_poll_posix.cc:587] FD from fork parent still in poll list: fd(8, generation: 1)
I1002 09:15:11.636127 3999778 ev_poll_posix.cc:587] FD from fork parent still in poll list: fd(8, generation: 1)
I1002 09:15:12.168693 4000003 ev_poll_posix.cc:587] FD from fork parent still in poll list: fd(8, generation: 1)
I1002 09:15:12.510762 4000159 ev_poll_posix.cc:587] FD from fork parent still in poll list: fd(8, generation: 1)
I1002 09:15:13.080918 4000447 ev_poll_posix.cc:587] FD from fork parent still in poll list: fd(8, generation: 1)
I1002 09:15:14.146781 4000949 ev_poll_posix.cc:587] FD from fork parent still in poll list: fd(8, generation: 1)
I1002 09:15:14.749708 4001195 ev_poll_posix.cc:587] FD from fork parent still in poll list: fd(8, generation: 1)
I1002 09:15:15.015822 4001321 ev_poll_posix.cc:587] FD from fork parent still in poll list: fd(8, generation: 1)
I1002 09:15:22.549680 3890543 fork_posix.cc:71] Other threads are currently calling into gRPC, skipping fork() handlers
I1002 09:15:22.668041 3890543 fork_posix.cc:71] Other threads are currently calling into gRPC, skipping fork() handlers
I1002 09:15:22.716737 4003122 ev_poll_posix.cc:587] FD from fork parent still in poll list: fd(8, generation: 1)
I1002 09:15:22.750832 3890543 fork_posix.cc:71] Other threads are currently calling into gRPC, skipping fork() handlers
I1002 09:15:22.790640 4003157 ev_poll_posix.cc:587] FD from fork parent still in poll list: fd(8, generation: 1)
I1002 09:15:22.825335 3890543 fork_posix.cc:71] Other threads are currently calling into gRPC, skipping fork() handlers
I1002 09:15:22.898950 3890543 fork_posix.cc:71] Other threads are currently calling into gRPC, skipping fork() handlers
I1002 09:15:22.940639 4003226 ev_poll_posix.cc:587] FD from fork parent still in poll list: fd(8, generation: 1)
I1002 09:15:22.968932 3890543 fork_posix.cc:71] Other threads are currently calling into gRPC, skipping fork() handlers
I1002 09:15:23.042981 3890543 fork_posix.cc:71] Other threads are currently calling into gRPC, skipping fork() handlers
I1002 09:15:23.117865 3890543 fork_posix.cc:71] Other threads are currently calling into gRPC, skipping fork() handlers
I1002 09:15:23.156813 4003323 ev_poll_posix.cc:587] FD from fork parent still in poll list: fd(8, generation: 1)
I1002 09:15:23.191859 3890543 fork_posix.cc:71] Other threads are currently calling into gRPC, skipping fork() handlers
I1002 09:15:23.262606 3890543 fork_posix.cc:71] Other threads are currently calling into gRPC, skipping fork() handlers
I1002 09:15:23.335859 3890543 fork_posix.cc:71] Other threads are currently calling into gRPC, skipping fork() handlers
I1002 09:15:23.409237 3890543 fork_posix.cc:71] Other threads are currently calling into gRPC, skipping fork() handlers
I1002 09:15:23.479646 3890543 fork_posix.cc:71] Other threads are currently calling into gRPC, skipping fork() handlers
I1002 09:15:23.549020 3890543 fork_posix.cc:71] Other threads are currently calling into gRPC, skipping fork() handlers
I1002 09:15:23.622836 3890543 fork_posix.cc:71] Other threads are currently calling into gRPC, skipping fork() handlers
I1002 09:15:23.695666 3890543 fork_posix.cc:71] Other threads are currently calling into gRPC, skipping fork() handlers
I1002 09:15:23.773041 3890543 fork_posix.cc:71] Other threads are currently calling into gRPC, skipping fork() handlers
I1002 09:15:23.846712 3890543 fork_posix.cc:71] Other threads are currently calling into gRPC, skipping fork() handlers
I1002 09:15:23.921930 3890543 fork_posix.cc:71] Other threads are currently calling into gRPC, skipping fork() handlers
I1002 09:15:23.992424 3890543 fork_posix.cc:71] Other threads are currently calling into gRPC, skipping fork() handlers
I1002 09:15:24.066988 3890543 fork_posix.cc:71] Other threads are currently calling into gRPC, skipping fork() handlers
I1002 09:15:24.141128 3890543 fork_posix.cc:71] Other threads are currently calling into gRPC, skipping fork() handlers
I1002 09:15:24.242264 3890543 fork_posix.cc:71] Other threads are currently calling into gRPC, skipping fork() handlers
I1002 09:15:24.316848 3890543 fork_posix.cc:71] Other threads are currently calling into gRPC, skipping fork() handlers
I1002 09:15:24.387098 3890543 fork_posix.cc:71] Other threads are currently calling into gRPC, skipping fork() handlers
I1002 09:15:24.426010 4003925 ev_poll_posix.cc:587] FD from fork parent still in poll list: fd(8, generation: 1)
I1002 09:15:24.460220 3890543 fork_posix.cc:71] Other threads are currently calling into gRPC, skipping fork() handlers
I1002 09:15:24.525212 3890543 fork_posix.cc:71] Other threads are currently calling into gRPC, skipping fork() handlers
I1002 09:15:24.592345 3890543 fork_posix.cc:71] Other threads are currently calling into gRPC, skipping fork() handlers
I1002 09:15:24.662464 3890543 fork_posix.cc:71] Other threads are currently calling into gRPC, skipping fork() handlers
I1002 09:15:24.702092 4004056 ev_poll_posix.cc:587] FD from fork parent still in poll list: fd(8, generation: 1)
I1002 09:15:26.704785 4005035 ev_poll_posix.cc:587] FD from fork parent still in poll list: fd(8, generation: 1)
/Users/alexy/src/sail-pecan-integrated/.venv/lib/python3.12/site-packages/pyspark/sql/connect/expressions.py:1091: UserWarning: WARN WindowExpression: No Partition Defined for Window operation! Moving all data to a single partition, this can cause serious performance degradation.
  warnings.warn(
I1002 09:15:28.890522 3890543 fork_posix.cc:71] Other threads are currently calling into gRPC, skipping fork() handlers
I1002 09:15:28.986886 3890543 fork_posix.cc:71] Other threads are currently calling into gRPC, skipping fork() handlers
I1002 09:15:29.061732 3890543 fork_posix.cc:71] Other threads are currently calling into gRPC, skipping fork() handlers
I1002 09:15:29.170494 3890543 fork_posix.cc:71] Other threads are currently calling into gRPC, skipping fork() handlers
I1002 09:15:29.267435 3890543 fork_posix.cc:71] Other threads are currently calling into gRPC, skipping fork() handlers
I1002 09:15:29.338236 3890543 fork_posix.cc:71] Other threads are currently calling into gRPC, skipping fork() handlers
I1002 09:15:29.413931 3890543 fork_posix.cc:71] Other threads are currently calling into gRPC, skipping fork() handlers
I1002 09:15:29.488452 3890543 fork_posix.cc:71] Other threads are currently calling into gRPC, skipping fork() handlers
I1002 09:15:29.528009 4006382 ev_poll_posix.cc:587] FD from fork parent still in poll list: fd(8, generation: 1)
I1002 09:15:29.587425 3890543 fork_posix.cc:71] Other threads are currently calling into gRPC, skipping fork() handlers
I1002 09:15:29.690400 3890543 fork_posix.cc:71] Other threads are currently calling into gRPC, skipping fork() handlers
I1002 09:15:29.764787 3890543 fork_posix.cc:71] Other threads are currently calling into gRPC, skipping fork() handlers
I1002 09:15:29.867753 3890543 fork_posix.cc:71] Other threads are currently calling into gRPC, skipping fork() handlers
I1002 09:15:29.908970 4006540 ev_poll_posix.cc:587] FD from fork parent still in poll list: fd(8, generation: 1)
I1002 09:15:29.967960 3890543 fork_posix.cc:71] Other threads are currently calling into gRPC, skipping fork() handlers
I1002 09:15:30.039724 3890543 fork_posix.cc:71] Other threads are currently calling into gRPC, skipping fork() handlers
I1002 09:15:30.117368 3890543 fork_posix.cc:71] Other threads are currently calling into gRPC, skipping fork() handlers
I1002 09:15:30.191493 3890543 fork_posix.cc:71] Other threads are currently calling into gRPC, skipping fork() handlers
I1002 09:15:30.266088 3890543 fork_posix.cc:71] Other threads are currently calling into gRPC, skipping fork() handlers
I1002 09:15:30.306204 4006711 ev_poll_posix.cc:587] FD from fork parent still in poll list: fd(8, generation: 1)
I1002 09:15:30.339729 3890543 fork_posix.cc:71] Other threads are currently calling into gRPC, skipping fork() handlers
I1002 09:15:30.447298 3890543 fork_posix.cc:71] Other threads are currently calling into gRPC, skipping fork() handlers
I1002 09:15:30.517384 3890543 fork_posix.cc:71] Other threads are currently calling into gRPC, skipping fork() handlers
I1002 09:15:30.593096 3890543 fork_posix.cc:71] Other threads are currently calling into gRPC, skipping fork() handlers
I1002 09:15:30.668588 3890543 fork_posix.cc:71] Other threads are currently calling into gRPC, skipping fork() handlers
I1002 09:15:30.738082 3890543 fork_posix.cc:71] Other threads are currently calling into gRPC, skipping fork() handlers
I1002 09:15:30.808935 3890543 fork_posix.cc:71] Other threads are currently calling into gRPC, skipping fork() handlers
I1002 09:15:30.882892 3890543 fork_posix.cc:71] Other threads are currently calling into gRPC, skipping fork() handlers
I1002 09:15:30.952439 3890543 fork_posix.cc:71] Other threads are currently calling into gRPC, skipping fork() handlers
I1002 09:15:31.020764 3890543 fork_posix.cc:71] Other threads are currently calling into gRPC, skipping fork() handlers
I1002 09:15:31.060543 4007062 ev_poll_posix.cc:587] FD from fork parent still in poll list: fd(8, generation: 1)
I1002 09:15:31.095484 3890543 fork_posix.cc:71] Other threads are currently calling into gRPC, skipping fork() handlers
I1002 09:15:31.169594 3890543 fork_posix.cc:71] Other threads are currently calling into gRPC, skipping fork() handlers
I1002 09:15:31.239729 3890543 fork_posix.cc:71] Other threads are currently calling into gRPC, skipping fork() handlers
I1002 09:15:31.319102 3890543 fork_posix.cc:71] Other threads are currently calling into gRPC, skipping fork() handlers
I1002 09:15:31.386645 3890543 fork_posix.cc:71] Other threads are currently calling into gRPC, skipping fork() handlers
I1002 09:15:31.495166 3890543 fork_posix.cc:71] Other threads are currently calling into gRPC, skipping fork() handlers
I1002 09:15:31.570771 3890543 fork_posix.cc:71] Other threads are currently calling into gRPC, skipping fork() handlers
I1002 09:15:31.645145 3890543 fork_posix.cc:71] Other threads are currently calling into gRPC, skipping fork() handlers
I1002 09:15:31.719570 3890543 fork_posix.cc:71] Other threads are currently calling into gRPC, skipping fork() handlers
I1002 09:15:31.795472 3890543 fork_posix.cc:71] Other threads are currently calling into gRPC, skipping fork() handlers
I1002 09:15:31.835497 4007437 ev_poll_posix.cc:587] FD from fork parent still in poll list: fd(8, generation: 1)
I1002 09:15:31.867521 3890543 fork_posix.cc:71] Other threads are currently calling into gRPC, skipping fork() handlers
I1002 09:15:31.935007 3890543 fork_posix.cc:71] Other threads are currently calling into gRPC, skipping fork() handlers
I1002 09:15:33.090651 4008194 ev_poll_posix.cc:587] FD from fork parent still in poll list: fd(8, generation: 1)
I1002 09:15:33.161583 4008232 ev_poll_posix.cc:587] FD from fork parent still in poll list: fd(8, generation: 1)
I1002 09:15:33.468549 4008374 ev_poll_posix.cc:587] FD from fork parent still in poll list: fd(8, generation: 1)
I1002 09:15:33.543304 4008410 ev_poll_posix.cc:587] FD from fork parent still in poll list: fd(8, generation: 1)
I1002 09:15:34.406849 4008784 ev_poll_posix.cc:587] FD from fork parent still in poll list: fd(8, generation: 1)
I1002 09:15:34.635545 4008898 ev_poll_posix.cc:587] FD from fork parent still in poll list: fd(8, generation: 1)
I1002 09:15:36.822790 4009940 ev_poll_posix.cc:587] FD from fork parent still in poll list: fd(8, generation: 1)
I1002 09:15:36.894038 4009976 ev_poll_posix.cc:587] FD from fork parent still in poll list: fd(8, generation: 1)
I1002 09:15:37.208741 4010118 ev_poll_posix.cc:587] FD from fork parent still in poll list: fd(8, generation: 1)
I1002 09:15:37.281981 4010154 ev_poll_posix.cc:587] FD from fork parent still in poll list: fd(8, generation: 1)
I1002 09:15:37.772560 4010368 ev_poll_posix.cc:587] FD from fork parent still in poll list: fd(8, generation: 1)
I1002 09:15:38.348921 4010721 ev_poll_posix.cc:587] FD from fork parent still in poll list: fd(8, generation: 1)
I1002 09:15:38.385894 3890543 fork_posix.cc:71] Other threads are currently calling into gRPC, skipping fork() handlers
I1002 09:15:38.461903 3890543 fork_posix.cc:71] Other threads are currently calling into gRPC, skipping fork() handlers
I1002 09:15:38.546050 3890543 fork_posix.cc:71] Other threads are currently calling into gRPC, skipping fork() handlers
I1002 09:15:38.622245 3890543 fork_posix.cc:71] Other threads are currently calling into gRPC, skipping fork() handlers
I1002 09:15:38.697814 3890543 fork_posix.cc:71] Other threads are currently calling into gRPC, skipping fork() handlers
I1002 09:15:38.810587 3890543 fork_posix.cc:71] Other threads are currently calling into gRPC, skipping fork() handlers
I1002 09:15:38.888404 3890543 fork_posix.cc:71] Other threads are currently calling into gRPC, skipping fork() handlers
I1002 09:15:38.959680 3890543 fork_posix.cc:71] Other threads are currently calling into gRPC, skipping fork() handlers
I1002 09:15:39.041715 3890543 fork_posix.cc:71] Other threads are currently calling into gRPC, skipping fork() handlers
I1002 09:15:39.137135 3890543 fork_posix.cc:71] Other threads are currently calling into gRPC, skipping fork() handlers
I1002 09:15:39.229295 3890543 fork_posix.cc:71] Other threads are currently calling into gRPC, skipping fork() handlers
I1002 09:15:39.309932 3890543 fork_posix.cc:71] Other threads are currently calling into gRPC, skipping fork() handlers
I1002 09:15:39.388769 3890543 fork_posix.cc:71] Other threads are currently calling into gRPC, skipping fork() handlers
I1002 09:15:39.470143 3890543 fork_posix.cc:71] Other threads are currently calling into gRPC, skipping fork() handlers
I1002 09:15:39.558226 3890543 fork_posix.cc:71] Other threads are currently calling into gRPC, skipping fork() handlers
I1002 09:15:39.624097 3890543 fork_posix.cc:71] Other threads are currently calling into gRPC, skipping fork() handlers
I1002 09:15:39.663222 4011290 ev_poll_posix.cc:587] FD from fork parent still in poll list: fd(8, generation: 1)
I1002 09:15:40.462089 4011645 ev_poll_posix.cc:587] FD from fork parent still in poll list: fd(8, generation: 1)
I1002 09:15:40.964343 4011898 ev_poll_posix.cc:587] FD from fork parent still in poll list: fd(8, generation: 1)
I1002 09:15:41.044156 4011937 ev_poll_posix.cc:587] FD from fork parent still in poll list: fd(8, generation: 1)
I1002 09:15:42.091142 4012438 ev_poll_posix.cc:587] FD from fork parent still in poll list: fd(8, generation: 1)
I1002 09:15:42.241168 4012509 ev_poll_posix.cc:587] FD from fork parent still in poll list: fd(8, generation: 1)
I1002 09:15:43.562110 4013133 ev_poll_posix.cc:587] FD from fork parent still in poll list: fd(8, generation: 1)
I1002 09:15:44.111908 4013383 ev_poll_posix.cc:587] FD from fork parent still in poll list: fd(8, generation: 1)
I1002 09:15:44.561369 4013600 ev_poll_posix.cc:587] FD from fork parent still in poll list: fd(8, generation: 1)
I1002 09:15:44.708038 4013670 ev_poll_posix.cc:587] FD from fork parent still in poll list: fd(8, generation: 1)
I1002 09:15:44.858632 4013759 ev_poll_posix.cc:587] FD from fork parent still in poll list: fd(8, generation: 1)
I1002 09:15:46.273809 4014396 ev_poll_posix.cc:587] FD from fork parent still in poll list: fd(8, generation: 1)
I1002 09:15:46.526246 4014510 ev_poll_posix.cc:587] FD from fork parent still in poll list: fd(8, generation: 1)
I1002 09:15:46.681209 4014689 ev_poll_posix.cc:587] FD from fork parent still in poll list: fd(8, generation: 1)
I1002 09:15:47.020916 4014914 ev_poll_posix.cc:587] FD from fork parent still in poll list: fd(8, generation: 1)
I1002 09:15:47.560949 4015178 ev_poll_posix.cc:587] FD from fork parent still in poll list: fd(8, generation: 1)
I1002 09:15:47.597582 4015207 ev_poll_posix.cc:587] FD from fork parent still in poll list: fd(8, generation: 1)
I1002 09:15:47.693693 4015279 ev_poll_posix.cc:587] FD from fork parent still in poll list: fd(8, generation: 1)
I1002 09:15:47.924435 4015454 ev_poll_posix.cc:587] FD from fork parent still in poll list: fd(8, generation: 1)
I1002 09:15:47.996606 4015525 ev_poll_posix.cc:587] FD from fork parent still in poll list: fd(8, generation: 1)
I1002 09:15:48.125611 4015593 ev_poll_posix.cc:587] FD from fork parent still in poll list: fd(8, generation: 1)
I1002 09:15:48.240189 4015721 ev_poll_posix.cc:587] FD from fork parent still in poll list: fd(8, generation: 1)
I1002 09:15:48.333430 4015843 ev_poll_posix.cc:587] FD from fork parent still in poll list: fd(8, generation: 1)
I1002 09:15:48.396363 4015914 ev_poll_posix.cc:587] FD from fork parent still in poll list: fd(8, generation: 1)
I1002 09:15:48.536274 4016058 ev_poll_posix.cc:587] FD from fork parent still in poll list: fd(8, generation: 1)
I1002 09:15:48.571942 4016133 ev_poll_posix.cc:587] FD from fork parent still in poll list: fd(8, generation: 1)
I1002 09:15:48.620473 3890543 fork_posix.cc:71] Other threads are currently calling into gRPC, skipping fork() handlers
I1002 09:15:48.672883 3890543 fork_posix.cc:71] Other threads are currently calling into gRPC, skipping fork() handlers
I1002 09:15:48.706018 3890543 fork_posix.cc:71] Other threads are currently calling into gRPC, skipping fork() handlers
I1002 09:15:48.755988 3890543 fork_posix.cc:71] Other threads are currently calling into gRPC, skipping fork() handlers
I1002 09:15:48.806658 3890543 fork_posix.cc:71] Other threads are currently calling into gRPC, skipping fork() handlers
I1002 09:15:48.862899 3890543 fork_posix.cc:71] Other threads are currently calling into gRPC, skipping fork() handlers
I1002 09:15:48.910673 3890543 fork_posix.cc:71] Other threads are currently calling into gRPC, skipping fork() handlers
I1002 09:15:48.968559 3890543 fork_posix.cc:71] Other threads are currently calling into gRPC, skipping fork() handlers
I1002 09:15:49.023397 3890543 fork_posix.cc:71] Other threads are currently calling into gRPC, skipping fork() handlers
I1002 09:15:49.072990 3890543 fork_posix.cc:71] Other threads are currently calling into gRPC, skipping fork() handlers
I1002 09:15:49.124580 3890543 fork_posix.cc:71] Other threads are currently calling into gRPC, skipping fork() handlers
I1002 09:15:49.128425 4016526 ev_poll_posix.cc:587] FD from fork parent still in poll list: fd(8, generation: 1)
I1002 09:15:49.173621 3890543 fork_posix.cc:71] Other threads are currently calling into gRPC, skipping fork() handlers
I1002 09:15:49.216068 3890543 fork_posix.cc:71] Other threads are currently calling into gRPC, skipping fork() handlers
I1002 09:15:49.271130 3890543 fork_posix.cc:71] Other threads are currently calling into gRPC, skipping fork() handlers
I1002 09:15:49.303578 3890543 fork_posix.cc:71] Other threads are currently calling into gRPC, skipping fork() handlers
I1002 09:15:49.342105 3890543 fork_posix.cc:71] Other threads are currently calling into gRPC, skipping fork() handlers
I1002 09:15:49.464985 4016862 ev_poll_posix.cc:587] FD from fork parent still in poll list: fd(8, generation: 1)
I1002 09:15:49.508193 4016907 ev_poll_posix.cc:587] FD from fork parent still in poll list: fd(8, generation: 1)
I1002 09:15:49.586258 4016980 ev_poll_posix.cc:587] FD from fork parent still in poll list: fd(8, generation: 1)
I1002 09:15:49.677887 4017051 ev_poll_posix.cc:587] FD from fork parent still in poll list: fd(8, generation: 1)
I1002 09:15:49.939961 4017243 ev_poll_posix.cc:587] FD from fork parent still in poll list: fd(8, generation: 1)
I1002 09:15:50.101757 4017372 ev_poll_posix.cc:587] FD from fork parent still in poll list: fd(8, generation: 1)
I1002 09:15:50.220639 4017492 ev_poll_posix.cc:587] FD from fork parent still in poll list: fd(8, generation: 1)
I1002 09:15:50.257859 4017526 ev_poll_posix.cc:587] FD from fork parent still in poll list: fd(8, generation: 1)
I1002 09:15:50.339273 4017602 ev_poll_posix.cc:587] FD from fork parent still in poll list: fd(8, generation: 1)
I1002 09:15:50.380349 4017636 ev_poll_posix.cc:587] FD from fork parent still in poll list: fd(8, generation: 1)
I1002 09:15:50.416310 4017672 ev_poll_posix.cc:587] FD from fork parent still in poll list: fd(8, generation: 1)
I1002 09:15:50.457069 4017705 ev_poll_posix.cc:587] FD from fork parent still in poll list: fd(8, generation: 1)
I1002 09:15:50.496094 4017746 ev_poll_posix.cc:587] FD from fork parent still in poll list: fd(8, generation: 1)
I1002 09:15:50.768625 4018192 ev_poll_posix.cc:587] FD from fork parent still in poll list: fd(8, generation: 1)
I1002 09:15:50.871390 4018303 ev_poll_posix.cc:587] FD from fork parent still in poll list: fd(8, generation: 1)
I1002 09:15:51.043070 4018466 ev_poll_posix.cc:587] FD from fork parent still in poll list: fd(8, generation: 1)
I1002 09:15:51.158760 4018680 ev_poll_posix.cc:587] FD from fork parent still in poll list: fd(8, generation: 1)
I1002 09:15:52.114038 4020269 ev_poll_posix.cc:587] FD from fork parent still in poll list: fd(8, generation: 1)
I1002 09:15:52.924596 4020954 ev_poll_posix.cc:587] FD from fork parent still in poll list: fd(8, generation: 1)
I1002 09:15:52.986314 4020992 ev_poll_posix.cc:587] FD from fork parent still in poll list: fd(8, generation: 1)
I1002 09:15:53.574087 4021331 ev_poll_posix.cc:587] FD from fork parent still in poll list: fd(8, generation: 1)
I1002 09:15:53.626664 4021370 ev_poll_posix.cc:587] FD from fork parent still in poll list: fd(8, generation: 1)
I1002 09:15:54.294615 4021764 ev_poll_posix.cc:587] FD from fork parent still in poll list: fd(8, generation: 1)
I1002 09:15:58.017055 3890543 fork_posix.cc:71] Other threads are currently calling into gRPC, skipping fork() handlers
I1002 09:15:58.373242 3890543 fork_posix.cc:71] Other threads are currently calling into gRPC, skipping fork() handlers
I1002 09:15:58.496962 3890543 fork_posix.cc:71] Other threads are currently calling into gRPC, skipping fork() handlers
I1002 09:15:58.559864 3890543 fork_posix.cc:71] Other threads are currently calling into gRPC, skipping fork() handlers
I1002 09:15:58.647279 3890543 fork_posix.cc:71] Other threads are currently calling into gRPC, skipping fork() handlers
I1002 09:15:58.746019 3890543 fork_posix.cc:71] Other threads are currently calling into gRPC, skipping fork() handlers
I1002 09:15:58.810814 3890543 fork_posix.cc:71] Other threads are currently calling into gRPC, skipping fork() handlers
I1002 09:15:58.888942 3890543 fork_posix.cc:71] Other threads are currently calling into gRPC, skipping fork() handlers
I1002 09:15:58.984988 3890543 fork_posix.cc:71] Other threads are currently calling into gRPC, skipping fork() handlers
I1002 09:15:59.073414 3890543 fork_posix.cc:71] Other threads are currently calling into gRPC, skipping fork() handlers
I1002 09:15:59.160878 3890543 fork_posix.cc:71] Other threads are currently calling into gRPC, skipping fork() handlers
I1002 09:15:59.211393 3890543 fork_posix.cc:71] Other threads are currently calling into gRPC, skipping fork() handlers
I1002 09:15:59.294545 3890543 fork_posix.cc:71] Other threads are currently calling into gRPC, skipping fork() handlers
I1002 09:15:59.354431 3890543 fork_posix.cc:71] Other threads are currently calling into gRPC, skipping fork() handlers
I1002 09:15:59.448526 3890543 fork_posix.cc:71] Other threads are currently calling into gRPC, skipping fork() handlers
I1002 09:15:59.529103 3890543 fork_posix.cc:71] Other threads are currently calling into gRPC, skipping fork() handlers
I1002 09:15:59.598627 3890543 fork_posix.cc:71] Other threads are currently calling into gRPC, skipping fork() handlers
I1002 09:15:59.669960 3890543 fork_posix.cc:71] Other threads are currently calling into gRPC, skipping fork() handlers
I1002 09:15:59.773110 3890543 fork_posix.cc:71] Other threads are currently calling into gRPC, skipping fork() handlers
I1002 09:15:59.809952 4024732 ev_poll_posix.cc:587] FD from fork parent still in poll list: fd(8, generation: 1)
I1002 09:15:59.865391 3890543 fork_posix.cc:71] Other threads are currently calling into gRPC, skipping fork() handlers
I1002 09:15:59.928121 3890543 fork_posix.cc:71] Other threads are currently calling into gRPC, skipping fork() handlers
I1002 09:15:59.991816 3890543 fork_posix.cc:71] Other threads are currently calling into gRPC, skipping fork() handlers
I1002 09:16:00.050522 3890543 fork_posix.cc:71] Other threads are currently calling into gRPC, skipping fork() handlers
I1002 09:16:00.112239 3890543 fork_posix.cc:71] Other threads are currently calling into gRPC, skipping fork() handlers
I1002 09:16:00.172478 3890543 fork_posix.cc:71] Other threads are currently calling into gRPC, skipping fork() handlers
I1002 09:16:00.198239 4024940 ev_poll_posix.cc:587] FD from fork parent still in poll list: fd(8, generation: 1)
I1002 09:16:00.271955 3890543 fork_posix.cc:71] Other threads are currently calling into gRPC, skipping fork() handlers
I1002 09:16:00.372241 3890543 fork_posix.cc:71] Other threads are currently calling into gRPC, skipping fork() handlers
I1002 09:16:00.438599 3890543 fork_posix.cc:71] Other threads are currently calling into gRPC, skipping fork() handlers
I1002 09:16:00.551859 3890543 fork_posix.cc:71] Other threads are currently calling into gRPC, skipping fork() handlers
I1002 09:16:00.654556 3890543 fork_posix.cc:71] Other threads are currently calling into gRPC, skipping fork() handlers
I1002 09:16:00.729992 3890543 fork_posix.cc:71] Other threads are currently calling into gRPC, skipping fork() handlers
I1002 09:16:00.799939 3890543 fork_posix.cc:71] Other threads are currently calling into gRPC, skipping fork() handlers
I1002 09:16:00.867394 3890543 fork_posix.cc:71] Other threads are currently calling into gRPC, skipping fork() handlers
I1002 09:16:00.946184 3890543 fork_posix.cc:71] Other threads are currently calling into gRPC, skipping fork() handlers
I1002 09:16:01.063767 3890543 fork_posix.cc:71] Other threads are currently calling into gRPC, skipping fork() handlers
I1002 09:16:01.161798 3890543 fork_posix.cc:71] Other threads are currently calling into gRPC, skipping fork() handlers
I1002 09:16:01.223004 3890543 fork_posix.cc:71] Other threads are currently calling into gRPC, skipping fork() handlers
I1002 09:16:01.296142 3890543 fork_posix.cc:71] Other threads are currently calling into gRPC, skipping fork() handlers
I1002 09:16:01.367302 3890543 fork_posix.cc:71] Other threads are currently calling into gRPC, skipping fork() handlers
I1002 09:16:01.464826 3890543 fork_posix.cc:71] Other threads are currently calling into gRPC, skipping fork() handlers
I1002 09:16:01.543143 3890543 fork_posix.cc:71] Other threads are currently calling into gRPC, skipping fork() handlers
I1002 09:16:01.621517 3890543 fork_posix.cc:71] Other threads are currently calling into gRPC, skipping fork() handlers
I1002 09:16:01.708816 3890543 fork_posix.cc:71] Other threads are currently calling into gRPC, skipping fork() handlers
I1002 09:16:01.858739 3890543 fork_posix.cc:71] Other threads are currently calling into gRPC, skipping fork() handlers
I1002 09:16:01.922506 3890543 fork_posix.cc:71] Other threads are currently calling into gRPC, skipping fork() handlers
I1002 09:16:01.997625 3890543 fork_posix.cc:71] Other threads are currently calling into gRPC, skipping fork() handlers
I1002 09:16:02.083706 3890543 fork_posix.cc:71] Other threads are currently calling into gRPC, skipping fork() handlers
I1002 09:16:02.150652 3890543 fork_posix.cc:71] Other threads are currently calling into gRPC, skipping fork() handlers
I1002 09:16:02.236562 3890543 fork_posix.cc:71] Other threads are currently calling into gRPC, skipping fork() handlers
I1002 09:16:02.327088 3890543 fork_posix.cc:71] Other threads are currently calling into gRPC, skipping fork() handlers
I1002 09:16:02.424261 3890543 fork_posix.cc:71] Other threads are currently calling into gRPC, skipping fork() handlers
I1002 09:16:02.550808 3890543 fork_posix.cc:71] Other threads are currently calling into gRPC, skipping fork() handlers
I1002 09:16:02.641759 3890543 fork_posix.cc:71] Other threads are currently calling into gRPC, skipping fork() handlers
I1002 09:16:02.730728 3890543 fork_posix.cc:71] Other threads are currently calling into gRPC, skipping fork() handlers
I1002 09:16:02.872978 3890543 fork_posix.cc:71] Other threads are currently calling into gRPC, skipping fork() handlers
I1002 09:16:02.979158 3890543 fork_posix.cc:71] Other threads are currently calling into gRPC, skipping fork() handlers
I1002 09:16:03.060260 3890543 fork_posix.cc:71] Other threads are currently calling into gRPC, skipping fork() handlers
I1002 09:16:03.142660 3890543 fork_posix.cc:71] Other threads are currently calling into gRPC, skipping fork() handlers
I1002 09:16:03.231827 3890543 fork_posix.cc:71] Other threads are currently calling into gRPC, skipping fork() handlers
I1002 09:16:03.309862 3890543 fork_posix.cc:71] Other threads are currently calling into gRPC, skipping fork() handlers
I1002 09:16:03.385246 3890543 fork_posix.cc:71] Other threads are currently calling into gRPC, skipping fork() handlers
I1002 09:16:03.450803 3890543 fork_posix.cc:71] Other threads are currently calling into gRPC, skipping fork() handlers
I1002 09:16:03.526939 3890543 fork_posix.cc:71] Other threads are currently calling into gRPC, skipping fork() handlers
I1002 09:16:03.598684 3890543 fork_posix.cc:71] Other threads are currently calling into gRPC, skipping fork() handlers
I1002 09:16:03.663939 3890543 fork_posix.cc:71] Other threads are currently calling into gRPC, skipping fork() handlers
I1002 09:16:03.731217 3890543 fork_posix.cc:71] Other threads are currently calling into gRPC, skipping fork() handlers
I1002 09:16:03.796408 3890543 fork_posix.cc:71] Other threads are currently calling into gRPC, skipping fork() handlers
I1002 09:16:03.861134 3890543 fork_posix.cc:71] Other threads are currently calling into gRPC, skipping fork() handlers
I1002 09:16:04.041602 3890543 fork_posix.cc:71] Other threads are currently calling into gRPC, skipping fork() handlers
I1002 09:16:04.103105 3890543 fork_posix.cc:71] Other threads are currently calling into gRPC, skipping fork() handlers
I1002 09:16:04.161280 3890543 fork_posix.cc:71] Other threads are currently calling into gRPC, skipping fork() handlers
I1002 09:16:04.214088 3890543 fork_posix.cc:71] Other threads are currently calling into gRPC, skipping fork() handlers
I1002 09:16:04.241226 4026655 ev_poll_posix.cc:587] FD from fork parent still in poll list: fd(8, generation: 1)
I1002 09:16:04.275841 3890543 fork_posix.cc:71] Other threads are currently calling into gRPC, skipping fork() handlers
I1002 09:16:04.336365 3890543 fork_posix.cc:71] Other threads are currently calling into gRPC, skipping fork() handlers
I1002 09:16:06.486927 4027925 ev_poll_posix.cc:587] FD from fork parent still in poll list: fd(8, generation: 1)
I1002 09:16:06.640940 4027993 ev_poll_posix.cc:587] FD from fork parent still in poll list: fd(8, generation: 1)
I1002 09:16:07.267072 4028349 ev_poll_posix.cc:587] FD from fork parent still in poll list: fd(8, generation: 1)
I1002 09:16:08.171812 4028879 ev_poll_posix.cc:587] FD from fork parent still in poll list: fd(8, generation: 1)
I1002 09:16:08.596364 4029176 ev_poll_posix.cc:587] FD from fork parent still in poll list: fd(8, generation: 1)
I1002 09:16:09.354387 4029600 ev_poll_posix.cc:587] FD from fork parent still in poll list: fd(8, generation: 1)
I1002 09:16:11.963176 4031189 ev_poll_posix.cc:587] FD from fork parent still in poll list: fd(8, generation: 1)
I1002 09:16:12.549922 4031528 ev_poll_posix.cc:587] FD from fork parent still in poll list: fd(8, generation: 1)
I1002 09:16:12.634870 3890543 fork_posix.cc:71] Other threads are currently calling into gRPC, skipping fork() handlers
I1002 09:16:12.716124 3890543 fork_posix.cc:71] Other threads are currently calling into gRPC, skipping fork() handlers
I1002 09:16:12.779000 3890543 fork_posix.cc:71] Other threads are currently calling into gRPC, skipping fork() handlers
I1002 09:16:12.847628 3890543 fork_posix.cc:71] Other threads are currently calling into gRPC, skipping fork() handlers
I1002 09:16:12.902415 3890543 fork_posix.cc:71] Other threads are currently calling into gRPC, skipping fork() handlers
I1002 09:16:12.960598 3890543 fork_posix.cc:71] Other threads are currently calling into gRPC, skipping fork() handlers
I1002 09:16:13.017181 3890543 fork_posix.cc:71] Other threads are currently calling into gRPC, skipping fork() handlers
I1002 09:16:13.077734 3890543 fork_posix.cc:71] Other threads are currently calling into gRPC, skipping fork() handlers
I1002 09:16:13.104392 4031835 ev_poll_posix.cc:587] FD from fork parent still in poll list: fd(8, generation: 1)
I1002 09:16:13.138851 3890543 fork_posix.cc:71] Other threads are currently calling into gRPC, skipping fork() handlers
I1002 09:16:13.203254 3890543 fork_posix.cc:71] Other threads are currently calling into gRPC, skipping fork() handlers
I1002 09:16:13.295880 3890543 fork_posix.cc:71] Other threads are currently calling into gRPC, skipping fork() handlers
I1002 09:16:13.350406 3890543 fork_posix.cc:71] Other threads are currently calling into gRPC, skipping fork() handlers
I1002 09:16:13.409760 3890543 fork_posix.cc:71] Other threads are currently calling into gRPC, skipping fork() handlers
I1002 09:16:13.470749 3890543 fork_posix.cc:71] Other threads are currently calling into gRPC, skipping fork() handlers
I1002 09:16:13.532909 3890543 fork_posix.cc:71] Other threads are currently calling into gRPC, skipping fork() handlers
I1002 09:16:13.627335 3890543 fork_posix.cc:71] Other threads are currently calling into gRPC, skipping fork() handlers
I1002 09:16:13.686943 3890543 fork_posix.cc:71] Other threads are currently calling into gRPC, skipping fork() handlers
I1002 09:16:13.742958 3890543 fork_posix.cc:71] Other threads are currently calling into gRPC, skipping fork() handlers
I1002 09:16:13.802683 3890543 fork_posix.cc:71] Other threads are currently calling into gRPC, skipping fork() handlers
I1002 09:16:13.866899 3890543 fork_posix.cc:71] Other threads are currently calling into gRPC, skipping fork() handlers
I1002 09:16:13.926479 3890543 fork_posix.cc:71] Other threads are currently calling into gRPC, skipping fork() handlers
I1002 09:16:13.987101 3890543 fork_posix.cc:71] Other threads are currently calling into gRPC, skipping fork() handlers
I1002 09:16:14.047132 3890543 fork_posix.cc:71] Other threads are currently calling into gRPC, skipping fork() handlers
I1002 09:16:14.142923 3890543 fork_posix.cc:71] Other threads are currently calling into gRPC, skipping fork() handlers
I1002 09:16:14.197424 3890543 fork_posix.cc:71] Other threads are currently calling into gRPC, skipping fork() handlers
I1002 09:16:14.255983 3890543 fork_posix.cc:71] Other threads are currently calling into gRPC, skipping fork() handlers
I1002 09:16:14.281978 4032435 ev_poll_posix.cc:587] FD from fork parent still in poll list: fd(8, generation: 1)
I1002 09:16:14.312670 3890543 fork_posix.cc:71] Other threads are currently calling into gRPC, skipping fork() handlers
I1002 09:16:14.373553 3890543 fork_posix.cc:71] Other threads are currently calling into gRPC, skipping fork() handlers
I1002 09:16:14.434507 3890543 fork_posix.cc:71] Other threads are currently calling into gRPC, skipping fork() handlers
I1002 09:16:14.495433 3890543 fork_posix.cc:71] Other threads are currently calling into gRPC, skipping fork() handlers
I1002 09:16:14.555751 3890543 fork_posix.cc:71] Other threads are currently calling into gRPC, skipping fork() handlers
I1002 09:16:14.610540 3890543 fork_posix.cc:71] Other threads are currently calling into gRPC, skipping fork() handlers
I1002 09:16:14.665595 3890543 fork_posix.cc:71] Other threads are currently calling into gRPC, skipping fork() handlers
I1002 09:16:14.725804 3890543 fork_posix.cc:71] Other threads are currently calling into gRPC, skipping fork() handlers
I1002 09:16:14.786022 3890543 fork_posix.cc:71] Other threads are currently calling into gRPC, skipping fork() handlers
I1002 09:16:14.813056 4032756 ev_poll_posix.cc:587] FD from fork parent still in poll list: fd(8, generation: 1)
I1002 09:16:18.179267 4034705 ev_poll_posix.cc:587] FD from fork parent still in poll list: fd(8, generation: 1)
I1002 09:16:18.682243 4034987 ev_poll_posix.cc:587] FD from fork parent still in poll list: fd(8, generation: 1)
/Users/alexy/src/sail-pecan-integrated/.venv/lib/python3.12/site-packages/pyspark/sql/connect/expressions.py:1091: UserWarning: WARN WindowExpression: No Partition Defined for Window operation! Moving all data to a single partition, this can cause serious performance degradation.
  warnings.warn(
I1002 09:16:18.785179 3890543 fork_posix.cc:71] Other threads are currently calling into gRPC, skipping fork() handlers
I1002 09:16:18.914839 3890543 fork_posix.cc:71] Other threads are currently calling into gRPC, skipping fork() handlers
I1002 09:16:18.976967 3890543 fork_posix.cc:71] Other threads are currently calling into gRPC, skipping fork() handlers
I1002 09:16:19.036132 3890543 fork_posix.cc:71] Other threads are currently calling into gRPC, skipping fork() handlers
I1002 09:16:19.096684 3890543 fork_posix.cc:71] Other threads are currently calling into gRPC, skipping fork() handlers
I1002 09:16:19.157553 3890543 fork_posix.cc:71] Other threads are currently calling into gRPC, skipping fork() handlers
I1002 09:16:19.217756 3890543 fork_posix.cc:71] Other threads are currently calling into gRPC, skipping fork() handlers
I1002 09:16:19.277775 3890543 fork_posix.cc:71] Other threads are currently calling into gRPC, skipping fork() handlers
I1002 09:16:19.329859 3890543 fork_posix.cc:71] Other threads are currently calling into gRPC, skipping fork() handlers
I1002 09:16:19.390804 3890543 fork_posix.cc:71] Other threads are currently calling into gRPC, skipping fork() handlers
I1002 09:16:19.451597 3890543 fork_posix.cc:71] Other threads are currently calling into gRPC, skipping fork() handlers
I1002 09:16:19.512751 3890543 fork_posix.cc:71] Other threads are currently calling into gRPC, skipping fork() handlers
I1002 09:16:19.568762 3890543 fork_posix.cc:71] Other threads are currently calling into gRPC, skipping fork() handlers
I1002 09:16:19.646428 3890543 fork_posix.cc:71] Other threads are currently calling into gRPC, skipping fork() handlers
I1002 09:16:19.702424 3890543 fork_posix.cc:71] Other threads are currently calling into gRPC, skipping fork() handlers
I1002 09:16:19.761149 3890543 fork_posix.cc:71] Other threads are currently calling into gRPC, skipping fork() handlers
I1002 09:16:19.821985 3890543 fork_posix.cc:71] Other threads are currently calling into gRPC, skipping fork() handlers
I1002 09:16:19.884155 3890543 fork_posix.cc:71] Other threads are currently calling into gRPC, skipping fork() handlers
I1002 09:16:19.938641 3890543 fork_posix.cc:71] Other threads are currently calling into gRPC, skipping fork() handlers
I1002 09:16:19.996425 3890543 fork_posix.cc:71] Other threads are currently calling into gRPC, skipping fork() handlers
I1002 09:16:20.022772 4035784 ev_poll_posix.cc:587] FD from fork parent still in poll list: fd(8, generation: 1)
I1002 09:16:20.057312 3890543 fork_posix.cc:71] Other threads are currently calling into gRPC, skipping fork() handlers
I1002 09:16:20.118146 3890543 fork_posix.cc:71] Other threads are currently calling into gRPC, skipping fork() handlers
I1002 09:16:20.144260 4035850 ev_poll_posix.cc:587] FD from fork parent still in poll list: fd(8, generation: 1)
I1002 09:16:20.178818 3890543 fork_posix.cc:71] Other threads are currently calling into gRPC, skipping fork() handlers
I1002 09:16:20.233555 3890543 fork_posix.cc:71] Other threads are currently calling into gRPC, skipping fork() handlers
I1002 09:16:20.294462 3890543 fork_posix.cc:71] Other threads are currently calling into gRPC, skipping fork() handlers
I1002 09:16:20.352685 3890543 fork_posix.cc:71] Other threads are currently calling into gRPC, skipping fork() handlers
I1002 09:16:20.414411 3890543 fork_posix.cc:71] Other threads are currently calling into gRPC, skipping fork() handlers
I1002 09:16:20.477708 3890543 fork_posix.cc:71] Other threads are currently calling into gRPC, skipping fork() handlers
I1002 09:16:20.538938 3890543 fork_posix.cc:71] Other threads are currently calling into gRPC, skipping fork() handlers
I1002 09:16:20.600153 3890543 fork_posix.cc:71] Other threads are currently calling into gRPC, skipping fork() handlers
I1002 09:16:20.663008 3890543 fork_posix.cc:71] Other threads are currently calling into gRPC, skipping fork() handlers
I1002 09:16:20.724312 3890543 fork_posix.cc:71] Other threads are currently calling into gRPC, skipping fork() handlers
I1002 09:16:20.783553 3890543 fork_posix.cc:71] Other threads are currently calling into gRPC, skipping fork() handlers
I1002 09:16:20.836415 3890543 fork_posix.cc:71] Other threads are currently calling into gRPC, skipping fork() handlers
I1002 09:16:20.897241 3890543 fork_posix.cc:71] Other threads are currently calling into gRPC, skipping fork() handlers
I1002 09:16:20.959698 3890543 fork_posix.cc:71] Other threads are currently calling into gRPC, skipping fork() handlers
I1002 09:16:21.022130 3890543 fork_posix.cc:71] Other threads are currently calling into gRPC, skipping fork() handlers
I1002 09:16:21.048750 4036371 ev_poll_posix.cc:587] FD from fork parent still in poll list: fd(8, generation: 1)
I1002 09:16:21.076448 3890543 fork_posix.cc:71] Other threads are currently calling into gRPC, skipping fork() handlers
I1002 09:16:21.132991 3890543 fork_posix.cc:71] Other threads are currently calling into gRPC, skipping fork() handlers
I1002 09:16:21.190426 3890543 fork_posix.cc:71] Other threads are currently calling into gRPC, skipping fork() handlers
I1002 09:16:21.252330 3890543 fork_posix.cc:71] Other threads are currently calling into gRPC, skipping fork() handlers
I1002 09:16:21.312700 3890543 fork_posix.cc:71] Other threads are currently calling into gRPC, skipping fork() handlers
I1002 09:16:21.338858 4036563 ev_poll_posix.cc:587] FD from fork parent still in poll list: fd(8, generation: 1)
I1002 09:16:21.372978 3890543 fork_posix.cc:71] Other threads are currently calling into gRPC, skipping fork() handlers
I1002 09:16:21.431104 3890543 fork_posix.cc:71] Other threads are currently calling into gRPC, skipping fork() handlers
I1002 09:16:21.489167 3890543 fork_posix.cc:71] Other threads are currently calling into gRPC, skipping fork() handlers
I1002 09:16:21.551303 3890543 fork_posix.cc:71] Other threads are currently calling into gRPC, skipping fork() handlers
I1002 09:16:21.611821 3890543 fork_posix.cc:71] Other threads are currently calling into gRPC, skipping fork() handlers
I1002 09:16:21.705117 3890543 fork_posix.cc:71] Other threads are currently calling into gRPC, skipping fork() handlers
I1002 09:16:21.766981 3890543 fork_posix.cc:71] Other threads are currently calling into gRPC, skipping fork() handlers
I1002 09:16:21.826488 3890543 fork_posix.cc:71] Other threads are currently calling into gRPC, skipping fork() handlers
I1002 09:16:24.663915 4038425 ev_poll_posix.cc:587] FD from fork parent still in poll list: fd(8, generation: 1)
I1002 09:16:25.921934 4039156 ev_poll_posix.cc:587] FD from fork parent still in poll list: fd(8, generation: 1)
I1002 09:16:27.427165 4040032 ev_poll_posix.cc:587] FD from fork parent still in poll list: fd(8, generation: 1)
I1002 09:16:27.709243 4040211 ev_poll_posix.cc:587] FD from fork parent still in poll list: fd(8, generation: 1)
I1002 09:16:27.836576 3890543 fork_posix.cc:71] Other threads are currently calling into gRPC, skipping fork() handlers
I1002 09:16:27.908197 3890543 fork_posix.cc:71] Other threads are currently calling into gRPC, skipping fork() handlers
I1002 09:16:27.977756 3890543 fork_posix.cc:71] Other threads are currently calling into gRPC, skipping fork() handlers
I1002 09:16:28.044208 3890543 fork_posix.cc:71] Other threads are currently calling into gRPC, skipping fork() handlers
I1002 09:16:28.110816 3890543 fork_posix.cc:71] Other threads are currently calling into gRPC, skipping fork() handlers
I1002 09:16:28.177672 3890543 fork_posix.cc:71] Other threads are currently calling into gRPC, skipping fork() handlers
I1002 09:16:28.251255 3890543 fork_posix.cc:71] Other threads are currently calling into gRPC, skipping fork() handlers
I1002 09:16:28.316954 3890543 fork_posix.cc:71] Other threads are currently calling into gRPC, skipping fork() handlers
I1002 09:16:28.406285 3890543 fork_posix.cc:71] Other threads are currently calling into gRPC, skipping fork() handlers
I1002 09:16:28.474897 3890543 fork_posix.cc:71] Other threads are currently calling into gRPC, skipping fork() handlers
I1002 09:16:28.540489 3890543 fork_posix.cc:71] Other threads are currently calling into gRPC, skipping fork() handlers
I1002 09:16:28.640449 3890543 fork_posix.cc:71] Other threads are currently calling into gRPC, skipping fork() handlers
I1002 09:16:28.710502 3890543 fork_posix.cc:71] Other threads are currently calling into gRPC, skipping fork() handlers
I1002 09:16:28.799425 3890543 fork_posix.cc:71] Other threads are currently calling into gRPC, skipping fork() handlers
I1002 09:16:28.865150 3890543 fork_posix.cc:71] Other threads are currently calling into gRPC, skipping fork() handlers
I1002 09:16:28.932859 3890543 fork_posix.cc:71] Other threads are currently calling into gRPC, skipping fork() handlers
I1002 09:16:31.042193 4041923 ev_poll_posix.cc:587] FD from fork parent still in poll list: fd(8, generation: 1)
I1002 09:16:32.143488 4042584 ev_poll_posix.cc:587] FD from fork parent still in poll list: fd(8, generation: 1)
I1002 09:16:32.946761 4043043 ev_poll_posix.cc:587] FD from fork parent still in poll list: fd(8, generation: 1)
I1002 09:16:36.639356 4045303 ev_poll_posix.cc:587] FD from fork parent still in poll list: fd(8, generation: 1)
I1002 09:16:37.504699 3890543 fork_posix.cc:71] Other threads are currently calling into gRPC, skipping fork() handlers
I1002 09:16:37.583611 3890543 fork_posix.cc:71] Other threads are currently calling into gRPC, skipping fork() handlers
I1002 09:16:37.644581 3890543 fork_posix.cc:71] Other threads are currently calling into gRPC, skipping fork() handlers
I1002 09:16:37.724681 3890543 fork_posix.cc:71] Other threads are currently calling into gRPC, skipping fork() handlers
I1002 09:16:37.825567 3890543 fork_posix.cc:71] Other threads are currently calling into gRPC, skipping fork() handlers
I1002 09:16:37.893824 3890543 fork_posix.cc:71] Other threads are currently calling into gRPC, skipping fork() handlers
I1002 09:16:37.986986 3890543 fork_posix.cc:71] Other threads are currently calling into gRPC, skipping fork() handlers
I1002 09:16:38.062049 3890543 fork_posix.cc:71] Other threads are currently calling into gRPC, skipping fork() handlers
I1002 09:16:38.779069 4046453 ev_poll_posix.cc:587] FD from fork parent still in poll list: fd(8, generation: 1)
I1002 09:16:46.250315 3890543 fork_posix.cc:71] Other threads are currently calling into gRPC, skipping fork() handlers
I1002 09:16:46.621537 3890543 fork_posix.cc:71] Other threads are currently calling into gRPC, skipping fork() handlers
I1002 09:16:46.647811 4051023 ev_poll_posix.cc:587] FD from fork parent still in poll list: fd(8, generation: 1)
I1002 09:16:46.759405 3890543 fork_posix.cc:71] Other threads are currently calling into gRPC, skipping fork() handlers
I1002 09:16:46.866132 3890543 fork_posix.cc:71] Other threads are currently calling into gRPC, skipping fork() handlers
I1002 09:16:46.980188 3890543 fork_posix.cc:71] Other threads are currently calling into gRPC, skipping fork() handlers
I1002 09:16:47.086840 3890543 fork_posix.cc:71] Other threads are currently calling into gRPC, skipping fork() handlers
I1002 09:16:47.189595 3890543 fork_posix.cc:71] Other threads are currently calling into gRPC, skipping fork() handlers
I1002 09:16:47.246466 3890543 fork_posix.cc:71] Other threads are currently calling into gRPC, skipping fork() handlers
I1002 09:16:47.309551 3890543 fork_posix.cc:71] Other threads are currently calling into gRPC, skipping fork() handlers
I1002 09:16:47.366157 3890543 fork_posix.cc:71] Other threads are currently calling into gRPC, skipping fork() handlers
I1002 09:16:47.426471 3890543 fork_posix.cc:71] Other threads are currently calling into gRPC, skipping fork() handlers
I1002 09:16:47.487069 3890543 fork_posix.cc:71] Other threads are currently calling into gRPC, skipping fork() handlers
I1002 09:16:47.548117 3890543 fork_posix.cc:71] Other threads are currently calling into gRPC, skipping fork() handlers
I1002 09:16:47.640259 3890543 fork_posix.cc:71] Other threads are currently calling into gRPC, skipping fork() handlers
I1002 09:16:47.709672 3890543 fork_posix.cc:71] Other threads are currently calling into gRPC, skipping fork() handlers
I1002 09:16:47.771536 3890543 fork_posix.cc:71] Other threads are currently calling into gRPC, skipping fork() handlers
I1002 09:16:47.830563 3890543 fork_posix.cc:71] Other threads are currently calling into gRPC, skipping fork() handlers
I1002 09:16:47.895597 3890543 fork_posix.cc:71] Other threads are currently calling into gRPC, skipping fork() handlers
I1002 09:16:47.961132 3890543 fork_posix.cc:71] Other threads are currently calling into gRPC, skipping fork() handlers
I1002 09:16:48.017637 3890543 fork_posix.cc:71] Other threads are currently calling into gRPC, skipping fork() handlers
I1002 09:16:48.100758 3890543 fork_posix.cc:71] Other threads are currently calling into gRPC, skipping fork() handlers
I1002 09:16:48.176658 3890543 fork_posix.cc:71] Other threads are currently calling into gRPC, skipping fork() handlers
I1002 09:16:48.242193 3890543 fork_posix.cc:71] Other threads are currently calling into gRPC, skipping fork() handlers
I1002 09:16:48.304200 3890543 fork_posix.cc:71] Other threads are currently calling into gRPC, skipping fork() handlers
I1002 09:16:48.364797 3890543 fork_posix.cc:71] Other threads are currently calling into gRPC, skipping fork() handlers
I1002 09:16:48.424732 3890543 fork_posix.cc:71] Other threads are currently calling into gRPC, skipping fork() handlers
I1002 09:16:48.518400 3890543 fork_posix.cc:71] Other threads are currently calling into gRPC, skipping fork() handlers
I1002 09:16:48.583903 3890543 fork_posix.cc:71] Other threads are currently calling into gRPC, skipping fork() handlers
I1002 09:16:48.642745 3890543 fork_posix.cc:71] Other threads are currently calling into gRPC, skipping fork() handlers
I1002 09:16:48.703637 3890543 fork_posix.cc:71] Other threads are currently calling into gRPC, skipping fork() handlers
I1002 09:16:48.762221 3890543 fork_posix.cc:71] Other threads are currently calling into gRPC, skipping fork() handlers
I1002 09:16:48.831255 3890543 fork_posix.cc:71] Other threads are currently calling into gRPC, skipping fork() handlers
I1002 09:16:48.917632 3890543 fork_posix.cc:71] Other threads are currently calling into gRPC, skipping fork() handlers
I1002 09:16:49.007069 3890543 fork_posix.cc:71] Other threads are currently calling into gRPC, skipping fork() handlers
I1002 09:16:49.124444 3890543 fork_posix.cc:71] Other threads are currently calling into gRPC, skipping fork() handlers
I1002 09:16:49.224067 3890543 fork_posix.cc:71] Other threads are currently calling into gRPC, skipping fork() handlers
I1002 09:16:49.313103 3890543 fork_posix.cc:71] Other threads are currently calling into gRPC, skipping fork() handlers
I1002 09:16:49.381373 3890543 fork_posix.cc:71] Other threads are currently calling into gRPC, skipping fork() handlers
I1002 09:16:49.451135 3890543 fork_posix.cc:71] Other threads are currently calling into gRPC, skipping fork() handlers
I1002 09:16:49.574185 3890543 fork_posix.cc:71] Other threads are currently calling into gRPC, skipping fork() handlers
I1002 09:16:49.654563 3890543 fork_posix.cc:71] Other threads are currently calling into gRPC, skipping fork() handlers
I1002 09:16:49.734641 3890543 fork_posix.cc:71] Other threads are currently calling into gRPC, skipping fork() handlers
I1002 09:16:49.821194 3890543 fork_posix.cc:71] Other threads are currently calling into gRPC, skipping fork() handlers
I1002 09:16:49.903113 3890543 fork_posix.cc:71] Other threads are currently calling into gRPC, skipping fork() handlers
I1002 09:16:49.984456 3890543 fork_posix.cc:71] Other threads are currently calling into gRPC, skipping fork() handlers
I1002 09:16:50.066804 3890543 fork_posix.cc:71] Other threads are currently calling into gRPC, skipping fork() handlers
I1002 09:16:50.151804 3890543 fork_posix.cc:71] Other threads are currently calling into gRPC, skipping fork() handlers
I1002 09:16:50.232015 3890543 fork_posix.cc:71] Other threads are currently calling into gRPC, skipping fork() handlers
I1002 09:16:50.335105 3890543 fork_posix.cc:71] Other threads are currently calling into gRPC, skipping fork() handlers
I1002 09:16:50.412154 3890543 fork_posix.cc:71] Other threads are currently calling into gRPC, skipping fork() handlers
I1002 09:16:50.511981 3890543 fork_posix.cc:71] Other threads are currently calling into gRPC, skipping fork() handlers
I1002 09:16:50.601725 3890543 fork_posix.cc:71] Other threads are currently calling into gRPC, skipping fork() handlers
I1002 09:16:50.687081 3890543 fork_posix.cc:71] Other threads are currently calling into gRPC, skipping fork() handlers
I1002 09:16:50.761814 3890543 fork_posix.cc:71] Other threads are currently calling into gRPC, skipping fork() handlers
I1002 09:16:50.857535 3890543 fork_posix.cc:71] Other threads are currently calling into gRPC, skipping fork() handlers
I1002 09:16:50.954463 3890543 fork_posix.cc:71] Other threads are currently calling into gRPC, skipping fork() handlers
I1002 09:16:51.041429 3890543 fork_posix.cc:71] Other threads are currently calling into gRPC, skipping fork() handlers
I1002 09:16:51.128680 3890543 fork_posix.cc:71] Other threads are currently calling into gRPC, skipping fork() handlers
I1002 09:16:51.231798 3890543 fork_posix.cc:71] Other threads are currently calling into gRPC, skipping fork() handlers
I1002 09:16:51.342578 3890543 fork_posix.cc:71] Other threads are currently calling into gRPC, skipping fork() handlers
I1002 09:16:51.439563 3890543 fork_posix.cc:71] Other threads are currently calling into gRPC, skipping fork() handlers
I1002 09:16:51.523430 3890543 fork_posix.cc:71] Other threads are currently calling into gRPC, skipping fork() handlers
I1002 09:16:51.600145 3890543 fork_posix.cc:71] Other threads are currently calling into gRPC, skipping fork() handlers
I1002 09:16:51.675808 3890543 fork_posix.cc:71] Other threads are currently calling into gRPC, skipping fork() handlers
I1002 09:16:51.772730 3890543 fork_posix.cc:71] Other threads are currently calling into gRPC, skipping fork() handlers
I1002 09:16:51.802903 4053232 ev_poll_posix.cc:587] FD from fork parent still in poll list: fd(8, generation: 1)
I1002 09:16:51.836711 3890543 fork_posix.cc:71] Other threads are currently calling into gRPC, skipping fork() handlers
I1002 09:16:51.897837 3890543 fork_posix.cc:71] Other threads are currently calling into gRPC, skipping fork() handlers
I1002 09:16:51.959413 3890543 fork_posix.cc:71] Other threads are currently calling into gRPC, skipping fork() handlers
I1002 09:16:52.022404 3890543 fork_posix.cc:71] Other threads are currently calling into gRPC, skipping fork() handlers
I1002 09:16:52.052245 4053366 ev_poll_posix.cc:587] FD from fork parent still in poll list: fd(8, generation: 1)
I1002 09:16:52.085936 3890543 fork_posix.cc:71] Other threads are currently calling into gRPC, skipping fork() handlers
I1002 09:16:52.178142 3890543 fork_posix.cc:71] Other threads are currently calling into gRPC, skipping fork() handlers
I1002 09:16:52.241012 3890543 fork_posix.cc:71] Other threads are currently calling into gRPC, skipping fork() handlers
I1002 09:16:52.294853 3890543 fork_posix.cc:71] Other threads are currently calling into gRPC, skipping fork() handlers
I1002 09:16:52.356442 3890543 fork_posix.cc:71] Other threads are currently calling into gRPC, skipping fork() handlers
I1002 09:16:52.383649 4053534 ev_poll_posix.cc:587] FD from fork parent still in poll list: fd(8, generation: 1)
I1002 09:16:52.416969 3890543 fork_posix.cc:71] Other threads are currently calling into gRPC, skipping fork() handlers
I1002 09:16:52.476473 3890543 fork_posix.cc:71] Other threads are currently calling into gRPC, skipping fork() handlers
I1002 09:16:52.537993 3890543 fork_posix.cc:71] Other threads are currently calling into gRPC, skipping fork() handlers
I1002 09:16:54.196688 4054583 ev_poll_posix.cc:587] FD from fork parent still in poll list: fd(8, generation: 1)
I1002 09:16:55.082071 4055093 ev_poll_posix.cc:587] FD from fork parent still in poll list: fd(8, generation: 1)
I1002 09:16:55.898056 4055559 ev_poll_posix.cc:587] FD from fork parent still in poll list: fd(8, generation: 1)
I1002 09:16:56.470119 4055881 ev_poll_posix.cc:587] FD from fork parent still in poll list: fd(8, generation: 1)
I1002 09:16:56.530563 4055919 ev_poll_posix.cc:587] FD from fork parent still in poll list: fd(8, generation: 1)
I1002 09:17:00.814027 3890543 fork_posix.cc:71] Other threads are currently calling into gRPC, skipping fork() handlers
I1002 09:17:00.933333 3890543 fork_posix.cc:71] Other threads are currently calling into gRPC, skipping fork() handlers
I1002 09:17:01.005955 3890543 fork_posix.cc:71] Other threads are currently calling into gRPC, skipping fork() handlers
I1002 09:17:01.061357 3890543 fork_posix.cc:71] Other threads are currently calling into gRPC, skipping fork() handlers
I1002 09:17:01.119134 3890543 fork_posix.cc:71] Other threads are currently calling into gRPC, skipping fork() handlers
I1002 09:17:01.173171 3890543 fork_posix.cc:71] Other threads are currently calling into gRPC, skipping fork() handlers
I1002 09:17:01.234622 3890543 fork_posix.cc:71] Other threads are currently calling into gRPC, skipping fork() handlers
I1002 09:17:01.286608 3890543 fork_posix.cc:71] Other threads are currently calling into gRPC, skipping fork() handlers
I1002 09:17:01.345875 3890543 fork_posix.cc:71] Other threads are currently calling into gRPC, skipping fork() handlers
I1002 09:17:01.403016 3890543 fork_posix.cc:71] Other threads are currently calling into gRPC, skipping fork() handlers
I1002 09:17:01.456711 3890543 fork_posix.cc:71] Other threads are currently calling into gRPC, skipping fork() handlers
I1002 09:17:01.518759 3890543 fork_posix.cc:71] Other threads are currently calling into gRPC, skipping fork() handlers
I1002 09:17:01.571023 3890543 fork_posix.cc:71] Other threads are currently calling into gRPC, skipping fork() handlers
I1002 09:17:01.633544 3890543 fork_posix.cc:71] Other threads are currently calling into gRPC, skipping fork() handlers
I1002 09:17:01.692768 3890543 fork_posix.cc:71] Other threads are currently calling into gRPC, skipping fork() handlers
I1002 09:17:01.752643 3890543 fork_posix.cc:71] Other threads are currently calling into gRPC, skipping fork() handlers
I1002 09:17:01.812664 3890543 fork_posix.cc:71] Other threads are currently calling into gRPC, skipping fork() handlers
I1002 09:17:01.872368 3890543 fork_posix.cc:71] Other threads are currently calling into gRPC, skipping fork() handlers
I1002 09:17:01.926457 3890543 fork_posix.cc:71] Other threads are currently calling into gRPC, skipping fork() handlers
I1002 09:17:01.980774 3890543 fork_posix.cc:71] Other threads are currently calling into gRPC, skipping fork() handlers
I1002 09:17:02.041497 3890543 fork_posix.cc:71] Other threads are currently calling into gRPC, skipping fork() handlers
I1002 09:17:02.067592 4059126 ev_poll_posix.cc:587] FD from fork parent still in poll list: fd(8, generation: 1)
I1002 09:17:02.098230 3890543 fork_posix.cc:71] Other threads are currently calling into gRPC, skipping fork() handlers
I1002 09:17:02.158688 3890543 fork_posix.cc:71] Other threads are currently calling into gRPC, skipping fork() handlers
I1002 09:17:02.184865 4059191 ev_poll_posix.cc:587] FD from fork parent still in poll list: fd(8, generation: 1)
I1002 09:17:02.210442 3890543 fork_posix.cc:71] Other threads are currently calling into gRPC, skipping fork() handlers
I1002 09:17:02.269170 3890543 fork_posix.cc:71] Other threads are currently calling into gRPC, skipping fork() handlers
I1002 09:17:02.332268 3890543 fork_posix.cc:71] Other threads are currently calling into gRPC, skipping fork() handlers
I1002 09:17:02.387924 3890543 fork_posix.cc:71] Other threads are currently calling into gRPC, skipping fork() handlers
I1002 09:17:02.447329 3890543 fork_posix.cc:71] Other threads are currently calling into gRPC, skipping fork() handlers
I1002 09:17:02.505939 3890543 fork_posix.cc:71] Other threads are currently calling into gRPC, skipping fork() handlers
I1002 09:17:02.564835 3890543 fork_posix.cc:71] Other threads are currently calling into gRPC, skipping fork() handlers
I1002 09:17:02.623269 3890543 fork_posix.cc:71] Other threads are currently calling into gRPC, skipping fork() handlers
I1002 09:17:02.684930 3890543 fork_posix.cc:71] Other threads are currently calling into gRPC, skipping fork() handlers
I1002 09:17:02.774678 3890543 fork_posix.cc:71] Other threads are currently calling into gRPC, skipping fork() handlers
I1002 09:17:02.836261 3890543 fork_posix.cc:71] Other threads are currently calling into gRPC, skipping fork() handlers
I1002 09:17:02.889879 3890543 fork_posix.cc:71] Other threads are currently calling into gRPC, skipping fork() handlers
I1002 09:17:02.947190 3890543 fork_posix.cc:71] Other threads are currently calling into gRPC, skipping fork() handlers
I1002 09:17:05.340676 4060973 ev_poll_posix.cc:587] FD from fork parent still in poll list: fd(8, generation: 1)
I1002 09:17:05.492581 4061044 ev_poll_posix.cc:587] FD from fork parent still in poll list: fd(8, generation: 1)
I1002 09:17:06.205408 4061482 ev_poll_posix.cc:587] FD from fork parent still in poll list: fd(8, generation: 1)
/Users/alexy/src/sail-pecan-integrated/.venv/lib/python3.12/site-packages/pyspark/sql/connect/expressions.py:1091: UserWarning: WARN WindowExpression: No Partition Defined for Window operation! Moving all data to a single partition, this can cause serious performance degradation.
  warnings.warn(
I1002 09:17:06.851654 3890543 fork_posix.cc:71] Other threads are currently calling into gRPC, skipping fork() handlers
I1002 09:17:06.963823 3890543 fork_posix.cc:71] Other threads are currently calling into gRPC, skipping fork() handlers
I1002 09:17:07.035004 3890543 fork_posix.cc:71] Other threads are currently calling into gRPC, skipping fork() handlers
I1002 09:17:07.096479 3890543 fork_posix.cc:71] Other threads are currently calling into gRPC, skipping fork() handlers
I1002 09:17:07.152543 3890543 fork_posix.cc:71] Other threads are currently calling into gRPC, skipping fork() handlers
I1002 09:17:07.213519 3890543 fork_posix.cc:71] Other threads are currently calling into gRPC, skipping fork() handlers
I1002 09:17:07.276137 3890543 fork_posix.cc:71] Other threads are currently calling into gRPC, skipping fork() handlers
I1002 09:17:07.337757 3890543 fork_posix.cc:71] Other threads are currently calling into gRPC, skipping fork() handlers
I1002 09:17:07.398660 3890543 fork_posix.cc:71] Other threads are currently calling into gRPC, skipping fork() handlers
I1002 09:17:07.459005 3890543 fork_posix.cc:71] Other threads are currently calling into gRPC, skipping fork() handlers
I1002 09:17:07.519130 3890543 fork_posix.cc:71] Other threads are currently calling into gRPC, skipping fork() handlers
I1002 09:17:07.580311 3890543 fork_posix.cc:71] Other threads are currently calling into gRPC, skipping fork() handlers
I1002 09:17:07.641365 3890543 fork_posix.cc:71] Other threads are currently calling into gRPC, skipping fork() handlers
I1002 09:17:07.697900 3890543 fork_posix.cc:71] Other threads are currently calling into gRPC, skipping fork() handlers
I1002 09:17:07.759600 3890543 fork_posix.cc:71] Other threads are currently calling into gRPC, skipping fork() handlers
I1002 09:17:07.821168 3890543 fork_posix.cc:71] Other threads are currently calling into gRPC, skipping fork() handlers
I1002 09:17:07.879577 3890543 fork_posix.cc:71] Other threads are currently calling into gRPC, skipping fork() handlers
I1002 09:17:07.943968 3890543 fork_posix.cc:71] Other threads are currently calling into gRPC, skipping fork() handlers
I1002 09:17:07.997041 3890543 fork_posix.cc:71] Other threads are currently calling into gRPC, skipping fork() handlers
I1002 09:17:08.050243 3890543 fork_posix.cc:71] Other threads are currently calling into gRPC, skipping fork() handlers
I1002 09:17:08.111242 3890543 fork_posix.cc:71] Other threads are currently calling into gRPC, skipping fork() handlers
I1002 09:17:08.173031 3890543 fork_posix.cc:71] Other threads are currently calling into gRPC, skipping fork() handlers
I1002 09:17:08.260214 3890543 fork_posix.cc:71] Other threads are currently calling into gRPC, skipping fork() handlers
I1002 09:17:08.316916 3890543 fork_posix.cc:71] Other threads are currently calling into gRPC, skipping fork() handlers
I1002 09:17:08.374978 3890543 fork_posix.cc:71] Other threads are currently calling into gRPC, skipping fork() handlers
I1002 09:17:08.401648 4062695 ev_poll_posix.cc:587] FD from fork parent still in poll list: fd(8, generation: 1)
I1002 09:17:08.436087 3890543 fork_posix.cc:71] Other threads are currently calling into gRPC, skipping fork() handlers
I1002 09:17:08.489244 3890543 fork_posix.cc:71] Other threads are currently calling into gRPC, skipping fork() handlers
I1002 09:17:08.546244 3890543 fork_posix.cc:71] Other threads are currently calling into gRPC, skipping fork() handlers
I1002 09:17:08.641570 3890543 fork_posix.cc:71] Other threads are currently calling into gRPC, skipping fork() handlers
I1002 09:17:08.702525 3890543 fork_posix.cc:71] Other threads are currently calling into gRPC, skipping fork() handlers
I1002 09:17:08.761647 3890543 fork_posix.cc:71] Other threads are currently calling into gRPC, skipping fork() handlers
I1002 09:17:08.819245 3890543 fork_posix.cc:71] Other threads are currently calling into gRPC, skipping fork() handlers
I1002 09:17:08.845950 4062953 ev_poll_posix.cc:587] FD from fork parent still in poll list: fd(8, generation: 1)
I1002 09:17:08.874425 3890543 fork_posix.cc:71] Other threads are currently calling into gRPC, skipping fork() handlers
I1002 09:17:08.969669 3890543 fork_posix.cc:71] Other threads are currently calling into gRPC, skipping fork() handlers
I1002 09:17:09.030590 3890543 fork_posix.cc:71] Other threads are currently calling into gRPC, skipping fork() handlers
I1002 09:17:09.091682 3890543 fork_posix.cc:71] Other threads are currently calling into gRPC, skipping fork() handlers
I1002 09:17:09.152865 3890543 fork_posix.cc:71] Other threads are currently calling into gRPC, skipping fork() handlers
I1002 09:17:09.215782 3890543 fork_posix.cc:71] Other threads are currently calling into gRPC, skipping fork() handlers
I1002 09:17:09.272161 3890543 fork_posix.cc:71] Other threads are currently calling into gRPC, skipping fork() handlers
I1002 09:17:09.331163 3890543 fork_posix.cc:71] Other threads are currently calling into gRPC, skipping fork() handlers
I1002 09:17:09.388850 3890543 fork_posix.cc:71] Other threads are currently calling into gRPC, skipping fork() handlers
I1002 09:17:09.451124 3890543 fork_posix.cc:71] Other threads are currently calling into gRPC, skipping fork() handlers
I1002 09:17:09.478273 4063292 ev_poll_posix.cc:587] FD from fork parent still in poll list: fd(8, generation: 1)
I1002 09:17:09.511200 3890543 fork_posix.cc:71] Other threads are currently calling into gRPC, skipping fork() handlers
I1002 09:17:09.573056 3890543 fork_posix.cc:71] Other threads are currently calling into gRPC, skipping fork() handlers
I1002 09:17:09.636926 3890543 fork_posix.cc:71] Other threads are currently calling into gRPC, skipping fork() handlers
I1002 09:17:09.700065 3890543 fork_posix.cc:71] Other threads are currently calling into gRPC, skipping fork() handlers
I1002 09:17:09.763500 3890543 fork_posix.cc:71] Other threads are currently calling into gRPC, skipping fork() handlers
I1002 09:17:09.825457 3890543 fork_posix.cc:71] Other threads are currently calling into gRPC, skipping fork() handlers
I1002 09:17:09.889766 3890543 fork_posix.cc:71] Other threads are currently calling into gRPC, skipping fork() handlers
I1002 09:17:10.070194 4063712 ev_poll_posix.cc:587] FD from fork parent still in poll list: fd(8, generation: 1)
I1002 09:17:13.583247 4065780 ev_poll_posix.cc:587] FD from fork parent still in poll list: fd(8, generation: 1)
I1002 09:17:14.078199 4066090 ev_poll_posix.cc:587] FD from fork parent still in poll list: fd(8, generation: 1)
I1002 09:17:15.883082 3890543 fork_posix.cc:71] Other threads are currently calling into gRPC, skipping fork() handlers
I1002 09:17:15.953218 3890543 fork_posix.cc:71] Other threads are currently calling into gRPC, skipping fork() handlers
I1002 09:17:16.017779 3890543 fork_posix.cc:71] Other threads are currently calling into gRPC, skipping fork() handlers
I1002 09:17:16.086120 3890543 fork_posix.cc:71] Other threads are currently calling into gRPC, skipping fork() handlers
I1002 09:17:16.147522 3890543 fork_posix.cc:71] Other threads are currently calling into gRPC, skipping fork() handlers
I1002 09:17:16.206152 3890543 fork_posix.cc:71] Other threads are currently calling into gRPC, skipping fork() handlers
I1002 09:17:16.234462 4067346 ev_poll_posix.cc:587] FD from fork parent still in poll list: fd(8, generation: 1)
I1002 09:17:16.262325 3890543 fork_posix.cc:71] Other threads are currently calling into gRPC, skipping fork() handlers
I1002 09:17:16.326675 3890543 fork_posix.cc:71] Other threads are currently calling into gRPC, skipping fork() handlers
I1002 09:17:16.390648 3890543 fork_posix.cc:71] Other threads are currently calling into gRPC, skipping fork() handlers
I1002 09:17:16.468283 3890543 fork_posix.cc:71] Other threads are currently calling into gRPC, skipping fork() handlers
I1002 09:17:16.530181 3890543 fork_posix.cc:71] Other threads are currently calling into gRPC, skipping fork() handlers
I1002 09:17:16.590546 3890543 fork_posix.cc:71] Other threads are currently calling into gRPC, skipping fork() handlers
I1002 09:17:16.666886 3890543 fork_posix.cc:71] Other threads are currently calling into gRPC, skipping fork() handlers
I1002 09:17:16.748773 3890543 fork_posix.cc:71] Other threads are currently calling into gRPC, skipping fork() handlers
I1002 09:17:16.815705 3890543 fork_posix.cc:71] Other threads are currently calling into gRPC, skipping fork() handlers
I1002 09:17:16.913448 3890543 fork_posix.cc:71] Other threads are currently calling into gRPC, skipping fork() handlers
I1002 09:17:16.988307 3890543 fork_posix.cc:71] Other threads are currently calling into gRPC, skipping fork() handlers
I1002 09:17:17.087349 4067850 ev_poll_posix.cc:587] FD from fork parent still in poll list: fd(8, generation: 1)
I1002 09:17:18.566045 4068695 ev_poll_posix.cc:587] FD from fork parent still in poll list: fd(8, generation: 1)
I1002 09:17:21.759460 4070598 ev_poll_posix.cc:587] FD from fork parent still in poll list: fd(8, generation: 1)
I1002 09:17:22.255528 4070882 ev_poll_posix.cc:587] FD from fork parent still in poll list: fd(8, generation: 1)
I1002 09:17:22.694327 4071148 ev_poll_posix.cc:587] FD from fork parent still in poll list: fd(8, generation: 1)
I1002 09:17:23.480890 4071609 ev_poll_posix.cc:587] FD from fork parent still in poll list: fd(8, generation: 1)
I1002 09:17:25.671150 3890543 fork_posix.cc:71] Other threads are currently calling into gRPC, skipping fork() handlers
I1002 09:17:25.735921 3890543 fork_posix.cc:71] Other threads are currently calling into gRPC, skipping fork() handlers
I1002 09:17:25.804601 3890543 fork_posix.cc:71] Other threads are currently calling into gRPC, skipping fork() handlers
I1002 09:17:25.882246 3890543 fork_posix.cc:71] Other threads are currently calling into gRPC, skipping fork() handlers
I1002 09:17:25.944382 3890543 fork_posix.cc:71] Other threads are currently calling into gRPC, skipping fork() handlers
I1002 09:17:26.009862 3890543 fork_posix.cc:71] Other threads are currently calling into gRPC, skipping fork() handlers
I1002 09:17:26.077473 3890543 fork_posix.cc:71] Other threads are currently calling into gRPC, skipping fork() handlers
I1002 09:17:26.155993 3890543 fork_posix.cc:71] Other threads are currently calling into gRPC, skipping fork() handlers
I1002 09:17:26.245742 3890543 fork_posix.cc:71] Other threads are currently calling into gRPC, skipping fork() handlers
I1002 09:17:30.780039 4075744 ev_poll_posix.cc:587] FD from fork parent still in poll list: fd(8, generation: 1)
I1002 09:17:31.710448 4076223 ev_poll_posix.cc:587] FD from fork parent still in poll list: fd(8, generation: 1)
I1002 09:17:32.565788 4076751 ev_poll_posix.cc:587] FD from fork parent still in poll list: fd(8, generation: 1)
I1002 09:17:34.063387 4077628 ev_poll_posix.cc:587] FD from fork parent still in poll list: fd(8, generation: 1)
I1002 09:17:34.738631 3890543 fork_posix.cc:71] Other threads are currently calling into gRPC, skipping fork() handlers
I1002 09:17:35.094086 3890543 fork_posix.cc:71] Other threads are currently calling into gRPC, skipping fork() handlers
I1002 09:17:35.158537 3890543 fork_posix.cc:71] Other threads are currently calling into gRPC, skipping fork() handlers
I1002 09:17:35.255759 3890543 fork_posix.cc:71] Other threads are currently calling into gRPC, skipping fork() handlers
I1002 09:17:35.284050 4078222 ev_poll_posix.cc:587] FD from fork parent still in poll list: fd(8, generation: 1)
I1002 09:17:35.329997 3890543 fork_posix.cc:71] Other threads are currently calling into gRPC, skipping fork() handlers
I1002 09:17:35.427953 3890543 fork_posix.cc:71] Other threads are currently calling into gRPC, skipping fork() handlers
I1002 09:17:35.495295 3890543 fork_posix.cc:71] Other threads are currently calling into gRPC, skipping fork() handlers
I1002 09:17:35.557831 3890543 fork_posix.cc:71] Other threads are currently calling into gRPC, skipping fork() handlers
I1002 09:17:35.620907 3890543 fork_posix.cc:71] Other threads are currently calling into gRPC, skipping fork() handlers
I1002 09:17:35.695319 3890543 fork_posix.cc:71] Other threads are currently calling into gRPC, skipping fork() handlers
I1002 09:17:35.764530 3890543 fork_posix.cc:71] Other threads are currently calling into gRPC, skipping fork() handlers
I1002 09:17:35.825730 3890543 fork_posix.cc:71] Other threads are currently calling into gRPC, skipping fork() handlers
I1002 09:17:35.919696 3890543 fork_posix.cc:71] Other threads are currently calling into gRPC, skipping fork() handlers
I1002 09:17:36.026214 3890543 fork_posix.cc:71] Other threads are currently calling into gRPC, skipping fork() handlers
I1002 09:17:36.109638 3890543 fork_posix.cc:71] Other threads are currently calling into gRPC, skipping fork() handlers
I1002 09:17:36.169610 3890543 fork_posix.cc:71] Other threads are currently calling into gRPC, skipping fork() handlers
I1002 09:17:36.251992 3890543 fork_posix.cc:71] Other threads are currently calling into gRPC, skipping fork() handlers
I1002 09:17:36.348445 3890543 fork_posix.cc:71] Other threads are currently calling into gRPC, skipping fork() handlers
I1002 09:17:36.411692 3890543 fork_posix.cc:71] Other threads are currently calling into gRPC, skipping fork() handlers
I1002 09:17:36.472796 3890543 fork_posix.cc:71] Other threads are currently calling into gRPC, skipping fork() handlers
I1002 09:17:36.538743 3890543 fork_posix.cc:71] Other threads are currently calling into gRPC, skipping fork() handlers
I1002 09:17:36.597075 3890543 fork_posix.cc:71] Other threads are currently calling into gRPC, skipping fork() handlers
I1002 09:17:36.653610 3890543 fork_posix.cc:71] Other threads are currently calling into gRPC, skipping fork() handlers
I1002 09:17:36.722484 3890543 fork_posix.cc:71] Other threads are currently calling into gRPC, skipping fork() handlers
I1002 09:17:36.788048 3890543 fork_posix.cc:71] Other threads are currently calling into gRPC, skipping fork() handlers
I1002 09:17:36.869890 3890543 fork_posix.cc:71] Other threads are currently calling into gRPC, skipping fork() handlers
I1002 09:17:36.934725 3890543 fork_posix.cc:71] Other threads are currently calling into gRPC, skipping fork() handlers
I1002 09:17:37.017522 3890543 fork_posix.cc:71] Other threads are currently calling into gRPC, skipping fork() handlers
I1002 09:17:37.088357 3890543 fork_posix.cc:71] Other threads are currently calling into gRPC, skipping fork() handlers
I1002 09:17:37.163682 3890543 fork_posix.cc:71] Other threads are currently calling into gRPC, skipping fork() handlers
I1002 09:17:37.250356 3890543 fork_posix.cc:71] Other threads are currently calling into gRPC, skipping fork() handlers
I1002 09:17:37.277076 4079293 ev_poll_posix.cc:587] FD from fork parent still in poll list: fd(8, generation: 1)
I1002 09:17:37.320212 3890543 fork_posix.cc:71] Other threads are currently calling into gRPC, skipping fork() handlers
I1002 09:17:37.345718 4079329 ev_poll_posix.cc:587] FD from fork parent still in poll list: fd(8, generation: 1)
I1002 09:17:37.381488 3890543 fork_posix.cc:71] Other threads are currently calling into gRPC, skipping fork() handlers
I1002 09:17:37.457628 3890543 fork_posix.cc:71] Other threads are currently calling into gRPC, skipping fork() handlers
I1002 09:17:37.485568 4079392 ev_poll_posix.cc:587] FD from fork parent still in poll list: fd(8, generation: 1)
I1002 09:17:37.521878 3890543 fork_posix.cc:71] Other threads are currently calling into gRPC, skipping fork() handlers
I1002 09:17:37.584632 3890543 fork_posix.cc:71] Other threads are currently calling into gRPC, skipping fork() handlers
I1002 09:17:37.653391 3890543 fork_posix.cc:71] Other threads are currently calling into gRPC, skipping fork() handlers
I1002 09:17:37.717257 3890543 fork_posix.cc:71] Other threads are currently calling into gRPC, skipping fork() handlers
I1002 09:17:37.824300 3890543 fork_posix.cc:71] Other threads are currently calling into gRPC, skipping fork() handlers
I1002 09:17:37.892079 3890543 fork_posix.cc:71] Other threads are currently calling into gRPC, skipping fork() handlers
I1002 09:17:37.976521 3890543 fork_posix.cc:71] Other threads are currently calling into gRPC, skipping fork() handlers
I1002 09:17:38.058618 3890543 fork_posix.cc:71] Other threads are currently calling into gRPC, skipping fork() handlers
I1002 09:17:38.154333 3890543 fork_posix.cc:71] Other threads are currently calling into gRPC, skipping fork() handlers
I1002 09:17:38.276909 3890543 fork_posix.cc:71] Other threads are currently calling into gRPC, skipping fork() handlers
I1002 09:17:38.383356 3890543 fork_posix.cc:71] Other threads are currently calling into gRPC, skipping fork() handlers
I1002 09:17:38.513803 3890543 fork_posix.cc:71] Other threads are currently calling into gRPC, skipping fork() handlers
I1002 09:17:38.681172 3890543 fork_posix.cc:71] Other threads are currently calling into gRPC, skipping fork() handlers
I1002 09:17:38.778248 3890543 fork_posix.cc:71] Other threads are currently calling into gRPC, skipping fork() handlers
I1002 09:17:38.873370 3890543 fork_posix.cc:71] Other threads are currently calling into gRPC, skipping fork() handlers
I1002 09:17:38.975908 3890543 fork_posix.cc:71] Other threads are currently calling into gRPC, skipping fork() handlers
I1002 09:17:39.071228 3890543 fork_posix.cc:71] Other threads are currently calling into gRPC, skipping fork() handlers
I1002 09:17:39.172643 3890543 fork_posix.cc:71] Other threads are currently calling into gRPC, skipping fork() handlers
I1002 09:17:39.245750 3890543 fork_posix.cc:71] Other threads are currently calling into gRPC, skipping fork() handlers
I1002 09:17:39.345028 3890543 fork_posix.cc:71] Other threads are currently calling into gRPC, skipping fork() handlers
I1002 09:17:39.435527 3890543 fork_posix.cc:71] Other threads are currently calling into gRPC, skipping fork() handlers
I1002 09:17:39.519587 3890543 fork_posix.cc:71] Other threads are currently calling into gRPC, skipping fork() handlers
I1002 09:17:39.638288 3890543 fork_posix.cc:71] Other threads are currently calling into gRPC, skipping fork() handlers
I1002 09:17:39.749337 3890543 fork_posix.cc:71] Other threads are currently calling into gRPC, skipping fork() handlers
I1002 09:17:39.783458 4080263 ev_poll_posix.cc:587] FD from fork parent still in poll list: fd(8, generation: 1)
I1002 09:17:39.846255 3890543 fork_posix.cc:71] Other threads are currently calling into gRPC, skipping fork() handlers
I1002 09:17:39.955513 3890543 fork_posix.cc:71] Other threads are currently calling into gRPC, skipping fork() handlers
I1002 09:17:40.042266 3890543 fork_posix.cc:71] Other threads are currently calling into gRPC, skipping fork() handlers
I1002 09:17:40.143077 3890543 fork_posix.cc:71] Other threads are currently calling into gRPC, skipping fork() handlers
I1002 09:17:40.248786 3890543 fork_posix.cc:71] Other threads are currently calling into gRPC, skipping fork() handlers
I1002 09:17:40.318568 3890543 fork_posix.cc:71] Other threads are currently calling into gRPC, skipping fork() handlers
I1002 09:17:40.390930 3890543 fork_posix.cc:71] Other threads are currently calling into gRPC, skipping fork() handlers
I1002 09:17:40.494998 3890543 fork_posix.cc:71] Other threads are currently calling into gRPC, skipping fork() handlers
I1002 09:17:40.571725 3890543 fork_posix.cc:71] Other threads are currently calling into gRPC, skipping fork() handlers
I1002 09:17:40.653475 3890543 fork_posix.cc:71] Other threads are currently calling into gRPC, skipping fork() handlers
I1002 09:17:40.725402 3890543 fork_posix.cc:71] Other threads are currently calling into gRPC, skipping fork() handlers
I1002 09:17:40.791967 3890543 fork_posix.cc:71] Other threads are currently calling into gRPC, skipping fork() handlers
I1002 09:17:40.853312 3890543 fork_posix.cc:71] Other threads are currently calling into gRPC, skipping fork() handlers
I1002 09:17:40.916597 3890543 fork_posix.cc:71] Other threads are currently calling into gRPC, skipping fork() handlers
I1002 09:17:40.973866 3890543 fork_posix.cc:71] Other threads are currently calling into gRPC, skipping fork() handlers
I1002 09:17:41.037978 3890543 fork_posix.cc:71] Other threads are currently calling into gRPC, skipping fork() handlers
I1002 09:17:41.095805 3890543 fork_posix.cc:71] Other threads are currently calling into gRPC, skipping fork() handlers
I1002 09:17:41.159740 3890543 fork_posix.cc:71] Other threads are currently calling into gRPC, skipping fork() handlers
I1002 09:17:41.222964 3890543 fork_posix.cc:71] Other threads are currently calling into gRPC, skipping fork() handlers
I1002 09:17:41.281439 3890543 fork_posix.cc:71] Other threads are currently calling into gRPC, skipping fork() handlers
I1002 09:17:41.343206 3890543 fork_posix.cc:71] Other threads are currently calling into gRPC, skipping fork() handlers
I1002 09:17:41.370668 4080978 ev_poll_posix.cc:587] FD from fork parent still in poll list: fd(8, generation: 1)
I1002 09:17:41.432737 3890543 fork_posix.cc:71] Other threads are currently calling into gRPC, skipping fork() handlers
I1002 09:17:41.493132 3890543 fork_posix.cc:71] Other threads are currently calling into gRPC, skipping fork() handlers
I1002 09:17:41.553754 3890543 fork_posix.cc:71] Other threads are currently calling into gRPC, skipping fork() handlers
I1002 09:17:41.614866 3890543 fork_posix.cc:71] Other threads are currently calling into gRPC, skipping fork() handlers
I1002 09:17:41.798624 4081222 ev_poll_posix.cc:587] FD from fork parent still in poll list: fd(8, generation: 1)
I1002 09:17:42.069065 4081386 ev_poll_posix.cc:587] FD from fork parent still in poll list: fd(8, generation: 1)
I1002 09:17:42.866656 4081809 ev_poll_posix.cc:587] FD from fork parent still in poll list: fd(8, generation: 1)
I1002 09:17:43.947402 4082420 ev_poll_posix.cc:587] FD from fork parent still in poll list: fd(8, generation: 1)
I1002 09:17:48.285544 4084923 ev_poll_posix.cc:587] FD from fork parent still in poll list: fd(8, generation: 1)
I1002 09:17:49.409250 4085542 ev_poll_posix.cc:587] FD from fork parent still in poll list: fd(8, generation: 1)
I1002 09:17:49.786349 3890543 fork_posix.cc:71] Other threads are currently calling into gRPC, skipping fork() handlers
