I1002 09:25:02.737679 4291698 fork_posix.cc:71] Other threads are currently calling into gRPC, skipping fork() handlers
I1002 09:25:02.769959 4291698 fork_posix.cc:71] Other threads are currently calling into gRPC, skipping fork() handlers
I1002 09:25:02.808599 4291698 fork_posix.cc:71] Other threads are currently calling into gRPC, skipping fork() handlers
/Users/alexy/src/sail-pecan-integrated/.venv/lib/python3.12/site-packages/pyspark/sql/connect/expressions.py:1091: UserWarning: WARN WindowExpression: No Partition Defined for Window operation! Moving all data to a single partition, this can cause serious performance degradation.
  warnings.warn(
I1002 09:25:02.874783 4291698 fork_posix.cc:71] Other threads are currently calling into gRPC, skipping fork() handlers
I1002 09:25:02.915509 4291698 fork_posix.cc:71] Other threads are currently calling into gRPC, skipping fork() handlers
I1002 09:25:02.954598 4291698 fork_posix.cc:71] Other threads are currently calling into gRPC, skipping fork() handlers
I1002 09:25:02.993948 4291698 fork_posix.cc:71] Other threads are currently calling into gRPC, skipping fork() handlers
I1002 09:25:03.033489 4291698 fork_posix.cc:71] Other threads are currently calling into gRPC, skipping fork() handlers
/Users/alexy/src/sail-pecan-integrated/.venv/lib/python3.12/site-packages/pyspark/sql/connect/expressions.py:1091: UserWarning: WARN WindowExpression: No Partition Defined for Window operation! Moving all data to a single partition, this can cause serious performance degradation.
  warnings.warn(
I1002 09:25:04.815522 4291698 fork_posix.cc:71] Other threads are currently calling into gRPC, skipping fork() handlers
I1002 09:25:04.856571 4291698 fork_posix.cc:71] Other threads are currently calling into gRPC, skipping fork() handlers
I1002 09:25:04.888707 4291698 fork_posix.cc:71] Other threads are currently calling into gRPC, skipping fork() handlers
I1002 09:25:04.953825 4291698 fork_posix.cc:71] Other threads are currently calling into gRPC, skipping fork() handlers
I1002 09:25:04.993046 4291698 fork_posix.cc:71] Other threads are currently calling into gRPC, skipping fork() handlers
I1002 09:25:05.032390 4291698 fork_posix.cc:71] Other threads are currently calling into gRPC, skipping fork() handlers
I1002 09:25:05.069570 4291698 fork_posix.cc:71] Other threads are currently calling into gRPC, skipping fork() handlers
I1002 09:25:05.142677 4291698 fork_posix.cc:71] Other threads are currently calling into gRPC, skipping fork() handlers
I1002 09:25:06.860507 4291698 fork_posix.cc:71] Other threads are currently calling into gRPC, skipping fork() handlers
I1002 09:25:06.892769 4291698 fork_posix.cc:71] Other threads are currently calling into gRPC, skipping fork() handlers
I1002 09:25:06.932436 4291698 fork_posix.cc:71] Other threads are currently calling into gRPC, skipping fork() handlers
I1002 09:25:08.706718 4291698 fork_posix.cc:71] Other threads are currently calling into gRPC, skipping fork() handlers
I1002 09:25:10.362697 4291698 fork_posix.cc:71] Other threads are currently calling into gRPC, skipping fork() handlers
I1002 09:25:10.416226 4291698 fork_posix.cc:71] Other threads are currently calling into gRPC, skipping fork() handlers
I1002 09:25:12.216641 4291698 fork_posix.cc:71] Other threads are currently calling into gRPC, skipping fork() handlers
I1002 09:25:12.246761 4291698 fork_posix.cc:71] Other threads are currently calling into gRPC, skipping fork() handlers
I1002 09:25:12.301137 4291698 fork_posix.cc:71] Other threads are currently calling into gRPC, skipping fork() handlers
I1002 09:25:14.059512 4291698 fork_posix.cc:71] Other threads are currently calling into gRPC, skipping fork() handlers
I1002 09:25:14.103631 4291698 fork_posix.cc:71] Other threads are currently calling into gRPC, skipping fork() handlers
I1002 09:25:14.139977 4291698 fork_posix.cc:71] Other threads are currently calling into gRPC, skipping fork() handlers
I1002 09:25:15.974244 4291698 fork_posix.cc:71] Other threads are currently calling into gRPC, skipping fork() handlers
I1002 09:25:16.014226 4291698 fork_posix.cc:71] Other threads are currently calling into gRPC, skipping fork() handlers
I1002 09:25:16.053371 4291698 fork_posix.cc:71] Other threads are currently calling into gRPC, skipping fork() handlers
I1002 09:25:16.091746 4291698 fork_posix.cc:71] Other threads are currently calling into gRPC, skipping fork() handlers
I1002 09:25:16.130602 4291698 fork_posix.cc:71] Other threads are currently calling into gRPC, skipping fork() handlers
I1002 09:25:16.169548 4291698 fork_posix.cc:71] Other threads are currently calling into gRPC, skipping fork() handlers
I1002 09:25:16.205137 4291698 fork_posix.cc:71] Other threads are currently calling into gRPC, skipping fork() handlers
I1002 09:25:16.239754 4291698 fork_posix.cc:71] Other threads are currently calling into gRPC, skipping fork() handlers
I1002 09:25:16.281881 4291698 fork_posix.cc:71] Other threads are currently calling into gRPC, skipping fork() handlers
I1002 09:25:16.321819 4291698 fork_posix.cc:71] Other threads are currently calling into gRPC, skipping fork() handlers
I1002 09:25:16.359897 4291698 fork_posix.cc:71] Other threads are currently calling into gRPC, skipping fork() handlers
I1002 09:25:16.393815 4291698 fork_posix.cc:71] Other threads are currently calling into gRPC, skipping fork() handlers
I1002 09:25:16.432392 4291698 fork_posix.cc:71] Other threads are currently calling into gRPC, skipping fork() handlers
I1002 09:25:16.472504 4291698 fork_posix.cc:71] Other threads are currently calling into gRPC, skipping fork() handlers
I1002 09:25:16.513354 4291698 fork_posix.cc:71] Other threads are currently calling into gRPC, skipping fork() handlers
/Users/alexy/src/sail-pecan-integrated/.venv/lib/python3.12/site-packages/pyspark/sql/connect/expressions.py:1091: UserWarning: WARN WindowExpression: No Partition Defined for Window operation! Moving all data to a single partition, this can cause serious performance degradation.
  warnings.warn(
I1002 09:25:18.302191 4291698 fork_posix.cc:71] Other threads are currently calling into gRPC, skipping fork() handlers
I1002 09:25:18.350520 4291698 fork_posix.cc:71] Other threads are currently calling into gRPC, skipping fork() handlers
I1002 09:25:18.390362 4291698 fork_posix.cc:71] Other threads are currently calling into gRPC, skipping fork() handlers
I1002 09:25:18.428106 4291698 fork_posix.cc:71] Other threads are currently calling into gRPC, skipping fork() handlers
I1002 09:25:18.460603 4291698 fork_posix.cc:71] Other threads are currently calling into gRPC, skipping fork() handlers
I1002 09:25:18.494815 4291698 fork_posix.cc:71] Other threads are currently calling into gRPC, skipping fork() handlers
I1002 09:25:18.568888 4291698 fork_posix.cc:71] Other threads are currently calling into gRPC, skipping fork() handlers
I1002 09:25:20.284029 4291698 fork_posix.cc:71] Other threads are currently calling into gRPC, skipping fork() handlers
I1002 09:25:20.407091 4291698 fork_posix.cc:71] Other threads are currently calling into gRPC, skipping fork() handlers
I1002 09:25:20.476062 4291698 fork_posix.cc:71] Other threads are currently calling into gRPC, skipping fork() handlers
I1002 09:25:20.540604 4291698 fork_posix.cc:71] Other threads are currently calling into gRPC, skipping fork() handlers
/Users/alexy/src/sail-pecan-integrated/.venv/lib/python3.12/site-packages/pyspark/sql/connect/expressions.py:1091: UserWarning: WARN WindowExpression: No Partition Defined for Window operation! Moving all data to a single partition, this can cause serious performance degradation.
  warnings.warn(
I1002 09:25:22.354071 4291698 fork_posix.cc:71] Other threads are currently calling into gRPC, skipping fork() handlers
I1002 09:25:22.406122 4291698 fork_posix.cc:71] Other threads are currently calling into gRPC, skipping fork() handlers
I1002 09:25:22.466416 4291698 fork_posix.cc:71] Other threads are currently calling into gRPC, skipping fork() handlers
I1002 09:25:22.511490 4291698 fork_posix.cc:71] Other threads are currently calling into gRPC, skipping fork() handlers
I1002 09:25:22.589605 4291698 fork_posix.cc:71] Other threads are currently calling into gRPC, skipping fork() handlers
I1002 09:25:22.629425 4291698 fork_posix.cc:71] Other threads are currently calling into gRPC, skipping fork() handlers
I1002 09:25:22.689979 4291698 fork_posix.cc:71] Other threads are currently calling into gRPC, skipping fork() handlers
I1002 09:25:22.729365 4291698 fork_posix.cc:71] Other threads are currently calling into gRPC, skipping fork() handlers
I1002 09:25:24.388712 4291698 fork_posix.cc:71] Other threads are currently calling into gRPC, skipping fork() handlers
I1002 09:25:24.435695 4291698 fork_posix.cc:71] Other threads are currently calling into gRPC, skipping fork() handlers
I1002 09:25:24.492029 4291698 fork_posix.cc:71] Other threads are currently calling into gRPC, skipping fork() handlers
I1002 09:25:24.540815 4291698 fork_posix.cc:71] Other threads are currently calling into gRPC, skipping fork() handlers
I1002 09:25:24.585610 4291698 fork_posix.cc:71] Other threads are currently calling into gRPC, skipping fork() handlers
I1002 09:25:24.655958 4291698 fork_posix.cc:71] Other threads are currently calling into gRPC, skipping fork() handlers
I1002 09:25:24.713837 4291698 fork_posix.cc:71] Other threads are currently calling into gRPC, skipping fork() handlers
I1002 09:25:24.767627 4291698 fork_posix.cc:71] Other threads are currently calling into gRPC, skipping fork() handlers
I1002 09:25:24.806164 4291698 fork_posix.cc:71] Other threads are currently calling into gRPC, skipping fork() handlers
I1002 09:25:24.869572 4291698 fork_posix.cc:71] Other threads are currently calling into gRPC, skipping fork() handlers
I1002 09:25:24.913585 4291698 fork_posix.cc:71] Other threads are currently calling into gRPC, skipping fork() handlers
I1002 09:25:24.958238 4291698 fork_posix.cc:71] Other threads are currently calling into gRPC, skipping fork() handlers
I1002 09:25:24.998541 4291698 fork_posix.cc:71] Other threads are currently calling into gRPC, skipping fork() handlers
I1002 09:25:25.037689 4291698 fork_posix.cc:71] Other threads are currently calling into gRPC, skipping fork() handlers
I1002 09:25:25.075646 4291698 fork_posix.cc:71] Other threads are currently calling into gRPC, skipping fork() handlers
I1002 09:25:25.119110 4291698 fork_posix.cc:71] Other threads are currently calling into gRPC, skipping fork() handlers
I1002 09:25:25.165639 4291698 fork_posix.cc:71] Other threads are currently calling into gRPC, skipping fork() handlers
I1002 09:25:25.201262 4291698 fork_posix.cc:71] Other threads are currently calling into gRPC, skipping fork() handlers
I1002 09:25:25.283299 4291698 fork_posix.cc:71] Other threads are currently calling into gRPC, skipping fork() handlers
/Users/alexy/src/sail-pecan-integrated/.venv/lib/python3.12/site-packages/pyspark/sql/connect/expressions.py:1091: UserWarning: WARN WindowExpression: No Partition Defined for Window operation! Moving all data to a single partition, this can cause serious performance degradation.
  warnings.warn(
I1002 09:25:27.063291 4291698 fork_posix.cc:71] Other threads are currently calling into gRPC, skipping fork() handlers
I1002 09:25:27.103017 4291698 fork_posix.cc:71] Other threads are currently calling into gRPC, skipping fork() handlers
I1002 09:25:27.142772 4291698 fork_posix.cc:71] Other threads are currently calling into gRPC, skipping fork() handlers
I1002 09:25:27.182595 4291698 fork_posix.cc:71] Other threads are currently calling into gRPC, skipping fork() handlers
/Users/alexy/src/sail-pecan-integrated/.venv/lib/python3.12/site-packages/pyspark/sql/connect/expressions.py:1091: UserWarning: WARN WindowExpression: No Partition Defined for Window operation! Moving all data to a single partition, this can cause serious performance degradation.
  warnings.warn(
I1002 09:25:29.026557 4291698 fork_posix.cc:71] Other threads are currently calling into gRPC, skipping fork() handlers
/Users/alexy/src/sail-pecan-integrated/.venv/lib/python3.12/site-packages/pyspark/sql/connect/expressions.py:1091: UserWarning: WARN WindowExpression: No Partition Defined for Window operation! Moving all data to a single partition, this can cause serious performance degradation.
  warnings.warn(
I1002 09:25:29.060858 4291698 fork_posix.cc:71] Other threads are currently calling into gRPC, skipping fork() handlers
I1002 09:25:29.100406 4291698 fork_posix.cc:71] Other threads are currently calling into gRPC, skipping fork() handlers
I1002 09:25:29.137169 4291698 fork_posix.cc:71] Other threads are currently calling into gRPC, skipping fork() handlers
I1002 09:25:29.176858 4291698 fork_posix.cc:71] Other threads are currently calling into gRPC, skipping fork() handlers
I1002 09:25:29.216729 4291698 fork_posix.cc:71] Other threads are currently calling into gRPC, skipping fork() handlers
I1002 09:25:29.253022 4291698 fork_posix.cc:71] Other threads are currently calling into gRPC, skipping fork() handlers
I1002 09:25:29.293093 4291698 fork_posix.cc:71] Other threads are currently calling into gRPC, skipping fork() handlers
I1002 09:25:29.332852 4291698 fork_posix.cc:71] Other threads are currently calling into gRPC, skipping fork() handlers
I1002 09:25:29.367462 4291698 fork_posix.cc:71] Other threads are currently calling into gRPC, skipping fork() handlers
I1002 09:25:31.065464 4291698 fork_posix.cc:71] Other threads are currently calling into gRPC, skipping fork() handlers
I1002 09:25:31.106273 4291698 fork_posix.cc:71] Other threads are currently calling into gRPC, skipping fork() handlers
I1002 09:25:31.146714 4291698 fork_posix.cc:71] Other threads are currently calling into gRPC, skipping fork() handlers
I1002 09:25:32.797623 4291698 fork_posix.cc:71] Other threads are currently calling into gRPC, skipping fork() handlers
I1002 09:25:32.834232 4291698 fork_posix.cc:71] Other threads are currently calling into gRPC, skipping fork() handlers
I1002 09:25:34.500797 4291698 fork_posix.cc:71] Other threads are currently calling into gRPC, skipping fork() handlers
I1002 09:25:34.551065 4291698 fork_posix.cc:71] Other threads are currently calling into gRPC, skipping fork() handlers
I1002 09:25:36.301848 4291698 fork_posix.cc:71] Other threads are currently calling into gRPC, skipping fork() handlers
I1002 09:25:36.338167 4291698 fork_posix.cc:71] Other threads are currently calling into gRPC, skipping fork() handlers
I1002 09:25:36.379870 4291698 fork_posix.cc:71] Other threads are currently calling into gRPC, skipping fork() handlers
I1002 09:25:38.122910 4291698 fork_posix.cc:71] Other threads are currently calling into gRPC, skipping fork() handlers
I1002 09:25:38.161563 4291698 fork_posix.cc:71] Other threads are currently calling into gRPC, skipping fork() handlers
I1002 09:25:38.202266 4291698 fork_posix.cc:71] Other threads are currently calling into gRPC, skipping fork() handlers
I1002 09:25:38.240092 4291698 fork_posix.cc:71] Other threads are currently calling into gRPC, skipping fork() handlers
I1002 09:25:40.073323 4291698 fork_posix.cc:71] Other threads are currently calling into gRPC, skipping fork() handlers
I1002 09:25:40.118107 4291698 fork_posix.cc:71] Other threads are currently calling into gRPC, skipping fork() handlers
I1002 09:25:40.158669 4291698 fork_posix.cc:71] Other threads are currently calling into gRPC, skipping fork() handlers
I1002 09:25:40.191891 4291698 fork_posix.cc:71] Other threads are currently calling into gRPC, skipping fork() handlers
I1002 09:25:40.231638 4291698 fork_posix.cc:71] Other threads are currently calling into gRPC, skipping fork() handlers
I1002 09:25:40.269720 4291698 fork_posix.cc:71] Other threads are currently calling into gRPC, skipping fork() handlers
I1002 09:25:40.306495 4291698 fork_posix.cc:71] Other threads are currently calling into gRPC, skipping fork() handlers
I1002 09:25:40.344805 4291698 fork_posix.cc:71] Other threads are currently calling into gRPC, skipping fork() handlers
I1002 09:25:40.383325 4291698 fork_posix.cc:71] Other threads are currently calling into gRPC, skipping fork() handlers
/Users/alexy/src/sail-pecan-integrated/.venv/lib/python3.12/site-packages/pyspark/sql/connect/expressions.py:1091: UserWarning: WARN WindowExpression: No Partition Defined for Window operation! Moving all data to a single partition, this can cause serious performance degradation.
  warnings.warn(
I1002 09:25:42.242287 4291698 fork_posix.cc:71] Other threads are currently calling into gRPC, skipping fork() handlers
I1002 09:25:42.285465 4291698 fork_posix.cc:71] Other threads are currently calling into gRPC, skipping fork() handlers
I1002 09:25:42.322865 4291698 fork_posix.cc:71] Other threads are currently calling into gRPC, skipping fork() handlers
I1002 09:25:42.361351 4291698 fork_posix.cc:71] Other threads are currently calling into gRPC, skipping fork() handlers
I1002 09:25:42.400788 4291698 fork_posix.cc:71] Other threads are currently calling into gRPC, skipping fork() handlers
I1002 09:25:42.440218 4291698 fork_posix.cc:71] Other threads are currently calling into gRPC, skipping fork() handlers
I1002 09:25:42.480033 4291698 fork_posix.cc:71] Other threads are currently calling into gRPC, skipping fork() handlers
I1002 09:25:44.370231 4291698 fork_posix.cc:71] Other threads are currently calling into gRPC, skipping fork() handlers
I1002 09:25:44.432262 4291698 fork_posix.cc:71] Other threads are currently calling into gRPC, skipping fork() handlers
I1002 09:25:44.473632 4291698 fork_posix.cc:71] Other threads are currently calling into gRPC, skipping fork() handlers
/Users/alexy/src/sail-pecan-integrated/.venv/lib/python3.12/site-packages/pyspark/sql/connect/expressions.py:1091: UserWarning: WARN WindowExpression: No Partition Defined for Window operation! Moving all data to a single partition, this can cause serious performance degradation.
  warnings.warn(
I1002 09:25:46.216514 4291698 fork_posix.cc:71] Other threads are currently calling into gRPC, skipping fork() handlers
I1002 09:25:46.272058 4291698 fork_posix.cc:71] Other threads are currently calling into gRPC, skipping fork() handlers
I1002 09:25:46.355654 4291698 fork_posix.cc:71] Other threads are currently calling into gRPC, skipping fork() handlers
I1002 09:25:46.397064 4291698 fork_posix.cc:71] Other threads are currently calling into gRPC, skipping fork() handlers
I1002 09:25:46.437010 4291698 fork_posix.cc:71] Other threads are currently calling into gRPC, skipping fork() handlers
I1002 09:25:46.476542 4291698 fork_posix.cc:71] Other threads are currently calling into gRPC, skipping fork() handlers
I1002 09:25:46.517027 4291698 fork_posix.cc:71] Other threads are currently calling into gRPC, skipping fork() handlers
I1002 09:25:46.551576 4291698 fork_posix.cc:71] Other threads are currently calling into gRPC, skipping fork() handlers
I1002 09:25:46.583947 4291698 fork_posix.cc:71] Other threads are currently calling into gRPC, skipping fork() handlers
I1002 09:25:48.338672 4291698 fork_posix.cc:71] Other threads are currently calling into gRPC, skipping fork() handlers
I1002 09:25:48.384457 4291698 fork_posix.cc:71] Other threads are currently calling into gRPC, skipping fork() handlers
I1002 09:25:48.453735 4291698 fork_posix.cc:71] Other threads are currently calling into gRPC, skipping fork() handlers
I1002 09:25:48.503014 4291698 fork_posix.cc:71] Other threads are currently calling into gRPC, skipping fork() handlers
I1002 09:25:48.592104 4291698 fork_posix.cc:71] Other threads are currently calling into gRPC, skipping fork() handlers
I1002 09:25:48.642070 4291698 fork_posix.cc:71] Other threads are currently calling into gRPC, skipping fork() handlers
I1002 09:25:48.696611 4291698 fork_posix.cc:71] Other threads are currently calling into gRPC, skipping fork() handlers
I1002 09:25:48.747930 4291698 fork_posix.cc:71] Other threads are currently calling into gRPC, skipping fork() handlers
I1002 09:25:48.834366 4291698 fork_posix.cc:71] Other threads are currently calling into gRPC, skipping fork() handlers
I1002 09:25:48.886785 4291698 fork_posix.cc:71] Other threads are currently calling into gRPC, skipping fork() handlers
I1002 09:25:48.943378 4291698 fork_posix.cc:71] Other threads are currently calling into gRPC, skipping fork() handlers
I1002 09:25:48.997440 4291698 fork_posix.cc:71] Other threads are currently calling into gRPC, skipping fork() handlers
I1002 09:25:49.033393 4291698 fork_posix.cc:71] Other threads are currently calling into gRPC, skipping fork() handlers
I1002 09:25:49.094059 4291698 fork_posix.cc:71] Other threads are currently calling into gRPC, skipping fork() handlers
I1002 09:25:49.141255 4291698 fork_posix.cc:71] Other threads are currently calling into gRPC, skipping fork() handlers
I1002 09:25:49.180947 4291698 fork_posix.cc:71] Other threads are currently calling into gRPC, skipping fork() handlers
I1002 09:25:49.220261 4291698 fork_posix.cc:71] Other threads are currently calling into gRPC, skipping fork() handlers
/Users/alexy/src/sail-pecan-integrated/.venv/lib/python3.12/site-packages/pyspark/sql/connect/expressions.py:1091: UserWarning: WARN WindowExpression: No Partition Defined for Window operation! Moving all data to a single partition, this can cause serious performance degradation.
  warnings.warn(
I1002 09:25:51.099484 4291698 fork_posix.cc:71] Other threads are currently calling into gRPC, skipping fork() handlers
I1002 09:25:51.140087 4291698 fork_posix.cc:71] Other threads are currently calling into gRPC, skipping fork() handlers
I1002 09:25:51.178637 4291698 fork_posix.cc:71] Other threads are currently calling into gRPC, skipping fork() handlers
I1002 09:25:51.218945 4291698 fork_posix.cc:71] Other threads are currently calling into gRPC, skipping fork() handlers
I1002 09:25:51.261547 4291698 fork_posix.cc:71] Other threads are currently calling into gRPC, skipping fork() handlers
/Users/alexy/src/sail-pecan-integrated/.venv/lib/python3.12/site-packages/pyspark/sql/connect/expressions.py:1091: UserWarning: WARN WindowExpression: No Partition Defined for Window operation! Moving all data to a single partition, this can cause serious performance degradation.
  warnings.warn(
I1002 09:25:52.994222 4291698 fork_posix.cc:71] Other threads are currently calling into gRPC, skipping fork() handlers
I1002 09:25:53.034069 4291698 fork_posix.cc:71] Other threads are currently calling into gRPC, skipping fork() handlers
I1002 09:25:53.107254 4291698 fork_posix.cc:71] Other threads are currently calling into gRPC, skipping fork() handlers
I1002 09:25:53.138180 4291698 fork_posix.cc:71] Other threads are currently calling into gRPC, skipping fork() handlers
I1002 09:25:53.177735 4291698 fork_posix.cc:71] Other threads are currently calling into gRPC, skipping fork() handlers
I1002 09:25:53.222921 4291698 fork_posix.cc:71] Other threads are currently calling into gRPC, skipping fork() handlers
I1002 09:25:53.262044 4291698 fork_posix.cc:71] Other threads are currently calling into gRPC, skipping fork() handlers
I1002 09:25:53.301151 4291698 fork_posix.cc:71] Other threads are currently calling into gRPC, skipping fork() handlers
I1002 09:25:55.080533 4291698 fork_posix.cc:71] Other threads are currently calling into gRPC, skipping fork() handlers
I1002 09:25:55.117739 4291698 fork_posix.cc:71] Other threads are currently calling into gRPC, skipping fork() handlers
I1002 09:25:55.157953 4291698 fork_posix.cc:71] Other threads are currently calling into gRPC, skipping fork() handlers
I1002 09:25:55.198429 4291698 fork_posix.cc:71] Other threads are currently calling into gRPC, skipping fork() handlers
I1002 09:25:56.859477 4291698 fork_posix.cc:71] Other threads are currently calling into gRPC, skipping fork() handlers
I1002 09:25:58.600866 4291698 fork_posix.cc:71] Other threads are currently calling into gRPC, skipping fork() handlers
I1002 09:25:58.639991 4291698 fork_posix.cc:71] Other threads are currently calling into gRPC, skipping fork() handlers
I1002 09:26:00.567398 4291698 fork_posix.cc:71] Other threads are currently calling into gRPC, skipping fork() handlers
I1002 09:26:00.664157 4291698 fork_posix.cc:71] Other threads are currently calling into gRPC, skipping fork() handlers
I1002 09:26:02.350362 4291698 fork_posix.cc:71] Other threads are currently calling into gRPC, skipping fork() handlers
I1002 09:26:02.397209 4291698 fork_posix.cc:71] Other threads are currently calling into gRPC, skipping fork() handlers
I1002 09:26:02.486580 4291698 fork_posix.cc:71] Other threads are currently calling into gRPC, skipping fork() handlers
I1002 09:26:03.259684 4345448 ev_poll_posix.cc:587] FD from fork parent still in poll list: fd(6, generation: 1)
I1002 09:26:04.232616 4291698 fork_posix.cc:71] Other threads are currently calling into gRPC, skipping fork() handlers
I1002 09:26:04.303044 4291698 fork_posix.cc:71] Other threads are currently calling into gRPC, skipping fork() handlers
I1002 09:26:04.342823 4291698 fork_posix.cc:71] Other threads are currently calling into gRPC, skipping fork() handlers
I1002 09:26:04.378753 4291698 fork_posix.cc:71] Other threads are currently calling into gRPC, skipping fork() handlers
I1002 09:26:04.418349 4291698 fork_posix.cc:71] Other threads are currently calling into gRPC, skipping fork() handlers
I1002 09:26:04.452847 4291698 fork_posix.cc:71] Other threads are currently calling into gRPC, skipping fork() handlers
I1002 09:26:04.483636 4291698 fork_posix.cc:71] Other threads are currently calling into gRPC, skipping fork() handlers
I1002 09:26:04.517049 4291698 fork_posix.cc:71] Other threads are currently calling into gRPC, skipping fork() handlers
I1002 09:26:04.586784 4291698 fork_posix.cc:71] Other threads are currently calling into gRPC, skipping fork() handlers
/Users/alexy/src/sail-pecan-integrated/.venv/lib/python3.12/site-packages/pyspark/sql/connect/expressions.py:1091: UserWarning: WARN WindowExpression: No Partition Defined for Window operation! Moving all data to a single partition, this can cause serious performance degradation.
  warnings.warn(
I1002 09:26:06.377734 4291698 fork_posix.cc:71] Other threads are currently calling into gRPC, skipping fork() handlers
I1002 09:26:06.423461 4291698 fork_posix.cc:71] Other threads are currently calling into gRPC, skipping fork() handlers
I1002 09:26:06.457898 4291698 fork_posix.cc:71] Other threads are currently calling into gRPC, skipping fork() handlers
I1002 09:26:06.497844 4291698 fork_posix.cc:71] Other threads are currently calling into gRPC, skipping fork() handlers
I1002 09:26:06.533208 4291698 fork_posix.cc:71] Other threads are currently calling into gRPC, skipping fork() handlers
I1002 09:26:06.567098 4291698 fork_posix.cc:71] Other threads are currently calling into gRPC, skipping fork() handlers
I1002 09:26:06.606804 4291698 fork_posix.cc:71] Other threads are currently calling into gRPC, skipping fork() handlers
I1002 09:26:08.414971 4291698 fork_posix.cc:71] Other threads are currently calling into gRPC, skipping fork() handlers
I1002 09:26:08.464604 4291698 fork_posix.cc:71] Other threads are currently calling into gRPC, skipping fork() handlers
I1002 09:26:08.517294 4291698 fork_posix.cc:71] Other threads are currently calling into gRPC, skipping fork() handlers
I1002 09:26:08.553462 4291698 fork_posix.cc:71] Other threads are currently calling into gRPC, skipping fork() handlers
/Users/alexy/src/sail-pecan-integrated/.venv/lib/python3.12/site-packages/pyspark/sql/connect/expressions.py:1091: UserWarning: WARN WindowExpression: No Partition Defined for Window operation! Moving all data to a single partition, this can cause serious performance degradation.
  warnings.warn(
I1002 09:26:10.202615 4291698 fork_posix.cc:71] Other threads are currently calling into gRPC, skipping fork() handlers
/Users/alexy/src/sail-pecan-integrated/.venv/lib/python3.12/site-packages/pyspark/sql/connect/expressions.py:1091: UserWarning: WARN WindowExpression: No Partition Defined for Window operation! Moving all data to a single partition, this can cause serious performance degradation.
  warnings.warn(
I1002 09:26:10.250136 4291698 fork_posix.cc:71] Other threads are currently calling into gRPC, skipping fork() handlers
I1002 09:26:10.300989 4291698 fork_posix.cc:71] Other threads are currently calling into gRPC, skipping fork() handlers
I1002 09:26:10.349512 4291698 fork_posix.cc:71] Other threads are currently calling into gRPC, skipping fork() handlers
I1002 09:26:10.424457 4291698 fork_posix.cc:71] Other threads are currently calling into gRPC, skipping fork() handlers
I1002 09:26:10.463244 4291698 fork_posix.cc:71] Other threads are currently calling into gRPC, skipping fork() handlers
I1002 09:26:10.502684 4291698 fork_posix.cc:71] Other threads are currently calling into gRPC, skipping fork() handlers
I1002 09:26:10.542236 4291698 fork_posix.cc:71] Other threads are currently calling into gRPC, skipping fork() handlers
I1002 09:26:10.582060 4291698 fork_posix.cc:71] Other threads are currently calling into gRPC, skipping fork() handlers
I1002 09:26:12.322162 4291698 fork_posix.cc:71] Other threads are currently calling into gRPC, skipping fork() handlers
I1002 09:26:12.364835 4291698 fork_posix.cc:71] Other threads are currently calling into gRPC, skipping fork() handlers
I1002 09:26:12.411930 4291698 fork_posix.cc:71] Other threads are currently calling into gRPC, skipping fork() handlers
I1002 09:26:12.542966 4291698 fork_posix.cc:71] Other threads are currently calling into gRPC, skipping fork() handlers
I1002 09:26:12.596206 4291698 fork_posix.cc:71] Other threads are currently calling into gRPC, skipping fork() handlers
I1002 09:26:12.644733 4291698 fork_posix.cc:71] Other threads are currently calling into gRPC, skipping fork() handlers
I1002 09:26:12.697430 4291698 fork_posix.cc:71] Other threads are currently calling into gRPC, skipping fork() handlers
I1002 09:26:12.732759 4291698 fork_posix.cc:71] Other threads are currently calling into gRPC, skipping fork() handlers
I1002 09:26:12.782330 4291698 fork_posix.cc:71] Other threads are currently calling into gRPC, skipping fork() handlers
I1002 09:26:12.836749 4291698 fork_posix.cc:71] Other threads are currently calling into gRPC, skipping fork() handlers
I1002 09:26:12.883337 4291698 fork_posix.cc:71] Other threads are currently calling into gRPC, skipping fork() handlers
I1002 09:26:12.931873 4291698 fork_posix.cc:71] Other threads are currently calling into gRPC, skipping fork() handlers
I1002 09:26:13.040247 4291698 fork_posix.cc:71] Other threads are currently calling into gRPC, skipping fork() handlers
I1002 09:26:13.083858 4291698 fork_posix.cc:71] Other threads are currently calling into gRPC, skipping fork() handlers
I1002 09:26:13.123335 4291698 fork_posix.cc:71] Other threads are currently calling into gRPC, skipping fork() handlers
I1002 09:26:31.982668 4291698 fork_posix.cc:71] Other threads are currently calling into gRPC, skipping fork() handlers
I1002 09:26:32.017226 4291698 fork_posix.cc:71] Other threads are currently calling into gRPC, skipping fork() handlers
I1002 09:26:32.051740 4291698 fork_posix.cc:71] Other threads are currently calling into gRPC, skipping fork() handlers
I1002 09:26:32.112901 4291698 fork_posix.cc:71] Other threads are currently calling into gRPC, skipping fork() handlers
I1002 09:26:32.175638 4291698 fork_posix.cc:71] Other threads are currently calling into gRPC, skipping fork() handlers
I1002 09:26:32.243097 4291698 fork_posix.cc:71] Other threads are currently calling into gRPC, skipping fork() handlers
I1002 09:26:32.284063 4291698 fork_posix.cc:71] Other threads are currently calling into gRPC, skipping fork() handlers
I1002 09:26:32.332191 4291698 fork_posix.cc:71] Other threads are currently calling into gRPC, skipping fork() handlers
I1002 09:26:32.391399 4291698 fork_posix.cc:71] Other threads are currently calling into gRPC, skipping fork() handlers
I1002 09:26:32.462167 4291698 fork_posix.cc:71] Other threads are currently calling into gRPC, skipping fork() handlers
I1002 09:26:53.059415 4291698 fork_posix.cc:71] Other threads are currently calling into gRPC, skipping fork() handlers
I1002 09:26:53.101627 4291698 fork_posix.cc:71] Other threads are currently calling into gRPC, skipping fork() handlers
I1002 09:26:53.154487 4291698 fork_posix.cc:71] Other threads are currently calling into gRPC, skipping fork() handlers
I1002 09:26:53.198631 4291698 fork_posix.cc:71] Other threads are currently calling into gRPC, skipping fork() handlers
I1002 09:26:53.256703 4291698 fork_posix.cc:71] Other threads are currently calling into gRPC, skipping fork() handlers
I1002 09:26:53.311322 4291698 fork_posix.cc:71] Other threads are currently calling into gRPC, skipping fork() handlers
I1002 09:26:53.390323 4291698 fork_posix.cc:71] Other threads are currently calling into gRPC, skipping fork() handlers
I1002 09:26:53.441643 4291698 fork_posix.cc:71] Other threads are currently calling into gRPC, skipping fork() handlers
I1002 09:26:53.490553 4291698 fork_posix.cc:71] Other threads are currently calling into gRPC, skipping fork() handlers
I1002 09:26:53.523462 4291698 fork_posix.cc:71] Other threads are currently calling into gRPC, skipping fork() handlers
I1002 09:26:53.562954 4291698 fork_posix.cc:71] Other threads are currently calling into gRPC, skipping fork() handlers
I1002 09:26:53.597533 4291698 fork_posix.cc:71] Other threads are currently calling into gRPC, skipping fork() handlers
I1002 09:26:53.637272 4291698 fork_posix.cc:71] Other threads are currently calling into gRPC, skipping fork() handlers
I1002 09:26:53.677231 4291698 fork_posix.cc:71] Other threads are currently calling into gRPC, skipping fork() handlers
I1002 09:26:53.711428 4291698 fork_posix.cc:71] Other threads are currently calling into gRPC, skipping fork() handlers
I1002 09:26:53.750908 4291698 fork_posix.cc:71] Other threads are currently calling into gRPC, skipping fork() handlers
I1002 09:26:53.813907 4291698 fork_posix.cc:71] Other threads are currently calling into gRPC, skipping fork() handlers
I1002 09:26:53.869878 4291698 fork_posix.cc:71] Other threads are currently calling into gRPC, skipping fork() handlers
I1002 09:26:53.900345 4291698 fork_posix.cc:71] Other threads are currently calling into gRPC, skipping fork() handlers
I1002 09:26:53.941311 4291698 fork_posix.cc:71] Other threads are currently calling into gRPC, skipping fork() handlers
I1002 09:26:53.999993 4291698 fork_posix.cc:71] Other threads are currently calling into gRPC, skipping fork() handlers
I1002 09:26:54.037901 4291698 fork_posix.cc:71] Other threads are currently calling into gRPC, skipping fork() handlers
I1002 09:26:54.072706 4291698 fork_posix.cc:71] Other threads are currently calling into gRPC, skipping fork() handlers
I1002 09:26:54.109724 4291698 fork_posix.cc:71] Other threads are currently calling into gRPC, skipping fork() handlers
I1002 09:26:54.150377 4291698 fork_posix.cc:71] Other threads are currently calling into gRPC, skipping fork() handlers
I1002 09:26:54.190035 4291698 fork_posix.cc:71] Other threads are currently calling into gRPC, skipping fork() handlers
I1002 09:26:54.224963 4291698 fork_posix.cc:71] Other threads are currently calling into gRPC, skipping fork() handlers
I1002 09:26:54.264424 4291698 fork_posix.cc:71] Other threads are currently calling into gRPC, skipping fork() handlers
I1002 09:26:54.305276 4291698 fork_posix.cc:71] Other threads are currently calling into gRPC, skipping fork() handlers
I1002 09:26:54.345687 4291698 fork_posix.cc:71] Other threads are currently calling into gRPC, skipping fork() handlers
I1002 09:26:54.424687 4291698 fork_posix.cc:71] Other threads are currently calling into gRPC, skipping fork() handlers
I1002 09:26:54.456710 4291698 fork_posix.cc:71] Other threads are currently calling into gRPC, skipping fork() handlers
I1002 09:26:54.490266 4291698 fork_posix.cc:71] Other threads are currently calling into gRPC, skipping fork() handlers
I1002 09:26:54.529960 4291698 fork_posix.cc:71] Other threads are currently calling into gRPC, skipping fork() handlers
I1002 09:26:54.569563 4291698 fork_posix.cc:71] Other threads are currently calling into gRPC, skipping fork() handlers
I1002 09:26:54.609332 4291698 fork_posix.cc:71] Other threads are currently calling into gRPC, skipping fork() handlers
/Users/alexy/src/sail-pecan-integrated/.venv/lib/python3.12/site-packages/pyspark/sql/connect/expressions.py:1091: UserWarning: WARN WindowExpression: No Partition Defined for Window operation! Moving all data to a single partition, this can cause serious performance degradation.
  warnings.warn(
I1002 09:27:10.576386 4291698 fork_posix.cc:71] Other threads are currently calling into gRPC, skipping fork() handlers
/Users/alexy/src/sail-pecan-integrated/.venv/lib/python3.12/site-packages/pyspark/sql/connect/expressions.py:1091: UserWarning: WARN WindowExpression: No Partition Defined for Window operation! Moving all data to a single partition, this can cause serious performance degradation.
  warnings.warn(
I1002 09:27:10.616528 4291698 fork_posix.cc:71] Other threads are currently calling into gRPC, skipping fork() handlers
I1002 09:27:10.653336 4291698 fork_posix.cc:71] Other threads are currently calling into gRPC, skipping fork() handlers
I1002 09:27:10.683759 4291698 fork_posix.cc:71] Other threads are currently calling into gRPC, skipping fork() handlers
I1002 09:27:10.723116 4291698 fork_posix.cc:71] Other threads are currently calling into gRPC, skipping fork() handlers
I1002 09:27:10.757247 4291698 fork_posix.cc:71] Other threads are currently calling into gRPC, skipping fork() handlers
I1002 09:27:10.796868 4291698 fork_posix.cc:71] Other threads are currently calling into gRPC, skipping fork() handlers
I1002 09:27:10.831834 4291698 fork_posix.cc:71] Other threads are currently calling into gRPC, skipping fork() handlers
I1002 09:27:10.871455 4291698 fork_posix.cc:71] Other threads are currently calling into gRPC, skipping fork() handlers
I1002 09:27:10.903563 4291698 fork_posix.cc:71] Other threads are currently calling into gRPC, skipping fork() handlers
I1002 09:27:10.944198 4291698 fork_posix.cc:71] Other threads are currently calling into gRPC, skipping fork() handlers
I1002 09:27:11.028621 4291698 fork_posix.cc:71] Other threads are currently calling into gRPC, skipping fork() handlers
I1002 09:27:11.081338 4291698 fork_posix.cc:71] Other threads are currently calling into gRPC, skipping fork() handlers
I1002 09:27:11.137803 4291698 fork_posix.cc:71] Other threads are currently calling into gRPC, skipping fork() handlers
I1002 09:27:11.182945 4291698 fork_posix.cc:71] Other threads are currently calling into gRPC, skipping fork() handlers
I1002 09:27:11.237463 4291698 fork_posix.cc:71] Other threads are currently calling into gRPC, skipping fork() handlers
I1002 09:27:11.321184 4291698 fork_posix.cc:71] Other threads are currently calling into gRPC, skipping fork() handlers
I1002 09:27:32.304147 4291698 fork_posix.cc:71] Other threads are currently calling into gRPC, skipping fork() handlers
I1002 09:27:32.368819 4291698 fork_posix.cc:71] Other threads are currently calling into gRPC, skipping fork() handlers
I1002 09:27:32.454510 4291698 fork_posix.cc:71] Other threads are currently calling into gRPC, skipping fork() handlers
I1002 09:27:32.500845 4291698 fork_posix.cc:71] Other threads are currently calling into gRPC, skipping fork() handlers
I1002 09:27:32.542211 4291698 fork_posix.cc:71] Other threads are currently calling into gRPC, skipping fork() handlers
I1002 09:27:32.589846 4291698 fork_posix.cc:71] Other threads are currently calling into gRPC, skipping fork() handlers
I1002 09:27:32.624876 4291698 fork_posix.cc:71] Other threads are currently calling into gRPC, skipping fork() handlers
I1002 09:27:32.670003 4291698 fork_posix.cc:71] Other threads are currently calling into gRPC, skipping fork() handlers
I1002 09:27:32.721945 4291698 fork_posix.cc:71] Other threads are currently calling into gRPC, skipping fork() handlers
I1002 09:27:32.780579 4291698 fork_posix.cc:71] Other threads are currently calling into gRPC, skipping fork() handlers
I1002 09:27:32.819323 4291698 fork_posix.cc:71] Other threads are currently calling into gRPC, skipping fork() handlers
I1002 09:27:32.862223 4291698 fork_posix.cc:71] Other threads are currently calling into gRPC, skipping fork() handlers
I1002 09:27:32.902661 4291698 fork_posix.cc:71] Other threads are currently calling into gRPC, skipping fork() handlers
I1002 09:27:32.949876 4291698 fork_posix.cc:71] Other threads are currently calling into gRPC, skipping fork() handlers
I1002 09:27:32.986512 4291698 fork_posix.cc:71] Other threads are currently calling into gRPC, skipping fork() handlers
I1002 09:27:33.040123 4291698 fork_posix.cc:71] Other threads are currently calling into gRPC, skipping fork() handlers
I1002 09:27:54.066771 4291698 fork_posix.cc:71] Other threads are currently calling into gRPC, skipping fork() handlers
I1002 09:27:54.109115 4291698 fork_posix.cc:71] Other threads are currently calling into gRPC, skipping fork() handlers
I1002 09:27:54.150621 4291698 fork_posix.cc:71] Other threads are currently calling into gRPC, skipping fork() handlers
I1002 09:27:54.197231 4291698 fork_posix.cc:71] Other threads are currently calling into gRPC, skipping fork() handlers
I1002 09:27:54.242119 4291698 fork_posix.cc:71] Other threads are currently calling into gRPC, skipping fork() handlers
I1002 09:27:54.317148 4291698 fork_posix.cc:71] Other threads are currently calling into gRPC, skipping fork() handlers
I1002 09:27:54.376059 4291698 fork_posix.cc:71] Other threads are currently calling into gRPC, skipping fork() handlers
I1002 09:27:54.460443 4291698 fork_posix.cc:71] Other threads are currently calling into gRPC, skipping fork() handlers
I1002 09:27:54.506488 4291698 fork_posix.cc:71] Other threads are currently calling into gRPC, skipping fork() handlers
I1002 09:27:54.550749 4291698 fork_posix.cc:71] Other threads are currently calling into gRPC, skipping fork() handlers
I1002 09:27:54.602625 4291698 fork_posix.cc:71] Other threads are currently calling into gRPC, skipping fork() handlers
I1002 09:27:54.645248 4291698 fork_posix.cc:71] Other threads are currently calling into gRPC, skipping fork() handlers
I1002 09:27:54.702660 4291698 fork_posix.cc:71] Other threads are currently calling into gRPC, skipping fork() handlers
I1002 09:27:54.790018 4291698 fork_posix.cc:71] Other threads are currently calling into gRPC, skipping fork() handlers
I1002 09:27:54.850189 4291698 fork_posix.cc:71] Other threads are currently calling into gRPC, skipping fork() handlers
I1002 09:27:54.914566 4291698 fork_posix.cc:71] Other threads are currently calling into gRPC, skipping fork() handlers
I1002 09:27:54.958033 4291698 fork_posix.cc:71] Other threads are currently calling into gRPC, skipping fork() handlers
I1002 09:27:54.967011 4442630 ev_poll_posix.cc:587] FD from fork parent still in poll list: fd(6, generation: 1)
I1002 09:27:55.022781 4291698 fork_posix.cc:71] Other threads are currently calling into gRPC, skipping fork() handlers
I1002 09:27:55.096960 4291698 fork_posix.cc:71] Other threads are currently calling into gRPC, skipping fork() handlers
I1002 09:27:55.146475 4291698 fork_posix.cc:71] Other threads are currently calling into gRPC, skipping fork() handlers
I1002 09:27:55.196218 4291698 fork_posix.cc:71] Other threads are currently calling into gRPC, skipping fork() handlers
I1002 09:27:55.235993 4291698 fork_posix.cc:71] Other threads are currently calling into gRPC, skipping fork() handlers
I1002 09:27:55.280719 4291698 fork_posix.cc:71] Other threads are currently calling into gRPC, skipping fork() handlers
I1002 09:27:55.356347 4291698 fork_posix.cc:71] Other threads are currently calling into gRPC, skipping fork() handlers
I1002 09:27:55.414059 4291698 fork_posix.cc:71] Other threads are currently calling into gRPC, skipping fork() handlers
I1002 09:27:55.457744 4291698 fork_posix.cc:71] Other threads are currently calling into gRPC, skipping fork() handlers
I1002 09:27:55.480377 4291659 fork_posix.cc:71] Other threads are currently calling into gRPC, skipping fork() handlers
I1002 09:27:57.010580 4444260 ev_poll_posix.cc:587] FD from fork parent still in poll list: fd(6, generation: 1)
I1002 09:28:07.846508 4453113 ev_poll_posix.cc:587] FD from fork parent still in poll list: fd(6, generation: 1)
I1002 09:28:12.176076 4291698 fork_posix.cc:71] Other threads are currently calling into gRPC, skipping fork() handlers
I1002 09:28:12.233686 4291698 fork_posix.cc:71] Other threads are currently calling into gRPC, skipping fork() handlers
I1002 09:28:12.285678 4291698 fork_posix.cc:71] Other threads are currently calling into gRPC, skipping fork() handlers
I1002 09:28:12.360581 4291698 fork_posix.cc:71] Other threads are currently calling into gRPC, skipping fork() handlers
I1002 09:28:12.418318 4291698 fork_posix.cc:71] Other threads are currently calling into gRPC, skipping fork() handlers
I1002 09:28:12.477891 4291698 fork_posix.cc:71] Other threads are currently calling into gRPC, skipping fork() handlers
I1002 09:28:12.530992 4291698 fork_posix.cc:71] Other threads are currently calling into gRPC, skipping fork() handlers
I1002 09:28:12.564890 4291698 fork_posix.cc:71] Other threads are currently calling into gRPC, skipping fork() handlers
I1002 09:28:12.647162 4291698 fork_posix.cc:71] Other threads are currently calling into gRPC, skipping fork() handlers
I1002 09:28:12.701886 4291698 fork_posix.cc:71] Other threads are currently calling into gRPC, skipping fork() handlers
I1002 09:28:12.766128 4291698 fork_posix.cc:71] Other threads are currently calling into gRPC, skipping fork() handlers
I1002 09:28:12.803529 4291698 fork_posix.cc:71] Other threads are currently calling into gRPC, skipping fork() handlers
I1002 09:28:12.849665 4291698 fork_posix.cc:71] Other threads are currently calling into gRPC, skipping fork() handlers
I1002 09:28:12.890097 4291698 fork_posix.cc:71] Other threads are currently calling into gRPC, skipping fork() handlers
I1002 09:28:12.936841 4291698 fork_posix.cc:71] Other threads are currently calling into gRPC, skipping fork() handlers
I1002 09:28:12.980422 4291698 fork_posix.cc:71] Other threads are currently calling into gRPC, skipping fork() handlers
I1002 09:28:21.694775 4291698 fork_posix.cc:71] Other threads are currently calling into gRPC, skipping fork() handlers
I1002 09:28:21.774550 4291698 fork_posix.cc:71] Other threads are currently calling into gRPC, skipping fork() handlers
I1002 09:28:21.841313 4291698 fork_posix.cc:71] Other threads are currently calling into gRPC, skipping fork() handlers
I1002 09:28:21.887220 4291698 fork_posix.cc:71] Other threads are currently calling into gRPC, skipping fork() handlers
I1002 09:28:21.918183 4291698 fork_posix.cc:71] Other threads are currently calling into gRPC, skipping fork() handlers
I1002 09:28:21.959340 4291698 fork_posix.cc:71] Other threads are currently calling into gRPC, skipping fork() handlers
I1002 09:28:21.998618 4291698 fork_posix.cc:71] Other threads are currently calling into gRPC, skipping fork() handlers
I1002 09:28:22.039304 4291698 fork_posix.cc:71] Other threads are currently calling into gRPC, skipping fork() handlers
I1002 09:28:22.113082 4291698 fork_posix.cc:71] Other threads are currently calling into gRPC, skipping fork() handlers
I1002 09:28:22.153529 4291698 fork_posix.cc:71] Other threads are currently calling into gRPC, skipping fork() handlers
I1002 09:28:22.190649 4291698 fork_posix.cc:71] Other threads are currently calling into gRPC, skipping fork() handlers
I1002 09:28:22.231237 4291698 fork_posix.cc:71] Other threads are currently calling into gRPC, skipping fork() handlers
I1002 09:28:22.271412 4291698 fork_posix.cc:71] Other threads are currently calling into gRPC, skipping fork() handlers
I1002 09:28:22.303431 4291698 fork_posix.cc:71] Other threads are currently calling into gRPC, skipping fork() handlers
I1002 09:28:22.345946 4291698 fork_posix.cc:71] Other threads are currently calling into gRPC, skipping fork() handlers
I1002 09:28:22.385993 4291698 fork_posix.cc:71] Other threads are currently calling into gRPC, skipping fork() handlers
I1002 09:28:22.425633 4291698 fork_posix.cc:71] Other threads are currently calling into gRPC, skipping fork() handlers
I1002 09:28:22.466806 4291698 fork_posix.cc:71] Other threads are currently calling into gRPC, skipping fork() handlers
I1002 09:28:22.510382 4291698 fork_posix.cc:71] Other threads are currently calling into gRPC, skipping fork() handlers
I1002 09:28:22.546754 4291698 fork_posix.cc:71] Other threads are currently calling into gRPC, skipping fork() handlers
I1002 09:28:22.587845 4291698 fork_posix.cc:71] Other threads are currently calling into gRPC, skipping fork() handlers
I1002 09:28:22.662504 4291698 fork_posix.cc:71] Other threads are currently calling into gRPC, skipping fork() handlers
I1002 09:28:22.702858 4291698 fork_posix.cc:71] Other threads are currently calling into gRPC, skipping fork() handlers
I1002 09:28:29.884824 4472512 ev_poll_posix.cc:587] FD from fork parent still in poll list: fd(6, generation: 1)
/Users/alexy/src/sail-pecan-integrated/.venv/lib/python3.12/site-packages/pyspark/sql/connect/expressions.py:1091: UserWarning: WARN WindowExpression: No Partition Defined for Window operation! Moving all data to a single partition, this can cause serious performance degradation.
  warnings.warn(
I1002 09:28:40.477607 4291698 fork_posix.cc:71] Other threads are currently calling into gRPC, skipping fork() handlers
I1002 09:28:40.576334 4291698 fork_posix.cc:71] Other threads are currently calling into gRPC, skipping fork() handlers
I1002 09:28:40.637053 4291698 fork_posix.cc:71] Other threads are currently calling into gRPC, skipping fork() handlers
I1002 09:28:40.677249 4291698 fork_posix.cc:71] Other threads are currently calling into gRPC, skipping fork() handlers
I1002 09:28:40.750184 4291698 fork_posix.cc:71] Other threads are currently calling into gRPC, skipping fork() handlers
I1002 09:28:40.786684 4291698 fork_posix.cc:71] Other threads are currently calling into gRPC, skipping fork() handlers
I1002 09:28:40.820530 4291698 fork_posix.cc:71] Other threads are currently calling into gRPC, skipping fork() handlers
I1002 09:28:40.857984 4291698 fork_posix.cc:71] Other threads are currently calling into gRPC, skipping fork() handlers
I1002 09:28:40.897708 4291698 fork_posix.cc:71] Other threads are currently calling into gRPC, skipping fork() handlers
I1002 09:28:40.969413 4291698 fork_posix.cc:71] Other threads are currently calling into gRPC, skipping fork() handlers
I1002 09:28:41.007898 4291698 fork_posix.cc:71] Other threads are currently calling into gRPC, skipping fork() handlers
I1002 09:28:41.051790 4291698 fork_posix.cc:71] Other threads are currently calling into gRPC, skipping fork() handlers
I1002 09:28:41.092689 4291698 fork_posix.cc:71] Other threads are currently calling into gRPC, skipping fork() handlers
I1002 09:28:41.147226 4291698 fork_posix.cc:71] Other threads are currently calling into gRPC, skipping fork() handlers
I1002 09:28:41.189108 4291698 fork_posix.cc:71] Other threads are currently calling into gRPC, skipping fork() handlers
I1002 09:28:41.416010 4291698 fork_posix.cc:71] Other threads are currently calling into gRPC, skipping fork() handlers
I1002 09:28:41.451401 4291698 fork_posix.cc:71] Other threads are currently calling into gRPC, skipping fork() handlers
I1002 09:28:41.499639 4291698 fork_posix.cc:71] Other threads are currently calling into gRPC, skipping fork() handlers
I1002 09:28:41.597246 4291698 fork_posix.cc:71] Other threads are currently calling into gRPC, skipping fork() handlers
I1002 09:28:41.654408 4291698 fork_posix.cc:71] Other threads are currently calling into gRPC, skipping fork() handlers
I1002 09:28:41.730210 4291698 fork_posix.cc:71] Other threads are currently calling into gRPC, skipping fork() handlers
I1002 09:28:41.780406 4291698 fork_posix.cc:71] Other threads are currently calling into gRPC, skipping fork() handlers
I1002 09:28:41.841839 4291698 fork_posix.cc:71] Other threads are currently calling into gRPC, skipping fork() handlers
I1002 09:28:41.900848 4291698 fork_posix.cc:71] Other threads are currently calling into gRPC, skipping fork() handlers
I1002 09:28:42.016776 4291698 fork_posix.cc:71] Other threads are currently calling into gRPC, skipping fork() handlers
I1002 09:28:42.093616 4291698 fork_posix.cc:71] Other threads are currently calling into gRPC, skipping fork() handlers
I1002 09:29:02.820421 4291698 fork_posix.cc:71] Other threads are currently calling into gRPC, skipping fork() handlers
I1002 09:29:02.974030 4291698 fork_posix.cc:71] Other threads are currently calling into gRPC, skipping fork() handlers
I1002 09:29:03.020446 4291698 fork_posix.cc:71] Other threads are currently calling into gRPC, skipping fork() handlers
I1002 09:29:03.079728 4291698 fork_posix.cc:71] Other threads are currently calling into gRPC, skipping fork() handlers
I1002 09:29:03.199716 4291698 fork_posix.cc:71] Other threads are currently calling into gRPC, skipping fork() handlers
I1002 09:29:03.240616 4291698 fork_posix.cc:71] Other threads are currently calling into gRPC, skipping fork() handlers
I1002 09:29:03.280972 4291698 fork_posix.cc:71] Other threads are currently calling into gRPC, skipping fork() handlers
I1002 09:29:03.318670 4291698 fork_posix.cc:71] Other threads are currently calling into gRPC, skipping fork() handlers
I1002 09:29:03.359528 4291698 fork_posix.cc:71] Other threads are currently calling into gRPC, skipping fork() handlers
I1002 09:29:03.399222 4291698 fork_posix.cc:71] Other threads are currently calling into gRPC, skipping fork() handlers
I1002 09:29:03.438339 4291698 fork_posix.cc:71] Other threads are currently calling into gRPC, skipping fork() handlers
I1002 09:29:03.478085 4291698 fork_posix.cc:71] Other threads are currently calling into gRPC, skipping fork() handlers
I1002 09:29:03.517536 4291698 fork_posix.cc:71] Other threads are currently calling into gRPC, skipping fork() handlers
I1002 09:29:03.591136 4291698 fork_posix.cc:71] Other threads are currently calling into gRPC, skipping fork() handlers
I1002 09:29:03.665154 4291698 fork_posix.cc:71] Other threads are currently calling into gRPC, skipping fork() handlers
I1002 09:29:03.704623 4291698 fork_posix.cc:71] Other threads are currently calling into gRPC, skipping fork() handlers
I1002 09:29:03.743718 4291698 fork_posix.cc:71] Other threads are currently calling into gRPC, skipping fork() handlers
I1002 09:29:03.783495 4291698 fork_posix.cc:71] Other threads are currently calling into gRPC, skipping fork() handlers
I1002 09:29:03.823179 4291698 fork_posix.cc:71] Other threads are currently calling into gRPC, skipping fork() handlers
I1002 09:29:03.860377 4291698 fork_posix.cc:71] Other threads are currently calling into gRPC, skipping fork() handlers
I1002 09:29:03.899008 4291698 fork_posix.cc:71] Other threads are currently calling into gRPC, skipping fork() handlers
I1002 09:29:03.928937 4291698 fork_posix.cc:71] Other threads are currently calling into gRPC, skipping fork() handlers
I1002 09:29:03.968810 4291698 fork_posix.cc:71] Other threads are currently calling into gRPC, skipping fork() handlers
I1002 09:29:04.008553 4291698 fork_posix.cc:71] Other threads are currently calling into gRPC, skipping fork() handlers
I1002 09:29:04.048268 4291698 fork_posix.cc:71] Other threads are currently calling into gRPC, skipping fork() handlers
I1002 09:29:04.080651 4291698 fork_posix.cc:71] Other threads are currently calling into gRPC, skipping fork() handlers
I1002 09:29:04.120322 4291698 fork_posix.cc:71] Other threads are currently calling into gRPC, skipping fork() handlers
I1002 09:29:04.160396 4291698 fork_posix.cc:71] Other threads are currently calling into gRPC, skipping fork() handlers
I1002 09:29:04.199857 4291698 fork_posix.cc:71] Other threads are currently calling into gRPC, skipping fork() handlers
I1002 09:29:04.235364 4291698 fork_posix.cc:71] Other threads are currently calling into gRPC, skipping fork() handlers
I1002 09:29:04.268015 4291698 fork_posix.cc:71] Other threads are currently calling into gRPC, skipping fork() handlers
I1002 09:29:04.299641 4291698 fork_posix.cc:71] Other threads are currently calling into gRPC, skipping fork() handlers
I1002 09:29:04.330586 4291698 fork_posix.cc:71] Other threads are currently calling into gRPC, skipping fork() handlers
I1002 09:29:04.367132 4291698 fork_posix.cc:71] Other threads are currently calling into gRPC, skipping fork() handlers
/Users/alexy/src/sail-pecan-integrated/.venv/lib/python3.12/site-packages/pyspark/sql/connect/expressions.py:1091: UserWarning: WARN WindowExpression: No Partition Defined for Window operation! Moving all data to a single partition, this can cause serious performance degradation.
  warnings.warn(
I1002 09:29:20.607263 4291698 fork_posix.cc:71] Other threads are currently calling into gRPC, skipping fork() handlers
I1002 09:29:20.642628 4291698 fork_posix.cc:71] Other threads are currently calling into gRPC, skipping fork() handlers
I1002 09:29:20.716722 4291698 fork_posix.cc:71] Other threads are currently calling into gRPC, skipping fork() handlers
I1002 09:29:20.756223 4291698 fork_posix.cc:71] Other threads are currently calling into gRPC, skipping fork() handlers
I1002 09:29:20.796233 4291698 fork_posix.cc:71] Other threads are currently calling into gRPC, skipping fork() handlers
I1002 09:29:20.828654 4291698 fork_posix.cc:71] Other threads are currently calling into gRPC, skipping fork() handlers
I1002 09:29:20.865661 4291698 fork_posix.cc:71] Other threads are currently calling into gRPC, skipping fork() handlers
I1002 09:29:20.905421 4291698 fork_posix.cc:71] Other threads are currently calling into gRPC, skipping fork() handlers
I1002 09:29:20.944846 4291698 fork_posix.cc:71] Other threads are currently calling into gRPC, skipping fork() handlers
I1002 09:29:21.001252 4291698 fork_posix.cc:71] Other threads are currently calling into gRPC, skipping fork() handlers
I1002 09:29:21.045779 4291698 fork_posix.cc:71] Other threads are currently calling into gRPC, skipping fork() handlers
I1002 09:29:21.099959 4291698 fork_posix.cc:71] Other threads are currently calling into gRPC, skipping fork() handlers
I1002 09:29:21.139078 4291698 fork_posix.cc:71] Other threads are currently calling into gRPC, skipping fork() handlers
I1002 09:29:21.191921 4291698 fork_posix.cc:71] Other threads are currently calling into gRPC, skipping fork() handlers
I1002 09:29:21.258981 4291698 fork_posix.cc:71] Other threads are currently calling into gRPC, skipping fork() handlers
I1002 09:29:21.352534 4291698 fork_posix.cc:71] Other threads are currently calling into gRPC, skipping fork() handlers
I1002 09:29:38.959671 4532696 ev_poll_posix.cc:587] FD from fork parent still in poll list: fd(6, generation: 1)
I1002 09:29:41.390456 4291698 fork_posix.cc:71] Other threads are currently calling into gRPC, skipping fork() handlers
I1002 09:29:41.492632 4291698 fork_posix.cc:71] Other threads are currently calling into gRPC, skipping fork() handlers
I1002 09:29:41.552568 4291698 fork_posix.cc:71] Other threads are currently calling into gRPC, skipping fork() handlers
I1002 09:29:41.600258 4291698 fork_posix.cc:71] Other threads are currently calling into gRPC, skipping fork() handlers
I1002 09:29:41.646174 4291698 fork_posix.cc:71] Other threads are currently calling into gRPC, skipping fork() handlers
I1002 09:29:41.736410 4291698 fork_posix.cc:71] Other threads are currently calling into gRPC, skipping fork() handlers
I1002 09:29:41.792573 4291698 fork_posix.cc:71] Other threads are currently calling into gRPC, skipping fork() handlers
I1002 09:29:41.838101 4291698 fork_posix.cc:71] Other threads are currently calling into gRPC, skipping fork() handlers
I1002 09:29:41.879829 4291698 fork_posix.cc:71] Other threads are currently calling into gRPC, skipping fork() handlers
I1002 09:30:02.983894 4291698 fork_posix.cc:71] Other threads are currently calling into gRPC, skipping fork() handlers
I1002 09:30:03.033811 4291698 fork_posix.cc:71] Other threads are currently calling into gRPC, skipping fork() handlers
I1002 09:30:03.084367 4291698 fork_posix.cc:71] Other threads are currently calling into gRPC, skipping fork() handlers
I1002 09:30:03.140495 4291698 fork_posix.cc:71] Other threads are currently calling into gRPC, skipping fork() handlers
I1002 09:30:03.193533 4291698 fork_posix.cc:71] Other threads are currently calling into gRPC, skipping fork() handlers
I1002 09:30:03.235106 4291698 fork_posix.cc:71] Other threads are currently calling into gRPC, skipping fork() handlers
I1002 09:30:03.309884 4291698 fork_posix.cc:71] Other threads are currently calling into gRPC, skipping fork() handlers
I1002 09:30:03.350930 4291698 fork_posix.cc:71] Other threads are currently calling into gRPC, skipping fork() handlers
I1002 09:30:03.407219 4291698 fork_posix.cc:71] Other threads are currently calling into gRPC, skipping fork() handlers
I1002 09:30:03.464809 4291698 fork_posix.cc:71] Other threads are currently calling into gRPC, skipping fork() handlers
I1002 09:30:03.527832 4291698 fork_posix.cc:71] Other threads are currently calling into gRPC, skipping fork() handlers
I1002 09:30:03.583373 4291698 fork_posix.cc:71] Other threads are currently calling into gRPC, skipping fork() handlers
I1002 09:30:03.634083 4291698 fork_posix.cc:71] Other threads are currently calling into gRPC, skipping fork() handlers
I1002 09:30:03.717831 4291698 fork_posix.cc:71] Other threads are currently calling into gRPC, skipping fork() handlers
I1002 09:30:03.794016 4291698 fork_posix.cc:71] Other threads are currently calling into gRPC, skipping fork() handlers
I1002 09:30:03.844452 4291698 fork_posix.cc:71] Other threads are currently calling into gRPC, skipping fork() handlers
I1002 09:30:03.899458 4291698 fork_posix.cc:71] Other threads are currently calling into gRPC, skipping fork() handlers
I1002 09:30:03.949011 4291698 fork_posix.cc:71] Other threads are currently calling into gRPC, skipping fork() handlers
I1002 09:30:04.005950 4291698 fork_posix.cc:71] Other threads are currently calling into gRPC, skipping fork() handlers
I1002 09:30:04.066856 4291698 fork_posix.cc:71] Other threads are currently calling into gRPC, skipping fork() handlers
I1002 09:30:04.110179 4291698 fork_posix.cc:71] Other threads are currently calling into gRPC, skipping fork() handlers
I1002 09:30:04.152599 4291698 fork_posix.cc:71] Other threads are currently calling into gRPC, skipping fork() handlers
I1002 09:30:04.197013 4291698 fork_posix.cc:71] Other threads are currently calling into gRPC, skipping fork() handlers
I1002 09:30:04.261249 4291698 fork_posix.cc:71] Other threads are currently calling into gRPC, skipping fork() handlers
I1002 09:30:04.328827 4291698 fork_posix.cc:71] Other threads are currently calling into gRPC, skipping fork() handlers
I1002 09:30:04.385927 4291698 fork_posix.cc:71] Other threads are currently calling into gRPC, skipping fork() handlers
I1002 09:30:04.451340 4291698 fork_posix.cc:71] Other threads are currently calling into gRPC, skipping fork() handlers
I1002 09:30:04.549845 4291698 fork_posix.cc:71] Other threads are currently calling into gRPC, skipping fork() handlers
I1002 09:30:04.616485 4291698 fork_posix.cc:71] Other threads are currently calling into gRPC, skipping fork() handlers
I1002 09:30:04.690889 4291698 fork_posix.cc:71] Other threads are currently calling into gRPC, skipping fork() handlers
I1002 09:30:04.754996 4291698 fork_posix.cc:71] Other threads are currently calling into gRPC, skipping fork() handlers
I1002 09:30:04.823682 4291698 fork_posix.cc:71] Other threads are currently calling into gRPC, skipping fork() handlers
I1002 09:30:04.875529 4291698 fork_posix.cc:71] Other threads are currently calling into gRPC, skipping fork() handlers
I1002 09:30:04.931341 4291698 fork_posix.cc:71] Other threads are currently calling into gRPC, skipping fork() handlers
I1002 09:30:05.025000 4291698 fork_posix.cc:71] Other threads are currently calling into gRPC, skipping fork() handlers
I1002 09:30:05.085577 4291698 fork_posix.cc:71] Other threads are currently calling into gRPC, skipping fork() handlers
I1002 09:30:05.138718 4291698 fork_posix.cc:71] Other threads are currently calling into gRPC, skipping fork() handlers
I1002 09:30:05.146305 4555475 ev_poll_posix.cc:587] FD from fork parent still in poll list: fd(6, generation: 1)
I1002 09:30:05.188994 4291698 fork_posix.cc:71] Other threads are currently calling into gRPC, skipping fork() handlers
I1002 09:30:05.257464 4291698 fork_posix.cc:71] Other threads are currently calling into gRPC, skipping fork() handlers
I1002 09:30:05.347991 4291698 fork_posix.cc:71] Other threads are currently calling into gRPC, skipping fork() handlers
I1002 09:30:05.400442 4291698 fork_posix.cc:71] Other threads are currently calling into gRPC, skipping fork() handlers
I1002 09:30:05.456162 4291698 fork_posix.cc:71] Other threads are currently calling into gRPC, skipping fork() handlers
I1002 09:30:06.117540 4556141 ev_poll_posix.cc:587] FD from fork parent still in poll list: fd(6, generation: 1)
I1002 09:30:21.404627 4291698 fork_posix.cc:71] Other threads are currently calling into gRPC, skipping fork() handlers
I1002 09:30:21.446372 4291698 fork_posix.cc:71] Other threads are currently calling into gRPC, skipping fork() handlers
I1002 09:30:21.510414 4291698 fork_posix.cc:71] Other threads are currently calling into gRPC, skipping fork() handlers
I1002 09:30:21.574566 4291698 fork_posix.cc:71] Other threads are currently calling into gRPC, skipping fork() handlers
I1002 09:30:21.630368 4291698 fork_posix.cc:71] Other threads are currently calling into gRPC, skipping fork() handlers
I1002 09:30:21.684557 4291698 fork_posix.cc:71] Other threads are currently calling into gRPC, skipping fork() handlers
I1002 09:30:21.762208 4291698 fork_posix.cc:71] Other threads are currently calling into gRPC, skipping fork() handlers
I1002 09:30:21.831024 4291698 fork_posix.cc:71] Other threads are currently calling into gRPC, skipping fork() handlers
I1002 09:30:21.882509 4291698 fork_posix.cc:71] Other threads are currently calling into gRPC, skipping fork() handlers
I1002 09:30:21.953346 4291698 fork_posix.cc:71] Other threads are currently calling into gRPC, skipping fork() handlers
I1002 09:30:22.028274 4291698 fork_posix.cc:71] Other threads are currently calling into gRPC, skipping fork() handlers
I1002 09:30:22.074349 4291698 fork_posix.cc:71] Other threads are currently calling into gRPC, skipping fork() handlers
I1002 09:30:22.127617 4291698 fork_posix.cc:71] Other threads are currently calling into gRPC, skipping fork() handlers
I1002 09:30:22.167561 4291698 fork_posix.cc:71] Other threads are currently calling into gRPC, skipping fork() handlers
I1002 09:30:22.237979 4291698 fork_posix.cc:71] Other threads are currently calling into gRPC, skipping fork() handlers
I1002 09:30:22.288282 4291698 fork_posix.cc:71] Other threads are currently calling into gRPC, skipping fork() handlers
I1002 09:30:22.381729 4569855 ev_poll_posix.cc:587] FD from fork parent still in poll list: fd(6, generation: 1)
I1002 09:30:26.265342 4573086 ev_poll_posix.cc:587] FD from fork parent still in poll list: fd(6, generation: 1)
I1002 09:30:30.504043 4291698 fork_posix.cc:71] Other threads are currently calling into gRPC, skipping fork() handlers
I1002 09:30:30.589352 4291698 fork_posix.cc:71] Other threads are currently calling into gRPC, skipping fork() handlers
I1002 09:30:30.640429 4291698 fork_posix.cc:71] Other threads are currently calling into gRPC, skipping fork() handlers
I1002 09:30:30.687323 4291698 fork_posix.cc:71] Other threads are currently calling into gRPC, skipping fork() handlers
I1002 09:30:30.735413 4291698 fork_posix.cc:71] Other threads are currently calling into gRPC, skipping fork() handlers
I1002 09:30:30.779740 4291698 fork_posix.cc:71] Other threads are currently calling into gRPC, skipping fork() handlers
I1002 09:30:30.819504 4291698 fork_posix.cc:71] Other threads are currently calling into gRPC, skipping fork() handlers
I1002 09:30:30.894180 4291698 fork_posix.cc:71] Other threads are currently calling into gRPC, skipping fork() handlers
I1002 09:30:30.937134 4291698 fork_posix.cc:71] Other threads are currently calling into gRPC, skipping fork() handlers
I1002 09:30:30.980228 4291698 fork_posix.cc:71] Other threads are currently calling into gRPC, skipping fork() handlers
I1002 09:30:31.022653 4291698 fork_posix.cc:71] Other threads are currently calling into gRPC, skipping fork() handlers
I1002 09:30:31.063299 4291698 fork_posix.cc:71] Other threads are currently calling into gRPC, skipping fork() handlers
I1002 09:30:31.104190 4291698 fork_posix.cc:71] Other threads are currently calling into gRPC, skipping fork() handlers
I1002 09:30:31.144451 4291698 fork_posix.cc:71] Other threads are currently calling into gRPC, skipping fork() handlers
I1002 09:30:31.185100 4291698 fork_posix.cc:71] Other threads are currently calling into gRPC, skipping fork() handlers
I1002 09:30:31.246459 4291698 fork_posix.cc:71] Other threads are currently calling into gRPC, skipping fork() handlers
I1002 09:30:31.281174 4291698 fork_posix.cc:71] Other threads are currently calling into gRPC, skipping fork() handlers
I1002 09:30:31.321822 4291698 fork_posix.cc:71] Other threads are currently calling into gRPC, skipping fork() handlers
I1002 09:30:31.359722 4291698 fork_posix.cc:71] Other threads are currently calling into gRPC, skipping fork() handlers
I1002 09:30:31.402150 4291698 fork_posix.cc:71] Other threads are currently calling into gRPC, skipping fork() handlers
I1002 09:30:31.441704 4291698 fork_posix.cc:71] Other threads are currently calling into gRPC, skipping fork() handlers
I1002 09:30:31.480863 4291698 fork_posix.cc:71] Other threads are currently calling into gRPC, skipping fork() handlers
I1002 09:30:31.520969 4291698 fork_posix.cc:71] Other threads are currently calling into gRPC, skipping fork() handlers
I1002 09:30:31.560484 4291698 fork_posix.cc:71] Other threads are currently calling into gRPC, skipping fork() handlers
/Users/alexy/src/sail-pecan-integrated/.venv/lib/python3.12/site-packages/pyspark/sql/connect/expressions.py:1091: UserWarning: WARN WindowExpression: No Partition Defined for Window operation! Moving all data to a single partition, this can cause serious performance degradation.
  warnings.warn(
I1002 09:30:48.394567 4291698 fork_posix.cc:71] Other threads are currently calling into gRPC, skipping fork() handlers
I1002 09:30:48.429211 4291698 fork_posix.cc:71] Other threads are currently calling into gRPC, skipping fork() handlers
I1002 09:30:48.497825 4291698 fork_posix.cc:71] Other threads are currently calling into gRPC, skipping fork() handlers
I1002 09:30:48.534936 4291698 fork_posix.cc:71] Other threads are currently calling into gRPC, skipping fork() handlers
I1002 09:30:48.574393 4291698 fork_posix.cc:71] Other threads are currently calling into gRPC, skipping fork() handlers
I1002 09:30:48.647946 4291698 fork_posix.cc:71] Other threads are currently calling into gRPC, skipping fork() handlers
I1002 09:30:48.697602 4291698 fork_posix.cc:71] Other threads are currently calling into gRPC, skipping fork() handlers
I1002 09:30:48.737105 4291698 fork_posix.cc:71] Other threads are currently calling into gRPC, skipping fork() handlers
I1002 09:30:48.776344 4291698 fork_posix.cc:71] Other threads are currently calling into gRPC, skipping fork() handlers
I1002 09:30:48.813883 4291698 fork_posix.cc:71] Other threads are currently calling into gRPC, skipping fork() handlers
I1002 09:30:48.853917 4291698 fork_posix.cc:71] Other threads are currently calling into gRPC, skipping fork() handlers
I1002 09:30:48.893050 4291698 fork_posix.cc:71] Other threads are currently calling into gRPC, skipping fork() handlers
I1002 09:30:48.932699 4291698 fork_posix.cc:71] Other threads are currently calling into gRPC, skipping fork() handlers
I1002 09:30:48.971962 4291698 fork_posix.cc:71] Other threads are currently calling into gRPC, skipping fork() handlers
I1002 09:30:49.011109 4291698 fork_posix.cc:71] Other threads are currently calling into gRPC, skipping fork() handlers
I1002 09:30:49.276534 4291698 fork_posix.cc:71] Other threads are currently calling into gRPC, skipping fork() handlers
I1002 09:30:49.322883 4291698 fork_posix.cc:71] Other threads are currently calling into gRPC, skipping fork() handlers
I1002 09:30:49.394400 4291698 fork_posix.cc:71] Other threads are currently calling into gRPC, skipping fork() handlers
I1002 09:30:49.446885 4291698 fork_posix.cc:71] Other threads are currently calling into gRPC, skipping fork() handlers
I1002 09:30:49.507898 4291698 fork_posix.cc:71] Other threads are currently calling into gRPC, skipping fork() handlers
I1002 09:30:49.555518 4291698 fork_posix.cc:71] Other threads are currently calling into gRPC, skipping fork() handlers
I1002 09:30:49.609314 4291698 fork_posix.cc:71] Other threads are currently calling into gRPC, skipping fork() handlers
I1002 09:30:49.647901 4291698 fork_posix.cc:71] Other threads are currently calling into gRPC, skipping fork() handlers
I1002 09:30:49.691551 4291698 fork_posix.cc:71] Other threads are currently calling into gRPC, skipping fork() handlers
I1002 09:30:49.749150 4291698 fork_posix.cc:71] Other threads are currently calling into gRPC, skipping fork() handlers
I1002 09:30:49.819707 4291659 fork_posix.cc:71] Other threads are currently calling into gRPC, skipping fork() handlers
I1002 09:31:09.739859 4291698 fork_posix.cc:71] Other threads are currently calling into gRPC, skipping fork() handlers
I1002 09:31:09.775883 4291698 fork_posix.cc:71] Other threads are currently calling into gRPC, skipping fork() handlers
I1002 09:31:09.811351 4291698 fork_posix.cc:71] Other threads are currently calling into gRPC, skipping fork() handlers
I1002 09:31:09.858541 4291698 fork_posix.cc:71] Other threads are currently calling into gRPC, skipping fork() handlers
I1002 09:31:09.923518 4291698 fork_posix.cc:71] Other threads are currently calling into gRPC, skipping fork() handlers
I1002 09:31:09.990528 4291698 fork_posix.cc:71] Other threads are currently calling into gRPC, skipping fork() handlers
I1002 09:31:10.049249 4291698 fork_posix.cc:71] Other threads are currently calling into gRPC, skipping fork() handlers
I1002 09:31:10.102779 4291698 fork_posix.cc:71] Other threads are currently calling into gRPC, skipping fork() handlers
I1002 09:31:10.165864 4291698 fork_posix.cc:71] Other threads are currently calling into gRPC, skipping fork() handlers
I1002 09:31:10.206815 4291698 fork_posix.cc:71] Other threads are currently calling into gRPC, skipping fork() handlers
I1002 09:31:10.252692 4291698 fork_posix.cc:71] Other threads are currently calling into gRPC, skipping fork() handlers
I1002 09:31:10.291507 4291698 fork_posix.cc:71] Other threads are currently calling into gRPC, skipping fork() handlers
I1002 09:31:10.330220 4291698 fork_posix.cc:71] Other threads are currently calling into gRPC, skipping fork() handlers
I1002 09:31:10.370971 4291698 fork_posix.cc:71] Other threads are currently calling into gRPC, skipping fork() handlers
I1002 09:31:10.409881 4291698 fork_posix.cc:71] Other threads are currently calling into gRPC, skipping fork() handlers
I1002 09:31:10.452103 4291698 fork_posix.cc:71] Other threads are currently calling into gRPC, skipping fork() handlers
I1002 09:31:10.490144 4291698 fork_posix.cc:71] Other threads are currently calling into gRPC, skipping fork() handlers
I1002 09:31:10.535742 4291698 fork_posix.cc:71] Other threads are currently calling into gRPC, skipping fork() handlers
I1002 09:31:10.578689 4291698 fork_posix.cc:71] Other threads are currently calling into gRPC, skipping fork() handlers
I1002 09:31:10.615714 4291698 fork_posix.cc:71] Other threads are currently calling into gRPC, skipping fork() handlers
I1002 09:31:10.659609 4291698 fork_posix.cc:71] Other threads are currently calling into gRPC, skipping fork() handlers
I1002 09:31:10.691393 4291698 fork_posix.cc:71] Other threads are currently calling into gRPC, skipping fork() handlers
I1002 09:31:10.731556 4291698 fork_posix.cc:71] Other threads are currently calling into gRPC, skipping fork() handlers
I1002 09:31:10.804766 4291698 fork_posix.cc:71] Other threads are currently calling into gRPC, skipping fork() handlers
I1002 09:31:10.844953 4291698 fork_posix.cc:71] Other threads are currently calling into gRPC, skipping fork() handlers
I1002 09:31:10.912376 4291698 fork_posix.cc:71] Other threads are currently calling into gRPC, skipping fork() handlers
I1002 09:31:10.952621 4291698 fork_posix.cc:71] Other threads are currently calling into gRPC, skipping fork() handlers
I1002 09:31:10.985293 4291698 fork_posix.cc:71] Other threads are currently calling into gRPC, skipping fork() handlers
I1002 09:31:11.020238 4291698 fork_posix.cc:71] Other threads are currently calling into gRPC, skipping fork() handlers
I1002 09:31:11.060224 4291698 fork_posix.cc:71] Other threads are currently calling into gRPC, skipping fork() handlers
I1002 09:31:11.103872 4291698 fork_posix.cc:71] Other threads are currently calling into gRPC, skipping fork() handlers
I1002 09:31:11.144205 4291698 fork_posix.cc:71] Other threads are currently calling into gRPC, skipping fork() handlers
I1002 09:31:11.184724 4291698 fork_posix.cc:71] Other threads are currently calling into gRPC, skipping fork() handlers
I1002 09:31:11.226506 4291698 fork_posix.cc:71] Other threads are currently calling into gRPC, skipping fork() handlers
I1002 09:31:11.263656 4291698 fork_posix.cc:71] Other threads are currently calling into gRPC, skipping fork() handlers
/Users/alexy/src/sail-pecan-integrated/.venv/lib/python3.12/site-packages/pyspark/sql/connect/expressions.py:1091: UserWarning: WARN WindowExpression: No Partition Defined for Window operation! Moving all data to a single partition, this can cause serious performance degradation.
  warnings.warn(
I1002 09:31:27.649265 4291698 fork_posix.cc:71] Other threads are currently calling into gRPC, skipping fork() handlers
/Users/alexy/src/sail-pecan-integrated/.venv/lib/python3.12/site-packages/pyspark/sql/connect/expressions.py:1091: UserWarning: WARN WindowExpression: No Partition Defined for Window operation! Moving all data to a single partition, this can cause serious performance degradation.
  warnings.warn(
I1002 09:31:27.690078 4291698 fork_posix.cc:71] Other threads are currently calling into gRPC, skipping fork() handlers
I1002 09:31:27.730249 4291698 fork_posix.cc:71] Other threads are currently calling into gRPC, skipping fork() handlers
I1002 09:31:27.770563 4291698 fork_posix.cc:71] Other threads are currently calling into gRPC, skipping fork() handlers
I1002 09:31:27.805340 4291698 fork_posix.cc:71] Other threads are currently calling into gRPC, skipping fork() handlers
I1002 09:31:27.844771 4291698 fork_posix.cc:71] Other threads are currently calling into gRPC, skipping fork() handlers
I1002 09:31:27.916472 4291698 fork_posix.cc:71] Other threads are currently calling into gRPC, skipping fork() handlers
I1002 09:31:27.954155 4291698 fork_posix.cc:71] Other threads are currently calling into gRPC, skipping fork() handlers
I1002 09:31:27.994224 4291698 fork_posix.cc:71] Other threads are currently calling into gRPC, skipping fork() handlers
I1002 09:31:28.030396 4291698 fork_posix.cc:71] Other threads are currently calling into gRPC, skipping fork() handlers
I1002 09:31:28.093923 4291698 fork_posix.cc:71] Other threads are currently calling into gRPC, skipping fork() handlers
I1002 09:31:28.155730 4291698 fork_posix.cc:71] Other threads are currently calling into gRPC, skipping fork() handlers
I1002 09:31:28.197362 4291698 fork_posix.cc:71] Other threads are currently calling into gRPC, skipping fork() handlers
I1002 09:31:28.245823 4291698 fork_posix.cc:71] Other threads are currently calling into gRPC, skipping fork() handlers
I1002 09:31:28.292885 4291698 fork_posix.cc:71] Other threads are currently calling into gRPC, skipping fork() handlers
I1002 09:31:28.341825 4291698 fork_posix.cc:71] Other threads are currently calling into gRPC, skipping fork() handlers
I1002 09:31:28.386451 4291698 fork_posix.cc:71] Other threads are currently calling into gRPC, skipping fork() handlers
I1002 09:31:48.493093 4291698 fork_posix.cc:71] Other threads are currently calling into gRPC, skipping fork() handlers
I1002 09:31:48.536816 4291698 fork_posix.cc:71] Other threads are currently calling into gRPC, skipping fork() handlers
I1002 09:31:48.616756 4291698 fork_posix.cc:71] Other threads are currently calling into gRPC, skipping fork() handlers
I1002 09:31:48.684669 4291698 fork_posix.cc:71] Other threads are currently calling into gRPC, skipping fork() handlers
I1002 09:31:48.757716 4291698 fork_posix.cc:71] Other threads are currently calling into gRPC, skipping fork() handlers
I1002 09:31:48.809226 4291698 fork_posix.cc:71] Other threads are currently calling into gRPC, skipping fork() handlers
I1002 09:31:48.868815 4291698 fork_posix.cc:71] Other threads are currently calling into gRPC, skipping fork() handlers
I1002 09:31:48.926779 4291698 fork_posix.cc:71] Other threads are currently calling into gRPC, skipping fork() handlers
I1002 09:32:08.620841 4291698 fork_posix.cc:71] Other threads are currently calling into gRPC, skipping fork() handlers
I1002 09:32:08.660403 4291698 fork_posix.cc:71] Other threads are currently calling into gRPC, skipping fork() handlers
I1002 09:32:08.704706 4291698 fork_posix.cc:71] Other threads are currently calling into gRPC, skipping fork() handlers
I1002 09:32:08.750246 4291698 fork_posix.cc:71] Other threads are currently calling into gRPC, skipping fork() handlers
I1002 09:32:08.789649 4291698 fork_posix.cc:71] Other threads are currently calling into gRPC, skipping fork() handlers
I1002 09:32:08.830357 4291698 fork_posix.cc:71] Other threads are currently calling into gRPC, skipping fork() handlers
I1002 09:32:08.908637 4291698 fork_posix.cc:71] Other threads are currently calling into gRPC, skipping fork() handlers
I1002 09:32:08.955679 4291698 fork_posix.cc:71] Other threads are currently calling into gRPC, skipping fork() handlers
I1002 09:32:09.035187 4291698 fork_posix.cc:71] Other threads are currently calling into gRPC, skipping fork() handlers
I1002 09:32:09.104012 4291698 fork_posix.cc:71] Other threads are currently calling into gRPC, skipping fork() handlers
I1002 09:32:09.183537 4291698 fork_posix.cc:71] Other threads are currently calling into gRPC, skipping fork() handlers
I1002 09:32:09.237989 4291698 fork_posix.cc:71] Other threads are currently calling into gRPC, skipping fork() handlers
I1002 09:32:09.297189 4291698 fork_posix.cc:71] Other threads are currently calling into gRPC, skipping fork() handlers
I1002 09:32:09.344118 4291698 fork_posix.cc:71] Other threads are currently calling into gRPC, skipping fork() handlers
I1002 09:32:09.399717 4291698 fork_posix.cc:71] Other threads are currently calling into gRPC, skipping fork() handlers
I1002 09:32:09.460603 4291698 fork_posix.cc:71] Other threads are currently calling into gRPC, skipping fork() handlers
I1002 09:32:09.517117 4291698 fork_posix.cc:71] Other threads are currently calling into gRPC, skipping fork() handlers
I1002 09:32:09.555719 4291698 fork_posix.cc:71] Other threads are currently calling into gRPC, skipping fork() handlers
I1002 09:32:09.597130 4291698 fork_posix.cc:71] Other threads are currently calling into gRPC, skipping fork() handlers
I1002 09:32:09.638762 4291698 fork_posix.cc:71] Other threads are currently calling into gRPC, skipping fork() handlers
I1002 09:32:09.678180 4291698 fork_posix.cc:71] Other threads are currently calling into gRPC, skipping fork() handlers
I1002 09:32:09.726827 4291698 fork_posix.cc:71] Other threads are currently calling into gRPC, skipping fork() handlers
I1002 09:32:09.780580 4291698 fork_posix.cc:71] Other threads are currently calling into gRPC, skipping fork() handlers
I1002 09:32:17.707644 4672487 ev_poll_posix.cc:587] FD from fork parent still in poll list: fd(6, generation: 1)
I1002 09:32:24.097396 4678252 ev_poll_posix.cc:587] FD from fork parent still in poll list: fd(6, generation: 1)
I1002 09:32:25.208205 4679329 ev_poll_posix.cc:587] FD from fork parent still in poll list: fd(6, generation: 1)
I1002 09:32:25.686471 4291698 fork_posix.cc:71] Other threads are currently calling into gRPC, skipping fork() handlers
I1002 09:32:25.726159 4291698 fork_posix.cc:71] Other threads are currently calling into gRPC, skipping fork() handlers
I1002 09:32:25.779681 4291698 fork_posix.cc:71] Other threads are currently calling into gRPC, skipping fork() handlers
I1002 09:32:25.844841 4291698 fork_posix.cc:71] Other threads are currently calling into gRPC, skipping fork() handlers
I1002 09:32:25.951165 4291698 fork_posix.cc:71] Other threads are currently calling into gRPC, skipping fork() handlers
I1002 09:32:26.039356 4291698 fork_posix.cc:71] Other threads are currently calling into gRPC, skipping fork() handlers
I1002 09:32:26.087762 4291698 fork_posix.cc:71] Other threads are currently calling into gRPC, skipping fork() handlers
I1002 09:32:26.167352 4291698 fork_posix.cc:71] Other threads are currently calling into gRPC, skipping fork() handlers
I1002 09:32:26.219142 4291698 fork_posix.cc:71] Other threads are currently calling into gRPC, skipping fork() handlers
I1002 09:32:26.286943 4291698 fork_posix.cc:71] Other threads are currently calling into gRPC, skipping fork() handlers
I1002 09:32:26.373901 4291698 fork_posix.cc:71] Other threads are currently calling into gRPC, skipping fork() handlers
I1002 09:32:26.440544 4291698 fork_posix.cc:71] Other threads are currently calling into gRPC, skipping fork() handlers
I1002 09:32:26.523460 4291698 fork_posix.cc:71] Other threads are currently calling into gRPC, skipping fork() handlers
I1002 09:32:26.542186 4680390 ev_poll_posix.cc:587] FD from fork parent still in poll list: fd(6, generation: 1)
I1002 09:32:26.612258 4291698 fork_posix.cc:71] Other threads are currently calling into gRPC, skipping fork() handlers
I1002 09:32:26.669787 4291698 fork_posix.cc:71] Other threads are currently calling into gRPC, skipping fork() handlers
I1002 09:32:26.737654 4291698 fork_posix.cc:71] Other threads are currently calling into gRPC, skipping fork() handlers
I1002 09:32:26.809064 4291698 fork_posix.cc:71] Other threads are currently calling into gRPC, skipping fork() handlers
I1002 09:32:26.856504 4291698 fork_posix.cc:71] Other threads are currently calling into gRPC, skipping fork() handlers
I1002 09:32:26.938151 4291698 fork_posix.cc:71] Other threads are currently calling into gRPC, skipping fork() handlers
I1002 09:32:26.974124 4291698 fork_posix.cc:71] Other threads are currently calling into gRPC, skipping fork() handlers
I1002 09:32:27.034863 4291698 fork_posix.cc:71] Other threads are currently calling into gRPC, skipping fork() handlers
I1002 09:32:27.092057 4291698 fork_posix.cc:71] Other threads are currently calling into gRPC, skipping fork() handlers
I1002 09:32:27.140570 4291698 fork_posix.cc:71] Other threads are currently calling into gRPC, skipping fork() handlers
I1002 09:32:28.504535 4681581 ev_poll_posix.cc:587] FD from fork parent still in poll list: fd(6, generation: 1)
I1002 09:32:29.045076 4682046 ev_poll_posix.cc:587] FD from fork parent still in poll list: fd(6, generation: 1)
I1002 09:32:36.348265 4291698 fork_posix.cc:71] Other threads are currently calling into gRPC, skipping fork() handlers
I1002 09:32:36.393135 4291698 fork_posix.cc:71] Other threads are currently calling into gRPC, skipping fork() handlers
I1002 09:32:36.435123 4291698 fork_posix.cc:71] Other threads are currently calling into gRPC, skipping fork() handlers
I1002 09:32:36.471006 4291698 fork_posix.cc:71] Other threads are currently calling into gRPC, skipping fork() handlers
I1002 09:32:36.507538 4291698 fork_posix.cc:71] Other threads are currently calling into gRPC, skipping fork() handlers
I1002 09:32:36.547453 4291698 fork_posix.cc:71] Other threads are currently calling into gRPC, skipping fork() handlers
I1002 09:32:36.586165 4291698 fork_posix.cc:71] Other threads are currently calling into gRPC, skipping fork() handlers
I1002 09:32:36.619793 4291698 fork_posix.cc:71] Other threads are currently calling into gRPC, skipping fork() handlers
I1002 09:32:36.657413 4291698 fork_posix.cc:71] Other threads are currently calling into gRPC, skipping fork() handlers
I1002 09:32:36.697296 4291698 fork_posix.cc:71] Other threads are currently calling into gRPC, skipping fork() handlers
I1002 09:32:36.736789 4291698 fork_posix.cc:71] Other threads are currently calling into gRPC, skipping fork() handlers
I1002 09:32:36.776504 4291698 fork_posix.cc:71] Other threads are currently calling into gRPC, skipping fork() handlers
I1002 09:32:36.818051 4291698 fork_posix.cc:71] Other threads are currently calling into gRPC, skipping fork() handlers
I1002 09:32:36.858027 4291698 fork_posix.cc:71] Other threads are currently calling into gRPC, skipping fork() handlers
I1002 09:32:36.897969 4291698 fork_posix.cc:71] Other threads are currently calling into gRPC, skipping fork() handlers
I1002 09:32:36.934646 4291698 fork_posix.cc:71] Other threads are currently calling into gRPC, skipping fork() handlers
I1002 09:32:36.974677 4291698 fork_posix.cc:71] Other threads are currently calling into gRPC, skipping fork() handlers
I1002 09:32:37.014794 4291698 fork_posix.cc:71] Other threads are currently calling into gRPC, skipping fork() handlers
I1002 09:32:37.051594 4291698 fork_posix.cc:71] Other threads are currently calling into gRPC, skipping fork() handlers
I1002 09:32:37.091639 4291698 fork_posix.cc:71] Other threads are currently calling into gRPC, skipping fork() handlers
I1002 09:32:37.131447 4291698 fork_posix.cc:71] Other threads are currently calling into gRPC, skipping fork() handlers
I1002 09:32:37.170781 4291698 fork_posix.cc:71] Other threads are currently calling into gRPC, skipping fork() handlers
I1002 09:32:37.211081 4291698 fork_posix.cc:71] Other threads are currently calling into gRPC, skipping fork() handlers
I1002 09:32:37.242235 4291698 fork_posix.cc:71] Other threads are currently calling into gRPC, skipping fork() handlers
I1002 09:32:37.310721 4291698 fork_posix.cc:71] Other threads are currently calling into gRPC, skipping fork() handlers
I1002 09:32:37.348547 4291659 fork_posix.cc:71] Other threads are currently calling into gRPC, skipping fork() handlers
/Users/alexy/src/sail-pecan-integrated/.venv/lib/python3.12/site-packages/pyspark/sql/connect/expressions.py:1091: UserWarning: WARN WindowExpression: No Partition Defined for Window operation! Moving all data to a single partition, this can cause serious performance degradation.
  warnings.warn(
I1002 09:32:55.522790 4291698 fork_posix.cc:71] Other threads are currently calling into gRPC, skipping fork() handlers
I1002 09:32:55.579279 4291698 fork_posix.cc:71] Other threads are currently calling into gRPC, skipping fork() handlers
I1002 09:32:55.624898 4291698 fork_posix.cc:71] Other threads are currently calling into gRPC, skipping fork() handlers
I1002 09:32:55.699970 4291698 fork_posix.cc:71] Other threads are currently calling into gRPC, skipping fork() handlers
I1002 09:32:55.739321 4291698 fork_posix.cc:71] Other threads are currently calling into gRPC, skipping fork() handlers
I1002 09:32:55.775444 4291698 fork_posix.cc:71] Other threads are currently calling into gRPC, skipping fork() handlers
I1002 09:32:55.814525 4291698 fork_posix.cc:71] Other threads are currently calling into gRPC, skipping fork() handlers
I1002 09:32:55.845978 4291698 fork_posix.cc:71] Other threads are currently calling into gRPC, skipping fork() handlers
I1002 09:32:55.881300 4291698 fork_posix.cc:71] Other threads are currently calling into gRPC, skipping fork() handlers
I1002 09:32:55.920853 4291698 fork_posix.cc:71] Other threads are currently calling into gRPC, skipping fork() handlers
I1002 09:32:55.959999 4291698 fork_posix.cc:71] Other threads are currently calling into gRPC, skipping fork() handlers
I1002 09:32:55.999718 4291698 fork_posix.cc:71] Other threads are currently calling into gRPC, skipping fork() handlers
I1002 09:32:56.034662 4291698 fork_posix.cc:71] Other threads are currently calling into gRPC, skipping fork() handlers
I1002 09:32:56.073852 4291698 fork_posix.cc:71] Other threads are currently calling into gRPC, skipping fork() handlers
I1002 09:32:56.114552 4291698 fork_posix.cc:71] Other threads are currently calling into gRPC, skipping fork() handlers
I1002 09:32:56.150749 4291698 fork_posix.cc:71] Other threads are currently calling into gRPC, skipping fork() handlers
I1002 09:32:56.523374 4291698 fork_posix.cc:71] Other threads are currently calling into gRPC, skipping fork() handlers
I1002 09:32:57.272360 4707955 ev_poll_posix.cc:587] FD from fork parent still in poll list: fd(6, generation: 1)
I1002 09:32:58.392030 4291698 fork_posix.cc:71] Other threads are currently calling into gRPC, skipping fork() handlers
I1002 09:32:58.449679 4291698 fork_posix.cc:71] Other threads are currently calling into gRPC, skipping fork() handlers
I1002 09:32:58.887621 4709311 ev_poll_posix.cc:587] FD from fork parent still in poll list: fd(6, generation: 1)
I1002 09:33:00.425665 4291698 fork_posix.cc:71] Other threads are currently calling into gRPC, skipping fork() handlers
I1002 09:33:00.461284 4291698 fork_posix.cc:71] Other threads are currently calling into gRPC, skipping fork() handlers
I1002 09:33:02.385585 4291698 fork_posix.cc:71] Other threads are currently calling into gRPC, skipping fork() handlers
I1002 09:33:02.395287 4291659 fork_posix.cc:71] Other threads are currently calling into gRPC, skipping fork() handlers
/Users/alexy/src/sail-pecan-integrated/.venv/lib/python3.12/site-packages/pyspark/sql/connect/expressions.py:1091: UserWarning: WARN WindowExpression: No Partition Defined for Window operation! Moving all data to a single partition, this can cause serious performance degradation.
  warnings.warn(
I1002 09:33:02.432096 4291698 fork_posix.cc:71] Other threads are currently calling into gRPC, skipping fork() handlers
I1002 09:33:02.472089 4291698 fork_posix.cc:71] Other threads are currently calling into gRPC, skipping fork() handlers
I1002 09:33:02.513819 4291698 fork_posix.cc:71] Other threads are currently calling into gRPC, skipping fork() handlers
I1002 09:33:02.549069 4291698 fork_posix.cc:71] Other threads are currently calling into gRPC, skipping fork() handlers
I1002 09:33:02.590639 4291698 fork_posix.cc:71] Other threads are currently calling into gRPC, skipping fork() handlers
/Users/alexy/src/sail-pecan-integrated/.venv/lib/python3.12/site-packages/pyspark/sql/connect/expressions.py:1091: UserWarning: WARN WindowExpression: No Partition Defined for Window operation! Moving all data to a single partition, this can cause serious performance degradation.
  warnings.warn(
I1002 09:33:04.405780 4291698 fork_posix.cc:71] Other threads are currently calling into gRPC, skipping fork() handlers
/Users/alexy/src/sail-pecan-integrated/.venv/lib/python3.12/site-packages/pyspark/sql/connect/expressions.py:1091: UserWarning: WARN WindowExpression: No Partition Defined for Window operation! Moving all data to a single partition, this can cause serious performance degradation.
  warnings.warn(
I1002 09:33:04.441529 4291698 fork_posix.cc:71] Other threads are currently calling into gRPC, skipping fork() handlers
I1002 09:33:04.482567 4291698 fork_posix.cc:71] Other threads are currently calling into gRPC, skipping fork() handlers
I1002 09:33:04.517619 4291698 fork_posix.cc:71] Other threads are currently calling into gRPC, skipping fork() handlers
I1002 09:33:04.557912 4291698 fork_posix.cc:71] Other threads are currently calling into gRPC, skipping fork() handlers
I1002 09:33:04.601173 4291698 fork_posix.cc:71] Other threads are currently calling into gRPC, skipping fork() handlers
I1002 09:33:04.638957 4291698 fork_posix.cc:71] Other threads are currently calling into gRPC, skipping fork() handlers
I1002 09:33:04.681142 4291698 fork_posix.cc:71] Other threads are currently calling into gRPC, skipping fork() handlers
I1002 09:33:06.718132 4291698 fork_posix.cc:71] Other threads are currently calling into gRPC, skipping fork() handlers
I1002 09:33:06.779782 4291698 fork_posix.cc:71] Other threads are currently calling into gRPC, skipping fork() handlers
I1002 09:33:06.823352 4291698 fork_posix.cc:71] Other threads are currently calling into gRPC, skipping fork() handlers
I1002 09:33:06.874318 4291698 fork_posix.cc:71] Other threads are currently calling into gRPC, skipping fork() handlers
I1002 09:33:06.911740 4291698 fork_posix.cc:71] Other threads are currently calling into gRPC, skipping fork() handlers
I1002 09:33:06.952183 4291698 fork_posix.cc:71] Other threads are currently calling into gRPC, skipping fork() handlers
I1002 09:33:06.993340 4291698 fork_posix.cc:71] Other threads are currently calling into gRPC, skipping fork() handlers
I1002 09:33:07.033553 4291698 fork_posix.cc:71] Other threads are currently calling into gRPC, skipping fork() handlers
I1002 09:33:07.069288 4291698 fork_posix.cc:71] Other threads are currently calling into gRPC, skipping fork() handlers
I1002 09:33:07.110888 4291698 fork_posix.cc:71] Other threads are currently calling into gRPC, skipping fork() handlers
I1002 09:33:07.150857 4291698 fork_posix.cc:71] Other threads are currently calling into gRPC, skipping fork() handlers
I1002 09:33:07.193185 4291698 fork_posix.cc:71] Other threads are currently calling into gRPC, skipping fork() handlers
I1002 09:33:07.239867 4291698 fork_posix.cc:71] Other threads are currently calling into gRPC, skipping fork() handlers
I1002 09:33:07.289593 4291698 fork_posix.cc:71] Other threads are currently calling into gRPC, skipping fork() handlers
I1002 09:33:07.325666 4291698 fork_posix.cc:71] Other threads are currently calling into gRPC, skipping fork() handlers
I1002 09:33:07.367900 4291698 fork_posix.cc:71] Other threads are currently calling into gRPC, skipping fork() handlers
I1002 09:33:07.412698 4291698 fork_posix.cc:71] Other threads are currently calling into gRPC, skipping fork() handlers
I1002 09:33:07.449287 4291698 fork_posix.cc:71] Other threads are currently calling into gRPC, skipping fork() handlers
I1002 09:33:07.492335 4291698 fork_posix.cc:71] Other threads are currently calling into gRPC, skipping fork() handlers
I1002 09:33:07.543464 4291698 fork_posix.cc:71] Other threads are currently calling into gRPC, skipping fork() handlers
I1002 09:33:07.584337 4291698 fork_posix.cc:71] Other threads are currently calling into gRPC, skipping fork() handlers
I1002 09:33:07.627547 4291698 fork_posix.cc:71] Other threads are currently calling into gRPC, skipping fork() handlers
I1002 09:33:07.667263 4291698 fork_posix.cc:71] Other threads are currently calling into gRPC, skipping fork() handlers
I1002 09:33:07.709194 4291698 fork_posix.cc:71] Other threads are currently calling into gRPC, skipping fork() handlers
/Users/alexy/src/sail-pecan-integrated/.venv/lib/python3.12/site-packages/pyspark/sql/connect/expressions.py:1091: UserWarning: WARN WindowExpression: No Partition Defined for Window operation! Moving all data to a single partition, this can cause serious performance degradation.
  warnings.warn(
/Users/alexy/src/sail-pecan-integrated/.venv/lib/python3.12/site-packages/pyspark/sql/connect/expressions.py:1091: UserWarning: WARN WindowExpression: No Partition Defined for Window operation! Moving all data to a single partition, this can cause serious performance degradation.
  warnings.warn(
I1002 09:33:25.381746 4291698 fork_posix.cc:71] Other threads are currently calling into gRPC, skipping fork() handlers
I1002 09:33:25.425211 4291698 fork_posix.cc:71] Other threads are currently calling into gRPC, skipping fork() handlers
I1002 09:33:25.475154 4291698 fork_posix.cc:71] Other threads are currently calling into gRPC, skipping fork() handlers
I1002 09:33:25.532179 4291698 fork_posix.cc:71] Other threads are currently calling into gRPC, skipping fork() handlers
I1002 09:33:25.583054 4291698 fork_posix.cc:71] Other threads are currently calling into gRPC, skipping fork() handlers
/Users/alexy/src/sail-pecan-integrated/.venv/lib/python3.12/site-packages/pyspark/sql/connect/expressions.py:1091: UserWarning: WARN WindowExpression: No Partition Defined for Window operation! Moving all data to a single partition, this can cause serious performance degradation.
  warnings.warn(
I1002 09:33:27.301054 4291698 fork_posix.cc:71] Other threads are currently calling into gRPC, skipping fork() handlers
I1002 09:33:27.340890 4291698 fork_posix.cc:71] Other threads are currently calling into gRPC, skipping fork() handlers
I1002 09:33:27.374859 4291698 fork_posix.cc:71] Other threads are currently calling into gRPC, skipping fork() handlers
I1002 09:33:27.414918 4291698 fork_posix.cc:71] Other threads are currently calling into gRPC, skipping fork() handlers
I1002 09:33:27.455337 4291698 fork_posix.cc:71] Other threads are currently calling into gRPC, skipping fork() handlers
I1002 09:33:27.495158 4291698 fork_posix.cc:71] Other threads are currently calling into gRPC, skipping fork() handlers
I1002 09:33:27.534945 4291698 fork_posix.cc:71] Other threads are currently calling into gRPC, skipping fork() handlers
I1002 09:33:29.172921 4291698 fork_posix.cc:71] Other threads are currently calling into gRPC, skipping fork() handlers
I1002 09:33:29.263888 4291698 fork_posix.cc:71] Other threads are currently calling into gRPC, skipping fork() handlers
I1002 09:33:29.302925 4291698 fork_posix.cc:71] Other threads are currently calling into gRPC, skipping fork() handlers
I1002 09:33:29.340889 4291698 fork_posix.cc:71] Other threads are currently calling into gRPC, skipping fork() handlers
I1002 09:33:29.387980 4291698 fork_posix.cc:71] Other threads are currently calling into gRPC, skipping fork() handlers
I1002 09:33:29.428933 4291698 fork_posix.cc:71] Other threads are currently calling into gRPC, skipping fork() handlers
I1002 09:33:29.469132 4291698 fork_posix.cc:71] Other threads are currently calling into gRPC, skipping fork() handlers
I1002 09:33:29.509432 4291698 fork_posix.cc:71] Other threads are currently calling into gRPC, skipping fork() handlers
I1002 09:33:29.542900 4291698 fork_posix.cc:71] Other threads are currently calling into gRPC, skipping fork() handlers
I1002 09:33:29.582005 4291698 fork_posix.cc:71] Other threads are currently calling into gRPC, skipping fork() handlers
I1002 09:33:29.658066 4291698 fork_posix.cc:71] Other threads are currently calling into gRPC, skipping fork() handlers
I1002 09:33:29.698609 4291698 fork_posix.cc:71] Other threads are currently calling into gRPC, skipping fork() handlers
I1002 09:33:29.742252 4291698 fork_posix.cc:71] Other threads are currently calling into gRPC, skipping fork() handlers
I1002 09:33:29.784827 4291698 fork_posix.cc:71] Other threads are currently calling into gRPC, skipping fork() handlers
I1002 09:33:29.819093 4291698 fork_posix.cc:71] Other threads are currently calling into gRPC, skipping fork() handlers
I1002 09:33:29.885142 4291698 fork_posix.cc:71] Other threads are currently calling into gRPC, skipping fork() handlers
I1002 09:33:29.924694 4291698 fork_posix.cc:71] Other threads are currently calling into gRPC, skipping fork() handlers
I1002 09:33:29.959517 4291698 fork_posix.cc:71] Other threads are currently calling into gRPC, skipping fork() handlers
I1002 09:33:30.005284 4291698 fork_posix.cc:71] Other threads are currently calling into gRPC, skipping fork() handlers
I1002 09:33:30.043305 4291698 fork_posix.cc:71] Other threads are currently calling into gRPC, skipping fork() handlers
I1002 09:33:30.084257 4291698 fork_posix.cc:71] Other threads are currently calling into gRPC, skipping fork() handlers
I1002 09:33:30.152132 4291698 fork_posix.cc:71] Other threads are currently calling into gRPC, skipping fork() handlers
I1002 09:33:30.193267 4291698 fork_posix.cc:71] Other threads are currently calling into gRPC, skipping fork() handlers
I1002 09:33:32.583757 4739057 ev_poll_posix.cc:587] FD from fork parent still in poll list: fd(6, generation: 1)
/Users/alexy/src/sail-pecan-integrated/.venv/lib/python3.12/site-packages/pyspark/sql/connect/expressions.py:1091: UserWarning: WARN WindowExpression: No Partition Defined for Window operation! Moving all data to a single partition, this can cause serious performance degradation.
  warnings.warn(
I1002 09:33:48.633444 4291698 fork_posix.cc:71] Other threads are currently calling into gRPC, skipping fork() handlers
I1002 09:33:48.672744 4291698 fork_posix.cc:71] Other threads are currently calling into gRPC, skipping fork() handlers
I1002 09:33:48.709976 4291698 fork_posix.cc:71] Other threads are currently calling into gRPC, skipping fork() handlers
I1002 09:33:48.749978 4291698 fork_posix.cc:71] Other threads are currently calling into gRPC, skipping fork() handlers
I1002 09:33:48.791963 4291698 fork_posix.cc:71] Other threads are currently calling into gRPC, skipping fork() handlers
/Users/alexy/src/sail-pecan-integrated/.venv/lib/python3.12/site-packages/pyspark/sql/connect/expressions.py:1091: UserWarning: WARN WindowExpression: No Partition Defined for Window operation! Moving all data to a single partition, this can cause serious performance degradation.
  warnings.warn(
I1002 09:33:50.644869 4291698 fork_posix.cc:71] Other threads are currently calling into gRPC, skipping fork() handlers
I1002 09:33:50.719241 4291698 fork_posix.cc:71] Other threads are currently calling into gRPC, skipping fork() handlers
I1002 09:33:50.758733 4291698 fork_posix.cc:71] Other threads are currently calling into gRPC, skipping fork() handlers
I1002 09:33:50.824652 4291698 fork_posix.cc:71] Other threads are currently calling into gRPC, skipping fork() handlers
I1002 09:33:50.885258 4291698 fork_posix.cc:71] Other threads are currently calling into gRPC, skipping fork() handlers
I1002 09:33:50.943417 4291698 fork_posix.cc:71] Other threads are currently calling into gRPC, skipping fork() handlers
I1002 09:33:50.952418 4291659 fork_posix.cc:71] Other threads are currently calling into gRPC, skipping fork() handlers
I1002 09:33:51.708219 4754858 ev_poll_posix.cc:587] FD from fork parent still in poll list: fd(6, generation: 1)
I1002 09:33:52.856856 4291698 fork_posix.cc:71] Other threads are currently calling into gRPC, skipping fork() handlers
I1002 09:33:52.938184 4291698 fork_posix.cc:71] Other threads are currently calling into gRPC, skipping fork() handlers
I1002 09:33:52.971544 4291698 fork_posix.cc:71] Other threads are currently calling into gRPC, skipping fork() handlers
I1002 09:33:53.012484 4291698 fork_posix.cc:71] Other threads are currently calling into gRPC, skipping fork() handlers
I1002 09:33:53.072636 4291698 fork_posix.cc:71] Other threads are currently calling into gRPC, skipping fork() handlers
I1002 09:33:53.152829 4291698 fork_posix.cc:71] Other threads are currently calling into gRPC, skipping fork() handlers
I1002 09:33:53.201311 4291698 fork_posix.cc:71] Other threads are currently calling into gRPC, skipping fork() handlers
I1002 09:33:53.239425 4291698 fork_posix.cc:71] Other threads are currently calling into gRPC, skipping fork() handlers
I1002 09:33:53.279727 4291698 fork_posix.cc:71] Other threads are currently calling into gRPC, skipping fork() handlers
I1002 09:33:53.320913 4291698 fork_posix.cc:71] Other threads are currently calling into gRPC, skipping fork() handlers
I1002 09:33:53.352080 4291698 fork_posix.cc:71] Other threads are currently calling into gRPC, skipping fork() handlers
I1002 09:33:53.393869 4291698 fork_posix.cc:71] Other threads are currently calling into gRPC, skipping fork() handlers
I1002 09:33:53.438162 4291698 fork_posix.cc:71] Other threads are currently calling into gRPC, skipping fork() handlers
I1002 09:33:53.495289 4291698 fork_posix.cc:71] Other threads are currently calling into gRPC, skipping fork() handlers
I1002 09:33:53.584737 4291698 fork_posix.cc:71] Other threads are currently calling into gRPC, skipping fork() handlers
I1002 09:33:53.625731 4291698 fork_posix.cc:71] Other threads are currently calling into gRPC, skipping fork() handlers
I1002 09:33:53.675083 4291698 fork_posix.cc:71] Other threads are currently calling into gRPC, skipping fork() handlers
I1002 09:33:53.713100 4291698 fork_posix.cc:71] Other threads are currently calling into gRPC, skipping fork() handlers
I1002 09:33:53.750743 4291698 fork_posix.cc:71] Other threads are currently calling into gRPC, skipping fork() handlers
I1002 09:33:53.791154 4291698 fork_posix.cc:71] Other threads are currently calling into gRPC, skipping fork() handlers
I1002 09:33:53.833588 4291698 fork_posix.cc:71] Other threads are currently calling into gRPC, skipping fork() handlers
I1002 09:33:53.870253 4291698 fork_posix.cc:71] Other threads are currently calling into gRPC, skipping fork() handlers
I1002 09:33:53.919207 4291698 fork_posix.cc:71] Other threads are currently calling into gRPC, skipping fork() handlers
I1002 09:33:53.990682 4291698 fork_posix.cc:71] Other threads are currently calling into gRPC, skipping fork() handlers
I1002 09:33:54.042374 4291698 fork_posix.cc:71] Other threads are currently calling into gRPC, skipping fork() handlers
I1002 09:34:02.914741 4764018 ev_poll_posix.cc:587] FD from fork parent still in poll list: fd(6, generation: 1)
I1002 09:34:07.282356 4767522 ev_poll_posix.cc:587] FD from fork parent still in poll list: fd(6, generation: 1)
I1002 09:34:08.411328 4768409 ev_poll_posix.cc:587] FD from fork parent still in poll list: fd(6, generation: 1)
