I1002 09:35:21.287358 4772868 fork_posix.cc:71] Other threads are currently calling into gRPC, skipping fork() handlers
I1002 09:35:21.325286 4772868 fork_posix.cc:71] Other threads are currently calling into gRPC, skipping fork() handlers
I1002 09:35:21.358587 4772868 fork_posix.cc:71] Other threads are currently calling into gRPC, skipping fork() handlers
/Users/alexy/src/sail-pecan-integrated/.venv/lib/python3.12/site-packages/pyspark/sql/connect/expressions.py:1091: UserWarning: WARN WindowExpression: No Partition Defined for Window operation! Moving all data to a single partition, this can cause serious performance degradation.
  warnings.warn(
I1002 09:35:21.422161 4772868 fork_posix.cc:71] Other threads are currently calling into gRPC, skipping fork() handlers
I1002 09:35:21.473396 4772868 fork_posix.cc:71] Other threads are currently calling into gRPC, skipping fork() handlers
I1002 09:35:21.516134 4772868 fork_posix.cc:71] Other threads are currently calling into gRPC, skipping fork() handlers
I1002 09:35:21.557407 4772868 fork_posix.cc:71] Other threads are currently calling into gRPC, skipping fork() handlers
/Users/alexy/src/sail-pecan-integrated/.venv/lib/python3.12/site-packages/pyspark/sql/connect/expressions.py:1091: UserWarning: WARN WindowExpression: No Partition Defined for Window operation! Moving all data to a single partition, this can cause serious performance degradation.
  warnings.warn(
/Users/alexy/src/sail-pecan-integrated/.venv/lib/python3.12/site-packages/pyspark/sql/connect/expressions.py:1091: UserWarning: WARN WindowExpression: No Partition Defined for Window operation! Moving all data to a single partition, this can cause serious performance degradation.
  warnings.warn(
I1002 09:35:23.465425 4772868 fork_posix.cc:71] Other threads are currently calling into gRPC, skipping fork() handlers
I1002 09:35:23.497958 4772868 fork_posix.cc:71] Other threads are currently calling into gRPC, skipping fork() handlers
I1002 09:35:23.540594 4772868 fork_posix.cc:71] Other threads are currently calling into gRPC, skipping fork() handlers
I1002 09:35:23.576484 4772868 fork_posix.cc:71] Other threads are currently calling into gRPC, skipping fork() handlers
I1002 09:35:23.616304 4772868 fork_posix.cc:71] Other threads are currently calling into gRPC, skipping fork() handlers
I1002 09:35:23.649164 4772868 fork_posix.cc:71] Other threads are currently calling into gRPC, skipping fork() handlers
I1002 09:35:23.681204 4772868 fork_posix.cc:71] Other threads are currently calling into gRPC, skipping fork() handlers
I1002 09:35:23.712502 4772868 fork_posix.cc:71] Other threads are currently calling into gRPC, skipping fork() handlers
I1002 09:35:23.753425 4772868 fork_posix.cc:71] Other threads are currently calling into gRPC, skipping fork() handlers
I1002 09:35:25.607250 4772868 fork_posix.cc:71] Other threads are currently calling into gRPC, skipping fork() handlers
I1002 09:35:25.652397 4772868 fork_posix.cc:71] Other threads are currently calling into gRPC, skipping fork() handlers
I1002 09:35:25.695053 4772868 fork_posix.cc:71] Other threads are currently calling into gRPC, skipping fork() handlers
I1002 09:35:27.476677 4772868 fork_posix.cc:71] Other threads are currently calling into gRPC, skipping fork() handlers
I1002 09:35:27.518638 4772868 fork_posix.cc:71] Other threads are currently calling into gRPC, skipping fork() handlers
I1002 09:35:29.361133 4772868 fork_posix.cc:71] Other threads are currently calling into gRPC, skipping fork() handlers
I1002 09:35:29.411164 4772868 fork_posix.cc:71] Other threads are currently calling into gRPC, skipping fork() handlers
I1002 09:35:29.472572 4772868 fork_posix.cc:71] Other threads are currently calling into gRPC, skipping fork() handlers
I1002 09:35:31.334143 4772868 fork_posix.cc:71] Other threads are currently calling into gRPC, skipping fork() handlers
I1002 09:35:31.406581 4772868 fork_posix.cc:71] Other threads are currently calling into gRPC, skipping fork() handlers
I1002 09:35:31.458067 4772868 fork_posix.cc:71] Other threads are currently calling into gRPC, skipping fork() handlers
I1002 09:35:33.236307 4772868 fork_posix.cc:71] Other threads are currently calling into gRPC, skipping fork() handlers
I1002 09:35:33.271747 4772868 fork_posix.cc:71] Other threads are currently calling into gRPC, skipping fork() handlers
I1002 09:35:33.348587 4772868 fork_posix.cc:71] Other threads are currently calling into gRPC, skipping fork() handlers
I1002 09:35:33.426073 4772868 fork_posix.cc:71] Other threads are currently calling into gRPC, skipping fork() handlers
I1002 09:35:35.179116 4772868 fork_posix.cc:71] Other threads are currently calling into gRPC, skipping fork() handlers
I1002 09:35:35.220125 4772868 fork_posix.cc:71] Other threads are currently calling into gRPC, skipping fork() handlers
I1002 09:35:35.258522 4772868 fork_posix.cc:71] Other threads are currently calling into gRPC, skipping fork() handlers
I1002 09:35:35.297902 4772868 fork_posix.cc:71] Other threads are currently calling into gRPC, skipping fork() handlers
I1002 09:35:35.334661 4772868 fork_posix.cc:71] Other threads are currently calling into gRPC, skipping fork() handlers
I1002 09:35:35.407968 4772868 fork_posix.cc:71] Other threads are currently calling into gRPC, skipping fork() handlers
I1002 09:35:35.447936 4772868 fork_posix.cc:71] Other threads are currently calling into gRPC, skipping fork() handlers
I1002 09:35:35.489707 4772868 fork_posix.cc:71] Other threads are currently calling into gRPC, skipping fork() handlers
I1002 09:35:35.529528 4772868 fork_posix.cc:71] Other threads are currently calling into gRPC, skipping fork() handlers
I1002 09:35:35.571062 4772868 fork_posix.cc:71] Other threads are currently calling into gRPC, skipping fork() handlers
I1002 09:35:35.609082 4772868 fork_posix.cc:71] Other threads are currently calling into gRPC, skipping fork() handlers
I1002 09:35:35.641552 4772868 fork_posix.cc:71] Other threads are currently calling into gRPC, skipping fork() handlers
I1002 09:35:35.675704 4772868 fork_posix.cc:71] Other threads are currently calling into gRPC, skipping fork() handlers
I1002 09:35:35.714636 4772868 fork_posix.cc:71] Other threads are currently calling into gRPC, skipping fork() handlers
I1002 09:35:35.754795 4772868 fork_posix.cc:71] Other threads are currently calling into gRPC, skipping fork() handlers
/Users/alexy/src/sail-pecan-integrated/.venv/lib/python3.12/site-packages/pyspark/sql/connect/expressions.py:1091: UserWarning: WARN WindowExpression: No Partition Defined for Window operation! Moving all data to a single partition, this can cause serious performance degradation.
  warnings.warn(
/Users/alexy/src/sail-pecan-integrated/.venv/lib/python3.12/site-packages/pyspark/sql/connect/expressions.py:1091: UserWarning: WARN WindowExpression: No Partition Defined for Window operation! Moving all data to a single partition, this can cause serious performance degradation.
  warnings.warn(
I1002 09:35:37.573304 4772868 fork_posix.cc:71] Other threads are currently calling into gRPC, skipping fork() handlers
I1002 09:35:37.616806 4772868 fork_posix.cc:71] Other threads are currently calling into gRPC, skipping fork() handlers
I1002 09:35:37.649869 4772868 fork_posix.cc:71] Other threads are currently calling into gRPC, skipping fork() handlers
I1002 09:35:37.689101 4772868 fork_posix.cc:71] Other threads are currently calling into gRPC, skipping fork() handlers
I1002 09:35:37.728905 4772868 fork_posix.cc:71] Other threads are currently calling into gRPC, skipping fork() handlers
I1002 09:35:37.769677 4772868 fork_posix.cc:71] Other threads are currently calling into gRPC, skipping fork() handlers
I1002 09:35:39.476219 4772868 fork_posix.cc:71] Other threads are currently calling into gRPC, skipping fork() handlers
I1002 09:35:39.563287 4772868 fork_posix.cc:71] Other threads are currently calling into gRPC, skipping fork() handlers
I1002 09:35:39.596795 4772868 fork_posix.cc:71] Other threads are currently calling into gRPC, skipping fork() handlers
I1002 09:35:39.640732 4772868 fork_posix.cc:71] Other threads are currently calling into gRPC, skipping fork() handlers
I1002 09:35:39.717213 4772868 fork_posix.cc:71] Other threads are currently calling into gRPC, skipping fork() handlers
I1002 09:35:39.767140 4772868 fork_posix.cc:71] Other threads are currently calling into gRPC, skipping fork() handlers
/Users/alexy/src/sail-pecan-integrated/.venv/lib/python3.12/site-packages/pyspark/sql/connect/expressions.py:1091: UserWarning: WARN WindowExpression: No Partition Defined for Window operation! Moving all data to a single partition, this can cause serious performance degradation.
  warnings.warn(
I1002 09:35:41.560442 4772868 fork_posix.cc:71] Other threads are currently calling into gRPC, skipping fork() handlers
I1002 09:35:41.607413 4772868 fork_posix.cc:71] Other threads are currently calling into gRPC, skipping fork() handlers
I1002 09:35:41.670632 4772868 fork_posix.cc:71] Other threads are currently calling into gRPC, skipping fork() handlers
I1002 09:35:41.770076 4772868 fork_posix.cc:71] Other threads are currently calling into gRPC, skipping fork() handlers
I1002 09:35:41.809751 4772868 fork_posix.cc:71] Other threads are currently calling into gRPC, skipping fork() handlers
I1002 09:35:41.854622 4772868 fork_posix.cc:71] Other threads are currently calling into gRPC, skipping fork() handlers
I1002 09:35:41.903903 4772868 fork_posix.cc:71] Other threads are currently calling into gRPC, skipping fork() handlers
I1002 09:35:41.942363 4772868 fork_posix.cc:71] Other threads are currently calling into gRPC, skipping fork() handlers
I1002 09:35:41.995238 4772868 fork_posix.cc:71] Other threads are currently calling into gRPC, skipping fork() handlers
I1002 09:35:42.036159 4772868 fork_posix.cc:71] Other threads are currently calling into gRPC, skipping fork() handlers
I1002 09:35:42.077128 4772868 fork_posix.cc:71] Other threads are currently calling into gRPC, skipping fork() handlers
I1002 09:35:42.116969 4772868 fork_posix.cc:71] Other threads are currently calling into gRPC, skipping fork() handlers
I1002 09:35:44.001126 4772868 fork_posix.cc:71] Other threads are currently calling into gRPC, skipping fork() handlers
I1002 09:35:44.056103 4772868 fork_posix.cc:71] Other threads are currently calling into gRPC, skipping fork() handlers
I1002 09:35:44.097694 4772868 fork_posix.cc:71] Other threads are currently calling into gRPC, skipping fork() handlers
I1002 09:35:44.141529 4772868 fork_posix.cc:71] Other threads are currently calling into gRPC, skipping fork() handlers
I1002 09:35:44.191170 4772868 fork_posix.cc:71] Other threads are currently calling into gRPC, skipping fork() handlers
I1002 09:35:44.261841 4772868 fork_posix.cc:71] Other threads are currently calling into gRPC, skipping fork() handlers
I1002 09:35:44.360181 4772868 fork_posix.cc:71] Other threads are currently calling into gRPC, skipping fork() handlers
I1002 09:35:44.406007 4772868 fork_posix.cc:71] Other threads are currently calling into gRPC, skipping fork() handlers
I1002 09:35:44.476136 4772868 fork_posix.cc:71] Other threads are currently calling into gRPC, skipping fork() handlers
I1002 09:35:44.526492 4772868 fork_posix.cc:71] Other threads are currently calling into gRPC, skipping fork() handlers
I1002 09:35:44.570750 4772868 fork_posix.cc:71] Other threads are currently calling into gRPC, skipping fork() handlers
I1002 09:35:44.617522 4772868 fork_posix.cc:71] Other threads are currently calling into gRPC, skipping fork() handlers
I1002 09:35:44.666433 4772868 fork_posix.cc:71] Other threads are currently calling into gRPC, skipping fork() handlers
I1002 09:35:44.711863 4772868 fork_posix.cc:71] Other threads are currently calling into gRPC, skipping fork() handlers
I1002 09:35:44.755863 4772868 fork_posix.cc:71] Other threads are currently calling into gRPC, skipping fork() handlers
I1002 09:35:44.801582 4772868 fork_posix.cc:71] Other threads are currently calling into gRPC, skipping fork() handlers
I1002 09:35:44.865016 4772868 fork_posix.cc:71] Other threads are currently calling into gRPC, skipping fork() handlers
I1002 09:35:44.908335 4772868 fork_posix.cc:71] Other threads are currently calling into gRPC, skipping fork() handlers
I1002 09:35:44.968292 4772868 fork_posix.cc:71] Other threads are currently calling into gRPC, skipping fork() handlers
I1002 09:35:45.004522 4772868 fork_posix.cc:71] Other threads are currently calling into gRPC, skipping fork() handlers
I1002 09:35:45.046174 4772868 fork_posix.cc:71] Other threads are currently calling into gRPC, skipping fork() handlers
I1002 09:35:45.097042 4772868 fork_posix.cc:71] Other threads are currently calling into gRPC, skipping fork() handlers
I1002 09:35:45.143277 4772868 fork_posix.cc:71] Other threads are currently calling into gRPC, skipping fork() handlers
I1002 09:35:45.222841 4772868 fork_posix.cc:71] Other threads are currently calling into gRPC, skipping fork() handlers
I1002 09:35:45.279581 4772868 fork_posix.cc:71] Other threads are currently calling into gRPC, skipping fork() handlers
I1002 09:35:45.323852 4772868 fork_posix.cc:71] Other threads are currently calling into gRPC, skipping fork() handlers
/Users/alexy/src/sail-pecan-integrated/.venv/lib/python3.12/site-packages/pyspark/sql/connect/expressions.py:1091: UserWarning: WARN WindowExpression: No Partition Defined for Window operation! Moving all data to a single partition, this can cause serious performance degradation.
  warnings.warn(
/Users/alexy/src/sail-pecan-integrated/.venv/lib/python3.12/site-packages/pyspark/sql/connect/expressions.py:1091: UserWarning: WARN WindowExpression: No Partition Defined for Window operation! Moving all data to a single partition, this can cause serious performance degradation.
  warnings.warn(
I1002 09:35:47.189356 4772868 fork_posix.cc:71] Other threads are currently calling into gRPC, skipping fork() handlers
I1002 09:35:47.223439 4772868 fork_posix.cc:71] Other threads are currently calling into gRPC, skipping fork() handlers
I1002 09:35:47.264942 4772868 fork_posix.cc:71] Other threads are currently calling into gRPC, skipping fork() handlers
I1002 09:35:47.297388 4772868 fork_posix.cc:71] Other threads are currently calling into gRPC, skipping fork() handlers
/Users/alexy/src/sail-pecan-integrated/.venv/lib/python3.12/site-packages/pyspark/sql/connect/expressions.py:1091: UserWarning: WARN WindowExpression: No Partition Defined for Window operation! Moving all data to a single partition, this can cause serious performance degradation.
  warnings.warn(
/Users/alexy/src/sail-pecan-integrated/.venv/lib/python3.12/site-packages/pyspark/sql/connect/expressions.py:1091: UserWarning: WARN WindowExpression: No Partition Defined for Window operation! Moving all data to a single partition, this can cause serious performance degradation.
  warnings.warn(
I1002 09:35:49.034077 4772868 fork_posix.cc:71] Other threads are currently calling into gRPC, skipping fork() handlers
I1002 09:35:49.074564 4772868 fork_posix.cc:71] Other threads are currently calling into gRPC, skipping fork() handlers
I1002 09:35:49.112725 4772868 fork_posix.cc:71] Other threads are currently calling into gRPC, skipping fork() handlers
I1002 09:35:49.150351 4772868 fork_posix.cc:71] Other threads are currently calling into gRPC, skipping fork() handlers
I1002 09:35:49.185226 4772868 fork_posix.cc:71] Other threads are currently calling into gRPC, skipping fork() handlers
I1002 09:35:49.217564 4772868 fork_posix.cc:71] Other threads are currently calling into gRPC, skipping fork() handlers
I1002 09:35:49.252499 4772868 fork_posix.cc:71] Other threads are currently calling into gRPC, skipping fork() handlers
I1002 09:35:49.287216 4772868 fork_posix.cc:71] Other threads are currently calling into gRPC, skipping fork() handlers
I1002 09:35:49.332455 4772868 fork_posix.cc:71] Other threads are currently calling into gRPC, skipping fork() handlers
I1002 09:35:49.394517 4772789 fork_posix.cc:71] Other threads are currently calling into gRPC, skipping fork() handlers
I1002 09:35:51.172411 4772868 fork_posix.cc:71] Other threads are currently calling into gRPC, skipping fork() handlers
I1002 09:35:51.215284 4772868 fork_posix.cc:71] Other threads are currently calling into gRPC, skipping fork() handlers
I1002 09:35:51.249239 4772789 fork_posix.cc:71] Other threads are currently calling into gRPC, skipping fork() handlers
I1002 09:35:52.945996 4772868 fork_posix.cc:71] Other threads are currently calling into gRPC, skipping fork() handlers
I1002 09:35:54.741458 4772868 fork_posix.cc:71] Other threads are currently calling into gRPC, skipping fork() handlers
I1002 09:35:54.792570 4772868 fork_posix.cc:71] Other threads are currently calling into gRPC, skipping fork() handlers
I1002 09:35:56.623682 4772868 fork_posix.cc:71] Other threads are currently calling into gRPC, skipping fork() handlers
I1002 09:35:56.669985 4772868 fork_posix.cc:71] Other threads are currently calling into gRPC, skipping fork() handlers
I1002 09:35:58.439577 4772868 fork_posix.cc:71] Other threads are currently calling into gRPC, skipping fork() handlers
I1002 09:35:58.483376 4772868 fork_posix.cc:71] Other threads are currently calling into gRPC, skipping fork() handlers
I1002 09:35:58.520003 4772868 fork_posix.cc:71] Other threads are currently calling into gRPC, skipping fork() handlers
I1002 09:35:58.566798 4772868 fork_posix.cc:71] Other threads are currently calling into gRPC, skipping fork() handlers
I1002 09:35:58.605446 4772868 fork_posix.cc:71] Other threads are currently calling into gRPC, skipping fork() handlers
I1002 09:36:00.383737 4772868 fork_posix.cc:71] Other threads are currently calling into gRPC, skipping fork() handlers
I1002 09:36:00.417267 4772868 fork_posix.cc:71] Other threads are currently calling into gRPC, skipping fork() handlers
I1002 09:36:00.457650 4772868 fork_posix.cc:71] Other threads are currently calling into gRPC, skipping fork() handlers
I1002 09:36:00.488453 4772868 fork_posix.cc:71] Other threads are currently calling into gRPC, skipping fork() handlers
I1002 09:36:00.527012 4772868 fork_posix.cc:71] Other threads are currently calling into gRPC, skipping fork() handlers
I1002 09:36:00.561511 4772868 fork_posix.cc:71] Other threads are currently calling into gRPC, skipping fork() handlers
I1002 09:36:00.597894 4772868 fork_posix.cc:71] Other threads are currently calling into gRPC, skipping fork() handlers
I1002 09:36:00.636297 4772868 fork_posix.cc:71] Other threads are currently calling into gRPC, skipping fork() handlers
I1002 09:36:00.712375 4772868 fork_posix.cc:71] Other threads are currently calling into gRPC, skipping fork() handlers
/Users/alexy/src/sail-pecan-integrated/.venv/lib/python3.12/site-packages/pyspark/sql/connect/expressions.py:1091: UserWarning: WARN WindowExpression: No Partition Defined for Window operation! Moving all data to a single partition, this can cause serious performance degradation.
  warnings.warn(
I1002 09:36:02.543456 4772868 fork_posix.cc:71] Other threads are currently calling into gRPC, skipping fork() handlers
I1002 09:36:02.604508 4772868 fork_posix.cc:71] Other threads are currently calling into gRPC, skipping fork() handlers
I1002 09:36:02.641100 4772868 fork_posix.cc:71] Other threads are currently calling into gRPC, skipping fork() handlers
I1002 09:36:02.681372 4772868 fork_posix.cc:71] Other threads are currently calling into gRPC, skipping fork() handlers
I1002 09:36:02.715997 4772868 fork_posix.cc:71] Other threads are currently calling into gRPC, skipping fork() handlers
I1002 09:36:02.757161 4772868 fork_posix.cc:71] Other threads are currently calling into gRPC, skipping fork() handlers
I1002 09:36:02.797260 4772868 fork_posix.cc:71] Other threads are currently calling into gRPC, skipping fork() handlers
I1002 09:36:04.475643 4772868 fork_posix.cc:71] Other threads are currently calling into gRPC, skipping fork() handlers
I1002 09:36:04.562037 4772868 fork_posix.cc:71] Other threads are currently calling into gRPC, skipping fork() handlers
I1002 09:36:04.594993 4772868 fork_posix.cc:71] Other threads are currently calling into gRPC, skipping fork() handlers
I1002 09:36:04.636585 4772868 fork_posix.cc:71] Other threads are currently calling into gRPC, skipping fork() handlers
I1002 09:36:04.717215 4772868 fork_posix.cc:71] Other threads are currently calling into gRPC, skipping fork() handlers
/Users/alexy/src/sail-pecan-integrated/.venv/lib/python3.12/site-packages/pyspark/sql/connect/expressions.py:1091: UserWarning: WARN WindowExpression: No Partition Defined for Window operation! Moving all data to a single partition, this can cause serious performance degradation.
  warnings.warn(
I1002 09:36:06.556410 4772868 fork_posix.cc:71] Other threads are currently calling into gRPC, skipping fork() handlers
I1002 09:36:06.605814 4772868 fork_posix.cc:71] Other threads are currently calling into gRPC, skipping fork() handlers
I1002 09:36:06.672490 4772868 fork_posix.cc:71] Other threads are currently calling into gRPC, skipping fork() handlers
I1002 09:36:06.722090 4772868 fork_posix.cc:71] Other threads are currently calling into gRPC, skipping fork() handlers
I1002 09:36:06.773035 4772868 fork_posix.cc:71] Other threads are currently calling into gRPC, skipping fork() handlers
I1002 09:36:06.820613 4772868 fork_posix.cc:71] Other threads are currently calling into gRPC, skipping fork() handlers
I1002 09:36:06.863088 4772868 fork_posix.cc:71] Other threads are currently calling into gRPC, skipping fork() handlers
I1002 09:36:06.903247 4772868 fork_posix.cc:71] Other threads are currently calling into gRPC, skipping fork() handlers
I1002 09:36:06.944660 4772868 fork_posix.cc:71] Other threads are currently calling into gRPC, skipping fork() handlers
I1002 09:36:06.979371 4772868 fork_posix.cc:71] Other threads are currently calling into gRPC, skipping fork() handlers
I1002 09:36:07.019961 4772868 fork_posix.cc:71] Other threads are currently calling into gRPC, skipping fork() handlers
I1002 09:36:07.060173 4772868 fork_posix.cc:71] Other threads are currently calling into gRPC, skipping fork() handlers
I1002 09:36:08.877495 4772868 fork_posix.cc:71] Other threads are currently calling into gRPC, skipping fork() handlers
I1002 09:36:08.920823 4772868 fork_posix.cc:71] Other threads are currently calling into gRPC, skipping fork() handlers
I1002 09:36:08.963651 4772868 fork_posix.cc:71] Other threads are currently calling into gRPC, skipping fork() handlers
I1002 09:36:09.017602 4772868 fork_posix.cc:71] Other threads are currently calling into gRPC, skipping fork() handlers
I1002 09:36:09.070278 4772868 fork_posix.cc:71] Other threads are currently calling into gRPC, skipping fork() handlers
I1002 09:36:09.120666 4772868 fork_posix.cc:71] Other threads are currently calling into gRPC, skipping fork() handlers
I1002 09:36:09.164364 4772868 fork_posix.cc:71] Other threads are currently calling into gRPC, skipping fork() handlers
I1002 09:36:09.252161 4772868 fork_posix.cc:71] Other threads are currently calling into gRPC, skipping fork() handlers
I1002 09:36:09.304370 4772868 fork_posix.cc:71] Other threads are currently calling into gRPC, skipping fork() handlers
I1002 09:36:09.356174 4772868 fork_posix.cc:71] Other threads are currently calling into gRPC, skipping fork() handlers
I1002 09:36:09.405985 4772868 fork_posix.cc:71] Other threads are currently calling into gRPC, skipping fork() handlers
I1002 09:36:09.457104 4772868 fork_posix.cc:71] Other threads are currently calling into gRPC, skipping fork() handlers
I1002 09:36:09.505718 4772868 fork_posix.cc:71] Other threads are currently calling into gRPC, skipping fork() handlers
I1002 09:36:09.586119 4772868 fork_posix.cc:71] Other threads are currently calling into gRPC, skipping fork() handlers
I1002 09:36:09.627951 4772868 fork_posix.cc:71] Other threads are currently calling into gRPC, skipping fork() handlers
I1002 09:36:09.672066 4772868 fork_posix.cc:71] Other threads are currently calling into gRPC, skipping fork() handlers
I1002 09:36:09.729098 4772868 fork_posix.cc:71] Other threads are currently calling into gRPC, skipping fork() handlers
I1002 09:36:09.826407 4772868 fork_posix.cc:71] Other threads are currently calling into gRPC, skipping fork() handlers
I1002 09:36:09.908211 4772868 fork_posix.cc:71] Other threads are currently calling into gRPC, skipping fork() handlers
I1002 09:36:09.958182 4772868 fork_posix.cc:71] Other threads are currently calling into gRPC, skipping fork() handlers
I1002 09:36:10.051976 4772868 fork_posix.cc:71] Other threads are currently calling into gRPC, skipping fork() handlers
I1002 09:36:10.084843 4772868 fork_posix.cc:71] Other threads are currently calling into gRPC, skipping fork() handlers
I1002 09:36:10.115176 4772868 fork_posix.cc:71] Other threads are currently calling into gRPC, skipping fork() handlers
I1002 09:36:10.146572 4772868 fork_posix.cc:71] Other threads are currently calling into gRPC, skipping fork() handlers
I1002 09:36:10.181457 4772868 fork_posix.cc:71] Other threads are currently calling into gRPC, skipping fork() handlers
/Users/alexy/src/sail-pecan-integrated/.venv/lib/python3.12/site-packages/pyspark/sql/connect/expressions.py:1091: UserWarning: WARN WindowExpression: No Partition Defined for Window operation! Moving all data to a single partition, this can cause serious performance degradation.
  warnings.warn(
I1002 09:36:12.002864 4772868 fork_posix.cc:71] Other threads are currently calling into gRPC, skipping fork() handlers
/Users/alexy/src/sail-pecan-integrated/.venv/lib/python3.12/site-packages/pyspark/sql/connect/expressions.py:1091: UserWarning: WARN WindowExpression: No Partition Defined for Window operation! Moving all data to a single partition, this can cause serious performance degradation.
  warnings.warn(
I1002 09:36:12.037233 4772868 fork_posix.cc:71] Other threads are currently calling into gRPC, skipping fork() handlers
I1002 09:36:12.078589 4772868 fork_posix.cc:71] Other threads are currently calling into gRPC, skipping fork() handlers
I1002 09:36:12.117097 4772868 fork_posix.cc:71] Other threads are currently calling into gRPC, skipping fork() handlers
I1002 09:36:12.154541 4772868 fork_posix.cc:71] Other threads are currently calling into gRPC, skipping fork() handlers
/Users/alexy/src/sail-pecan-integrated/.venv/lib/python3.12/site-packages/pyspark/sql/connect/expressions.py:1091: UserWarning: WARN WindowExpression: No Partition Defined for Window operation! Moving all data to a single partition, this can cause serious performance degradation.
  warnings.warn(
I1002 09:36:13.893495 4772868 fork_posix.cc:71] Other threads are currently calling into gRPC, skipping fork() handlers
I1002 09:36:13.934377 4772868 fork_posix.cc:71] Other threads are currently calling into gRPC, skipping fork() handlers
I1002 09:36:13.970203 4772868 fork_posix.cc:71] Other threads are currently calling into gRPC, skipping fork() handlers
I1002 09:36:14.001607 4772868 fork_posix.cc:71] Other threads are currently calling into gRPC, skipping fork() handlers
I1002 09:36:14.041654 4772868 fork_posix.cc:71] Other threads are currently calling into gRPC, skipping fork() handlers
I1002 09:36:14.082419 4772868 fork_posix.cc:71] Other threads are currently calling into gRPC, skipping fork() handlers
I1002 09:36:14.114237 4772868 fork_posix.cc:71] Other threads are currently calling into gRPC, skipping fork() handlers
I1002 09:36:14.152674 4772868 fork_posix.cc:71] Other threads are currently calling into gRPC, skipping fork() handlers
I1002 09:36:14.192848 4772868 fork_posix.cc:71] Other threads are currently calling into gRPC, skipping fork() handlers
I1002 09:36:15.962539 4772868 fork_posix.cc:71] Other threads are currently calling into gRPC, skipping fork() handlers
I1002 09:36:16.005484 4772868 fork_posix.cc:71] Other threads are currently calling into gRPC, skipping fork() handlers
I1002 09:36:17.736378 4772868 fork_posix.cc:71] Other threads are currently calling into gRPC, skipping fork() handlers
I1002 09:36:17.772311 4772868 fork_posix.cc:71] Other threads are currently calling into gRPC, skipping fork() handlers
I1002 09:36:19.587906 4772868 fork_posix.cc:71] Other threads are currently calling into gRPC, skipping fork() handlers
I1002 09:36:19.645355 4772868 fork_posix.cc:71] Other threads are currently calling into gRPC, skipping fork() handlers
I1002 09:36:21.425778 4772868 fork_posix.cc:71] Other threads are currently calling into gRPC, skipping fork() handlers
I1002 09:36:21.474115 4772868 fork_posix.cc:71] Other threads are currently calling into gRPC, skipping fork() handlers
I1002 09:36:21.537977 4772868 fork_posix.cc:71] Other threads are currently calling into gRPC, skipping fork() handlers
I1002 09:36:23.305916 4772868 fork_posix.cc:71] Other threads are currently calling into gRPC, skipping fork() handlers
I1002 09:36:23.348657 4772868 fork_posix.cc:71] Other threads are currently calling into gRPC, skipping fork() handlers
I1002 09:36:23.388525 4772868 fork_posix.cc:71] Other threads are currently calling into gRPC, skipping fork() handlers
I1002 09:36:23.442180 4772868 fork_posix.cc:71] Other threads are currently calling into gRPC, skipping fork() handlers
I1002 09:36:23.476159 4772868 fork_posix.cc:71] Other threads are currently calling into gRPC, skipping fork() handlers
I1002 09:36:25.322071 4772868 fork_posix.cc:71] Other threads are currently calling into gRPC, skipping fork() handlers
I1002 09:36:25.400889 4772868 fork_posix.cc:71] Other threads are currently calling into gRPC, skipping fork() handlers
I1002 09:36:25.441151 4772868 fork_posix.cc:71] Other threads are currently calling into gRPC, skipping fork() handlers
I1002 09:36:25.472467 4772868 fork_posix.cc:71] Other threads are currently calling into gRPC, skipping fork() handlers
I1002 09:36:25.507158 4772868 fork_posix.cc:71] Other threads are currently calling into gRPC, skipping fork() handlers
I1002 09:36:25.543379 4772868 fork_posix.cc:71] Other threads are currently calling into gRPC, skipping fork() handlers
I1002 09:36:25.578579 4772868 fork_posix.cc:71] Other threads are currently calling into gRPC, skipping fork() handlers
I1002 09:36:25.608666 4772868 fork_posix.cc:71] Other threads are currently calling into gRPC, skipping fork() handlers
I1002 09:36:25.638280 4772868 fork_posix.cc:71] Other threads are currently calling into gRPC, skipping fork() handlers
/Users/alexy/src/sail-pecan-integrated/.venv/lib/python3.12/site-packages/pyspark/sql/connect/expressions.py:1091: UserWarning: WARN WindowExpression: No Partition Defined for Window operation! Moving all data to a single partition, this can cause serious performance degradation.
  warnings.warn(
I1002 09:36:27.476951 4772868 fork_posix.cc:71] Other threads are currently calling into gRPC, skipping fork() handlers
I1002 09:36:27.533058 4772868 fork_posix.cc:71] Other threads are currently calling into gRPC, skipping fork() handlers
I1002 09:36:27.574174 4772868 fork_posix.cc:71] Other threads are currently calling into gRPC, skipping fork() handlers
I1002 09:36:27.579695 4833986 ev_poll_posix.cc:587] FD from fork parent still in poll list: fd(10, generation: 1)
I1002 09:36:27.606829 4772868 fork_posix.cc:71] Other threads are currently calling into gRPC, skipping fork() handlers
I1002 09:36:27.645956 4772868 fork_posix.cc:71] Other threads are currently calling into gRPC, skipping fork() handlers
I1002 09:36:27.683297 4772868 fork_posix.cc:71] Other threads are currently calling into gRPC, skipping fork() handlers
I1002 09:36:27.725817 4772868 fork_posix.cc:71] Other threads are currently calling into gRPC, skipping fork() handlers
I1002 09:36:29.580424 4772868 fork_posix.cc:71] Other threads are currently calling into gRPC, skipping fork() handlers
I1002 09:36:29.618974 4772868 fork_posix.cc:71] Other threads are currently calling into gRPC, skipping fork() handlers
I1002 09:36:29.657871 4772868 fork_posix.cc:71] Other threads are currently calling into gRPC, skipping fork() handlers
I1002 09:36:29.724929 4772868 fork_posix.cc:71] Other threads are currently calling into gRPC, skipping fork() handlers
I1002 09:36:29.774709 4772868 fork_posix.cc:71] Other threads are currently calling into gRPC, skipping fork() handlers
/Users/alexy/src/sail-pecan-integrated/.venv/lib/python3.12/site-packages/pyspark/sql/connect/expressions.py:1091: UserWarning: WARN WindowExpression: No Partition Defined for Window operation! Moving all data to a single partition, this can cause serious performance degradation.
  warnings.warn(
I1002 09:36:31.621387 4772868 fork_posix.cc:71] Other threads are currently calling into gRPC, skipping fork() handlers
I1002 09:36:31.681515 4772868 fork_posix.cc:71] Other threads are currently calling into gRPC, skipping fork() handlers
I1002 09:36:31.735187 4772868 fork_posix.cc:71] Other threads are currently calling into gRPC, skipping fork() handlers
I1002 09:36:31.798666 4772868 fork_posix.cc:71] Other threads are currently calling into gRPC, skipping fork() handlers
I1002 09:36:31.845463 4772868 fork_posix.cc:71] Other threads are currently calling into gRPC, skipping fork() handlers
I1002 09:36:31.899444 4772868 fork_posix.cc:71] Other threads are currently calling into gRPC, skipping fork() handlers
I1002 09:36:31.943125 4772868 fork_posix.cc:71] Other threads are currently calling into gRPC, skipping fork() handlers
I1002 09:36:31.984002 4772868 fork_posix.cc:71] Other threads are currently calling into gRPC, skipping fork() handlers
I1002 09:36:32.017705 4772868 fork_posix.cc:71] Other threads are currently calling into gRPC, skipping fork() handlers
I1002 09:36:32.059210 4772868 fork_posix.cc:71] Other threads are currently calling into gRPC, skipping fork() handlers
I1002 09:36:32.101675 4772868 fork_posix.cc:71] Other threads are currently calling into gRPC, skipping fork() handlers
I1002 09:36:33.853688 4772868 fork_posix.cc:71] Other threads are currently calling into gRPC, skipping fork() handlers
I1002 09:36:33.903002 4772868 fork_posix.cc:71] Other threads are currently calling into gRPC, skipping fork() handlers
I1002 09:36:33.976266 4772868 fork_posix.cc:71] Other threads are currently calling into gRPC, skipping fork() handlers
I1002 09:36:34.085885 4772868 fork_posix.cc:71] Other threads are currently calling into gRPC, skipping fork() handlers
I1002 09:36:34.196205 4772868 fork_posix.cc:71] Other threads are currently calling into gRPC, skipping fork() handlers
I1002 09:36:34.241091 4772868 fork_posix.cc:71] Other threads are currently calling into gRPC, skipping fork() handlers
I1002 09:36:34.295643 4772868 fork_posix.cc:71] Other threads are currently calling into gRPC, skipping fork() handlers
I1002 09:36:34.348180 4772868 fork_posix.cc:71] Other threads are currently calling into gRPC, skipping fork() handlers
I1002 09:36:34.398060 4772868 fork_posix.cc:71] Other threads are currently calling into gRPC, skipping fork() handlers
I1002 09:36:34.444896 4772868 fork_posix.cc:71] Other threads are currently calling into gRPC, skipping fork() handlers
I1002 09:36:34.496882 4772868 fork_posix.cc:71] Other threads are currently calling into gRPC, skipping fork() handlers
I1002 09:36:34.535902 4772868 fork_posix.cc:71] Other threads are currently calling into gRPC, skipping fork() handlers
I1002 09:36:34.581020 4772868 fork_posix.cc:71] Other threads are currently calling into gRPC, skipping fork() handlers
I1002 09:36:34.624118 4772868 fork_posix.cc:71] Other threads are currently calling into gRPC, skipping fork() handlers
I1002 09:36:34.668683 4772868 fork_posix.cc:71] Other threads are currently calling into gRPC, skipping fork() handlers
I1002 09:36:34.716586 4772868 fork_posix.cc:71] Other threads are currently calling into gRPC, skipping fork() handlers
I1002 09:36:34.768335 4772868 fork_posix.cc:71] Other threads are currently calling into gRPC, skipping fork() handlers
I1002 09:36:34.820197 4772868 fork_posix.cc:71] Other threads are currently calling into gRPC, skipping fork() handlers
I1002 09:36:34.878416 4772868 fork_posix.cc:71] Other threads are currently calling into gRPC, skipping fork() handlers
I1002 09:36:34.916498 4772868 fork_posix.cc:71] Other threads are currently calling into gRPC, skipping fork() handlers
I1002 09:36:34.976392 4772868 fork_posix.cc:71] Other threads are currently calling into gRPC, skipping fork() handlers
I1002 09:36:35.033246 4772868 fork_posix.cc:71] Other threads are currently calling into gRPC, skipping fork() handlers
I1002 09:36:35.083326 4772868 fork_posix.cc:71] Other threads are currently calling into gRPC, skipping fork() handlers
I1002 09:36:35.161775 4772868 fork_posix.cc:71] Other threads are currently calling into gRPC, skipping fork() handlers
I1002 09:36:48.482839 4852144 ev_poll_posix.cc:587] FD from fork parent still in poll list: fd(10, generation: 1)
I1002 09:36:54.429336 4772868 fork_posix.cc:71] Other threads are currently calling into gRPC, skipping fork() handlers
I1002 09:36:54.583733 4772868 fork_posix.cc:71] Other threads are currently calling into gRPC, skipping fork() handlers
I1002 09:36:54.655800 4772868 fork_posix.cc:71] Other threads are currently calling into gRPC, skipping fork() handlers
I1002 09:36:54.714032 4772868 fork_posix.cc:71] Other threads are currently calling into gRPC, skipping fork() handlers
I1002 09:36:54.758181 4772868 fork_posix.cc:71] Other threads are currently calling into gRPC, skipping fork() handlers
I1002 09:36:54.807212 4772868 fork_posix.cc:71] Other threads are currently calling into gRPC, skipping fork() handlers
I1002 09:36:54.865866 4772868 fork_posix.cc:71] Other threads are currently calling into gRPC, skipping fork() handlers
I1002 09:36:54.922790 4772868 fork_posix.cc:71] Other threads are currently calling into gRPC, skipping fork() handlers
I1002 09:36:54.972464 4772868 fork_posix.cc:71] Other threads are currently calling into gRPC, skipping fork() handlers
I1002 09:36:54.978987 4857802 ev_poll_posix.cc:587] FD from fork parent still in poll list: fd(10, generation: 1)
I1002 09:36:55.016753 4772868 fork_posix.cc:71] Other threads are currently calling into gRPC, skipping fork() handlers
I1002 09:36:55.083722 4772868 fork_posix.cc:71] Other threads are currently calling into gRPC, skipping fork() handlers
I1002 09:36:55.139311 4772868 fork_posix.cc:71] Other threads are currently calling into gRPC, skipping fork() handlers
I1002 09:36:55.184171 4772868 fork_posix.cc:71] Other threads are currently calling into gRPC, skipping fork() handlers
I1002 09:36:55.240607 4772868 fork_posix.cc:71] Other threads are currently calling into gRPC, skipping fork() handlers
I1002 09:36:55.290545 4772868 fork_posix.cc:71] Other threads are currently calling into gRPC, skipping fork() handlers
I1002 09:36:55.326275 4772868 fork_posix.cc:71] Other threads are currently calling into gRPC, skipping fork() handlers
I1002 09:36:55.408345 4772868 fork_posix.cc:71] Other threads are currently calling into gRPC, skipping fork() handlers
I1002 09:36:55.454272 4772868 fork_posix.cc:71] Other threads are currently calling into gRPC, skipping fork() handlers
I1002 09:36:55.489125 4772868 fork_posix.cc:71] Other threads are currently calling into gRPC, skipping fork() handlers
I1002 09:37:10.003367 4871019 ev_poll_posix.cc:587] FD from fork parent still in poll list: fd(10, generation: 1)
I1002 09:37:11.338395 4872191 ev_poll_posix.cc:587] FD from fork parent still in poll list: fd(10, generation: 1)
I1002 09:37:16.880539 4772868 fork_posix.cc:71] Other threads are currently calling into gRPC, skipping fork() handlers
I1002 09:37:16.937727 4772868 fork_posix.cc:71] Other threads are currently calling into gRPC, skipping fork() handlers
I1002 09:37:16.992338 4772868 fork_posix.cc:71] Other threads are currently calling into gRPC, skipping fork() handlers
I1002 09:37:17.049153 4772868 fork_posix.cc:71] Other threads are currently calling into gRPC, skipping fork() handlers
I1002 09:37:17.100177 4772868 fork_posix.cc:71] Other threads are currently calling into gRPC, skipping fork() handlers
I1002 09:37:17.144728 4772868 fork_posix.cc:71] Other threads are currently calling into gRPC, skipping fork() handlers
I1002 09:37:17.206800 4772868 fork_posix.cc:71] Other threads are currently calling into gRPC, skipping fork() handlers
I1002 09:37:17.269010 4772868 fork_posix.cc:71] Other threads are currently calling into gRPC, skipping fork() handlers
I1002 09:37:17.325364 4772868 fork_posix.cc:71] Other threads are currently calling into gRPC, skipping fork() handlers
I1002 09:37:17.381794 4772868 fork_posix.cc:71] Other threads are currently calling into gRPC, skipping fork() handlers
I1002 09:37:17.426914 4772868 fork_posix.cc:71] Other threads are currently calling into gRPC, skipping fork() handlers
I1002 09:37:17.473911 4772868 fork_posix.cc:71] Other threads are currently calling into gRPC, skipping fork() handlers
I1002 09:37:17.514253 4772868 fork_posix.cc:71] Other threads are currently calling into gRPC, skipping fork() handlers
I1002 09:37:17.553872 4772868 fork_posix.cc:71] Other threads are currently calling into gRPC, skipping fork() handlers
I1002 09:37:17.593856 4772868 fork_posix.cc:71] Other threads are currently calling into gRPC, skipping fork() handlers
I1002 09:37:17.639273 4772868 fork_posix.cc:71] Other threads are currently calling into gRPC, skipping fork() handlers
I1002 09:37:17.699760 4772868 fork_posix.cc:71] Other threads are currently calling into gRPC, skipping fork() handlers
I1002 09:37:17.738631 4772868 fork_posix.cc:71] Other threads are currently calling into gRPC, skipping fork() handlers
I1002 09:37:17.780638 4772868 fork_posix.cc:71] Other threads are currently calling into gRPC, skipping fork() handlers
I1002 09:37:17.832573 4772868 fork_posix.cc:71] Other threads are currently calling into gRPC, skipping fork() handlers
I1002 09:37:17.863935 4772868 fork_posix.cc:71] Other threads are currently calling into gRPC, skipping fork() handlers
I1002 09:37:17.900031 4772868 fork_posix.cc:71] Other threads are currently calling into gRPC, skipping fork() handlers
I1002 09:37:17.939516 4772868 fork_posix.cc:71] Other threads are currently calling into gRPC, skipping fork() handlers
I1002 09:37:18.015644 4772868 fork_posix.cc:71] Other threads are currently calling into gRPC, skipping fork() handlers
I1002 09:37:18.056526 4772868 fork_posix.cc:71] Other threads are currently calling into gRPC, skipping fork() handlers
I1002 09:37:18.094381 4772868 fork_posix.cc:71] Other threads are currently calling into gRPC, skipping fork() handlers
I1002 09:37:18.145981 4772868 fork_posix.cc:71] Other threads are currently calling into gRPC, skipping fork() handlers
I1002 09:37:18.179423 4772868 fork_posix.cc:71] Other threads are currently calling into gRPC, skipping fork() handlers
I1002 09:37:18.213780 4772868 fork_posix.cc:71] Other threads are currently calling into gRPC, skipping fork() handlers
I1002 09:37:18.253749 4772868 fork_posix.cc:71] Other threads are currently calling into gRPC, skipping fork() handlers
I1002 09:37:18.293513 4772868 fork_posix.cc:71] Other threads are currently calling into gRPC, skipping fork() handlers
I1002 09:37:18.335315 4772868 fork_posix.cc:71] Other threads are currently calling into gRPC, skipping fork() handlers
I1002 09:37:18.376252 4772868 fork_posix.cc:71] Other threads are currently calling into gRPC, skipping fork() handlers
I1002 09:37:18.417761 4772868 fork_posix.cc:71] Other threads are currently calling into gRPC, skipping fork() handlers
I1002 09:37:18.455285 4772868 fork_posix.cc:71] Other threads are currently calling into gRPC, skipping fork() handlers
I1002 09:37:18.494286 4772868 fork_posix.cc:71] Other threads are currently calling into gRPC, skipping fork() handlers
I1002 09:37:18.531485 4772868 fork_posix.cc:71] Other threads are currently calling into gRPC, skipping fork() handlers
I1002 09:37:18.567091 4772868 fork_posix.cc:71] Other threads are currently calling into gRPC, skipping fork() handlers
I1002 09:37:18.608347 4772868 fork_posix.cc:71] Other threads are currently calling into gRPC, skipping fork() handlers
I1002 09:37:18.685149 4772868 fork_posix.cc:71] Other threads are currently calling into gRPC, skipping fork() handlers
I1002 09:37:18.727474 4772868 fork_posix.cc:71] Other threads are currently calling into gRPC, skipping fork() handlers
I1002 09:37:18.759400 4772868 fork_posix.cc:71] Other threads are currently calling into gRPC, skipping fork() handlers
I1002 09:37:18.808836 4772868 fork_posix.cc:71] Other threads are currently calling into gRPC, skipping fork() handlers
I1002 09:37:18.857564 4772868 fork_posix.cc:71] Other threads are currently calling into gRPC, skipping fork() handlers
I1002 09:37:18.898357 4772868 fork_posix.cc:71] Other threads are currently calling into gRPC, skipping fork() handlers
I1002 09:37:18.936384 4772868 fork_posix.cc:71] Other threads are currently calling into gRPC, skipping fork() handlers
I1002 09:37:18.969983 4772868 fork_posix.cc:71] Other threads are currently calling into gRPC, skipping fork() handlers
I1002 09:37:19.005653 4772868 fork_posix.cc:71] Other threads are currently calling into gRPC, skipping fork() handlers
I1002 09:37:19.037446 4772868 fork_posix.cc:71] Other threads are currently calling into gRPC, skipping fork() handlers
/Users/alexy/src/sail-pecan-integrated/.venv/lib/python3.12/site-packages/pyspark/sql/connect/expressions.py:1091: UserWarning: WARN WindowExpression: No Partition Defined for Window operation! Moving all data to a single partition, this can cause serious performance degradation.
  warnings.warn(
I1002 09:37:37.598011 4772868 fork_posix.cc:71] Other threads are currently calling into gRPC, skipping fork() handlers
I1002 09:37:37.653937 4772868 fork_posix.cc:71] Other threads are currently calling into gRPC, skipping fork() handlers
I1002 09:37:37.708773 4772868 fork_posix.cc:71] Other threads are currently calling into gRPC, skipping fork() handlers
I1002 09:37:37.770221 4772868 fork_posix.cc:71] Other threads are currently calling into gRPC, skipping fork() handlers
I1002 09:37:37.836406 4772868 fork_posix.cc:71] Other threads are currently calling into gRPC, skipping fork() handlers
I1002 09:37:37.846284 4895360 ev_poll_posix.cc:587] FD from fork parent still in poll list: fd(10, generation: 1)
I1002 09:37:37.891737 4772868 fork_posix.cc:71] Other threads are currently calling into gRPC, skipping fork() handlers
I1002 09:37:37.946527 4772868 fork_posix.cc:71] Other threads are currently calling into gRPC, skipping fork() handlers
I1002 09:37:38.049514 4772868 fork_posix.cc:71] Other threads are currently calling into gRPC, skipping fork() handlers
I1002 09:37:38.122748 4772868 fork_posix.cc:71] Other threads are currently calling into gRPC, skipping fork() handlers
I1002 09:37:38.208018 4772868 fork_posix.cc:71] Other threads are currently calling into gRPC, skipping fork() handlers
I1002 09:37:38.259130 4772868 fork_posix.cc:71] Other threads are currently calling into gRPC, skipping fork() handlers
I1002 09:37:38.298742 4772868 fork_posix.cc:71] Other threads are currently calling into gRPC, skipping fork() handlers
I1002 09:37:38.349753 4772868 fork_posix.cc:71] Other threads are currently calling into gRPC, skipping fork() handlers
I1002 09:37:38.451781 4772868 fork_posix.cc:71] Other threads are currently calling into gRPC, skipping fork() handlers
I1002 09:37:38.515115 4772868 fork_posix.cc:71] Other threads are currently calling into gRPC, skipping fork() handlers
I1002 09:37:38.572115 4772868 fork_posix.cc:71] Other threads are currently calling into gRPC, skipping fork() handlers
I1002 09:37:38.667294 4772868 fork_posix.cc:71] Other threads are currently calling into gRPC, skipping fork() handlers
I1002 09:37:38.723714 4772868 fork_posix.cc:71] Other threads are currently calling into gRPC, skipping fork() handlers
I1002 09:37:38.772385 4772868 fork_posix.cc:71] Other threads are currently calling into gRPC, skipping fork() handlers
I1002 09:37:58.666191 4913706 ev_poll_posix.cc:587] FD from fork parent still in poll list: fd(10, generation: 1)
I1002 09:37:59.738900 4772868 fork_posix.cc:71] Other threads are currently calling into gRPC, skipping fork() handlers
I1002 09:37:59.794296 4772868 fork_posix.cc:71] Other threads are currently calling into gRPC, skipping fork() handlers
I1002 09:37:59.843581 4772868 fork_posix.cc:71] Other threads are currently calling into gRPC, skipping fork() handlers
I1002 09:37:59.908408 4772868 fork_posix.cc:71] Other threads are currently calling into gRPC, skipping fork() handlers
I1002 09:37:59.957841 4772868 fork_posix.cc:71] Other threads are currently calling into gRPC, skipping fork() handlers
I1002 09:38:00.025131 4772868 fork_posix.cc:71] Other threads are currently calling into gRPC, skipping fork() handlers
I1002 09:38:00.077007 4772868 fork_posix.cc:71] Other threads are currently calling into gRPC, skipping fork() handlers
I1002 09:38:00.160794 4772868 fork_posix.cc:71] Other threads are currently calling into gRPC, skipping fork() handlers
I1002 09:38:00.249956 4772868 fork_posix.cc:71] Other threads are currently calling into gRPC, skipping fork() handlers
I1002 09:38:00.294014 4772868 fork_posix.cc:71] Other threads are currently calling into gRPC, skipping fork() handlers
I1002 09:38:00.350689 4772868 fork_posix.cc:71] Other threads are currently calling into gRPC, skipping fork() handlers
I1002 09:38:00.400437 4772868 fork_posix.cc:71] Other threads are currently calling into gRPC, skipping fork() handlers
I1002 09:38:00.464055 4772868 fork_posix.cc:71] Other threads are currently calling into gRPC, skipping fork() handlers
I1002 09:38:00.517019 4772868 fork_posix.cc:71] Other threads are currently calling into gRPC, skipping fork() handlers
I1002 09:38:00.577366 4772868 fork_posix.cc:71] Other threads are currently calling into gRPC, skipping fork() handlers
I1002 09:38:00.639992 4772868 fork_posix.cc:71] Other threads are currently calling into gRPC, skipping fork() handlers
I1002 09:38:00.715862 4772868 fork_posix.cc:71] Other threads are currently calling into gRPC, skipping fork() handlers
I1002 09:38:00.749142 4772868 fork_posix.cc:71] Other threads are currently calling into gRPC, skipping fork() handlers
I1002 09:38:04.491113 4918332 ev_poll_posix.cc:587] FD from fork parent still in poll list: fd(10, generation: 1)
I1002 09:38:22.451897 4772868 fork_posix.cc:71] Other threads are currently calling into gRPC, skipping fork() handlers
I1002 09:38:22.550165 4772868 fork_posix.cc:71] Other threads are currently calling into gRPC, skipping fork() handlers
I1002 09:38:22.643786 4772868 fork_posix.cc:71] Other threads are currently calling into gRPC, skipping fork() handlers
I1002 09:38:22.741964 4772868 fork_posix.cc:71] Other threads are currently calling into gRPC, skipping fork() handlers
I1002 09:38:22.807584 4772868 fork_posix.cc:71] Other threads are currently calling into gRPC, skipping fork() handlers
I1002 09:38:22.900930 4772868 fork_posix.cc:71] Other threads are currently calling into gRPC, skipping fork() handlers
I1002 09:38:22.970231 4772868 fork_posix.cc:71] Other threads are currently calling into gRPC, skipping fork() handlers
I1002 09:38:23.039380 4772868 fork_posix.cc:71] Other threads are currently calling into gRPC, skipping fork() handlers
I1002 09:38:23.092107 4772868 fork_posix.cc:71] Other threads are currently calling into gRPC, skipping fork() handlers
I1002 09:38:23.151768 4772868 fork_posix.cc:71] Other threads are currently calling into gRPC, skipping fork() handlers
I1002 09:38:23.211717 4772868 fork_posix.cc:71] Other threads are currently calling into gRPC, skipping fork() handlers
I1002 09:38:23.335807 4772868 fork_posix.cc:71] Other threads are currently calling into gRPC, skipping fork() handlers
I1002 09:38:23.406973 4772868 fork_posix.cc:71] Other threads are currently calling into gRPC, skipping fork() handlers
I1002 09:38:23.453525 4772868 fork_posix.cc:71] Other threads are currently calling into gRPC, skipping fork() handlers
I1002 09:38:23.503585 4772868 fork_posix.cc:71] Other threads are currently calling into gRPC, skipping fork() handlers
I1002 09:38:23.552112 4772868 fork_posix.cc:71] Other threads are currently calling into gRPC, skipping fork() handlers
I1002 09:38:23.597135 4772868 fork_posix.cc:71] Other threads are currently calling into gRPC, skipping fork() handlers
I1002 09:38:23.650549 4772868 fork_posix.cc:71] Other threads are currently calling into gRPC, skipping fork() handlers
I1002 09:38:23.688221 4772868 fork_posix.cc:71] Other threads are currently calling into gRPC, skipping fork() handlers
I1002 09:38:23.731621 4772868 fork_posix.cc:71] Other threads are currently calling into gRPC, skipping fork() handlers
I1002 09:38:23.780035 4772868 fork_posix.cc:71] Other threads are currently calling into gRPC, skipping fork() handlers
I1002 09:38:23.831135 4772868 fork_posix.cc:71] Other threads are currently calling into gRPC, skipping fork() handlers
I1002 09:38:23.876824 4772868 fork_posix.cc:71] Other threads are currently calling into gRPC, skipping fork() handlers
I1002 09:38:23.923226 4772868 fork_posix.cc:71] Other threads are currently calling into gRPC, skipping fork() handlers
I1002 09:38:23.962632 4772868 fork_posix.cc:71] Other threads are currently calling into gRPC, skipping fork() handlers
I1002 09:38:24.026060 4772868 fork_posix.cc:71] Other threads are currently calling into gRPC, skipping fork() handlers
I1002 09:38:24.066791 4772868 fork_posix.cc:71] Other threads are currently calling into gRPC, skipping fork() handlers
I1002 09:38:24.105633 4772868 fork_posix.cc:71] Other threads are currently calling into gRPC, skipping fork() handlers
I1002 09:38:24.154303 4772868 fork_posix.cc:71] Other threads are currently calling into gRPC, skipping fork() handlers
I1002 09:38:24.207599 4772868 fork_posix.cc:71] Other threads are currently calling into gRPC, skipping fork() handlers
I1002 09:38:24.247743 4772868 fork_posix.cc:71] Other threads are currently calling into gRPC, skipping fork() handlers
I1002 09:38:24.290114 4772868 fork_posix.cc:71] Other threads are currently calling into gRPC, skipping fork() handlers
I1002 09:38:24.338555 4772868 fork_posix.cc:71] Other threads are currently calling into gRPC, skipping fork() handlers
I1002 09:38:24.433231 4772868 fork_posix.cc:71] Other threads are currently calling into gRPC, skipping fork() handlers
I1002 09:38:24.499909 4772868 fork_posix.cc:71] Other threads are currently calling into gRPC, skipping fork() handlers
I1002 09:38:24.549515 4772868 fork_posix.cc:71] Other threads are currently calling into gRPC, skipping fork() handlers
I1002 09:38:24.597273 4772868 fork_posix.cc:71] Other threads are currently calling into gRPC, skipping fork() handlers
I1002 09:38:24.647647 4772868 fork_posix.cc:71] Other threads are currently calling into gRPC, skipping fork() handlers
I1002 09:38:24.723392 4772868 fork_posix.cc:71] Other threads are currently calling into gRPC, skipping fork() handlers
I1002 09:38:24.767888 4772868 fork_posix.cc:71] Other threads are currently calling into gRPC, skipping fork() handlers
I1002 09:38:24.812922 4772868 fork_posix.cc:71] Other threads are currently calling into gRPC, skipping fork() handlers
I1002 09:38:24.856399 4772868 fork_posix.cc:71] Other threads are currently calling into gRPC, skipping fork() handlers
I1002 09:38:24.896864 4772868 fork_posix.cc:71] Other threads are currently calling into gRPC, skipping fork() handlers
I1002 09:38:24.940828 4772868 fork_posix.cc:71] Other threads are currently calling into gRPC, skipping fork() handlers
I1002 09:38:24.983465 4772868 fork_posix.cc:71] Other threads are currently calling into gRPC, skipping fork() handlers
I1002 09:38:25.025115 4772868 fork_posix.cc:71] Other threads are currently calling into gRPC, skipping fork() handlers
I1002 09:38:34.832108 4944172 ev_poll_posix.cc:587] FD from fork parent still in poll list: fd(10, generation: 1)
I1002 09:38:41.640514 4772868 fork_posix.cc:71] Other threads are currently calling into gRPC, skipping fork() handlers
I1002 09:38:41.682552 4772868 fork_posix.cc:71] Other threads are currently calling into gRPC, skipping fork() handlers
I1002 09:38:41.729704 4772868 fork_posix.cc:71] Other threads are currently calling into gRPC, skipping fork() handlers
I1002 09:38:41.810583 4772868 fork_posix.cc:71] Other threads are currently calling into gRPC, skipping fork() handlers
I1002 09:38:41.887348 4772868 fork_posix.cc:71] Other threads are currently calling into gRPC, skipping fork() handlers
I1002 09:38:41.930298 4772868 fork_posix.cc:71] Other threads are currently calling into gRPC, skipping fork() handlers
I1002 09:38:41.966030 4772868 fork_posix.cc:71] Other threads are currently calling into gRPC, skipping fork() handlers
I1002 09:38:42.009939 4772868 fork_posix.cc:71] Other threads are currently calling into gRPC, skipping fork() handlers
I1002 09:38:42.053342 4772868 fork_posix.cc:71] Other threads are currently calling into gRPC, skipping fork() handlers
I1002 09:38:42.097688 4772868 fork_posix.cc:71] Other threads are currently calling into gRPC, skipping fork() handlers
I1002 09:38:42.152850 4772868 fork_posix.cc:71] Other threads are currently calling into gRPC, skipping fork() handlers
I1002 09:38:42.193054 4772868 fork_posix.cc:71] Other threads are currently calling into gRPC, skipping fork() handlers
I1002 09:38:42.239150 4772868 fork_posix.cc:71] Other threads are currently calling into gRPC, skipping fork() handlers
I1002 09:38:42.313536 4772868 fork_posix.cc:71] Other threads are currently calling into gRPC, skipping fork() handlers
I1002 09:38:42.417358 4772868 fork_posix.cc:71] Other threads are currently calling into gRPC, skipping fork() handlers
I1002 09:38:42.513708 4772868 fork_posix.cc:71] Other threads are currently calling into gRPC, skipping fork() handlers
I1002 09:38:42.607091 4772868 fork_posix.cc:71] Other threads are currently calling into gRPC, skipping fork() handlers
I1002 09:38:42.651833 4772868 fork_posix.cc:71] Other threads are currently calling into gRPC, skipping fork() handlers
I1002 09:38:42.691752 4772868 fork_posix.cc:71] Other threads are currently calling into gRPC, skipping fork() handlers
I1002 09:38:42.736170 4772868 fork_posix.cc:71] Other threads are currently calling into gRPC, skipping fork() handlers
I1002 09:38:42.791223 4772868 fork_posix.cc:71] Other threads are currently calling into gRPC, skipping fork() handlers
I1002 09:38:42.839486 4772868 fork_posix.cc:71] Other threads are currently calling into gRPC, skipping fork() handlers
I1002 09:38:42.918066 4772868 fork_posix.cc:71] Other threads are currently calling into gRPC, skipping fork() handlers
I1002 09:38:42.984937 4772868 fork_posix.cc:71] Other threads are currently calling into gRPC, skipping fork() handlers
I1002 09:38:43.041413 4772868 fork_posix.cc:71] Other threads are currently calling into gRPC, skipping fork() handlers
I1002 09:38:43.074587 4772868 fork_posix.cc:71] Other threads are currently calling into gRPC, skipping fork() handlers
I1002 09:38:43.113490 4772868 fork_posix.cc:71] Other threads are currently calling into gRPC, skipping fork() handlers
I1002 09:38:43.153047 4772868 fork_posix.cc:71] Other threads are currently calling into gRPC, skipping fork() handlers
I1002 09:38:43.200220 4772868 fork_posix.cc:71] Other threads are currently calling into gRPC, skipping fork() handlers
I1002 09:38:43.246584 4772868 fork_posix.cc:71] Other threads are currently calling into gRPC, skipping fork() handlers
I1002 09:38:43.293675 4772868 fork_posix.cc:71] Other threads are currently calling into gRPC, skipping fork() handlers
I1002 09:38:43.332049 4772868 fork_posix.cc:71] Other threads are currently calling into gRPC, skipping fork() handlers
I1002 09:38:43.372287 4772868 fork_posix.cc:71] Other threads are currently calling into gRPC, skipping fork() handlers
I1002 09:38:43.406985 4772868 fork_posix.cc:71] Other threads are currently calling into gRPC, skipping fork() handlers
I1002 09:38:47.048156 4954544 ev_poll_posix.cc:587] FD from fork parent still in poll list: fd(10, generation: 1)
I1002 09:39:05.415365 4772868 fork_posix.cc:71] Other threads are currently calling into gRPC, skipping fork() handlers
I1002 09:39:05.491021 4772868 fork_posix.cc:71] Other threads are currently calling into gRPC, skipping fork() handlers
I1002 09:39:05.528893 4772868 fork_posix.cc:71] Other threads are currently calling into gRPC, skipping fork() handlers
I1002 09:39:05.564489 4772868 fork_posix.cc:71] Other threads are currently calling into gRPC, skipping fork() handlers
I1002 09:39:05.569991 4970996 ev_poll_posix.cc:587] FD from fork parent still in poll list: fd(10, generation: 1)
I1002 09:39:05.604948 4772868 fork_posix.cc:71] Other threads are currently calling into gRPC, skipping fork() handlers
I1002 09:39:05.647182 4772868 fork_posix.cc:71] Other threads are currently calling into gRPC, skipping fork() handlers
I1002 09:39:05.691733 4772868 fork_posix.cc:71] Other threads are currently calling into gRPC, skipping fork() handlers
I1002 09:39:05.734918 4772868 fork_posix.cc:71] Other threads are currently calling into gRPC, skipping fork() handlers
I1002 09:39:05.767079 4772868 fork_posix.cc:71] Other threads are currently calling into gRPC, skipping fork() handlers
I1002 09:39:05.806646 4772868 fork_posix.cc:71] Other threads are currently calling into gRPC, skipping fork() handlers
I1002 09:39:05.843284 4772868 fork_posix.cc:71] Other threads are currently calling into gRPC, skipping fork() handlers
I1002 09:39:05.883388 4772868 fork_posix.cc:71] Other threads are currently calling into gRPC, skipping fork() handlers
I1002 09:39:05.919667 4772868 fork_posix.cc:71] Other threads are currently calling into gRPC, skipping fork() handlers
I1002 09:39:05.956523 4772868 fork_posix.cc:71] Other threads are currently calling into gRPC, skipping fork() handlers
I1002 09:39:05.995057 4772868 fork_posix.cc:71] Other threads are currently calling into gRPC, skipping fork() handlers
I1002 09:39:06.068344 4772868 fork_posix.cc:71] Other threads are currently calling into gRPC, skipping fork() handlers
I1002 09:39:06.104509 4772868 fork_posix.cc:71] Other threads are currently calling into gRPC, skipping fork() handlers
I1002 09:39:06.145431 4772868 fork_posix.cc:71] Other threads are currently calling into gRPC, skipping fork() handlers
I1002 09:39:06.180261 4772868 fork_posix.cc:71] Other threads are currently calling into gRPC, skipping fork() handlers
I1002 09:39:06.221329 4772868 fork_posix.cc:71] Other threads are currently calling into gRPC, skipping fork() handlers
I1002 09:39:06.288885 4772868 fork_posix.cc:71] Other threads are currently calling into gRPC, skipping fork() handlers
I1002 09:39:06.328248 4772868 fork_posix.cc:71] Other threads are currently calling into gRPC, skipping fork() handlers
I1002 09:39:06.368543 4772868 fork_posix.cc:71] Other threads are currently calling into gRPC, skipping fork() handlers
I1002 09:39:06.400133 4772868 fork_posix.cc:71] Other threads are currently calling into gRPC, skipping fork() handlers
I1002 09:39:06.440265 4772868 fork_posix.cc:71] Other threads are currently calling into gRPC, skipping fork() handlers
I1002 09:39:06.480445 4772868 fork_posix.cc:71] Other threads are currently calling into gRPC, skipping fork() handlers
I1002 09:39:06.486046 4971738 ev_poll_posix.cc:587] FD from fork parent still in poll list: fd(10, generation: 1)
I1002 09:39:06.520463 4772868 fork_posix.cc:71] Other threads are currently calling into gRPC, skipping fork() handlers
I1002 09:39:06.560347 4772868 fork_posix.cc:71] Other threads are currently calling into gRPC, skipping fork() handlers
I1002 09:39:06.600455 4772868 fork_posix.cc:71] Other threads are currently calling into gRPC, skipping fork() handlers
I1002 09:39:06.635088 4772868 fork_posix.cc:71] Other threads are currently calling into gRPC, skipping fork() handlers
I1002 09:39:06.670224 4772868 fork_posix.cc:71] Other threads are currently calling into gRPC, skipping fork() handlers
I1002 09:39:06.703288 4772868 fork_posix.cc:71] Other threads are currently calling into gRPC, skipping fork() handlers
/Users/alexy/src/sail-pecan-integrated/.venv/lib/python3.12/site-packages/pyspark/sql/connect/expressions.py:1091: UserWarning: WARN WindowExpression: No Partition Defined for Window operation! Moving all data to a single partition, this can cause serious performance degradation.
  warnings.warn(
I1002 09:39:22.431587 4772868 fork_posix.cc:71] Other threads are currently calling into gRPC, skipping fork() handlers
I1002 09:39:22.484648 4772868 fork_posix.cc:71] Other threads are currently calling into gRPC, skipping fork() handlers
I1002 09:39:22.527860 4772868 fork_posix.cc:71] Other threads are currently calling into gRPC, skipping fork() handlers
I1002 09:39:22.570221 4772868 fork_posix.cc:71] Other threads are currently calling into gRPC, skipping fork() handlers
I1002 09:39:22.609988 4772868 fork_posix.cc:71] Other threads are currently calling into gRPC, skipping fork() handlers
I1002 09:39:22.649247 4772868 fork_posix.cc:71] Other threads are currently calling into gRPC, skipping fork() handlers
I1002 09:39:22.689980 4772868 fork_posix.cc:71] Other threads are currently calling into gRPC, skipping fork() handlers
I1002 09:39:22.729990 4772868 fork_posix.cc:71] Other threads are currently calling into gRPC, skipping fork() handlers
I1002 09:39:22.770304 4772868 fork_posix.cc:71] Other threads are currently calling into gRPC, skipping fork() handlers
I1002 09:39:22.810222 4772868 fork_posix.cc:71] Other threads are currently calling into gRPC, skipping fork() handlers
I1002 09:39:22.849496 4772868 fork_posix.cc:71] Other threads are currently calling into gRPC, skipping fork() handlers
I1002 09:39:22.887725 4772868 fork_posix.cc:71] Other threads are currently calling into gRPC, skipping fork() handlers
I1002 09:39:22.926433 4772868 fork_posix.cc:71] Other threads are currently calling into gRPC, skipping fork() handlers
I1002 09:39:22.964445 4772868 fork_posix.cc:71] Other threads are currently calling into gRPC, skipping fork() handlers
I1002 09:39:23.004083 4772868 fork_posix.cc:71] Other threads are currently calling into gRPC, skipping fork() handlers
I1002 09:39:23.043460 4772868 fork_posix.cc:71] Other threads are currently calling into gRPC, skipping fork() handlers
I1002 09:39:23.082972 4772868 fork_posix.cc:71] Other threads are currently calling into gRPC, skipping fork() handlers
I1002 09:39:23.368973 4772868 fork_posix.cc:71] Other threads are currently calling into gRPC, skipping fork() handlers
I1002 09:39:23.422568 4772868 fork_posix.cc:71] Other threads are currently calling into gRPC, skipping fork() handlers
I1002 09:39:23.471142 4772868 fork_posix.cc:71] Other threads are currently calling into gRPC, skipping fork() handlers
I1002 09:39:23.513925 4772868 fork_posix.cc:71] Other threads are currently calling into gRPC, skipping fork() handlers
I1002 09:39:23.560178 4772868 fork_posix.cc:71] Other threads are currently calling into gRPC, skipping fork() handlers
I1002 09:39:23.605067 4772868 fork_posix.cc:71] Other threads are currently calling into gRPC, skipping fork() handlers
I1002 09:39:23.645363 4772868 fork_posix.cc:71] Other threads are currently calling into gRPC, skipping fork() handlers
I1002 09:39:23.681510 4772868 fork_posix.cc:71] Other threads are currently calling into gRPC, skipping fork() handlers
I1002 09:39:23.725616 4772868 fork_posix.cc:71] Other threads are currently calling into gRPC, skipping fork() handlers
I1002 09:39:23.734547 4987214 ev_poll_posix.cc:587] FD from fork parent still in poll list: fd(10, generation: 1)
I1002 09:39:23.767169 4772868 fork_posix.cc:71] Other threads are currently calling into gRPC, skipping fork() handlers
I1002 09:39:23.808526 4772868 fork_posix.cc:71] Other threads are currently calling into gRPC, skipping fork() handlers
I1002 09:39:23.842917 4772868 fork_posix.cc:71] Other threads are currently calling into gRPC, skipping fork() handlers
I1002 09:39:23.886803 4772868 fork_posix.cc:71] Other threads are currently calling into gRPC, skipping fork() handlers
I1002 09:39:23.929576 4772868 fork_posix.cc:71] Other threads are currently calling into gRPC, skipping fork() handlers
I1002 09:39:23.978703 4772868 fork_posix.cc:71] Other threads are currently calling into gRPC, skipping fork() handlers
I1002 09:39:24.043703 4772868 fork_posix.cc:71] Other threads are currently calling into gRPC, skipping fork() handlers
I1002 09:39:24.096778 4772868 fork_posix.cc:71] Other threads are currently calling into gRPC, skipping fork() handlers
I1002 09:39:24.140108 4772868 fork_posix.cc:71] Other threads are currently calling into gRPC, skipping fork() handlers
I1002 09:39:24.181482 4772868 fork_posix.cc:71] Other threads are currently calling into gRPC, skipping fork() handlers
I1002 09:39:24.223677 4772868 fork_posix.cc:71] Other threads are currently calling into gRPC, skipping fork() handlers
I1002 09:39:44.129740 4772868 fork_posix.cc:71] Other threads are currently calling into gRPC, skipping fork() handlers
I1002 09:39:44.180147 4772868 fork_posix.cc:71] Other threads are currently calling into gRPC, skipping fork() handlers
I1002 09:39:44.255104 4772868 fork_posix.cc:71] Other threads are currently calling into gRPC, skipping fork() handlers
I1002 09:39:44.355185 4772868 fork_posix.cc:71] Other threads are currently calling into gRPC, skipping fork() handlers
I1002 09:39:44.411886 4772868 fork_posix.cc:71] Other threads are currently calling into gRPC, skipping fork() handlers
I1002 09:39:44.456026 4772868 fork_posix.cc:71] Other threads are currently calling into gRPC, skipping fork() handlers
I1002 09:39:44.517388 4772868 fork_posix.cc:71] Other threads are currently calling into gRPC, skipping fork() handlers
I1002 09:39:44.596451 4772868 fork_posix.cc:71] Other threads are currently calling into gRPC, skipping fork() handlers
I1002 09:39:44.643796 4772868 fork_posix.cc:71] Other threads are currently calling into gRPC, skipping fork() handlers
I1002 09:39:44.678355 4772868 fork_posix.cc:71] Other threads are currently calling into gRPC, skipping fork() handlers
I1002 09:39:44.721048 4772868 fork_posix.cc:71] Other threads are currently calling into gRPC, skipping fork() handlers
I1002 09:39:44.760584 4772868 fork_posix.cc:71] Other threads are currently calling into gRPC, skipping fork() handlers
I1002 09:39:44.805709 4772868 fork_posix.cc:71] Other threads are currently calling into gRPC, skipping fork() handlers
I1002 09:39:44.846945 4772868 fork_posix.cc:71] Other threads are currently calling into gRPC, skipping fork() handlers
I1002 09:39:44.891124 4772868 fork_posix.cc:71] Other threads are currently calling into gRPC, skipping fork() handlers
I1002 09:39:44.930072 4772868 fork_posix.cc:71] Other threads are currently calling into gRPC, skipping fork() handlers
I1002 09:39:44.969743 4772868 fork_posix.cc:71] Other threads are currently calling into gRPC, skipping fork() handlers
I1002 09:39:45.009177 4772868 fork_posix.cc:71] Other threads are currently calling into gRPC, skipping fork() handlers
I1002 09:39:45.048945 4772868 fork_posix.cc:71] Other threads are currently calling into gRPC, skipping fork() handlers
I1002 09:39:45.089131 4772868 fork_posix.cc:71] Other threads are currently calling into gRPC, skipping fork() handlers
I1002 09:39:45.129107 4772868 fork_posix.cc:71] Other threads are currently calling into gRPC, skipping fork() handlers
I1002 09:39:45.161899 4772868 fork_posix.cc:71] Other threads are currently calling into gRPC, skipping fork() handlers
I1002 09:39:45.192510 4772868 fork_posix.cc:71] Other threads are currently calling into gRPC, skipping fork() handlers
I1002 09:39:45.258492 4772868 fork_posix.cc:71] Other threads are currently calling into gRPC, skipping fork() handlers
I1002 09:39:45.290245 4772868 fork_posix.cc:71] Other threads are currently calling into gRPC, skipping fork() handlers
I1002 09:39:45.330027 4772868 fork_posix.cc:71] Other threads are currently calling into gRPC, skipping fork() handlers
I1002 09:39:45.367231 4772868 fork_posix.cc:71] Other threads are currently calling into gRPC, skipping fork() handlers
I1002 09:39:45.404278 4772868 fork_posix.cc:71] Other threads are currently calling into gRPC, skipping fork() handlers
I1002 09:39:45.442346 4772868 fork_posix.cc:71] Other threads are currently calling into gRPC, skipping fork() handlers
I1002 09:39:45.480231 4772868 fork_posix.cc:71] Other threads are currently calling into gRPC, skipping fork() handlers
I1002 09:39:45.522796 4772868 fork_posix.cc:71] Other threads are currently calling into gRPC, skipping fork() handlers
I1002 09:39:45.572257 4772868 fork_posix.cc:71] Other threads are currently calling into gRPC, skipping fork() handlers
I1002 09:39:45.614276 4772868 fork_posix.cc:71] Other threads are currently calling into gRPC, skipping fork() handlers
I1002 09:39:45.654293 4772868 fork_posix.cc:71] Other threads are currently calling into gRPC, skipping fork() handlers
I1002 09:39:45.694384 4772868 fork_posix.cc:71] Other threads are currently calling into gRPC, skipping fork() handlers
I1002 09:39:45.728538 4772868 fork_posix.cc:71] Other threads are currently calling into gRPC, skipping fork() handlers
I1002 09:39:45.768734 4772868 fork_posix.cc:71] Other threads are currently calling into gRPC, skipping fork() handlers
I1002 09:39:45.800818 4772868 fork_posix.cc:71] Other threads are currently calling into gRPC, skipping fork() handlers
I1002 09:39:45.837592 4772868 fork_posix.cc:71] Other threads are currently calling into gRPC, skipping fork() handlers
I1002 09:39:45.871683 4772868 fork_posix.cc:71] Other threads are currently calling into gRPC, skipping fork() handlers
I1002 09:39:45.907329 4772868 fork_posix.cc:71] Other threads are currently calling into gRPC, skipping fork() handlers
I1002 09:39:45.949046 4772868 fork_posix.cc:71] Other threads are currently calling into gRPC, skipping fork() handlers
I1002 09:39:45.989012 4772868 fork_posix.cc:71] Other threads are currently calling into gRPC, skipping fork() handlers
I1002 09:39:46.024074 4772868 fork_posix.cc:71] Other threads are currently calling into gRPC, skipping fork() handlers
I1002 09:39:46.063856 4772868 fork_posix.cc:71] Other threads are currently calling into gRPC, skipping fork() handlers
I1002 09:39:46.101961 4772868 fork_posix.cc:71] Other threads are currently calling into gRPC, skipping fork() handlers
I1002 09:39:46.140396 4772868 fork_posix.cc:71] Other threads are currently calling into gRPC, skipping fork() handlers
I1002 09:39:54.698386 5014910 ev_poll_posix.cc:587] FD from fork parent still in poll list: fd(10, generation: 1)
/Users/alexy/src/sail-pecan-integrated/.venv/lib/python3.12/site-packages/pyspark/sql/connect/expressions.py:1091: UserWarning: WARN WindowExpression: No Partition Defined for Window operation! Moving all data to a single partition, this can cause serious performance degradation.
  warnings.warn(
/Users/alexy/src/sail-pecan-integrated/.venv/lib/python3.12/site-packages/pyspark/sql/connect/expressions.py:1091: UserWarning: WARN WindowExpression: No Partition Defined for Window operation! Moving all data to a single partition, this can cause serious performance degradation.
  warnings.warn(
I1002 09:40:02.023101 4772868 fork_posix.cc:71] Other threads are currently calling into gRPC, skipping fork() handlers
I1002 09:40:02.069241 4772868 fork_posix.cc:71] Other threads are currently calling into gRPC, skipping fork() handlers
I1002 09:40:02.122838 4772868 fork_posix.cc:71] Other threads are currently calling into gRPC, skipping fork() handlers
I1002 09:40:02.162355 4772868 fork_posix.cc:71] Other threads are currently calling into gRPC, skipping fork() handlers
I1002 09:40:02.204198 4772868 fork_posix.cc:71] Other threads are currently calling into gRPC, skipping fork() handlers
I1002 09:40:02.258828 4772868 fork_posix.cc:71] Other threads are currently calling into gRPC, skipping fork() handlers
I1002 09:40:02.317789 4772868 fork_posix.cc:71] Other threads are currently calling into gRPC, skipping fork() handlers
I1002 09:40:02.425879 4772868 fork_posix.cc:71] Other threads are currently calling into gRPC, skipping fork() handlers
I1002 09:40:02.548740 4772868 fork_posix.cc:71] Other threads are currently calling into gRPC, skipping fork() handlers
I1002 09:40:02.674235 4772868 fork_posix.cc:71] Other threads are currently calling into gRPC, skipping fork() handlers
I1002 09:40:02.727281 4772868 fork_posix.cc:71] Other threads are currently calling into gRPC, skipping fork() handlers
I1002 09:40:02.799991 4772868 fork_posix.cc:71] Other threads are currently calling into gRPC, skipping fork() handlers
I1002 09:40:02.867054 4772868 fork_posix.cc:71] Other threads are currently calling into gRPC, skipping fork() handlers
I1002 09:40:02.929738 4772868 fork_posix.cc:71] Other threads are currently calling into gRPC, skipping fork() handlers
I1002 09:40:02.992460 4772868 fork_posix.cc:71] Other threads are currently calling into gRPC, skipping fork() handlers
I1002 09:40:03.045798 4772868 fork_posix.cc:71] Other threads are currently calling into gRPC, skipping fork() handlers
I1002 09:40:03.085777 4772868 fork_posix.cc:71] Other threads are currently calling into gRPC, skipping fork() handlers
I1002 09:40:14.759468 5032630 ev_poll_posix.cc:587] FD from fork parent still in poll list: fd(10, generation: 1)
I1002 09:40:23.679073 4772868 fork_posix.cc:71] Other threads are currently calling into gRPC, skipping fork() handlers
I1002 09:40:23.729994 4772868 fork_posix.cc:71] Other threads are currently calling into gRPC, skipping fork() handlers
I1002 09:40:23.786404 4772868 fork_posix.cc:71] Other threads are currently calling into gRPC, skipping fork() handlers
I1002 09:40:23.882962 4772868 fork_posix.cc:71] Other threads are currently calling into gRPC, skipping fork() handlers
I1002 09:40:23.940193 4772868 fork_posix.cc:71] Other threads are currently calling into gRPC, skipping fork() handlers
I1002 09:40:23.978547 4772868 fork_posix.cc:71] Other threads are currently calling into gRPC, skipping fork() handlers
I1002 09:40:24.021426 4772868 fork_posix.cc:71] Other threads are currently calling into gRPC, skipping fork() handlers
I1002 09:40:24.058365 4772868 fork_posix.cc:71] Other threads are currently calling into gRPC, skipping fork() handlers
I1002 09:40:24.101085 4772868 fork_posix.cc:71] Other threads are currently calling into gRPC, skipping fork() handlers
I1002 09:40:24.144783 4772868 fork_posix.cc:71] Other threads are currently calling into gRPC, skipping fork() handlers
I1002 09:40:24.188248 4772868 fork_posix.cc:71] Other threads are currently calling into gRPC, skipping fork() handlers
I1002 09:40:24.229409 4772868 fork_posix.cc:71] Other threads are currently calling into gRPC, skipping fork() handlers
I1002 09:40:24.269948 4772868 fork_posix.cc:71] Other threads are currently calling into gRPC, skipping fork() handlers
I1002 09:40:24.309754 4772868 fork_posix.cc:71] Other threads are currently calling into gRPC, skipping fork() handlers
I1002 09:40:24.347610 4772868 fork_posix.cc:71] Other threads are currently calling into gRPC, skipping fork() handlers
I1002 09:40:24.390973 4772868 fork_posix.cc:71] Other threads are currently calling into gRPC, skipping fork() handlers
I1002 09:40:24.438571 4772868 fork_posix.cc:71] Other threads are currently calling into gRPC, skipping fork() handlers
I1002 09:40:24.447887 5041123 ev_poll_posix.cc:587] FD from fork parent still in poll list: fd(10, generation: 1)
I1002 09:40:24.480068 4772868 fork_posix.cc:71] Other threads are currently calling into gRPC, skipping fork() handlers
I1002 09:40:24.488019 5041162 ev_poll_posix.cc:587] FD from fork parent still in poll list: fd(10, generation: 1)
I1002 09:40:24.529217 4772868 fork_posix.cc:71] Other threads are currently calling into gRPC, skipping fork() handlers
I1002 09:40:24.569300 4772868 fork_posix.cc:71] Other threads are currently calling into gRPC, skipping fork() handlers
I1002 09:40:24.622348 4772868 fork_posix.cc:71] Other threads are currently calling into gRPC, skipping fork() handlers
I1002 09:40:24.665453 4772868 fork_posix.cc:71] Other threads are currently calling into gRPC, skipping fork() handlers
I1002 09:40:24.708792 4772868 fork_posix.cc:71] Other threads are currently calling into gRPC, skipping fork() handlers
I1002 09:40:24.747636 4772868 fork_posix.cc:71] Other threads are currently calling into gRPC, skipping fork() handlers
I1002 09:40:24.754168 5041359 ev_poll_posix.cc:587] FD from fork parent still in poll list: fd(10, generation: 1)
I1002 09:40:44.182484 5058619 ev_poll_posix.cc:587] FD from fork parent still in poll list: fd(10, generation: 1)
I1002 09:40:45.640878 4772868 fork_posix.cc:71] Other threads are currently calling into gRPC, skipping fork() handlers
I1002 09:40:45.714861 4772868 fork_posix.cc:71] Other threads are currently calling into gRPC, skipping fork() handlers
I1002 09:40:45.782587 4772868 fork_posix.cc:71] Other threads are currently calling into gRPC, skipping fork() handlers
I1002 09:40:45.822105 4772868 fork_posix.cc:71] Other threads are currently calling into gRPC, skipping fork() handlers
I1002 09:40:45.877967 4772868 fork_posix.cc:71] Other threads are currently calling into gRPC, skipping fork() handlers
I1002 09:40:45.938125 4772868 fork_posix.cc:71] Other threads are currently calling into gRPC, skipping fork() handlers
I1002 09:40:45.982984 4772868 fork_posix.cc:71] Other threads are currently calling into gRPC, skipping fork() handlers
I1002 09:40:46.034475 4772868 fork_posix.cc:71] Other threads are currently calling into gRPC, skipping fork() handlers
I1002 09:40:46.069040 4772868 fork_posix.cc:71] Other threads are currently calling into gRPC, skipping fork() handlers
I1002 09:40:46.114331 4772868 fork_posix.cc:71] Other threads are currently calling into gRPC, skipping fork() handlers
I1002 09:40:46.157460 4772868 fork_posix.cc:71] Other threads are currently calling into gRPC, skipping fork() handlers
I1002 09:40:46.199179 4772868 fork_posix.cc:71] Other threads are currently calling into gRPC, skipping fork() handlers
I1002 09:40:46.249138 4772868 fork_posix.cc:71] Other threads are currently calling into gRPC, skipping fork() handlers
I1002 09:40:46.295604 4772868 fork_posix.cc:71] Other threads are currently calling into gRPC, skipping fork() handlers
I1002 09:40:46.330005 4772868 fork_posix.cc:71] Other threads are currently calling into gRPC, skipping fork() handlers
I1002 09:40:46.377213 4772868 fork_posix.cc:71] Other threads are currently calling into gRPC, skipping fork() handlers
I1002 09:40:46.421057 4772868 fork_posix.cc:71] Other threads are currently calling into gRPC, skipping fork() handlers
I1002 09:40:46.467320 4772868 fork_posix.cc:71] Other threads are currently calling into gRPC, skipping fork() handlers
I1002 09:40:46.503914 4772868 fork_posix.cc:71] Other threads are currently calling into gRPC, skipping fork() handlers
I1002 09:40:46.545983 4772868 fork_posix.cc:71] Other threads are currently calling into gRPC, skipping fork() handlers
I1002 09:40:46.588556 4772868 fork_posix.cc:71] Other threads are currently calling into gRPC, skipping fork() handlers
I1002 09:40:46.637278 4772868 fork_posix.cc:71] Other threads are currently calling into gRPC, skipping fork() handlers
I1002 09:40:46.678948 4772868 fork_posix.cc:71] Other threads are currently calling into gRPC, skipping fork() handlers
I1002 09:40:46.720892 4772868 fork_posix.cc:71] Other threads are currently calling into gRPC, skipping fork() handlers
I1002 09:40:46.772209 4772868 fork_posix.cc:71] Other threads are currently calling into gRPC, skipping fork() handlers
I1002 09:40:46.821670 4772868 fork_posix.cc:71] Other threads are currently calling into gRPC, skipping fork() handlers
I1002 09:40:46.870501 4772868 fork_posix.cc:71] Other threads are currently calling into gRPC, skipping fork() handlers
I1002 09:40:46.911880 4772868 fork_posix.cc:71] Other threads are currently calling into gRPC, skipping fork() handlers
I1002 09:40:46.957854 4772868 fork_posix.cc:71] Other threads are currently calling into gRPC, skipping fork() handlers
I1002 09:40:47.009681 4772868 fork_posix.cc:71] Other threads are currently calling into gRPC, skipping fork() handlers
I1002 09:40:47.055223 4772868 fork_posix.cc:71] Other threads are currently calling into gRPC, skipping fork() handlers
I1002 09:40:47.113526 4772868 fork_posix.cc:71] Other threads are currently calling into gRPC, skipping fork() handlers
I1002 09:40:47.153068 4772868 fork_posix.cc:71] Other threads are currently calling into gRPC, skipping fork() handlers
I1002 09:40:47.189873 4772868 fork_posix.cc:71] Other threads are currently calling into gRPC, skipping fork() handlers
I1002 09:40:47.231696 4772868 fork_posix.cc:71] Other threads are currently calling into gRPC, skipping fork() handlers
I1002 09:40:47.280255 4772868 fork_posix.cc:71] Other threads are currently calling into gRPC, skipping fork() handlers
I1002 09:40:47.320525 4772868 fork_posix.cc:71] Other threads are currently calling into gRPC, skipping fork() handlers
I1002 09:40:47.359335 4772868 fork_posix.cc:71] Other threads are currently calling into gRPC, skipping fork() handlers
I1002 09:40:47.407065 4772868 fork_posix.cc:71] Other threads are currently calling into gRPC, skipping fork() handlers
I1002 09:40:47.449491 4772868 fork_posix.cc:71] Other threads are currently calling into gRPC, skipping fork() handlers
I1002 09:40:47.486777 4772868 fork_posix.cc:71] Other threads are currently calling into gRPC, skipping fork() handlers
I1002 09:40:47.532882 4772868 fork_posix.cc:71] Other threads are currently calling into gRPC, skipping fork() handlers
I1002 09:40:47.575089 4772868 fork_posix.cc:71] Other threads are currently calling into gRPC, skipping fork() handlers
I1002 09:40:47.620783 4772868 fork_posix.cc:71] Other threads are currently calling into gRPC, skipping fork() handlers
I1002 09:40:47.659292 4772868 fork_posix.cc:71] Other threads are currently calling into gRPC, skipping fork() handlers
I1002 09:40:47.705560 4772868 fork_posix.cc:71] Other threads are currently calling into gRPC, skipping fork() handlers
I1002 09:40:47.747297 4772868 fork_posix.cc:71] Other threads are currently calling into gRPC, skipping fork() handlers
I1002 09:40:47.783161 4772868 fork_posix.cc:71] Other threads are currently calling into gRPC, skipping fork() handlers
I1002 09:40:47.841425 4772868 fork_posix.cc:71] Other threads are currently calling into gRPC, skipping fork() handlers
I1002 09:40:47.890812 4772868 fork_posix.cc:71] Other threads are currently calling into gRPC, skipping fork() handlers
I1002 09:40:47.959605 4772868 fork_posix.cc:71] Other threads are currently calling into gRPC, skipping fork() handlers
I1002 09:40:47.998754 4772868 fork_posix.cc:71] Other threads are currently calling into gRPC, skipping fork() handlers
I1002 09:41:03.718546 4772868 fork_posix.cc:71] Other threads are currently calling into gRPC, skipping fork() handlers
I1002 09:41:03.768102 4772868 fork_posix.cc:71] Other threads are currently calling into gRPC, skipping fork() handlers
I1002 09:41:03.825197 4772868 fork_posix.cc:71] Other threads are currently calling into gRPC, skipping fork() handlers
I1002 09:41:03.870510 4772868 fork_posix.cc:71] Other threads are currently calling into gRPC, skipping fork() handlers
I1002 09:41:03.912254 4772868 fork_posix.cc:71] Other threads are currently calling into gRPC, skipping fork() handlers
I1002 09:41:03.946823 4772868 fork_posix.cc:71] Other threads are currently calling into gRPC, skipping fork() handlers
I1002 09:41:03.986318 4772868 fork_posix.cc:71] Other threads are currently calling into gRPC, skipping fork() handlers
I1002 09:41:04.021844 4772868 fork_posix.cc:71] Other threads are currently calling into gRPC, skipping fork() handlers
I1002 09:41:04.064937 4772868 fork_posix.cc:71] Other threads are currently calling into gRPC, skipping fork() handlers
I1002 09:41:04.110279 4772868 fork_posix.cc:71] Other threads are currently calling into gRPC, skipping fork() handlers
I1002 09:41:04.148805 4772868 fork_posix.cc:71] Other threads are currently calling into gRPC, skipping fork() handlers
I1002 09:41:04.188601 4772868 fork_posix.cc:71] Other threads are currently calling into gRPC, skipping fork() handlers
I1002 09:41:04.194562 5075960 ev_poll_posix.cc:587] FD from fork parent still in poll list: fd(10, generation: 1)
I1002 09:41:04.231099 4772868 fork_posix.cc:71] Other threads are currently calling into gRPC, skipping fork() handlers
I1002 09:41:04.280271 4772868 fork_posix.cc:71] Other threads are currently calling into gRPC, skipping fork() handlers
I1002 09:41:04.325966 4772868 fork_posix.cc:71] Other threads are currently calling into gRPC, skipping fork() handlers
I1002 09:41:04.452695 4772868 fork_posix.cc:71] Other threads are currently calling into gRPC, skipping fork() handlers
I1002 09:41:04.497565 4772868 fork_posix.cc:71] Other threads are currently calling into gRPC, skipping fork() handlers
I1002 09:41:04.537235 4772868 fork_posix.cc:71] Other threads are currently calling into gRPC, skipping fork() handlers
I1002 09:41:04.581501 4772868 fork_posix.cc:71] Other threads are currently calling into gRPC, skipping fork() handlers
I1002 09:41:04.625607 4772868 fork_posix.cc:71] Other threads are currently calling into gRPC, skipping fork() handlers
I1002 09:41:04.672865 4772868 fork_posix.cc:71] Other threads are currently calling into gRPC, skipping fork() handlers
I1002 09:41:04.771955 4772868 fork_posix.cc:71] Other threads are currently calling into gRPC, skipping fork() handlers
I1002 09:41:04.876937 4772868 fork_posix.cc:71] Other threads are currently calling into gRPC, skipping fork() handlers
I1002 09:41:04.950457 4772868 fork_posix.cc:71] Other threads are currently calling into gRPC, skipping fork() handlers
I1002 09:41:04.996453 4772868 fork_posix.cc:71] Other threads are currently calling into gRPC, skipping fork() handlers
I1002 09:41:05.032383 4772868 fork_posix.cc:71] Other threads are currently calling into gRPC, skipping fork() handlers
I1002 09:41:05.079326 4772868 fork_posix.cc:71] Other threads are currently calling into gRPC, skipping fork() handlers
I1002 09:41:05.171528 4772868 fork_posix.cc:71] Other threads are currently calling into gRPC, skipping fork() handlers
I1002 09:41:05.218311 4772868 fork_posix.cc:71] Other threads are currently calling into gRPC, skipping fork() handlers
I1002 09:41:05.265304 4772868 fork_posix.cc:71] Other threads are currently calling into gRPC, skipping fork() handlers
I1002 09:41:05.317693 4772868 fork_posix.cc:71] Other threads are currently calling into gRPC, skipping fork() handlers
I1002 09:41:05.355930 4772868 fork_posix.cc:71] Other threads are currently calling into gRPC, skipping fork() handlers
I1002 09:41:05.396999 4772868 fork_posix.cc:71] Other threads are currently calling into gRPC, skipping fork() handlers
I1002 09:41:05.440823 4772868 fork_posix.cc:71] Other threads are currently calling into gRPC, skipping fork() handlers
I1002 09:41:05.475117 4772868 fork_posix.cc:71] Other threads are currently calling into gRPC, skipping fork() handlers
I1002 09:41:25.856871 5094930 ev_poll_posix.cc:587] FD from fork parent still in poll list: fd(10, generation: 1)
I1002 09:41:27.118566 4772868 fork_posix.cc:71] Other threads are currently calling into gRPC, skipping fork() handlers
I1002 09:41:27.256369 4772868 fork_posix.cc:71] Other threads are currently calling into gRPC, skipping fork() handlers
I1002 09:41:27.300488 4772868 fork_posix.cc:71] Other threads are currently calling into gRPC, skipping fork() handlers
I1002 09:41:27.346654 4772868 fork_posix.cc:71] Other threads are currently calling into gRPC, skipping fork() handlers
I1002 09:41:27.389047 4772868 fork_posix.cc:71] Other threads are currently calling into gRPC, skipping fork() handlers
I1002 09:41:27.430985 4772868 fork_posix.cc:71] Other threads are currently calling into gRPC, skipping fork() handlers
I1002 09:41:27.481444 4772868 fork_posix.cc:71] Other threads are currently calling into gRPC, skipping fork() handlers
I1002 09:41:27.519783 4772868 fork_posix.cc:71] Other threads are currently calling into gRPC, skipping fork() handlers
I1002 09:41:27.559300 4772868 fork_posix.cc:71] Other threads are currently calling into gRPC, skipping fork() handlers
I1002 09:41:27.595297 4772868 fork_posix.cc:71] Other threads are currently calling into gRPC, skipping fork() handlers
I1002 09:41:27.629563 4772868 fork_posix.cc:71] Other threads are currently calling into gRPC, skipping fork() handlers
I1002 09:41:27.669241 4772868 fork_posix.cc:71] Other threads are currently calling into gRPC, skipping fork() handlers
I1002 09:41:27.706804 4772868 fork_posix.cc:71] Other threads are currently calling into gRPC, skipping fork() handlers
I1002 09:41:27.745467 4772868 fork_posix.cc:71] Other threads are currently calling into gRPC, skipping fork() handlers
I1002 09:41:27.785122 4772868 fork_posix.cc:71] Other threads are currently calling into gRPC, skipping fork() handlers
I1002 09:41:27.820656 4772868 fork_posix.cc:71] Other threads are currently calling into gRPC, skipping fork() handlers
I1002 09:41:27.860454 4772868 fork_posix.cc:71] Other threads are currently calling into gRPC, skipping fork() handlers
I1002 09:41:27.894764 4772868 fork_posix.cc:71] Other threads are currently calling into gRPC, skipping fork() handlers
I1002 09:41:27.936175 4772868 fork_posix.cc:71] Other threads are currently calling into gRPC, skipping fork() handlers
I1002 09:41:27.976186 4772868 fork_posix.cc:71] Other threads are currently calling into gRPC, skipping fork() handlers
I1002 09:41:28.012133 4772868 fork_posix.cc:71] Other threads are currently calling into gRPC, skipping fork() handlers
I1002 09:41:28.050651 4772868 fork_posix.cc:71] Other threads are currently calling into gRPC, skipping fork() handlers
I1002 09:41:28.090155 4772868 fork_posix.cc:71] Other threads are currently calling into gRPC, skipping fork() handlers
I1002 09:41:28.127275 4772868 fork_posix.cc:71] Other threads are currently calling into gRPC, skipping fork() handlers
I1002 09:41:28.159020 4772868 fork_posix.cc:71] Other threads are currently calling into gRPC, skipping fork() handlers
I1002 09:41:28.198729 4772868 fork_posix.cc:71] Other threads are currently calling into gRPC, skipping fork() handlers
I1002 09:41:28.237225 4772868 fork_posix.cc:71] Other threads are currently calling into gRPC, skipping fork() handlers
I1002 09:41:28.279208 4772868 fork_posix.cc:71] Other threads are currently calling into gRPC, skipping fork() handlers
I1002 09:41:28.312147 4772868 fork_posix.cc:71] Other threads are currently calling into gRPC, skipping fork() handlers
I1002 09:41:28.351815 4772868 fork_posix.cc:71] Other threads are currently calling into gRPC, skipping fork() handlers
I1002 09:41:28.391686 4772868 fork_posix.cc:71] Other threads are currently calling into gRPC, skipping fork() handlers
I1002 09:41:28.463152 4772868 fork_posix.cc:71] Other threads are currently calling into gRPC, skipping fork() handlers
/Users/alexy/src/sail-pecan-integrated/.venv/lib/python3.12/site-packages/pyspark/sql/connect/expressions.py:1091: UserWarning: WARN WindowExpression: No Partition Defined for Window operation! Moving all data to a single partition, this can cause serious performance degradation.
  warnings.warn(
I1002 09:41:43.806562 4772868 fork_posix.cc:71] Other threads are currently calling into gRPC, skipping fork() handlers
I1002 09:41:43.902305 4772868 fork_posix.cc:71] Other threads are currently calling into gRPC, skipping fork() handlers
I1002 09:41:43.986421 4772868 fork_posix.cc:71] Other threads are currently calling into gRPC, skipping fork() handlers
I1002 09:41:44.026664 4772868 fork_posix.cc:71] Other threads are currently calling into gRPC, skipping fork() handlers
I1002 09:41:44.062471 4772868 fork_posix.cc:71] Other threads are currently calling into gRPC, skipping fork() handlers
I1002 09:41:44.100498 4772868 fork_posix.cc:71] Other threads are currently calling into gRPC, skipping fork() handlers
I1002 09:41:44.134985 4772868 fork_posix.cc:71] Other threads are currently calling into gRPC, skipping fork() handlers
I1002 09:41:44.174655 4772868 fork_posix.cc:71] Other threads are currently calling into gRPC, skipping fork() handlers
I1002 09:41:44.209086 4772868 fork_posix.cc:71] Other threads are currently calling into gRPC, skipping fork() handlers
I1002 09:41:44.249129 4772868 fork_posix.cc:71] Other threads are currently calling into gRPC, skipping fork() handlers
I1002 09:41:44.285180 4772868 fork_posix.cc:71] Other threads are currently calling into gRPC, skipping fork() handlers
I1002 09:41:44.324877 4772868 fork_posix.cc:71] Other threads are currently calling into gRPC, skipping fork() handlers
I1002 09:41:44.364441 4772868 fork_posix.cc:71] Other threads are currently calling into gRPC, skipping fork() handlers
I1002 09:41:44.396714 4772868 fork_posix.cc:71] Other threads are currently calling into gRPC, skipping fork() handlers
I1002 09:41:44.431933 4772868 fork_posix.cc:71] Other threads are currently calling into gRPC, skipping fork() handlers
I1002 09:41:44.466919 4772868 fork_posix.cc:71] Other threads are currently calling into gRPC, skipping fork() handlers
I1002 09:41:44.779910 4772868 fork_posix.cc:71] Other threads are currently calling into gRPC, skipping fork() handlers
I1002 09:41:44.835544 4772868 fork_posix.cc:71] Other threads are currently calling into gRPC, skipping fork() handlers
I1002 09:41:44.898716 4772868 fork_posix.cc:71] Other threads are currently calling into gRPC, skipping fork() handlers
I1002 09:41:44.946518 4772868 fork_posix.cc:71] Other threads are currently calling into gRPC, skipping fork() handlers
I1002 09:41:44.986472 4772868 fork_posix.cc:71] Other threads are currently calling into gRPC, skipping fork() handlers
I1002 09:41:45.033686 4772868 fork_posix.cc:71] Other threads are currently calling into gRPC, skipping fork() handlers
I1002 09:41:45.080342 4772868 fork_posix.cc:71] Other threads are currently calling into gRPC, skipping fork() handlers
I1002 09:41:45.131403 4772868 fork_posix.cc:71] Other threads are currently calling into gRPC, skipping fork() handlers
I1002 09:41:45.178705 4772868 fork_posix.cc:71] Other threads are currently calling into gRPC, skipping fork() handlers
I1002 09:41:45.217931 4772868 fork_posix.cc:71] Other threads are currently calling into gRPC, skipping fork() handlers
I1002 09:41:45.254846 4772868 fork_posix.cc:71] Other threads are currently calling into gRPC, skipping fork() handlers
I1002 09:41:45.296861 4772868 fork_posix.cc:71] Other threads are currently calling into gRPC, skipping fork() handlers
I1002 09:41:45.338297 4772868 fork_posix.cc:71] Other threads are currently calling into gRPC, skipping fork() handlers
I1002 09:41:45.380412 4772868 fork_posix.cc:71] Other threads are currently calling into gRPC, skipping fork() handlers
I1002 09:41:45.420562 4772868 fork_posix.cc:71] Other threads are currently calling into gRPC, skipping fork() handlers
I1002 09:41:45.462234 4772868 fork_posix.cc:71] Other threads are currently calling into gRPC, skipping fork() handlers
I1002 09:41:45.496998 4772868 fork_posix.cc:71] Other threads are currently calling into gRPC, skipping fork() handlers
I1002 09:41:45.575796 4772868 fork_posix.cc:71] Other threads are currently calling into gRPC, skipping fork() handlers
I1002 09:41:45.632025 4772868 fork_posix.cc:71] Other threads are currently calling into gRPC, skipping fork() handlers
I1002 09:41:45.670603 4772868 fork_posix.cc:71] Other threads are currently calling into gRPC, skipping fork() handlers
I1002 09:42:06.072514 4772868 fork_posix.cc:71] Other threads are currently calling into gRPC, skipping fork() handlers
I1002 09:42:06.136131 4772868 fork_posix.cc:71] Other threads are currently calling into gRPC, skipping fork() handlers
I1002 09:42:06.217895 4772868 fork_posix.cc:71] Other threads are currently calling into gRPC, skipping fork() handlers
I1002 09:42:06.322602 4772868 fork_posix.cc:71] Other threads are currently calling into gRPC, skipping fork() handlers
I1002 09:42:06.398506 4772868 fork_posix.cc:71] Other threads are currently calling into gRPC, skipping fork() handlers
I1002 09:42:06.472605 4772868 fork_posix.cc:71] Other threads are currently calling into gRPC, skipping fork() handlers
I1002 09:42:06.539147 4772868 fork_posix.cc:71] Other threads are currently calling into gRPC, skipping fork() handlers
I1002 09:42:06.627998 4772868 fork_posix.cc:71] Other threads are currently calling into gRPC, skipping fork() handlers
I1002 09:42:06.676317 4772868 fork_posix.cc:71] Other threads are currently calling into gRPC, skipping fork() handlers
I1002 09:42:06.731765 4772868 fork_posix.cc:71] Other threads are currently calling into gRPC, skipping fork() handlers
I1002 09:42:06.818930 4772868 fork_posix.cc:71] Other threads are currently calling into gRPC, skipping fork() handlers
I1002 09:42:06.897787 4772868 fork_posix.cc:71] Other threads are currently calling into gRPC, skipping fork() handlers
I1002 09:42:06.939276 4772868 fork_posix.cc:71] Other threads are currently calling into gRPC, skipping fork() handlers
I1002 09:42:06.980475 4772868 fork_posix.cc:71] Other threads are currently calling into gRPC, skipping fork() handlers
I1002 09:42:07.045771 4772868 fork_posix.cc:71] Other threads are currently calling into gRPC, skipping fork() handlers
I1002 09:42:07.083274 4772868 fork_posix.cc:71] Other threads are currently calling into gRPC, skipping fork() handlers
I1002 09:42:07.124287 4772868 fork_posix.cc:71] Other threads are currently calling into gRPC, skipping fork() handlers
I1002 09:42:07.163928 4772868 fork_posix.cc:71] Other threads are currently calling into gRPC, skipping fork() handlers
I1002 09:42:07.220483 4772868 fork_posix.cc:71] Other threads are currently calling into gRPC, skipping fork() handlers
I1002 09:42:07.253337 4772868 fork_posix.cc:71] Other threads are currently calling into gRPC, skipping fork() handlers
I1002 09:42:07.289482 4772868 fork_posix.cc:71] Other threads are currently calling into gRPC, skipping fork() handlers
I1002 09:42:07.355341 4772868 fork_posix.cc:71] Other threads are currently calling into gRPC, skipping fork() handlers
I1002 09:42:07.396823 4772868 fork_posix.cc:71] Other threads are currently calling into gRPC, skipping fork() handlers
I1002 09:42:07.431603 4772868 fork_posix.cc:71] Other threads are currently calling into gRPC, skipping fork() handlers
I1002 09:42:07.466231 4772868 fork_posix.cc:71] Other threads are currently calling into gRPC, skipping fork() handlers
I1002 09:42:07.498563 4772868 fork_posix.cc:71] Other threads are currently calling into gRPC, skipping fork() handlers
I1002 09:42:07.570993 4772868 fork_posix.cc:71] Other threads are currently calling into gRPC, skipping fork() handlers
I1002 09:42:07.612348 4772868 fork_posix.cc:71] Other threads are currently calling into gRPC, skipping fork() handlers
I1002 09:42:07.645932 4772868 fork_posix.cc:71] Other threads are currently calling into gRPC, skipping fork() handlers
I1002 09:42:07.685530 4772868 fork_posix.cc:71] Other threads are currently calling into gRPC, skipping fork() handlers
I1002 09:42:07.725471 4772868 fork_posix.cc:71] Other threads are currently calling into gRPC, skipping fork() handlers
I1002 09:42:07.760669 4772868 fork_posix.cc:71] Other threads are currently calling into gRPC, skipping fork() handlers
I1002 09:42:07.796053 4772868 fork_posix.cc:71] Other threads are currently calling into gRPC, skipping fork() handlers
I1002 09:42:07.835539 4772868 fork_posix.cc:71] Other threads are currently calling into gRPC, skipping fork() handlers
I1002 09:42:07.875003 4772868 fork_posix.cc:71] Other threads are currently calling into gRPC, skipping fork() handlers
I1002 09:42:07.915692 4772868 fork_posix.cc:71] Other threads are currently calling into gRPC, skipping fork() handlers
I1002 09:42:07.955860 4772868 fork_posix.cc:71] Other threads are currently calling into gRPC, skipping fork() handlers
I1002 09:42:07.995649 4772868 fork_posix.cc:71] Other threads are currently calling into gRPC, skipping fork() handlers
I1002 09:42:08.032276 4772868 fork_posix.cc:71] Other threads are currently calling into gRPC, skipping fork() handlers
I1002 09:42:08.050533 4772789 fork_posix.cc:71] Other threads are currently calling into gRPC, skipping fork() handlers
I1002 09:42:10.600865 5135148 ev_poll_posix.cc:587] FD from fork parent still in poll list: fd(10, generation: 1)
I1002 09:42:14.069990 5138459 ev_poll_posix.cc:587] FD from fork parent still in poll list: fd(10, generation: 1)
I1002 09:42:14.111632 5138482 ev_poll_posix.cc:587] FD from fork parent still in poll list: fd(10, generation: 1)
I1002 09:42:15.306311 5139542 ev_poll_posix.cc:587] FD from fork parent still in poll list: fd(10, generation: 1)
/Users/alexy/src/sail-pecan-integrated/.venv/lib/python3.12/site-packages/pyspark/sql/connect/expressions.py:1091: UserWarning: WARN WindowExpression: No Partition Defined for Window operation! Moving all data to a single partition, this can cause serious performance degradation.
  warnings.warn(
I1002 09:42:24.580061 4772868 fork_posix.cc:71] Other threads are currently calling into gRPC, skipping fork() handlers
I1002 09:42:24.615273 4772868 fork_posix.cc:71] Other threads are currently calling into gRPC, skipping fork() handlers
I1002 09:42:24.671189 4772868 fork_posix.cc:71] Other threads are currently calling into gRPC, skipping fork() handlers
I1002 09:42:24.720880 4772868 fork_posix.cc:71] Other threads are currently calling into gRPC, skipping fork() handlers
I1002 09:42:24.767771 4772868 fork_posix.cc:71] Other threads are currently calling into gRPC, skipping fork() handlers
I1002 09:42:24.826098 4772868 fork_posix.cc:71] Other threads are currently calling into gRPC, skipping fork() handlers
I1002 09:42:24.876634 4772868 fork_posix.cc:71] Other threads are currently calling into gRPC, skipping fork() handlers
I1002 09:42:24.921259 4772868 fork_posix.cc:71] Other threads are currently calling into gRPC, skipping fork() handlers
I1002 09:42:24.961896 4772868 fork_posix.cc:71] Other threads are currently calling into gRPC, skipping fork() handlers
I1002 09:42:25.016270 4772868 fork_posix.cc:71] Other threads are currently calling into gRPC, skipping fork() handlers
I1002 09:42:25.060569 4772868 fork_posix.cc:71] Other threads are currently calling into gRPC, skipping fork() handlers
I1002 09:42:25.108758 4772868 fork_posix.cc:71] Other threads are currently calling into gRPC, skipping fork() handlers
I1002 09:42:25.193266 4772868 fork_posix.cc:71] Other threads are currently calling into gRPC, skipping fork() handlers
I1002 09:42:25.279209 4772868 fork_posix.cc:71] Other threads are currently calling into gRPC, skipping fork() handlers
I1002 09:42:25.329044 4772868 fork_posix.cc:71] Other threads are currently calling into gRPC, skipping fork() handlers
I1002 09:42:25.379916 4772868 fork_posix.cc:71] Other threads are currently calling into gRPC, skipping fork() handlers
I1002 09:42:25.422417 4772868 fork_posix.cc:71] Other threads are currently calling into gRPC, skipping fork() handlers
I1002 09:42:25.471247 4772868 fork_posix.cc:71] Other threads are currently calling into gRPC, skipping fork() handlers
I1002 09:42:25.513561 4772868 fork_posix.cc:71] Other threads are currently calling into gRPC, skipping fork() handlers
I1002 09:42:25.557153 4772868 fork_posix.cc:71] Other threads are currently calling into gRPC, skipping fork() handlers
I1002 09:42:25.614084 4772868 fork_posix.cc:71] Other threads are currently calling into gRPC, skipping fork() handlers
I1002 09:42:25.668362 4772868 fork_posix.cc:71] Other threads are currently calling into gRPC, skipping fork() handlers
I1002 09:42:25.711620 4772868 fork_posix.cc:71] Other threads are currently calling into gRPC, skipping fork() handlers
I1002 09:42:31.324758 5153746 ev_poll_posix.cc:587] FD from fork parent still in poll list: fd(10, generation: 1)
I1002 09:42:44.688795 4772868 fork_posix.cc:71] Other threads are currently calling into gRPC, skipping fork() handlers
I1002 09:42:44.757707 4772868 fork_posix.cc:71] Other threads are currently calling into gRPC, skipping fork() handlers
I1002 09:42:44.826555 4772868 fork_posix.cc:71] Other threads are currently calling into gRPC, skipping fork() handlers
I1002 09:42:44.905954 4772868 fork_posix.cc:71] Other threads are currently calling into gRPC, skipping fork() handlers
I1002 09:42:44.969444 4772868 fork_posix.cc:71] Other threads are currently calling into gRPC, skipping fork() handlers
I1002 09:42:45.095381 4772868 fork_posix.cc:71] Other threads are currently calling into gRPC, skipping fork() handlers
I1002 09:42:45.190564 4772868 fork_posix.cc:71] Other threads are currently calling into gRPC, skipping fork() handlers
I1002 09:42:45.242370 4772868 fork_posix.cc:71] Other threads are currently calling into gRPC, skipping fork() handlers
I1002 09:42:45.287965 4772868 fork_posix.cc:71] Other threads are currently calling into gRPC, skipping fork() handlers
I1002 09:42:45.409825 4772868 fork_posix.cc:71] Other threads are currently calling into gRPC, skipping fork() handlers
I1002 09:42:45.461524 4772868 fork_posix.cc:71] Other threads are currently calling into gRPC, skipping fork() handlers
I1002 09:42:45.502008 4772868 fork_posix.cc:71] Other threads are currently calling into gRPC, skipping fork() handlers
I1002 09:42:45.650277 4772868 fork_posix.cc:71] Other threads are currently calling into gRPC, skipping fork() handlers
I1002 09:42:45.785409 4772868 fork_posix.cc:71] Other threads are currently calling into gRPC, skipping fork() handlers
I1002 09:42:45.840665 4772868 fork_posix.cc:71] Other threads are currently calling into gRPC, skipping fork() handlers
I1002 09:42:45.889095 4772868 fork_posix.cc:71] Other threads are currently calling into gRPC, skipping fork() handlers
I1002 09:42:45.937266 4772868 fork_posix.cc:71] Other threads are currently calling into gRPC, skipping fork() handlers
I1002 09:42:45.983456 4772868 fork_posix.cc:71] Other threads are currently calling into gRPC, skipping fork() handlers
I1002 09:42:46.026536 4772868 fork_posix.cc:71] Other threads are currently calling into gRPC, skipping fork() handlers
I1002 09:42:46.099479 4772868 fork_posix.cc:71] Other threads are currently calling into gRPC, skipping fork() handlers
I1002 09:42:46.197477 4772868 fork_posix.cc:71] Other threads are currently calling into gRPC, skipping fork() handlers
I1002 09:43:04.772226 4772868 fork_posix.cc:71] Other threads are currently calling into gRPC, skipping fork() handlers
I1002 09:43:04.859054 4772868 fork_posix.cc:71] Other threads are currently calling into gRPC, skipping fork() handlers
I1002 09:43:04.912182 4772868 fork_posix.cc:71] Other threads are currently calling into gRPC, skipping fork() handlers
I1002 09:43:04.962782 4772868 fork_posix.cc:71] Other threads are currently calling into gRPC, skipping fork() handlers
I1002 09:43:05.012087 4772868 fork_posix.cc:71] Other threads are currently calling into gRPC, skipping fork() handlers
I1002 09:43:05.162168 4772868 fork_posix.cc:71] Other threads are currently calling into gRPC, skipping fork() handlers
I1002 09:43:05.215433 4772868 fork_posix.cc:71] Other threads are currently calling into gRPC, skipping fork() handlers
I1002 09:43:05.380238 4772868 fork_posix.cc:71] Other threads are currently calling into gRPC, skipping fork() handlers
I1002 09:43:05.465678 4772868 fork_posix.cc:71] Other threads are currently calling into gRPC, skipping fork() handlers
I1002 09:43:05.512754 4772868 fork_posix.cc:71] Other threads are currently calling into gRPC, skipping fork() handlers
I1002 09:43:05.554181 4772868 fork_posix.cc:71] Other threads are currently calling into gRPC, skipping fork() handlers
I1002 09:43:05.646282 4772868 fork_posix.cc:71] Other threads are currently calling into gRPC, skipping fork() handlers
I1002 09:43:05.737581 4772868 fork_posix.cc:71] Other threads are currently calling into gRPC, skipping fork() handlers
I1002 09:43:05.779608 4772868 fork_posix.cc:71] Other threads are currently calling into gRPC, skipping fork() handlers
I1002 09:43:05.900013 4772868 fork_posix.cc:71] Other threads are currently calling into gRPC, skipping fork() handlers
I1002 09:43:05.961622 4772868 fork_posix.cc:71] Other threads are currently calling into gRPC, skipping fork() handlers
I1002 09:43:06.017456 4772868 fork_posix.cc:71] Other threads are currently calling into gRPC, skipping fork() handlers
I1002 09:43:06.155137 4772868 fork_posix.cc:71] Other threads are currently calling into gRPC, skipping fork() handlers
I1002 09:43:06.215622 4772868 fork_posix.cc:71] Other threads are currently calling into gRPC, skipping fork() handlers
I1002 09:43:06.283678 4772868 fork_posix.cc:71] Other threads are currently calling into gRPC, skipping fork() handlers
I1002 09:43:06.366447 4772868 fork_posix.cc:71] Other threads are currently calling into gRPC, skipping fork() handlers
I1002 09:43:06.373719 5182883 ev_poll_posix.cc:587] FD from fork parent still in poll list: fd(10, generation: 1)
I1002 09:43:06.418199 4772868 fork_posix.cc:71] Other threads are currently calling into gRPC, skipping fork() handlers
I1002 09:43:06.502402 4772868 fork_posix.cc:71] Other threads are currently calling into gRPC, skipping fork() handlers
I1002 09:43:06.574930 4772868 fork_posix.cc:71] Other threads are currently calling into gRPC, skipping fork() handlers
I1002 09:43:06.643269 4772868 fork_posix.cc:71] Other threads are currently calling into gRPC, skipping fork() handlers
I1002 09:43:06.710379 4772868 fork_posix.cc:71] Other threads are currently calling into gRPC, skipping fork() handlers
I1002 09:43:06.758008 4772868 fork_posix.cc:71] Other threads are currently calling into gRPC, skipping fork() handlers
I1002 09:43:06.816035 4772868 fork_posix.cc:71] Other threads are currently calling into gRPC, skipping fork() handlers
I1002 09:43:06.867472 4772868 fork_posix.cc:71] Other threads are currently calling into gRPC, skipping fork() handlers
I1002 09:43:06.911009 4772868 fork_posix.cc:71] Other threads are currently calling into gRPC, skipping fork() handlers
I1002 09:43:06.959409 4772868 fork_posix.cc:71] Other threads are currently calling into gRPC, skipping fork() handlers
I1002 09:43:07.006106 4772868 fork_posix.cc:71] Other threads are currently calling into gRPC, skipping fork() handlers
I1002 09:43:07.055226 4772868 fork_posix.cc:71] Other threads are currently calling into gRPC, skipping fork() handlers
I1002 09:43:07.103397 4772868 fork_posix.cc:71] Other threads are currently calling into gRPC, skipping fork() handlers
I1002 09:43:07.143405 4772868 fork_posix.cc:71] Other threads are currently calling into gRPC, skipping fork() handlers
I1002 09:43:16.732374 5191870 ev_poll_posix.cc:587] FD from fork parent still in poll list: fd(10, generation: 1)
I1002 09:43:17.990693 5192706 ev_poll_posix.cc:587] FD from fork parent still in poll list: fd(10, generation: 1)
I1002 09:43:24.071100 4772868 fork_posix.cc:71] Other threads are currently calling into gRPC, skipping fork() handlers
I1002 09:43:24.125353 4772868 fork_posix.cc:71] Other threads are currently calling into gRPC, skipping fork() handlers
I1002 09:43:24.180909 4772868 fork_posix.cc:71] Other threads are currently calling into gRPC, skipping fork() handlers
I1002 09:43:24.234433 4772868 fork_posix.cc:71] Other threads are currently calling into gRPC, skipping fork() handlers
I1002 09:43:24.281402 4772868 fork_posix.cc:71] Other threads are currently calling into gRPC, skipping fork() handlers
I1002 09:43:24.341435 4772868 fork_posix.cc:71] Other threads are currently calling into gRPC, skipping fork() handlers
I1002 09:43:24.386265 4772868 fork_posix.cc:71] Other threads are currently calling into gRPC, skipping fork() handlers
I1002 09:43:24.425615 4772868 fork_posix.cc:71] Other threads are currently calling into gRPC, skipping fork() handlers
I1002 09:43:24.481798 4772868 fork_posix.cc:71] Other threads are currently calling into gRPC, skipping fork() handlers
I1002 09:43:24.533913 4772868 fork_posix.cc:71] Other threads are currently calling into gRPC, skipping fork() handlers
I1002 09:43:24.589310 4772868 fork_posix.cc:71] Other threads are currently calling into gRPC, skipping fork() handlers
I1002 09:43:24.670342 4772868 fork_posix.cc:71] Other threads are currently calling into gRPC, skipping fork() handlers
I1002 09:43:24.780809 4772868 fork_posix.cc:71] Other threads are currently calling into gRPC, skipping fork() handlers
I1002 09:43:24.856451 4772868 fork_posix.cc:71] Other threads are currently calling into gRPC, skipping fork() handlers
I1002 09:43:24.924333 4772868 fork_posix.cc:71] Other threads are currently calling into gRPC, skipping fork() handlers
I1002 09:43:24.977291 4772868 fork_posix.cc:71] Other threads are currently calling into gRPC, skipping fork() handlers
I1002 09:43:25.038850 4772868 fork_posix.cc:71] Other threads are currently calling into gRPC, skipping fork() handlers
I1002 09:43:25.104121 4772868 fork_posix.cc:71] Other threads are currently calling into gRPC, skipping fork() handlers
I1002 09:43:25.156524 4772868 fork_posix.cc:71] Other threads are currently calling into gRPC, skipping fork() handlers
I1002 09:43:25.224074 4772868 fork_posix.cc:71] Other threads are currently calling into gRPC, skipping fork() handlers
I1002 09:43:25.262319 4772868 fork_posix.cc:71] Other threads are currently calling into gRPC, skipping fork() handlers
I1002 09:43:25.313102 4772868 fork_posix.cc:71] Other threads are currently calling into gRPC, skipping fork() handlers
I1002 09:43:25.359697 4772868 fork_posix.cc:71] Other threads are currently calling into gRPC, skipping fork() handlers
I1002 09:43:25.407627 4772868 fork_posix.cc:71] Other threads are currently calling into gRPC, skipping fork() handlers
I1002 09:43:25.463072 4772868 fork_posix.cc:71] Other threads are currently calling into gRPC, skipping fork() handlers
I1002 09:43:25.513747 4772868 fork_posix.cc:71] Other threads are currently calling into gRPC, skipping fork() handlers
I1002 09:43:25.556107 4772868 fork_posix.cc:71] Other threads are currently calling into gRPC, skipping fork() handlers
I1002 09:43:25.607502 4772868 fork_posix.cc:71] Other threads are currently calling into gRPC, skipping fork() handlers
I1002 09:43:25.648778 4772868 fork_posix.cc:71] Other threads are currently calling into gRPC, skipping fork() handlers
I1002 09:43:25.696917 4772868 fork_posix.cc:71] Other threads are currently calling into gRPC, skipping fork() handlers
I1002 09:43:25.749632 4772868 fork_posix.cc:71] Other threads are currently calling into gRPC, skipping fork() handlers
I1002 09:43:25.819961 4772868 fork_posix.cc:71] Other threads are currently calling into gRPC, skipping fork() handlers
I1002 09:43:25.856968 4772868 fork_posix.cc:71] Other threads are currently calling into gRPC, skipping fork() handlers
I1002 09:43:35.801124 5208338 ev_poll_posix.cc:587] FD from fork parent still in poll list: fd(10, generation: 1)
I1002 09:43:36.669284 5209095 ev_poll_posix.cc:587] FD from fork parent still in poll list: fd(10, generation: 1)
I1002 09:43:48.110204 4772868 fork_posix.cc:71] Other threads are currently calling into gRPC, skipping fork() handlers
I1002 09:43:48.180989 4772868 fork_posix.cc:71] Other threads are currently calling into gRPC, skipping fork() handlers
I1002 09:43:48.235589 4772868 fork_posix.cc:71] Other threads are currently calling into gRPC, skipping fork() handlers
I1002 09:43:48.277851 4772868 fork_posix.cc:71] Other threads are currently calling into gRPC, skipping fork() handlers
I1002 09:43:48.330917 4772868 fork_posix.cc:71] Other threads are currently calling into gRPC, skipping fork() handlers
I1002 09:43:48.382554 4772868 fork_posix.cc:71] Other threads are currently calling into gRPC, skipping fork() handlers
I1002 09:43:48.441244 4772868 fork_posix.cc:71] Other threads are currently calling into gRPC, skipping fork() handlers
I1002 09:43:48.520083 4772868 fork_posix.cc:71] Other threads are currently calling into gRPC, skipping fork() handlers
I1002 09:43:48.551048 4772868 fork_posix.cc:71] Other threads are currently calling into gRPC, skipping fork() handlers
I1002 09:43:48.591520 4772868 fork_posix.cc:71] Other threads are currently calling into gRPC, skipping fork() handlers
I1002 09:43:48.634399 4772868 fork_posix.cc:71] Other threads are currently calling into gRPC, skipping fork() handlers
I1002 09:43:48.674424 4772868 fork_posix.cc:71] Other threads are currently calling into gRPC, skipping fork() handlers
I1002 09:43:48.748434 4772868 fork_posix.cc:71] Other threads are currently calling into gRPC, skipping fork() handlers
I1002 09:43:48.788236 4772868 fork_posix.cc:71] Other threads are currently calling into gRPC, skipping fork() handlers
I1002 09:43:48.823732 4772868 fork_posix.cc:71] Other threads are currently calling into gRPC, skipping fork() handlers
I1002 09:43:48.864249 4772868 fork_posix.cc:71] Other threads are currently calling into gRPC, skipping fork() handlers
I1002 09:43:48.904369 4772868 fork_posix.cc:71] Other threads are currently calling into gRPC, skipping fork() handlers
I1002 09:43:48.947065 4772868 fork_posix.cc:71] Other threads are currently calling into gRPC, skipping fork() handlers
I1002 09:43:48.979969 4772868 fork_posix.cc:71] Other threads are currently calling into gRPC, skipping fork() handlers
I1002 09:43:49.020924 4772868 fork_posix.cc:71] Other threads are currently calling into gRPC, skipping fork() handlers
I1002 09:43:49.064709 4772868 fork_posix.cc:71] Other threads are currently calling into gRPC, skipping fork() handlers
I1002 09:43:49.109349 4772868 fork_posix.cc:71] Other threads are currently calling into gRPC, skipping fork() handlers
I1002 09:43:49.141636 4772868 fork_posix.cc:71] Other threads are currently calling into gRPC, skipping fork() handlers
I1002 09:43:49.181559 4772868 fork_posix.cc:71] Other threads are currently calling into gRPC, skipping fork() handlers
I1002 09:43:49.221411 4772868 fork_posix.cc:71] Other threads are currently calling into gRPC, skipping fork() handlers
I1002 09:43:49.261525 4772868 fork_posix.cc:71] Other threads are currently calling into gRPC, skipping fork() handlers
I1002 09:43:49.300395 4772868 fork_posix.cc:71] Other threads are currently calling into gRPC, skipping fork() handlers
I1002 09:43:49.340154 4772868 fork_posix.cc:71] Other threads are currently calling into gRPC, skipping fork() handlers
I1002 09:43:56.251995 5226838 ev_poll_posix.cc:587] FD from fork parent still in poll list: fd(10, generation: 1)
/Users/alexy/src/sail-pecan-integrated/.venv/lib/python3.12/site-packages/pyspark/sql/connect/expressions.py:1091: UserWarning: WARN WindowExpression: No Partition Defined for Window operation! Moving all data to a single partition, this can cause serious performance degradation.
  warnings.warn(
I1002 09:44:05.520395 4772868 fork_posix.cc:71] Other threads are currently calling into gRPC, skipping fork() handlers
/Users/alexy/src/sail-pecan-integrated/.venv/lib/python3.12/site-packages/pyspark/sql/connect/expressions.py:1091: UserWarning: WARN WindowExpression: No Partition Defined for Window operation! Moving all data to a single partition, this can cause serious performance degradation.
  warnings.warn(
I1002 09:44:05.601523 4772868 fork_posix.cc:71] Other threads are currently calling into gRPC, skipping fork() handlers
I1002 09:44:05.661856 4772868 fork_posix.cc:71] Other threads are currently calling into gRPC, skipping fork() handlers
I1002 09:44:05.701297 4772868 fork_posix.cc:71] Other threads are currently calling into gRPC, skipping fork() handlers
I1002 09:44:05.744119 4772868 fork_posix.cc:71] Other threads are currently calling into gRPC, skipping fork() handlers
I1002 09:44:05.783933 4772868 fork_posix.cc:71] Other threads are currently calling into gRPC, skipping fork() handlers
I1002 09:44:05.851827 4772868 fork_posix.cc:71] Other threads are currently calling into gRPC, skipping fork() handlers
I1002 09:44:05.886560 4772868 fork_posix.cc:71] Other threads are currently calling into gRPC, skipping fork() handlers
I1002 09:44:05.921210 4772868 fork_posix.cc:71] Other threads are currently calling into gRPC, skipping fork() handlers
I1002 09:44:05.951111 4772868 fork_posix.cc:71] Other threads are currently calling into gRPC, skipping fork() handlers
I1002 09:44:05.992016 4772868 fork_posix.cc:71] Other threads are currently calling into gRPC, skipping fork() handlers
I1002 09:44:06.025514 4772868 fork_posix.cc:71] Other threads are currently calling into gRPC, skipping fork() handlers
I1002 09:44:06.062915 4772868 fork_posix.cc:71] Other threads are currently calling into gRPC, skipping fork() handlers
I1002 09:44:06.103001 4772868 fork_posix.cc:71] Other threads are currently calling into gRPC, skipping fork() handlers
I1002 09:44:06.142757 4772868 fork_posix.cc:71] Other threads are currently calling into gRPC, skipping fork() handlers
I1002 09:44:06.183252 4772868 fork_posix.cc:71] Other threads are currently calling into gRPC, skipping fork() handlers
I1002 09:44:06.222650 4772868 fork_posix.cc:71] Other threads are currently calling into gRPC, skipping fork() handlers
I1002 09:44:06.522903 4772868 fork_posix.cc:71] Other threads are currently calling into gRPC, skipping fork() handlers
I1002 09:44:06.566724 4772868 fork_posix.cc:71] Other threads are currently calling into gRPC, skipping fork() handlers
I1002 09:44:06.628285 4772868 fork_posix.cc:71] Other threads are currently calling into gRPC, skipping fork() handlers
I1002 09:44:06.641050 4772789 fork_posix.cc:71] Other threads are currently calling into gRPC, skipping fork() handlers
I1002 09:44:08.388288 4772868 fork_posix.cc:71] Other threads are currently calling into gRPC, skipping fork() handlers
I1002 09:44:08.432318 4772868 fork_posix.cc:71] Other threads are currently calling into gRPC, skipping fork() handlers
I1002 09:44:08.490244 4772868 fork_posix.cc:71] Other threads are currently calling into gRPC, skipping fork() handlers
I1002 09:44:10.325108 4772868 fork_posix.cc:71] Other threads are currently calling into gRPC, skipping fork() handlers
I1002 09:44:11.452877 5240511 ev_poll_posix.cc:587] FD from fork parent still in poll list: fd(10, generation: 1)
/Users/alexy/src/sail-pecan-integrated/.venv/lib/python3.12/site-packages/pyspark/sql/connect/expressions.py:1091: UserWarning: WARN WindowExpression: No Partition Defined for Window operation! Moving all data to a single partition, this can cause serious performance degradation.
  warnings.warn(
I1002 09:44:12.255297 4772868 fork_posix.cc:71] Other threads are currently calling into gRPC, skipping fork() handlers
I1002 09:44:12.290888 4772868 fork_posix.cc:71] Other threads are currently calling into gRPC, skipping fork() handlers
I1002 09:44:12.332213 4772868 fork_posix.cc:71] Other threads are currently calling into gRPC, skipping fork() handlers
I1002 09:44:12.403811 4772868 fork_posix.cc:71] Other threads are currently calling into gRPC, skipping fork() handlers
/Users/alexy/src/sail-pecan-integrated/.venv/lib/python3.12/site-packages/pyspark/sql/connect/expressions.py:1091: UserWarning: WARN WindowExpression: No Partition Defined for Window operation! Moving all data to a single partition, this can cause serious performance degradation.
  warnings.warn(
I1002 09:44:14.157414 4772868 fork_posix.cc:71] Other threads are currently calling into gRPC, skipping fork() handlers
I1002 09:44:14.192655 4772868 fork_posix.cc:71] Other threads are currently calling into gRPC, skipping fork() handlers
I1002 09:44:14.234036 4772868 fork_posix.cc:71] Other threads are currently calling into gRPC, skipping fork() handlers
I1002 09:44:14.270551 4772868 fork_posix.cc:71] Other threads are currently calling into gRPC, skipping fork() handlers
I1002 09:44:14.331475 4772868 fork_posix.cc:71] Other threads are currently calling into gRPC, skipping fork() handlers
I1002 09:44:14.372073 4772868 fork_posix.cc:71] Other threads are currently calling into gRPC, skipping fork() handlers
I1002 09:44:16.026200 4772868 fork_posix.cc:71] Other threads are currently calling into gRPC, skipping fork() handlers
I1002 09:44:16.100139 4772868 fork_posix.cc:71] Other threads are currently calling into gRPC, skipping fork() handlers
I1002 09:44:16.173756 4772868 fork_posix.cc:71] Other threads are currently calling into gRPC, skipping fork() handlers
I1002 09:44:16.229916 4772868 fork_posix.cc:71] Other threads are currently calling into gRPC, skipping fork() handlers
I1002 09:44:16.276613 4772868 fork_posix.cc:71] Other threads are currently calling into gRPC, skipping fork() handlers
I1002 09:44:16.326610 4772868 fork_posix.cc:71] Other threads are currently calling into gRPC, skipping fork() handlers
I1002 09:44:16.369816 4772868 fork_posix.cc:71] Other threads are currently calling into gRPC, skipping fork() handlers
I1002 09:44:16.418642 4772868 fork_posix.cc:71] Other threads are currently calling into gRPC, skipping fork() handlers
I1002 09:44:16.457651 4772868 fork_posix.cc:71] Other threads are currently calling into gRPC, skipping fork() handlers
I1002 09:44:16.490805 4772868 fork_posix.cc:71] Other threads are currently calling into gRPC, skipping fork() handlers
I1002 09:44:16.531781 4772868 fork_posix.cc:71] Other threads are currently calling into gRPC, skipping fork() handlers
I1002 09:44:16.566878 4772868 fork_posix.cc:71] Other threads are currently calling into gRPC, skipping fork() handlers
I1002 09:44:16.607153 4772868 fork_posix.cc:71] Other threads are currently calling into gRPC, skipping fork() handlers
I1002 09:44:16.651468 4772868 fork_posix.cc:71] Other threads are currently calling into gRPC, skipping fork() handlers
I1002 09:44:16.691914 4772868 fork_posix.cc:71] Other threads are currently calling into gRPC, skipping fork() handlers
I1002 09:44:16.732978 4772868 fork_posix.cc:71] Other threads are currently calling into gRPC, skipping fork() handlers
I1002 09:44:16.774007 4772868 fork_posix.cc:71] Other threads are currently calling into gRPC, skipping fork() handlers
I1002 09:44:16.823131 4772868 fork_posix.cc:71] Other threads are currently calling into gRPC, skipping fork() handlers
I1002 09:44:16.865624 4772868 fork_posix.cc:71] Other threads are currently calling into gRPC, skipping fork() handlers
I1002 09:44:16.899550 4772868 fork_posix.cc:71] Other threads are currently calling into gRPC, skipping fork() handlers
I1002 09:44:16.938604 4772868 fork_posix.cc:71] Other threads are currently calling into gRPC, skipping fork() handlers
I1002 09:44:16.975021 4772868 fork_posix.cc:71] Other threads are currently calling into gRPC, skipping fork() handlers
I1002 09:44:17.010083 4772868 fork_posix.cc:71] Other threads are currently calling into gRPC, skipping fork() handlers
I1002 09:44:17.050426 4772868 fork_posix.cc:71] Other threads are currently calling into gRPC, skipping fork() handlers
I1002 09:44:17.090223 4772868 fork_posix.cc:71] Other threads are currently calling into gRPC, skipping fork() handlers
I1002 09:44:17.130283 4772868 fork_posix.cc:71] Other threads are currently calling into gRPC, skipping fork() handlers
I1002 09:44:17.172688 4772868 fork_posix.cc:71] Other threads are currently calling into gRPC, skipping fork() handlers
I1002 09:44:17.213005 4772868 fork_posix.cc:71] Other threads are currently calling into gRPC, skipping fork() handlers
I1002 09:44:17.252497 4772868 fork_posix.cc:71] Other threads are currently calling into gRPC, skipping fork() handlers
I1002 09:44:17.292170 4772868 fork_posix.cc:71] Other threads are currently calling into gRPC, skipping fork() handlers
I1002 09:44:17.332325 4772868 fork_posix.cc:71] Other threads are currently calling into gRPC, skipping fork() handlers
I1002 09:44:17.372026 4772868 fork_posix.cc:71] Other threads are currently calling into gRPC, skipping fork() handlers
/Users/alexy/src/sail-pecan-integrated/.venv/lib/python3.12/site-packages/pyspark/sql/connect/expressions.py:1091: UserWarning: WARN WindowExpression: No Partition Defined for Window operation! Moving all data to a single partition, this can cause serious performance degradation.
  warnings.warn(
I1002 09:44:33.667432 4772868 fork_posix.cc:71] Other threads are currently calling into gRPC, skipping fork() handlers
I1002 09:44:33.709528 4772868 fork_posix.cc:71] Other threads are currently calling into gRPC, skipping fork() handlers
I1002 09:44:33.744482 4772868 fork_posix.cc:71] Other threads are currently calling into gRPC, skipping fork() handlers
I1002 09:44:33.780863 4772868 fork_posix.cc:71] Other threads are currently calling into gRPC, skipping fork() handlers
/Users/alexy/src/sail-pecan-integrated/.venv/lib/python3.12/site-packages/pyspark/sql/connect/expressions.py:1091: UserWarning: WARN WindowExpression: No Partition Defined for Window operation! Moving all data to a single partition, this can cause serious performance degradation.
  warnings.warn(
I1002 09:44:35.602373 4772868 fork_posix.cc:71] Other threads are currently calling into gRPC, skipping fork() handlers
I1002 09:44:35.636781 4772868 fork_posix.cc:71] Other threads are currently calling into gRPC, skipping fork() handlers
I1002 09:44:35.669737 4772868 fork_posix.cc:71] Other threads are currently calling into gRPC, skipping fork() handlers
I1002 09:44:35.752863 4772868 fork_posix.cc:71] Other threads are currently calling into gRPC, skipping fork() handlers
I1002 09:44:35.802726 4772868 fork_posix.cc:71] Other threads are currently calling into gRPC, skipping fork() handlers
I1002 09:44:35.808500 5261781 ev_poll_posix.cc:587] FD from fork parent still in poll list: fd(10, generation: 1)
I1002 09:44:37.528651 4772868 fork_posix.cc:71] Other threads are currently calling into gRPC, skipping fork() handlers
I1002 09:44:37.583687 4772868 fork_posix.cc:71] Other threads are currently calling into gRPC, skipping fork() handlers
I1002 09:44:37.747355 4772868 fork_posix.cc:71] Other threads are currently calling into gRPC, skipping fork() handlers
I1002 09:44:37.797731 4772868 fork_posix.cc:71] Other threads are currently calling into gRPC, skipping fork() handlers
I1002 09:44:37.840374 4772868 fork_posix.cc:71] Other threads are currently calling into gRPC, skipping fork() handlers
I1002 09:44:37.881607 4772868 fork_posix.cc:71] Other threads are currently calling into gRPC, skipping fork() handlers
I1002 09:44:37.921307 4772868 fork_posix.cc:71] Other threads are currently calling into gRPC, skipping fork() handlers
I1002 09:44:37.960908 4772868 fork_posix.cc:71] Other threads are currently calling into gRPC, skipping fork() handlers
I1002 09:44:37.995364 4772868 fork_posix.cc:71] Other threads are currently calling into gRPC, skipping fork() handlers
I1002 09:44:38.031443 4772868 fork_posix.cc:71] Other threads are currently calling into gRPC, skipping fork() handlers
I1002 09:44:38.071371 4772868 fork_posix.cc:71] Other threads are currently calling into gRPC, skipping fork() handlers
I1002 09:44:38.111283 4772868 fork_posix.cc:71] Other threads are currently calling into gRPC, skipping fork() handlers
I1002 09:44:38.150113 4772868 fork_posix.cc:71] Other threads are currently calling into gRPC, skipping fork() handlers
I1002 09:44:38.181123 4772868 fork_posix.cc:71] Other threads are currently calling into gRPC, skipping fork() handlers
I1002 09:44:38.221164 4772868 fork_posix.cc:71] Other threads are currently calling into gRPC, skipping fork() handlers
I1002 09:44:38.260908 4772868 fork_posix.cc:71] Other threads are currently calling into gRPC, skipping fork() handlers
I1002 09:44:38.292638 4772868 fork_posix.cc:71] Other threads are currently calling into gRPC, skipping fork() handlers
I1002 09:44:38.330047 4772868 fork_posix.cc:71] Other threads are currently calling into gRPC, skipping fork() handlers
I1002 09:44:38.370663 4772868 fork_posix.cc:71] Other threads are currently calling into gRPC, skipping fork() handlers
I1002 09:44:38.408193 4772868 fork_posix.cc:71] Other threads are currently calling into gRPC, skipping fork() handlers
I1002 09:44:38.448186 4772868 fork_posix.cc:71] Other threads are currently calling into gRPC, skipping fork() handlers
I1002 09:44:38.488166 4772868 fork_posix.cc:71] Other threads are currently calling into gRPC, skipping fork() handlers
I1002 09:44:38.526709 4772868 fork_posix.cc:71] Other threads are currently calling into gRPC, skipping fork() handlers
I1002 09:44:38.557919 4772868 fork_posix.cc:71] Other threads are currently calling into gRPC, skipping fork() handlers
I1002 09:44:38.595873 4772868 fork_posix.cc:71] Other threads are currently calling into gRPC, skipping fork() handlers
I1002 09:44:38.634076 4772868 fork_posix.cc:71] Other threads are currently calling into gRPC, skipping fork() handlers
I1002 09:44:38.664181 4772868 fork_posix.cc:71] Other threads are currently calling into gRPC, skipping fork() handlers
I1002 09:44:38.702859 4772868 fork_posix.cc:71] Other threads are currently calling into gRPC, skipping fork() handlers
I1002 09:44:38.732653 4772868 fork_posix.cc:71] Other threads are currently calling into gRPC, skipping fork() handlers
I1002 09:44:38.763552 4772868 fork_posix.cc:71] Other threads are currently calling into gRPC, skipping fork() handlers
I1002 09:44:38.803486 4772868 fork_posix.cc:71] Other threads are currently calling into gRPC, skipping fork() handlers
I1002 09:44:38.843116 4772868 fork_posix.cc:71] Other threads are currently calling into gRPC, skipping fork() handlers
I1002 09:44:38.881506 4772868 fork_posix.cc:71] Other threads are currently calling into gRPC, skipping fork() handlers
/Users/alexy/src/sail-pecan-integrated/.venv/lib/python3.12/site-packages/pyspark/sql/connect/expressions.py:1091: UserWarning: WARN WindowExpression: No Partition Defined for Window operation! Moving all data to a single partition, this can cause serious performance degradation.
  warnings.warn(
I1002 09:44:54.567177 4772868 fork_posix.cc:71] Other threads are currently calling into gRPC, skipping fork() handlers
I1002 09:44:54.608874 4772868 fork_posix.cc:71] Other threads are currently calling into gRPC, skipping fork() handlers
I1002 09:44:54.644882 4772868 fork_posix.cc:71] Other threads are currently calling into gRPC, skipping fork() handlers
I1002 09:44:54.685345 4772868 fork_posix.cc:71] Other threads are currently calling into gRPC, skipping fork() handlers
I1002 09:44:54.716563 4772868 fork_posix.cc:71] Other threads are currently calling into gRPC, skipping fork() handlers
I1002 09:44:55.271156 5279266 ev_poll_posix.cc:587] FD from fork parent still in poll list: fd(10, generation: 1)
/Users/alexy/src/sail-pecan-integrated/.venv/lib/python3.12/site-packages/pyspark/sql/connect/expressions.py:1091: UserWarning: WARN WindowExpression: No Partition Defined for Window operation! Moving all data to a single partition, this can cause serious performance degradation.
  warnings.warn(
I1002 09:44:56.459630 4772868 fork_posix.cc:71] Other threads are currently calling into gRPC, skipping fork() handlers
I1002 09:44:56.500785 4772868 fork_posix.cc:71] Other threads are currently calling into gRPC, skipping fork() handlers
I1002 09:44:56.539540 4772868 fork_posix.cc:71] Other threads are currently calling into gRPC, skipping fork() handlers
I1002 09:44:56.574171 4772868 fork_posix.cc:71] Other threads are currently calling into gRPC, skipping fork() handlers
I1002 09:44:56.630985 4772868 fork_posix.cc:71] Other threads are currently calling into gRPC, skipping fork() handlers
I1002 09:44:56.673819 4772868 fork_posix.cc:71] Other threads are currently calling into gRPC, skipping fork() handlers
I1002 09:44:58.491854 4772868 fork_posix.cc:71] Other threads are currently calling into gRPC, skipping fork() handlers
I1002 09:44:58.563604 4772868 fork_posix.cc:71] Other threads are currently calling into gRPC, skipping fork() handlers
I1002 09:44:58.612107 4772868 fork_posix.cc:71] Other threads are currently calling into gRPC, skipping fork() handlers
I1002 09:44:58.673464 4772868 fork_posix.cc:71] Other threads are currently calling into gRPC, skipping fork() handlers
I1002 09:44:58.716021 4772868 fork_posix.cc:71] Other threads are currently calling into gRPC, skipping fork() handlers
I1002 09:44:58.758489 4772868 fork_posix.cc:71] Other threads are currently calling into gRPC, skipping fork() handlers
I1002 09:44:58.805103 4772868 fork_posix.cc:71] Other threads are currently calling into gRPC, skipping fork() handlers
I1002 09:44:58.844580 4772868 fork_posix.cc:71] Other threads are currently calling into gRPC, skipping fork() handlers
I1002 09:44:58.877746 4772868 fork_posix.cc:71] Other threads are currently calling into gRPC, skipping fork() handlers
I1002 09:44:58.908497 4772868 fork_posix.cc:71] Other threads are currently calling into gRPC, skipping fork() handlers
I1002 09:44:58.979097 4772868 fork_posix.cc:71] Other threads are currently calling into gRPC, skipping fork() handlers
I1002 09:44:59.009788 4772868 fork_posix.cc:71] Other threads are currently calling into gRPC, skipping fork() handlers
I1002 09:44:59.049715 4772868 fork_posix.cc:71] Other threads are currently calling into gRPC, skipping fork() handlers
I1002 09:44:59.084091 4772868 fork_posix.cc:71] Other threads are currently calling into gRPC, skipping fork() handlers
I1002 09:44:59.122684 4772868 fork_posix.cc:71] Other threads are currently calling into gRPC, skipping fork() handlers
I1002 09:44:59.162348 4772868 fork_posix.cc:71] Other threads are currently calling into gRPC, skipping fork() handlers
I1002 09:44:59.201892 4772868 fork_posix.cc:71] Other threads are currently calling into gRPC, skipping fork() handlers
I1002 09:44:59.241859 4772868 fork_posix.cc:71] Other threads are currently calling into gRPC, skipping fork() handlers
I1002 09:44:59.276294 4772868 fork_posix.cc:71] Other threads are currently calling into gRPC, skipping fork() handlers
I1002 09:44:59.316661 4772868 fork_posix.cc:71] Other threads are currently calling into gRPC, skipping fork() handlers
I1002 09:44:59.356822 4772868 fork_posix.cc:71] Other threads are currently calling into gRPC, skipping fork() handlers
I1002 09:44:59.395247 4772868 fork_posix.cc:71] Other threads are currently calling into gRPC, skipping fork() handlers
I1002 09:44:59.435076 4772868 fork_posix.cc:71] Other threads are currently calling into gRPC, skipping fork() handlers
I1002 09:44:59.474835 4772868 fork_posix.cc:71] Other threads are currently calling into gRPC, skipping fork() handlers
I1002 09:44:59.508548 4772868 fork_posix.cc:71] Other threads are currently calling into gRPC, skipping fork() handlers
I1002 09:44:59.548567 4772868 fork_posix.cc:71] Other threads are currently calling into gRPC, skipping fork() handlers
I1002 09:44:59.580036 4772868 fork_posix.cc:71] Other threads are currently calling into gRPC, skipping fork() handlers
I1002 09:44:59.618632 4772868 fork_posix.cc:71] Other threads are currently calling into gRPC, skipping fork() handlers
I1002 09:44:59.650292 4772868 fork_posix.cc:71] Other threads are currently calling into gRPC, skipping fork() handlers
I1002 09:44:59.685879 4772868 fork_posix.cc:71] Other threads are currently calling into gRPC, skipping fork() handlers
I1002 09:44:59.725654 4772868 fork_posix.cc:71] Other threads are currently calling into gRPC, skipping fork() handlers
I1002 09:44:59.765355 4772868 fork_posix.cc:71] Other threads are currently calling into gRPC, skipping fork() handlers
