I1002 09:10:50.885047 3847152 fork_posix.cc:71] Other threads are currently calling into gRPC, skipping fork() handlers
I1002 09:10:50.918412 3847152 fork_posix.cc:71] Other threads are currently calling into gRPC, skipping fork() handlers
I1002 09:10:50.954006 3847152 fork_posix.cc:71] Other threads are currently calling into gRPC, skipping fork() handlers
I1002 09:10:50.990193 3847152 fork_posix.cc:71] Other threads are currently calling into gRPC, skipping fork() handlers
I1002 09:10:51.019768 3847152 fork_posix.cc:71] Other threads are currently calling into gRPC, skipping fork() handlers
I1002 09:10:51.090135 3847152 fork_posix.cc:71] Other threads are currently calling into gRPC, skipping fork() handlers
I1002 09:10:51.128801 3847152 fork_posix.cc:71] Other threads are currently calling into gRPC, skipping fork() handlers
I1002 09:10:51.200250 3847152 fork_posix.cc:71] Other threads are currently calling into gRPC, skipping fork() handlers
I1002 09:10:51.238422 3847152 fork_posix.cc:71] Other threads are currently calling into gRPC, skipping fork() handlers
I1002 09:10:51.297736 3847152 fork_posix.cc:71] Other threads are currently calling into gRPC, skipping fork() handlers
I1002 09:10:51.339664 3847152 fork_posix.cc:71] Other threads are currently calling into gRPC, skipping fork() handlers
I1002 09:10:51.393418 3847152 fork_posix.cc:71] Other threads are currently calling into gRPC, skipping fork() handlers
I1002 09:10:51.466992 3847152 fork_posix.cc:71] Other threads are currently calling into gRPC, skipping fork() handlers
I1002 09:10:51.537910 3847152 fork_posix.cc:71] Other threads are currently calling into gRPC, skipping fork() handlers
I1002 09:10:51.574399 3847152 fork_posix.cc:71] Other threads are currently calling into gRPC, skipping fork() handlers
I1002 09:10:51.610338 3847152 fork_posix.cc:71] Other threads are currently calling into gRPC, skipping fork() handlers
I1002 09:10:51.636945 3847152 fork_posix.cc:71] Other threads are currently calling into gRPC, skipping fork() handlers
I1002 09:10:51.674566 3847152 fork_posix.cc:71] Other threads are currently calling into gRPC, skipping fork() handlers
I1002 09:10:51.710444 3847152 fork_posix.cc:71] Other threads are currently calling into gRPC, skipping fork() handlers
I1002 09:10:51.746272 3847152 fork_posix.cc:71] Other threads are currently calling into gRPC, skipping fork() handlers
I1002 09:10:51.782178 3847152 fork_posix.cc:71] Other threads are currently calling into gRPC, skipping fork() handlers
I1002 09:10:51.820939 3847152 fork_posix.cc:71] Other threads are currently calling into gRPC, skipping fork() handlers
I1002 09:10:51.856841 3847152 fork_posix.cc:71] Other threads are currently calling into gRPC, skipping fork() handlers
I1002 09:10:51.893001 3847152 fork_posix.cc:71] Other threads are currently calling into gRPC, skipping fork() handlers
I1002 09:10:51.928736 3847152 fork_posix.cc:71] Other threads are currently calling into gRPC, skipping fork() handlers
I1002 09:10:51.964946 3847152 fork_posix.cc:71] Other threads are currently calling into gRPC, skipping fork() handlers
I1002 09:10:51.997479 3847152 fork_posix.cc:71] Other threads are currently calling into gRPC, skipping fork() handlers
I1002 09:10:52.033531 3847152 fork_posix.cc:71] Other threads are currently calling into gRPC, skipping fork() handlers
I1002 09:10:52.064321 3847152 fork_posix.cc:71] Other threads are currently calling into gRPC, skipping fork() handlers
I1002 09:10:52.101316 3847152 fork_posix.cc:71] Other threads are currently calling into gRPC, skipping fork() handlers
I1002 09:10:52.132175 3847152 fork_posix.cc:71] Other threads are currently calling into gRPC, skipping fork() handlers
I1002 09:10:52.167881 3847152 fork_posix.cc:71] Other threads are currently calling into gRPC, skipping fork() handlers
I1002 09:10:52.203794 3847152 fork_posix.cc:71] Other threads are currently calling into gRPC, skipping fork() handlers
I1002 09:10:52.239703 3847152 fork_posix.cc:71] Other threads are currently calling into gRPC, skipping fork() handlers
I1002 09:10:52.275446 3847152 fork_posix.cc:71] Other threads are currently calling into gRPC, skipping fork() handlers
I1002 09:10:52.309000 3847152 fork_posix.cc:71] Other threads are currently calling into gRPC, skipping fork() handlers
I1002 09:10:52.339400 3847152 fork_posix.cc:71] Other threads are currently calling into gRPC, skipping fork() handlers
I1002 09:10:52.375691 3847152 fork_posix.cc:71] Other threads are currently calling into gRPC, skipping fork() handlers
I1002 09:10:52.411489 3847152 fork_posix.cc:71] Other threads are currently calling into gRPC, skipping fork() handlers
I1002 09:10:52.443766 3847152 fork_posix.cc:71] Other threads are currently calling into gRPC, skipping fork() handlers
I1002 09:10:52.479653 3847152 fork_posix.cc:71] Other threads are currently calling into gRPC, skipping fork() handlers
I1002 09:10:52.515270 3847152 fork_posix.cc:71] Other threads are currently calling into gRPC, skipping fork() handlers
I1002 09:10:52.551212 3847152 fork_posix.cc:71] Other threads are currently calling into gRPC, skipping fork() handlers
I1002 09:10:52.584432 3847152 fork_posix.cc:71] Other threads are currently calling into gRPC, skipping fork() handlers
I1002 09:10:52.619920 3847152 fork_posix.cc:71] Other threads are currently calling into gRPC, skipping fork() handlers
I1002 09:10:52.657606 3847152 fork_posix.cc:71] Other threads are currently calling into gRPC, skipping fork() handlers
I1002 09:10:52.693480 3847152 fork_posix.cc:71] Other threads are currently calling into gRPC, skipping fork() handlers
I1002 09:10:52.729689 3847152 fork_posix.cc:71] Other threads are currently calling into gRPC, skipping fork() handlers
I1002 09:10:52.765753 3847152 fork_posix.cc:71] Other threads are currently calling into gRPC, skipping fork() handlers
I1002 09:10:52.803339 3847152 fork_posix.cc:71] Other threads are currently calling into gRPC, skipping fork() handlers
I1002 09:10:52.874095 3847152 fork_posix.cc:71] Other threads are currently calling into gRPC, skipping fork() handlers
I1002 09:10:52.909951 3847152 fork_posix.cc:71] Other threads are currently calling into gRPC, skipping fork() handlers
I1002 09:10:52.944960 3847152 fork_posix.cc:71] Other threads are currently calling into gRPC, skipping fork() handlers
I1002 09:10:52.980896 3847152 fork_posix.cc:71] Other threads are currently calling into gRPC, skipping fork() handlers
I1002 09:10:53.008980 3847152 fork_posix.cc:71] Other threads are currently calling into gRPC, skipping fork() handlers
I1002 09:10:53.039754 3847152 fork_posix.cc:71] Other threads are currently calling into gRPC, skipping fork() handlers
I1002 09:10:53.076397 3847152 fork_posix.cc:71] Other threads are currently calling into gRPC, skipping fork() handlers
I1002 09:10:53.133253 3847152 fork_posix.cc:71] Other threads are currently calling into gRPC, skipping fork() handlers
I1002 09:10:53.168926 3847152 fork_posix.cc:71] Other threads are currently calling into gRPC, skipping fork() handlers
I1002 09:10:53.196730 3847152 fork_posix.cc:71] Other threads are currently calling into gRPC, skipping fork() handlers
I1002 09:10:53.261852 3847152 fork_posix.cc:71] Other threads are currently calling into gRPC, skipping fork() handlers
I1002 09:10:53.298998 3847152 fork_posix.cc:71] Other threads are currently calling into gRPC, skipping fork() handlers
I1002 09:10:53.334632 3847152 fork_posix.cc:71] Other threads are currently calling into gRPC, skipping fork() handlers
I1002 09:10:53.370411 3847152 fork_posix.cc:71] Other threads are currently calling into gRPC, skipping fork() handlers
I1002 09:10:53.404563 3847152 fork_posix.cc:71] Other threads are currently calling into gRPC, skipping fork() handlers
/Users/alexy/src/sail-pecan-integrated/.venv/lib/python3.12/site-packages/pyspark/sql/connect/expressions.py:1091: UserWarning: WARN WindowExpression: No Partition Defined for Window operation! Moving all data to a single partition, this can cause serious performance degradation.
  warnings.warn(
I1002 09:10:53.469730 3847152 fork_posix.cc:71] Other threads are currently calling into gRPC, skipping fork() handlers
I1002 09:10:53.510888 3847152 fork_posix.cc:71] Other threads are currently calling into gRPC, skipping fork() handlers
I1002 09:10:53.613796 3847152 fork_posix.cc:71] Other threads are currently calling into gRPC, skipping fork() handlers
I1002 09:10:53.648215 3847152 fork_posix.cc:71] Other threads are currently calling into gRPC, skipping fork() handlers
I1002 09:10:53.684181 3847152 fork_posix.cc:71] Other threads are currently calling into gRPC, skipping fork() handlers
I1002 09:10:53.720985 3847152 fork_posix.cc:71] Other threads are currently calling into gRPC, skipping fork() handlers
I1002 09:10:53.757755 3847152 fork_posix.cc:71] Other threads are currently calling into gRPC, skipping fork() handlers
I1002 09:10:53.795291 3847152 fork_posix.cc:71] Other threads are currently calling into gRPC, skipping fork() handlers
I1002 09:10:53.828359 3847152 fork_posix.cc:71] Other threads are currently calling into gRPC, skipping fork() handlers
I1002 09:10:53.903854 3847152 fork_posix.cc:71] Other threads are currently calling into gRPC, skipping fork() handlers
I1002 09:10:53.937879 3847152 fork_posix.cc:71] Other threads are currently calling into gRPC, skipping fork() handlers
I1002 09:10:53.974354 3847152 fork_posix.cc:71] Other threads are currently calling into gRPC, skipping fork() handlers
I1002 09:10:54.011320 3847152 fork_posix.cc:71] Other threads are currently calling into gRPC, skipping fork() handlers
I1002 09:10:54.048004 3847152 fork_posix.cc:71] Other threads are currently calling into gRPC, skipping fork() handlers
I1002 09:10:54.075336 3847152 fork_posix.cc:71] Other threads are currently calling into gRPC, skipping fork() handlers
I1002 09:10:54.110036 3847152 fork_posix.cc:71] Other threads are currently calling into gRPC, skipping fork() handlers
I1002 09:10:54.146251 3847152 fork_posix.cc:71] Other threads are currently calling into gRPC, skipping fork() handlers
I1002 09:10:54.172763 3847152 fork_posix.cc:71] Other threads are currently calling into gRPC, skipping fork() handlers
I1002 09:10:54.208568 3847152 fork_posix.cc:71] Other threads are currently calling into gRPC, skipping fork() handlers
I1002 09:10:54.244755 3847152 fork_posix.cc:71] Other threads are currently calling into gRPC, skipping fork() handlers
I1002 09:10:54.281064 3847152 fork_posix.cc:71] Other threads are currently calling into gRPC, skipping fork() handlers
I1002 09:10:54.316996 3847152 fork_posix.cc:71] Other threads are currently calling into gRPC, skipping fork() handlers
I1002 09:10:54.352874 3847152 fork_posix.cc:71] Other threads are currently calling into gRPC, skipping fork() handlers
I1002 09:10:54.388902 3847152 fork_posix.cc:71] Other threads are currently calling into gRPC, skipping fork() handlers
I1002 09:10:54.424591 3847152 fork_posix.cc:71] Other threads are currently calling into gRPC, skipping fork() handlers
I1002 09:10:54.460938 3847152 fork_posix.cc:71] Other threads are currently calling into gRPC, skipping fork() handlers
I1002 09:10:54.537706 3847152 fork_posix.cc:71] Other threads are currently calling into gRPC, skipping fork() handlers
I1002 09:10:54.573325 3847152 fork_posix.cc:71] Other threads are currently calling into gRPC, skipping fork() handlers
I1002 09:10:54.605149 3847152 fork_posix.cc:71] Other threads are currently calling into gRPC, skipping fork() handlers
I1002 09:10:54.632342 3847152 fork_posix.cc:71] Other threads are currently calling into gRPC, skipping fork() handlers
I1002 09:10:54.668209 3847152 fork_posix.cc:71] Other threads are currently calling into gRPC, skipping fork() handlers
I1002 09:10:54.698945 3847152 fork_posix.cc:71] Other threads are currently calling into gRPC, skipping fork() handlers
I1002 09:10:54.730600 3847152 fork_posix.cc:71] Other threads are currently calling into gRPC, skipping fork() handlers
I1002 09:10:54.761593 3847152 fork_posix.cc:71] Other threads are currently calling into gRPC, skipping fork() handlers
I1002 09:10:54.831563 3847152 fork_posix.cc:71] Other threads are currently calling into gRPC, skipping fork() handlers
I1002 09:10:54.867684 3847152 fork_posix.cc:71] Other threads are currently calling into gRPC, skipping fork() handlers
I1002 09:10:54.904390 3847152 fork_posix.cc:71] Other threads are currently calling into gRPC, skipping fork() handlers
I1002 09:10:54.935559 3847152 fork_posix.cc:71] Other threads are currently calling into gRPC, skipping fork() handlers
I1002 09:10:54.970500 3847152 fork_posix.cc:71] Other threads are currently calling into gRPC, skipping fork() handlers
I1002 09:10:55.006434 3847152 fork_posix.cc:71] Other threads are currently calling into gRPC, skipping fork() handlers
I1002 09:10:55.042260 3847152 fork_posix.cc:71] Other threads are currently calling into gRPC, skipping fork() handlers
I1002 09:10:55.080424 3847152 fork_posix.cc:71] Other threads are currently calling into gRPC, skipping fork() handlers
I1002 09:10:55.150528 3847152 fork_posix.cc:71] Other threads are currently calling into gRPC, skipping fork() handlers
I1002 09:10:55.186986 3847152 fork_posix.cc:71] Other threads are currently calling into gRPC, skipping fork() handlers
I1002 09:10:55.223521 3847152 fork_posix.cc:71] Other threads are currently calling into gRPC, skipping fork() handlers
I1002 09:10:55.259791 3847152 fork_posix.cc:71] Other threads are currently calling into gRPC, skipping fork() handlers
I1002 09:10:55.295664 3847152 fork_posix.cc:71] Other threads are currently calling into gRPC, skipping fork() handlers
I1002 09:10:55.323156 3847152 fork_posix.cc:71] Other threads are currently calling into gRPC, skipping fork() handlers
I1002 09:10:55.393316 3847152 fork_posix.cc:71] Other threads are currently calling into gRPC, skipping fork() handlers
I1002 09:10:55.430531 3847152 fork_posix.cc:71] Other threads are currently calling into gRPC, skipping fork() handlers
I1002 09:10:55.466489 3847152 fork_posix.cc:71] Other threads are currently calling into gRPC, skipping fork() handlers
I1002 09:10:55.502116 3847152 fork_posix.cc:71] Other threads are currently calling into gRPC, skipping fork() handlers
I1002 09:10:55.538173 3847152 fork_posix.cc:71] Other threads are currently calling into gRPC, skipping fork() handlers
I1002 09:10:55.574558 3847152 fork_posix.cc:71] Other threads are currently calling into gRPC, skipping fork() handlers
I1002 09:10:55.610931 3847152 fork_posix.cc:71] Other threads are currently calling into gRPC, skipping fork() handlers
I1002 09:10:55.638067 3847152 fork_posix.cc:71] Other threads are currently calling into gRPC, skipping fork() handlers
I1002 09:10:55.674073 3847152 fork_posix.cc:71] Other threads are currently calling into gRPC, skipping fork() handlers
I1002 09:10:55.710694 3847152 fork_posix.cc:71] Other threads are currently calling into gRPC, skipping fork() handlers
I1002 09:10:55.747022 3847152 fork_posix.cc:71] Other threads are currently calling into gRPC, skipping fork() handlers
I1002 09:10:55.782938 3847152 fork_posix.cc:71] Other threads are currently calling into gRPC, skipping fork() handlers
I1002 09:10:55.852998 3847152 fork_posix.cc:71] Other threads are currently calling into gRPC, skipping fork() handlers
I1002 09:10:55.888537 3847152 fork_posix.cc:71] Other threads are currently calling into gRPC, skipping fork() handlers
I1002 09:10:55.922295 3847152 fork_posix.cc:71] Other threads are currently calling into gRPC, skipping fork() handlers
I1002 09:10:55.958047 3847152 fork_posix.cc:71] Other threads are currently calling into gRPC, skipping fork() handlers
I1002 09:10:55.994097 3847152 fork_posix.cc:71] Other threads are currently calling into gRPC, skipping fork() handlers
I1002 09:10:56.020836 3847152 fork_posix.cc:71] Other threads are currently calling into gRPC, skipping fork() handlers
I1002 09:10:56.053226 3847152 fork_posix.cc:71] Other threads are currently calling into gRPC, skipping fork() handlers
I1002 09:10:56.089254 3847152 fork_posix.cc:71] Other threads are currently calling into gRPC, skipping fork() handlers
I1002 09:10:56.125124 3847152 fork_posix.cc:71] Other threads are currently calling into gRPC, skipping fork() handlers
I1002 09:10:56.161239 3847152 fork_posix.cc:71] Other threads are currently calling into gRPC, skipping fork() handlers
I1002 09:10:56.197331 3847152 fork_posix.cc:71] Other threads are currently calling into gRPC, skipping fork() handlers
I1002 09:10:56.233186 3847152 fork_posix.cc:71] Other threads are currently calling into gRPC, skipping fork() handlers
I1002 09:10:56.269052 3847152 fork_posix.cc:71] Other threads are currently calling into gRPC, skipping fork() handlers
I1002 09:10:56.295889 3847152 fork_posix.cc:71] Other threads are currently calling into gRPC, skipping fork() handlers
I1002 09:10:56.323858 3847152 fork_posix.cc:71] Other threads are currently calling into gRPC, skipping fork() handlers
I1002 09:10:56.359798 3847152 fork_posix.cc:71] Other threads are currently calling into gRPC, skipping fork() handlers
I1002 09:10:56.395697 3847152 fork_posix.cc:71] Other threads are currently calling into gRPC, skipping fork() handlers
I1002 09:10:56.429009 3847152 fork_posix.cc:71] Other threads are currently calling into gRPC, skipping fork() handlers
I1002 09:10:56.464512 3847152 fork_posix.cc:71] Other threads are currently calling into gRPC, skipping fork() handlers
I1002 09:10:56.500184 3847152 fork_posix.cc:71] Other threads are currently calling into gRPC, skipping fork() handlers
I1002 09:10:56.532355 3847152 fork_posix.cc:71] Other threads are currently calling into gRPC, skipping fork() handlers
I1002 09:10:56.651203 3852470 fork_posix.cc:71] Other threads are currently calling into gRPC, skipping fork() handlers
I1002 09:10:56.686989 3852470 fork_posix.cc:71] Other threads are currently calling into gRPC, skipping fork() handlers
I1002 09:10:56.717768 3852470 fork_posix.cc:71] Other threads are currently calling into gRPC, skipping fork() handlers
I1002 09:10:56.744950 3852470 fork_posix.cc:71] Other threads are currently calling into gRPC, skipping fork() handlers
I1002 09:10:56.780788 3852470 fork_posix.cc:71] Other threads are currently calling into gRPC, skipping fork() handlers
I1002 09:10:56.811912 3852470 fork_posix.cc:71] Other threads are currently calling into gRPC, skipping fork() handlers
I1002 09:10:56.842363 3852470 fork_posix.cc:71] Other threads are currently calling into gRPC, skipping fork() handlers
I1002 09:10:56.879395 3852470 fork_posix.cc:71] Other threads are currently calling into gRPC, skipping fork() handlers
I1002 09:10:56.945636 3852470 fork_posix.cc:71] Other threads are currently calling into gRPC, skipping fork() handlers
I1002 09:10:56.975345 3852470 fork_posix.cc:71] Other threads are currently calling into gRPC, skipping fork() handlers
I1002 09:10:57.005830 3852470 fork_posix.cc:71] Other threads are currently calling into gRPC, skipping fork() handlers
I1002 09:10:57.044917 3852470 fork_posix.cc:71] Other threads are currently calling into gRPC, skipping fork() handlers
I1002 09:10:57.096402 3852470 fork_posix.cc:71] Other threads are currently calling into gRPC, skipping fork() handlers
I1002 09:10:57.218448 3852470 fork_posix.cc:71] Other threads are currently calling into gRPC, skipping fork() handlers
I1002 09:10:57.290628 3852470 fork_posix.cc:71] Other threads are currently calling into gRPC, skipping fork() handlers
I1002 09:10:57.323649 3852470 fork_posix.cc:71] Other threads are currently calling into gRPC, skipping fork() handlers
I1002 09:10:57.359690 3852470 fork_posix.cc:71] Other threads are currently calling into gRPC, skipping fork() handlers
I1002 09:10:57.393300 3852470 fork_posix.cc:71] Other threads are currently calling into gRPC, skipping fork() handlers
I1002 09:10:57.420392 3852470 fork_posix.cc:71] Other threads are currently calling into gRPC, skipping fork() handlers
I1002 09:10:57.451810 3852470 fork_posix.cc:71] Other threads are currently calling into gRPC, skipping fork() handlers
I1002 09:10:57.479728 3852470 fork_posix.cc:71] Other threads are currently calling into gRPC, skipping fork() handlers
I1002 09:10:57.512252 3852470 fork_posix.cc:71] Other threads are currently calling into gRPC, skipping fork() handlers
I1002 09:10:57.548417 3852470 fork_posix.cc:71] Other threads are currently calling into gRPC, skipping fork() handlers
I1002 09:10:57.584675 3852470 fork_posix.cc:71] Other threads are currently calling into gRPC, skipping fork() handlers
I1002 09:10:57.622614 3852470 fork_posix.cc:71] Other threads are currently calling into gRPC, skipping fork() handlers
I1002 09:10:57.658275 3852470 fork_posix.cc:71] Other threads are currently calling into gRPC, skipping fork() handlers
I1002 09:10:57.694554 3852470 fork_posix.cc:71] Other threads are currently calling into gRPC, skipping fork() handlers
I1002 09:10:57.731195 3852470 fork_posix.cc:71] Other threads are currently calling into gRPC, skipping fork() handlers
I1002 09:10:57.767139 3852470 fork_posix.cc:71] Other threads are currently calling into gRPC, skipping fork() handlers
I1002 09:10:57.802590 3852470 fork_posix.cc:71] Other threads are currently calling into gRPC, skipping fork() handlers
I1002 09:10:57.839439 3852470 fork_posix.cc:71] Other threads are currently calling into gRPC, skipping fork() handlers
I1002 09:10:57.904769 3852470 fork_posix.cc:71] Other threads are currently calling into gRPC, skipping fork() handlers
I1002 09:10:57.941710 3852470 fork_posix.cc:71] Other threads are currently calling into gRPC, skipping fork() handlers
I1002 09:10:57.977390 3852470 fork_posix.cc:71] Other threads are currently calling into gRPC, skipping fork() handlers
I1002 09:10:58.013160 3852470 fork_posix.cc:71] Other threads are currently calling into gRPC, skipping fork() handlers
I1002 09:10:58.048829 3852470 fork_posix.cc:71] Other threads are currently calling into gRPC, skipping fork() handlers
I1002 09:10:58.084695 3852470 fork_posix.cc:71] Other threads are currently calling into gRPC, skipping fork() handlers
I1002 09:10:58.115389 3852470 fork_posix.cc:71] Other threads are currently calling into gRPC, skipping fork() handlers
I1002 09:10:58.149129 3852470 fork_posix.cc:71] Other threads are currently calling into gRPC, skipping fork() handlers
I1002 09:10:58.185410 3852470 fork_posix.cc:71] Other threads are currently calling into gRPC, skipping fork() handlers
I1002 09:10:58.217211 3852470 fork_posix.cc:71] Other threads are currently calling into gRPC, skipping fork() handlers
I1002 09:10:58.253042 3852470 fork_posix.cc:71] Other threads are currently calling into gRPC, skipping fork() handlers
I1002 09:10:58.288927 3852470 fork_posix.cc:71] Other threads are currently calling into gRPC, skipping fork() handlers
I1002 09:10:58.324666 3852470 fork_posix.cc:71] Other threads are currently calling into gRPC, skipping fork() handlers
I1002 09:10:58.360511 3852470 fork_posix.cc:71] Other threads are currently calling into gRPC, skipping fork() handlers
I1002 09:10:58.396496 3852470 fork_posix.cc:71] Other threads are currently calling into gRPC, skipping fork() handlers
I1002 09:10:58.429892 3852470 fork_posix.cc:71] Other threads are currently calling into gRPC, skipping fork() handlers
I1002 09:10:58.499641 3852470 fork_posix.cc:71] Other threads are currently calling into gRPC, skipping fork() handlers
I1002 09:10:58.526534 3852470 fork_posix.cc:71] Other threads are currently calling into gRPC, skipping fork() handlers
I1002 09:10:58.563193 3852470 fork_posix.cc:71] Other threads are currently calling into gRPC, skipping fork() handlers
I1002 09:10:58.600679 3852470 fork_posix.cc:71] Other threads are currently calling into gRPC, skipping fork() handlers
I1002 09:10:58.628184 3852470 fork_posix.cc:71] Other threads are currently calling into gRPC, skipping fork() handlers
I1002 09:10:58.664100 3852470 fork_posix.cc:71] Other threads are currently calling into gRPC, skipping fork() handlers
I1002 09:10:58.699584 3852470 fork_posix.cc:71] Other threads are currently calling into gRPC, skipping fork() handlers
I1002 09:10:58.735426 3852470 fork_posix.cc:71] Other threads are currently calling into gRPC, skipping fork() handlers
I1002 09:10:58.771977 3852470 fork_posix.cc:71] Other threads are currently calling into gRPC, skipping fork() handlers
I1002 09:10:58.803263 3852470 fork_posix.cc:71] Other threads are currently calling into gRPC, skipping fork() handlers
I1002 09:10:58.839039 3852470 fork_posix.cc:71] Other threads are currently calling into gRPC, skipping fork() handlers
I1002 09:10:58.874896 3852470 fork_posix.cc:71] Other threads are currently calling into gRPC, skipping fork() handlers
I1002 09:10:58.905633 3852470 fork_posix.cc:71] Other threads are currently calling into gRPC, skipping fork() handlers
I1002 09:10:58.932445 3852470 fork_posix.cc:71] Other threads are currently calling into gRPC, skipping fork() handlers
I1002 09:10:58.963073 3852470 fork_posix.cc:71] Other threads are currently calling into gRPC, skipping fork() handlers
I1002 09:10:58.989375 3852470 fork_posix.cc:71] Other threads are currently calling into gRPC, skipping fork() handlers
I1002 09:10:59.025184 3852470 fork_posix.cc:71] Other threads are currently calling into gRPC, skipping fork() handlers
I1002 09:10:59.095688 3852470 fork_posix.cc:71] Other threads are currently calling into gRPC, skipping fork() handlers
I1002 09:10:59.131959 3852470 fork_posix.cc:71] Other threads are currently calling into gRPC, skipping fork() handlers
I1002 09:10:59.168073 3852470 fork_posix.cc:71] Other threads are currently calling into gRPC, skipping fork() handlers
I1002 09:10:59.203506 3852470 fork_posix.cc:71] Other threads are currently calling into gRPC, skipping fork() handlers
/Users/alexy/src/sail-pecan-integrated/.venv/lib/python3.12/site-packages/pyspark/sql/connect/expressions.py:1091: UserWarning: WARN WindowExpression: No Partition Defined for Window operation! Moving all data to a single partition, this can cause serious performance degradation.
  warnings.warn(
I1002 09:10:59.273263 3852470 fork_posix.cc:71] Other threads are currently calling into gRPC, skipping fork() handlers
I1002 09:10:59.360583 3852470 fork_posix.cc:71] Other threads are currently calling into gRPC, skipping fork() handlers
I1002 09:10:59.393250 3852470 fork_posix.cc:71] Other threads are currently calling into gRPC, skipping fork() handlers
I1002 09:10:59.431019 3852470 fork_posix.cc:71] Other threads are currently calling into gRPC, skipping fork() handlers
I1002 09:10:59.468617 3852470 fork_posix.cc:71] Other threads are currently calling into gRPC, skipping fork() handlers
I1002 09:10:59.496370 3852470 fork_posix.cc:71] Other threads are currently calling into gRPC, skipping fork() handlers
I1002 09:10:59.533287 3852470 fork_posix.cc:71] Other threads are currently calling into gRPC, skipping fork() handlers
I1002 09:10:59.569105 3852470 fork_posix.cc:71] Other threads are currently calling into gRPC, skipping fork() handlers
I1002 09:10:59.605529 3852470 fork_posix.cc:71] Other threads are currently calling into gRPC, skipping fork() handlers
I1002 09:10:59.678630 3852470 fork_posix.cc:71] Other threads are currently calling into gRPC, skipping fork() handlers
I1002 09:10:59.714896 3852470 fork_posix.cc:71] Other threads are currently calling into gRPC, skipping fork() handlers
I1002 09:10:59.750823 3852470 fork_posix.cc:71] Other threads are currently calling into gRPC, skipping fork() handlers
I1002 09:10:59.786463 3852470 fork_posix.cc:71] Other threads are currently calling into gRPC, skipping fork() handlers
I1002 09:10:59.821942 3852470 fork_posix.cc:71] Other threads are currently calling into gRPC, skipping fork() handlers
I1002 09:10:59.857716 3852470 fork_posix.cc:71] Other threads are currently calling into gRPC, skipping fork() handlers
I1002 09:10:59.893850 3852470 fork_posix.cc:71] Other threads are currently calling into gRPC, skipping fork() handlers
I1002 09:10:59.928687 3852470 fork_posix.cc:71] Other threads are currently calling into gRPC, skipping fork() handlers
I1002 09:10:59.968760 3852470 fork_posix.cc:71] Other threads are currently calling into gRPC, skipping fork() handlers
I1002 09:10:59.999001 3852470 fork_posix.cc:71] Other threads are currently calling into gRPC, skipping fork() handlers
I1002 09:11:00.028996 3852470 fork_posix.cc:71] Other threads are currently calling into gRPC, skipping fork() handlers
I1002 09:11:00.055944 3852470 fork_posix.cc:71] Other threads are currently calling into gRPC, skipping fork() handlers
I1002 09:11:00.091842 3852470 fork_posix.cc:71] Other threads are currently calling into gRPC, skipping fork() handlers
I1002 09:11:00.127584 3852470 fork_posix.cc:71] Other threads are currently calling into gRPC, skipping fork() handlers
I1002 09:11:00.161656 3852470 fork_posix.cc:71] Other threads are currently calling into gRPC, skipping fork() handlers
I1002 09:11:00.197759 3852470 fork_posix.cc:71] Other threads are currently calling into gRPC, skipping fork() handlers
I1002 09:11:00.233825 3852470 fork_posix.cc:71] Other threads are currently calling into gRPC, skipping fork() handlers
I1002 09:11:00.269801 3852470 fork_posix.cc:71] Other threads are currently calling into gRPC, skipping fork() handlers
I1002 09:11:00.302745 3852470 fork_posix.cc:71] Other threads are currently calling into gRPC, skipping fork() handlers
I1002 09:11:00.338650 3852470 fork_posix.cc:71] Other threads are currently calling into gRPC, skipping fork() handlers
I1002 09:11:00.374197 3852470 fork_posix.cc:71] Other threads are currently calling into gRPC, skipping fork() handlers
I1002 09:11:00.410640 3852470 fork_posix.cc:71] Other threads are currently calling into gRPC, skipping fork() handlers
I1002 09:11:00.442722 3852470 fork_posix.cc:71] Other threads are currently calling into gRPC, skipping fork() handlers
I1002 09:11:00.478549 3852470 fork_posix.cc:71] Other threads are currently calling into gRPC, skipping fork() handlers
I1002 09:11:00.511826 3852470 fork_posix.cc:71] Other threads are currently calling into gRPC, skipping fork() handlers
I1002 09:11:00.542334 3852470 fork_posix.cc:71] Other threads are currently calling into gRPC, skipping fork() handlers
I1002 09:11:00.578318 3852470 fork_posix.cc:71] Other threads are currently calling into gRPC, skipping fork() handlers
I1002 09:11:00.612469 3852470 fork_posix.cc:71] Other threads are currently calling into gRPC, skipping fork() handlers
I1002 09:11:00.647761 3852470 fork_posix.cc:71] Other threads are currently calling into gRPC, skipping fork() handlers
I1002 09:11:00.683739 3852470 fork_posix.cc:71] Other threads are currently calling into gRPC, skipping fork() handlers
I1002 09:11:00.711650 3852470 fork_posix.cc:71] Other threads are currently calling into gRPC, skipping fork() handlers
I1002 09:11:00.747319 3852470 fork_posix.cc:71] Other threads are currently calling into gRPC, skipping fork() handlers
I1002 09:11:00.775853 3852470 fork_posix.cc:71] Other threads are currently calling into gRPC, skipping fork() handlers
I1002 09:11:00.811965 3852470 fork_posix.cc:71] Other threads are currently calling into gRPC, skipping fork() handlers
I1002 09:11:00.840723 3852470 fork_posix.cc:71] Other threads are currently calling into gRPC, skipping fork() handlers
I1002 09:11:00.877075 3852470 fork_posix.cc:71] Other threads are currently calling into gRPC, skipping fork() handlers
I1002 09:11:00.914330 3852470 fork_posix.cc:71] Other threads are currently calling into gRPC, skipping fork() handlers
I1002 09:11:00.949149 3852470 fork_posix.cc:71] Other threads are currently calling into gRPC, skipping fork() handlers
I1002 09:11:00.982502 3852470 fork_posix.cc:71] Other threads are currently calling into gRPC, skipping fork() handlers
I1002 09:11:01.015850 3852470 fork_posix.cc:71] Other threads are currently calling into gRPC, skipping fork() handlers
I1002 09:11:01.085591 3852470 fork_posix.cc:71] Other threads are currently calling into gRPC, skipping fork() handlers
I1002 09:11:01.122519 3852470 fork_posix.cc:71] Other threads are currently calling into gRPC, skipping fork() handlers
I1002 09:11:01.160848 3852470 fork_posix.cc:71] Other threads are currently calling into gRPC, skipping fork() handlers
I1002 09:11:01.193323 3852470 fork_posix.cc:71] Other threads are currently calling into gRPC, skipping fork() handlers
I1002 09:11:01.228713 3852470 fork_posix.cc:71] Other threads are currently calling into gRPC, skipping fork() handlers
I1002 09:11:01.264446 3852470 fork_posix.cc:71] Other threads are currently calling into gRPC, skipping fork() handlers
I1002 09:11:01.299211 3852470 fork_posix.cc:71] Other threads are currently calling into gRPC, skipping fork() handlers
I1002 09:11:01.328156 3852470 fork_posix.cc:71] Other threads are currently calling into gRPC, skipping fork() handlers
I1002 09:11:01.364265 3852470 fork_posix.cc:71] Other threads are currently calling into gRPC, skipping fork() handlers
I1002 09:11:01.393349 3852470 fork_posix.cc:71] Other threads are currently calling into gRPC, skipping fork() handlers
I1002 09:11:01.422890 3852470 fork_posix.cc:71] Other threads are currently calling into gRPC, skipping fork() handlers
I1002 09:11:01.458990 3852470 fork_posix.cc:71] Other threads are currently calling into gRPC, skipping fork() handlers
I1002 09:11:01.488122 3852470 fork_posix.cc:71] Other threads are currently calling into gRPC, skipping fork() handlers
I1002 09:11:01.524200 3852470 fork_posix.cc:71] Other threads are currently calling into gRPC, skipping fork() handlers
I1002 09:11:01.554107 3852470 fork_posix.cc:71] Other threads are currently calling into gRPC, skipping fork() handlers
I1002 09:11:01.587969 3852470 fork_posix.cc:71] Other threads are currently calling into gRPC, skipping fork() handlers
I1002 09:11:01.590266 3857124 ev_poll_posix.cc:587] FD from fork parent still in poll list: fd(8, generation: 1)
I1002 09:11:01.619723 3852470 fork_posix.cc:71] Other threads are currently calling into gRPC, skipping fork() handlers
I1002 09:11:01.646994 3852470 fork_posix.cc:71] Other threads are currently calling into gRPC, skipping fork() handlers
I1002 09:11:01.679601 3852470 fork_posix.cc:71] Other threads are currently calling into gRPC, skipping fork() handlers
I1002 09:11:01.708870 3852470 fork_posix.cc:71] Other threads are currently calling into gRPC, skipping fork() handlers
I1002 09:11:01.745051 3852470 fork_posix.cc:71] Other threads are currently calling into gRPC, skipping fork() handlers
I1002 09:11:01.774705 3852470 fork_posix.cc:71] Other threads are currently calling into gRPC, skipping fork() handlers
I1002 09:11:01.810813 3852470 fork_posix.cc:71] Other threads are currently calling into gRPC, skipping fork() handlers
I1002 09:11:01.847020 3852470 fork_posix.cc:71] Other threads are currently calling into gRPC, skipping fork() handlers
I1002 09:11:01.917081 3852470 fork_posix.cc:71] Other threads are currently calling into gRPC, skipping fork() handlers
I1002 09:11:01.946170 3852470 fork_posix.cc:71] Other threads are currently calling into gRPC, skipping fork() handlers
I1002 09:11:01.982899 3852470 fork_posix.cc:71] Other threads are currently calling into gRPC, skipping fork() handlers
I1002 09:11:02.018825 3852470 fork_posix.cc:71] Other threads are currently calling into gRPC, skipping fork() handlers
I1002 09:11:02.055243 3852470 fork_posix.cc:71] Other threads are currently calling into gRPC, skipping fork() handlers
I1002 09:11:02.091250 3852470 fork_posix.cc:71] Other threads are currently calling into gRPC, skipping fork() handlers
I1002 09:11:02.131976 3852470 fork_posix.cc:71] Other threads are currently calling into gRPC, skipping fork() handlers
I1002 09:11:02.168250 3852470 fork_posix.cc:71] Other threads are currently calling into gRPC, skipping fork() handlers
I1002 09:11:02.199172 3852470 fork_posix.cc:71] Other threads are currently calling into gRPC, skipping fork() handlers
I1002 09:11:02.234871 3852470 fork_posix.cc:71] Other threads are currently calling into gRPC, skipping fork() handlers
I1002 09:11:02.268447 3852470 fork_posix.cc:71] Other threads are currently calling into gRPC, skipping fork() handlers
I1002 09:11:02.459690 3857872 fork_posix.cc:71] Other threads are currently calling into gRPC, skipping fork() handlers
I1002 09:11:02.488883 3857872 fork_posix.cc:71] Other threads are currently calling into gRPC, skipping fork() handlers
I1002 09:11:02.524286 3857872 fork_posix.cc:71] Other threads are currently calling into gRPC, skipping fork() handlers
I1002 09:11:02.553074 3857872 fork_posix.cc:71] Other threads are currently calling into gRPC, skipping fork() handlers
I1002 09:11:02.589911 3857872 fork_posix.cc:71] Other threads are currently calling into gRPC, skipping fork() handlers
I1002 09:11:02.626536 3857872 fork_posix.cc:71] Other threads are currently calling into gRPC, skipping fork() handlers
I1002 09:11:02.695842 3857872 fork_posix.cc:71] Other threads are currently calling into gRPC, skipping fork() handlers
I1002 09:11:02.728554 3857872 fork_posix.cc:71] Other threads are currently calling into gRPC, skipping fork() handlers
I1002 09:11:02.765699 3857872 fork_posix.cc:71] Other threads are currently calling into gRPC, skipping fork() handlers
I1002 09:11:02.802819 3857872 fork_posix.cc:71] Other threads are currently calling into gRPC, skipping fork() handlers
I1002 09:11:02.875327 3857872 fork_posix.cc:71] Other threads are currently calling into gRPC, skipping fork() handlers
I1002 09:11:02.931484 3857872 fork_posix.cc:71] Other threads are currently calling into gRPC, skipping fork() handlers
I1002 09:11:03.067657 3857872 fork_posix.cc:71] Other threads are currently calling into gRPC, skipping fork() handlers
I1002 09:11:03.129105 3857872 fork_posix.cc:71] Other threads are currently calling into gRPC, skipping fork() handlers
I1002 09:11:03.166138 3857872 fork_posix.cc:71] Other threads are currently calling into gRPC, skipping fork() handlers
I1002 09:11:03.202285 3857872 fork_posix.cc:71] Other threads are currently calling into gRPC, skipping fork() handlers
I1002 09:11:03.240786 3857872 fork_posix.cc:71] Other threads are currently calling into gRPC, skipping fork() handlers
I1002 09:11:03.276569 3857872 fork_posix.cc:71] Other threads are currently calling into gRPC, skipping fork() handlers
I1002 09:11:03.312500 3857872 fork_posix.cc:71] Other threads are currently calling into gRPC, skipping fork() handlers
I1002 09:11:03.348016 3857872 fork_posix.cc:71] Other threads are currently calling into gRPC, skipping fork() handlers
I1002 09:11:03.385348 3857872 fork_posix.cc:71] Other threads are currently calling into gRPC, skipping fork() handlers
I1002 09:11:03.421250 3857872 fork_posix.cc:71] Other threads are currently calling into gRPC, skipping fork() handlers
I1002 09:11:03.454461 3857872 fork_posix.cc:71] Other threads are currently calling into gRPC, skipping fork() handlers
I1002 09:11:03.490473 3857872 fork_posix.cc:71] Other threads are currently calling into gRPC, skipping fork() handlers
I1002 09:11:03.526548 3857872 fork_posix.cc:71] Other threads are currently calling into gRPC, skipping fork() handlers
I1002 09:11:03.562711 3857872 fork_posix.cc:71] Other threads are currently calling into gRPC, skipping fork() handlers
I1002 09:11:03.590876 3857872 fork_posix.cc:71] Other threads are currently calling into gRPC, skipping fork() handlers
I1002 09:11:03.626726 3857872 fork_posix.cc:71] Other threads are currently calling into gRPC, skipping fork() handlers
I1002 09:11:03.663679 3857872 fork_posix.cc:71] Other threads are currently calling into gRPC, skipping fork() handlers
I1002 09:11:03.739209 3857872 fork_posix.cc:71] Other threads are currently calling into gRPC, skipping fork() handlers
I1002 09:11:03.775516 3857872 fork_posix.cc:71] Other threads are currently calling into gRPC, skipping fork() handlers
I1002 09:11:03.810019 3857872 fork_posix.cc:71] Other threads are currently calling into gRPC, skipping fork() handlers
I1002 09:11:03.838898 3857872 fork_posix.cc:71] Other threads are currently calling into gRPC, skipping fork() handlers
I1002 09:11:03.872166 3857872 fork_posix.cc:71] Other threads are currently calling into gRPC, skipping fork() handlers
I1002 09:11:03.908264 3857872 fork_posix.cc:71] Other threads are currently calling into gRPC, skipping fork() handlers
I1002 09:11:03.943494 3857872 fork_posix.cc:71] Other threads are currently calling into gRPC, skipping fork() handlers
I1002 09:11:03.974544 3857872 fork_posix.cc:71] Other threads are currently calling into gRPC, skipping fork() handlers
I1002 09:11:04.010296 3857872 fork_posix.cc:71] Other threads are currently calling into gRPC, skipping fork() handlers
I1002 09:11:04.038244 3857872 fork_posix.cc:71] Other threads are currently calling into gRPC, skipping fork() handlers
I1002 09:11:04.075528 3857872 fork_posix.cc:71] Other threads are currently calling into gRPC, skipping fork() handlers
I1002 09:11:04.108759 3857872 fork_posix.cc:71] Other threads are currently calling into gRPC, skipping fork() handlers
I1002 09:11:04.138803 3857872 fork_posix.cc:71] Other threads are currently calling into gRPC, skipping fork() handlers
I1002 09:11:04.170842 3857872 fork_posix.cc:71] Other threads are currently calling into gRPC, skipping fork() handlers
I1002 09:11:04.207888 3857872 fork_posix.cc:71] Other threads are currently calling into gRPC, skipping fork() handlers
I1002 09:11:04.239034 3857872 fork_posix.cc:71] Other threads are currently calling into gRPC, skipping fork() handlers
I1002 09:11:04.275098 3857872 fork_posix.cc:71] Other threads are currently calling into gRPC, skipping fork() handlers
I1002 09:11:04.310787 3857872 fork_posix.cc:71] Other threads are currently calling into gRPC, skipping fork() handlers
I1002 09:11:04.346431 3857872 fork_posix.cc:71] Other threads are currently calling into gRPC, skipping fork() handlers
I1002 09:11:04.384692 3857872 fork_posix.cc:71] Other threads are currently calling into gRPC, skipping fork() handlers
I1002 09:11:04.421287 3857872 fork_posix.cc:71] Other threads are currently calling into gRPC, skipping fork() handlers
I1002 09:11:04.453612 3857872 fork_posix.cc:71] Other threads are currently calling into gRPC, skipping fork() handlers
I1002 09:11:04.481572 3857872 fork_posix.cc:71] Other threads are currently calling into gRPC, skipping fork() handlers
I1002 09:11:04.517908 3857872 fork_posix.cc:71] Other threads are currently calling into gRPC, skipping fork() handlers
I1002 09:11:04.553796 3857872 fork_posix.cc:71] Other threads are currently calling into gRPC, skipping fork() handlers
I1002 09:11:04.582494 3857872 fork_posix.cc:71] Other threads are currently calling into gRPC, skipping fork() handlers
I1002 09:11:04.613034 3857872 fork_posix.cc:71] Other threads are currently calling into gRPC, skipping fork() handlers
I1002 09:11:04.642266 3857872 fork_posix.cc:71] Other threads are currently calling into gRPC, skipping fork() handlers
I1002 09:11:04.711224 3857872 fork_posix.cc:71] Other threads are currently calling into gRPC, skipping fork() handlers
I1002 09:11:04.747263 3857872 fork_posix.cc:71] Other threads are currently calling into gRPC, skipping fork() handlers
I1002 09:11:04.783302 3857872 fork_posix.cc:71] Other threads are currently calling into gRPC, skipping fork() handlers
I1002 09:11:04.819319 3857872 fork_posix.cc:71] Other threads are currently calling into gRPC, skipping fork() handlers
I1002 09:11:04.849081 3857872 fork_posix.cc:71] Other threads are currently calling into gRPC, skipping fork() handlers
I1002 09:11:04.885261 3857872 fork_posix.cc:71] Other threads are currently calling into gRPC, skipping fork() handlers
I1002 09:11:04.919882 3857872 fork_posix.cc:71] Other threads are currently calling into gRPC, skipping fork() handlers
I1002 09:11:04.955990 3857872 fork_posix.cc:71] Other threads are currently calling into gRPC, skipping fork() handlers
/Users/alexy/src/sail-pecan-integrated/.venv/lib/python3.12/site-packages/pyspark/sql/connect/expressions.py:1091: UserWarning: WARN WindowExpression: No Partition Defined for Window operation! Moving all data to a single partition, this can cause serious performance degradation.
  warnings.warn(
I1002 09:11:05.023783 3857872 fork_posix.cc:71] Other threads are currently calling into gRPC, skipping fork() handlers
I1002 09:11:05.117383 3857872 fork_posix.cc:71] Other threads are currently calling into gRPC, skipping fork() handlers
I1002 09:11:05.180367 3857872 fork_posix.cc:71] Other threads are currently calling into gRPC, skipping fork() handlers
I1002 09:11:05.217213 3857872 fork_posix.cc:71] Other threads are currently calling into gRPC, skipping fork() handlers
I1002 09:11:05.252933 3857872 fork_posix.cc:71] Other threads are currently calling into gRPC, skipping fork() handlers
I1002 09:11:05.289234 3857872 fork_posix.cc:71] Other threads are currently calling into gRPC, skipping fork() handlers
I1002 09:11:05.325266 3857872 fork_posix.cc:71] Other threads are currently calling into gRPC, skipping fork() handlers
I1002 09:11:05.361516 3857872 fork_posix.cc:71] Other threads are currently calling into gRPC, skipping fork() handlers
I1002 09:11:05.397350 3857872 fork_posix.cc:71] Other threads are currently calling into gRPC, skipping fork() handlers
I1002 09:11:05.433373 3857872 fork_posix.cc:71] Other threads are currently calling into gRPC, skipping fork() handlers
I1002 09:11:05.470816 3857872 fork_posix.cc:71] Other threads are currently calling into gRPC, skipping fork() handlers
I1002 09:11:05.507092 3857872 fork_posix.cc:71] Other threads are currently calling into gRPC, skipping fork() handlers
I1002 09:11:05.541350 3857872 fork_posix.cc:71] Other threads are currently calling into gRPC, skipping fork() handlers
I1002 09:11:05.577348 3857872 fork_posix.cc:71] Other threads are currently calling into gRPC, skipping fork() handlers
I1002 09:11:05.613127 3857872 fork_posix.cc:71] Other threads are currently calling into gRPC, skipping fork() handlers
I1002 09:11:05.644927 3857872 fork_posix.cc:71] Other threads are currently calling into gRPC, skipping fork() handlers
I1002 09:11:05.678887 3857872 fork_posix.cc:71] Other threads are currently calling into gRPC, skipping fork() handlers
I1002 09:11:05.716182 3857872 fork_posix.cc:71] Other threads are currently calling into gRPC, skipping fork() handlers
I1002 09:11:05.751953 3857872 fork_posix.cc:71] Other threads are currently calling into gRPC, skipping fork() handlers
I1002 09:11:05.778292 3857872 fork_posix.cc:71] Other threads are currently calling into gRPC, skipping fork() handlers
I1002 09:11:05.814072 3857872 fork_posix.cc:71] Other threads are currently calling into gRPC, skipping fork() handlers
I1002 09:11:05.850117 3857872 fork_posix.cc:71] Other threads are currently calling into gRPC, skipping fork() handlers
I1002 09:11:05.886706 3857872 fork_posix.cc:71] Other threads are currently calling into gRPC, skipping fork() handlers
I1002 09:11:05.923019 3857872 fork_posix.cc:71] Other threads are currently calling into gRPC, skipping fork() handlers
I1002 09:11:05.962904 3857872 fork_posix.cc:71] Other threads are currently calling into gRPC, skipping fork() handlers
I1002 09:11:06.001018 3857872 fork_posix.cc:71] Other threads are currently calling into gRPC, skipping fork() handlers
I1002 09:11:06.037745 3857872 fork_posix.cc:71] Other threads are currently calling into gRPC, skipping fork() handlers
I1002 09:11:06.073936 3857872 fork_posix.cc:71] Other threads are currently calling into gRPC, skipping fork() handlers
I1002 09:11:06.108704 3857872 fork_posix.cc:71] Other threads are currently calling into gRPC, skipping fork() handlers
I1002 09:11:06.144646 3857872 fork_posix.cc:71] Other threads are currently calling into gRPC, skipping fork() handlers
I1002 09:11:06.180749 3857872 fork_posix.cc:71] Other threads are currently calling into gRPC, skipping fork() handlers
I1002 09:11:06.216326 3857872 fork_posix.cc:71] Other threads are currently calling into gRPC, skipping fork() handlers
I1002 09:11:06.252192 3857872 fork_posix.cc:71] Other threads are currently calling into gRPC, skipping fork() handlers
I1002 09:11:06.288313 3857872 fork_posix.cc:71] Other threads are currently calling into gRPC, skipping fork() handlers
I1002 09:11:06.324726 3857872 fork_posix.cc:71] Other threads are currently calling into gRPC, skipping fork() handlers
I1002 09:11:06.356936 3857872 fork_posix.cc:71] Other threads are currently calling into gRPC, skipping fork() handlers
I1002 09:11:06.387799 3857872 fork_posix.cc:71] Other threads are currently calling into gRPC, skipping fork() handlers
I1002 09:11:06.419995 3857872 fork_posix.cc:71] Other threads are currently calling into gRPC, skipping fork() handlers
I1002 09:11:06.450946 3857872 fork_posix.cc:71] Other threads are currently calling into gRPC, skipping fork() handlers
I1002 09:11:06.487362 3857872 fork_posix.cc:71] Other threads are currently calling into gRPC, skipping fork() handlers
I1002 09:11:06.523349 3857872 fork_posix.cc:71] Other threads are currently calling into gRPC, skipping fork() handlers
I1002 09:11:06.556069 3857872 fork_posix.cc:71] Other threads are currently calling into gRPC, skipping fork() handlers
I1002 09:11:06.591571 3857872 fork_posix.cc:71] Other threads are currently calling into gRPC, skipping fork() handlers
I1002 09:11:06.627850 3857872 fork_posix.cc:71] Other threads are currently calling into gRPC, skipping fork() handlers
I1002 09:11:06.665627 3857872 fork_posix.cc:71] Other threads are currently calling into gRPC, skipping fork() handlers
I1002 09:11:06.697872 3857872 fork_posix.cc:71] Other threads are currently calling into gRPC, skipping fork() handlers
I1002 09:11:06.733674 3857872 fork_posix.cc:71] Other threads are currently calling into gRPC, skipping fork() handlers
I1002 09:11:06.766981 3857872 fork_posix.cc:71] Other threads are currently calling into gRPC, skipping fork() handlers
I1002 09:11:06.802662 3857872 fork_posix.cc:71] Other threads are currently calling into gRPC, skipping fork() handlers
I1002 09:11:06.838380 3857872 fork_posix.cc:71] Other threads are currently calling into gRPC, skipping fork() handlers
I1002 09:11:06.872513 3857872 fork_posix.cc:71] Other threads are currently calling into gRPC, skipping fork() handlers
I1002 09:11:06.907460 3857872 fork_posix.cc:71] Other threads are currently calling into gRPC, skipping fork() handlers
I1002 09:11:06.943440 3857872 fork_posix.cc:71] Other threads are currently calling into gRPC, skipping fork() handlers
I1002 09:11:06.979050 3857872 fork_posix.cc:71] Other threads are currently calling into gRPC, skipping fork() handlers
I1002 09:11:07.014140 3857872 fork_posix.cc:71] Other threads are currently calling into gRPC, skipping fork() handlers
I1002 09:11:07.043251 3857872 fork_posix.cc:71] Other threads are currently calling into gRPC, skipping fork() handlers
I1002 09:11:07.079544 3857872 fork_posix.cc:71] Other threads are currently calling into gRPC, skipping fork() handlers
I1002 09:11:07.112084 3857872 fork_posix.cc:71] Other threads are currently calling into gRPC, skipping fork() handlers
I1002 09:11:07.147415 3857872 fork_posix.cc:71] Other threads are currently calling into gRPC, skipping fork() handlers
I1002 09:11:07.176064 3857872 fork_posix.cc:71] Other threads are currently calling into gRPC, skipping fork() handlers
I1002 09:11:07.211765 3857872 fork_posix.cc:71] Other threads are currently calling into gRPC, skipping fork() handlers
I1002 09:11:07.247351 3857872 fork_posix.cc:71] Other threads are currently calling into gRPC, skipping fork() handlers
I1002 09:11:07.275968 3857872 fork_posix.cc:71] Other threads are currently calling into gRPC, skipping fork() handlers
I1002 09:11:07.306511 3857872 fork_posix.cc:71] Other threads are currently calling into gRPC, skipping fork() handlers
I1002 09:11:07.342215 3857872 fork_posix.cc:71] Other threads are currently calling into gRPC, skipping fork() handlers
I1002 09:11:07.376831 3857872 fork_posix.cc:71] Other threads are currently calling into gRPC, skipping fork() handlers
I1002 09:11:07.412825 3857872 fork_posix.cc:71] Other threads are currently calling into gRPC, skipping fork() handlers
I1002 09:11:07.448679 3857872 fork_posix.cc:71] Other threads are currently calling into gRPC, skipping fork() handlers
I1002 09:11:07.485168 3857872 fork_posix.cc:71] Other threads are currently calling into gRPC, skipping fork() handlers
I1002 09:11:07.522269 3857872 fork_posix.cc:71] Other threads are currently calling into gRPC, skipping fork() handlers
I1002 09:11:07.558247 3857872 fork_posix.cc:71] Other threads are currently calling into gRPC, skipping fork() handlers
I1002 09:11:07.594257 3857872 fork_posix.cc:71] Other threads are currently calling into gRPC, skipping fork() handlers
I1002 09:11:07.631011 3857872 fork_posix.cc:71] Other threads are currently calling into gRPC, skipping fork() handlers
I1002 09:11:07.666122 3857872 fork_posix.cc:71] Other threads are currently calling into gRPC, skipping fork() handlers
I1002 09:11:07.702005 3857872 fork_posix.cc:71] Other threads are currently calling into gRPC, skipping fork() handlers
I1002 09:11:07.771983 3857872 fork_posix.cc:71] Other threads are currently calling into gRPC, skipping fork() handlers
I1002 09:11:07.798840 3857872 fork_posix.cc:71] Other threads are currently calling into gRPC, skipping fork() handlers
I1002 09:11:07.834873 3857872 fork_posix.cc:71] Other threads are currently calling into gRPC, skipping fork() handlers
I1002 09:11:07.869919 3857872 fork_posix.cc:71] Other threads are currently calling into gRPC, skipping fork() handlers
I1002 09:11:07.903256 3857872 fork_posix.cc:71] Other threads are currently calling into gRPC, skipping fork() handlers
I1002 09:11:07.930039 3857872 fork_posix.cc:71] Other threads are currently calling into gRPC, skipping fork() handlers
I1002 09:11:07.965951 3857872 fork_posix.cc:71] Other threads are currently calling into gRPC, skipping fork() handlers
I1002 09:11:08.001693 3857872 fork_posix.cc:71] Other threads are currently calling into gRPC, skipping fork() handlers
I1002 09:11:08.033834 3857872 fork_posix.cc:71] Other threads are currently calling into gRPC, skipping fork() handlers
I1002 09:11:08.192012 3863240 fork_posix.cc:71] Other threads are currently calling into gRPC, skipping fork() handlers
I1002 09:11:08.227645 3863240 fork_posix.cc:71] Other threads are currently calling into gRPC, skipping fork() handlers
I1002 09:11:08.261588 3863240 fork_posix.cc:71] Other threads are currently calling into gRPC, skipping fork() handlers
I1002 09:11:08.297281 3863240 fork_posix.cc:71] Other threads are currently calling into gRPC, skipping fork() handlers
I1002 09:11:08.367501 3863240 fork_posix.cc:71] Other threads are currently calling into gRPC, skipping fork() handlers
I1002 09:11:08.404134 3863240 fork_posix.cc:71] Other threads are currently calling into gRPC, skipping fork() handlers
I1002 09:11:08.440589 3863240 fork_posix.cc:71] Other threads are currently calling into gRPC, skipping fork() handlers
I1002 09:11:08.478709 3863240 fork_posix.cc:71] Other threads are currently calling into gRPC, skipping fork() handlers
I1002 09:11:08.516562 3863240 fork_posix.cc:71] Other threads are currently calling into gRPC, skipping fork() handlers
I1002 09:11:08.552911 3863240 fork_posix.cc:71] Other threads are currently calling into gRPC, skipping fork() handlers
I1002 09:11:08.585305 3863240 fork_posix.cc:71] Other threads are currently calling into gRPC, skipping fork() handlers
/Users/alexy/src/sail-pecan-integrated/.venv/lib/python3.12/site-packages/pyspark/sql/connect/expressions.py:1091: UserWarning: WARN WindowExpression: No Partition Defined for Window operation! Moving all data to a single partition, this can cause serious performance degradation.
  warnings.warn(
I1002 09:11:08.697831 3863240 fork_posix.cc:71] Other threads are currently calling into gRPC, skipping fork() handlers
I1002 09:11:08.787571 3863240 fork_posix.cc:71] Other threads are currently calling into gRPC, skipping fork() handlers
I1002 09:11:08.816308 3863240 fork_posix.cc:71] Other threads are currently calling into gRPC, skipping fork() handlers
I1002 09:11:08.846944 3863240 fork_posix.cc:71] Other threads are currently calling into gRPC, skipping fork() handlers
I1002 09:11:08.884700 3863240 fork_posix.cc:71] Other threads are currently calling into gRPC, skipping fork() handlers
I1002 09:11:08.922999 3863240 fork_posix.cc:71] Other threads are currently calling into gRPC, skipping fork() handlers
I1002 09:11:09.076986 3864085 fork_posix.cc:71] Other threads are currently calling into gRPC, skipping fork() handlers
I1002 09:11:09.108488 3864085 fork_posix.cc:71] Other threads are currently calling into gRPC, skipping fork() handlers
I1002 09:11:09.137671 3864085 fork_posix.cc:71] Other threads are currently calling into gRPC, skipping fork() handlers
I1002 09:11:09.173459 3864085 fork_posix.cc:71] Other threads are currently calling into gRPC, skipping fork() handlers
I1002 09:11:09.209068 3864085 fork_posix.cc:71] Other threads are currently calling into gRPC, skipping fork() handlers
I1002 09:11:09.244732 3864085 fork_posix.cc:71] Other threads are currently calling into gRPC, skipping fork() handlers
I1002 09:11:09.272363 3864085 fork_posix.cc:71] Other threads are currently calling into gRPC, skipping fork() handlers
I1002 09:11:09.307772 3864085 fork_posix.cc:71] Other threads are currently calling into gRPC, skipping fork() handlers
I1002 09:11:09.345442 3864085 fork_posix.cc:71] Other threads are currently calling into gRPC, skipping fork() handlers
I1002 09:11:09.377429 3864085 fork_posix.cc:71] Other threads are currently calling into gRPC, skipping fork() handlers
I1002 09:11:09.408909 3864085 fork_posix.cc:71] Other threads are currently calling into gRPC, skipping fork() handlers
I1002 09:11:09.479027 3864085 fork_posix.cc:71] Other threads are currently calling into gRPC, skipping fork() handlers
I1002 09:11:09.515012 3864085 fork_posix.cc:71] Other threads are currently calling into gRPC, skipping fork() handlers
I1002 09:11:09.614761 3864085 fork_posix.cc:71] Other threads are currently calling into gRPC, skipping fork() handlers
I1002 09:11:09.672022 3864085 fork_posix.cc:71] Other threads are currently calling into gRPC, skipping fork() handlers
I1002 09:11:09.702978 3864085 fork_posix.cc:71] Other threads are currently calling into gRPC, skipping fork() handlers
I1002 09:11:09.737957 3864085 fork_posix.cc:71] Other threads are currently calling into gRPC, skipping fork() handlers
I1002 09:11:09.767450 3864085 fork_posix.cc:71] Other threads are currently calling into gRPC, skipping fork() handlers
I1002 09:11:09.802807 3864085 fork_posix.cc:71] Other threads are currently calling into gRPC, skipping fork() handlers
I1002 09:11:09.838691 3864085 fork_posix.cc:71] Other threads are currently calling into gRPC, skipping fork() handlers
I1002 09:11:09.840768 3864860 ev_poll_posix.cc:587] FD from fork parent still in poll list: fd(8, generation: 1)
I1002 09:11:09.877387 3864085 fork_posix.cc:71] Other threads are currently calling into gRPC, skipping fork() handlers
I1002 09:11:09.906548 3864085 fork_posix.cc:71] Other threads are currently calling into gRPC, skipping fork() handlers
I1002 09:11:09.942762 3864085 fork_posix.cc:71] Other threads are currently calling into gRPC, skipping fork() handlers
I1002 09:11:10.006225 3864085 fork_posix.cc:71] Other threads are currently calling into gRPC, skipping fork() handlers
I1002 09:11:10.043496 3864085 fork_posix.cc:71] Other threads are currently calling into gRPC, skipping fork() handlers
I1002 09:11:10.079591 3864085 fork_posix.cc:71] Other threads are currently calling into gRPC, skipping fork() handlers
I1002 09:11:10.116459 3864085 fork_posix.cc:71] Other threads are currently calling into gRPC, skipping fork() handlers
I1002 09:11:10.152542 3864085 fork_posix.cc:71] Other threads are currently calling into gRPC, skipping fork() handlers
I1002 09:11:10.188809 3864085 fork_posix.cc:71] Other threads are currently calling into gRPC, skipping fork() handlers
I1002 09:11:10.217486 3864085 fork_posix.cc:71] Other threads are currently calling into gRPC, skipping fork() handlers
I1002 09:11:10.248406 3864085 fork_posix.cc:71] Other threads are currently calling into gRPC, skipping fork() handlers
I1002 09:11:10.284572 3864085 fork_posix.cc:71] Other threads are currently calling into gRPC, skipping fork() handlers
I1002 09:11:10.354381 3864085 fork_posix.cc:71] Other threads are currently calling into gRPC, skipping fork() handlers
I1002 09:11:10.385476 3864085 fork_posix.cc:71] Other threads are currently calling into gRPC, skipping fork() handlers
I1002 09:11:10.422332 3864085 fork_posix.cc:71] Other threads are currently calling into gRPC, skipping fork() handlers
I1002 09:11:10.449053 3864085 fork_posix.cc:71] Other threads are currently calling into gRPC, skipping fork() handlers
I1002 09:11:10.486678 3864085 fork_posix.cc:71] Other threads are currently calling into gRPC, skipping fork() handlers
I1002 09:11:10.523792 3864085 fork_posix.cc:71] Other threads are currently calling into gRPC, skipping fork() handlers
I1002 09:11:10.557427 3864085 fork_posix.cc:71] Other threads are currently calling into gRPC, skipping fork() handlers
I1002 09:11:10.593934 3864085 fork_posix.cc:71] Other threads are currently calling into gRPC, skipping fork() handlers
I1002 09:11:10.619871 3864085 fork_posix.cc:71] Other threads are currently calling into gRPC, skipping fork() handlers
I1002 09:11:10.653513 3864085 fork_posix.cc:71] Other threads are currently calling into gRPC, skipping fork() handlers
I1002 09:11:10.689754 3864085 fork_posix.cc:71] Other threads are currently calling into gRPC, skipping fork() handlers
I1002 09:11:10.720045 3864085 fork_posix.cc:71] Other threads are currently calling into gRPC, skipping fork() handlers
I1002 09:11:10.753338 3864085 fork_posix.cc:71] Other threads are currently calling into gRPC, skipping fork() handlers
I1002 09:11:10.789901 3864085 fork_posix.cc:71] Other threads are currently calling into gRPC, skipping fork() handlers
I1002 09:11:10.815836 3864085 fork_posix.cc:71] Other threads are currently calling into gRPC, skipping fork() handlers
I1002 09:11:10.844121 3864085 fork_posix.cc:71] Other threads are currently calling into gRPC, skipping fork() handlers
I1002 09:11:10.875039 3864085 fork_posix.cc:71] Other threads are currently calling into gRPC, skipping fork() handlers
I1002 09:11:10.905960 3864085 fork_posix.cc:71] Other threads are currently calling into gRPC, skipping fork() handlers
I1002 09:11:10.942106 3864085 fork_posix.cc:71] Other threads are currently calling into gRPC, skipping fork() handlers
I1002 09:11:10.973360 3864085 fork_posix.cc:71] Other threads are currently calling into gRPC, skipping fork() handlers
I1002 09:11:11.009062 3864085 fork_posix.cc:71] Other threads are currently calling into gRPC, skipping fork() handlers
I1002 09:11:11.036630 3864085 fork_posix.cc:71] Other threads are currently calling into gRPC, skipping fork() handlers
I1002 09:11:11.072508 3864085 fork_posix.cc:71] Other threads are currently calling into gRPC, skipping fork() handlers
I1002 09:11:11.108436 3864085 fork_posix.cc:71] Other threads are currently calling into gRPC, skipping fork() handlers
I1002 09:11:11.144418 3864085 fork_posix.cc:71] Other threads are currently calling into gRPC, skipping fork() handlers
I1002 09:11:11.180953 3864085 fork_posix.cc:71] Other threads are currently calling into gRPC, skipping fork() handlers
I1002 09:11:11.211133 3864085 fork_posix.cc:71] Other threads are currently calling into gRPC, skipping fork() handlers
I1002 09:11:11.244515 3864085 fork_posix.cc:71] Other threads are currently calling into gRPC, skipping fork() handlers
I1002 09:11:11.280057 3864085 fork_posix.cc:71] Other threads are currently calling into gRPC, skipping fork() handlers
I1002 09:11:11.316030 3864085 fork_posix.cc:71] Other threads are currently calling into gRPC, skipping fork() handlers
I1002 09:11:11.346578 3864085 fork_posix.cc:71] Other threads are currently calling into gRPC, skipping fork() handlers
I1002 09:11:11.378147 3864085 fork_posix.cc:71] Other threads are currently calling into gRPC, skipping fork() handlers
I1002 09:11:11.413774 3864085 fork_posix.cc:71] Other threads are currently calling into gRPC, skipping fork() handlers
I1002 09:11:11.441400 3864085 fork_posix.cc:71] Other threads are currently calling into gRPC, skipping fork() handlers
I1002 09:11:11.477210 3864085 fork_posix.cc:71] Other threads are currently calling into gRPC, skipping fork() handlers
I1002 09:11:11.503268 3864085 fork_posix.cc:71] Other threads are currently calling into gRPC, skipping fork() handlers
I1002 09:11:11.534019 3864085 fork_posix.cc:71] Other threads are currently calling into gRPC, skipping fork() handlers
I1002 09:11:11.569835 3864085 fork_posix.cc:71] Other threads are currently calling into gRPC, skipping fork() handlers
I1002 09:11:11.606304 3864085 fork_posix.cc:71] Other threads are currently calling into gRPC, skipping fork() handlers
I1002 09:11:11.634268 3864085 fork_posix.cc:71] Other threads are currently calling into gRPC, skipping fork() handlers
/Users/alexy/src/sail-pecan-integrated/.venv/lib/python3.12/site-packages/pyspark/sql/connect/expressions.py:1091: UserWarning: WARN WindowExpression: No Partition Defined for Window operation! Moving all data to a single partition, this can cause serious performance degradation.
  warnings.warn(
I1002 09:11:11.729469 3864085 fork_posix.cc:71] Other threads are currently calling into gRPC, skipping fork() handlers
I1002 09:11:11.796507 3864085 fork_posix.cc:71] Other threads are currently calling into gRPC, skipping fork() handlers
I1002 09:11:11.837907 3864085 fork_posix.cc:71] Other threads are currently calling into gRPC, skipping fork() handlers
I1002 09:11:11.873771 3864085 fork_posix.cc:71] Other threads are currently calling into gRPC, skipping fork() handlers
I1002 09:11:11.906403 3864085 fork_posix.cc:71] Other threads are currently calling into gRPC, skipping fork() handlers
I1002 09:11:11.936969 3864085 fork_posix.cc:71] Other threads are currently calling into gRPC, skipping fork() handlers
I1002 09:11:11.972507 3864085 fork_posix.cc:71] Other threads are currently calling into gRPC, skipping fork() handlers
I1002 09:11:12.008355 3864085 fork_posix.cc:71] Other threads are currently calling into gRPC, skipping fork() handlers
I1002 09:11:12.040627 3864085 fork_posix.cc:71] Other threads are currently calling into gRPC, skipping fork() handlers
I1002 09:11:12.073475 3864085 fork_posix.cc:71] Other threads are currently calling into gRPC, skipping fork() handlers
I1002 09:11:12.108852 3864085 fork_posix.cc:71] Other threads are currently calling into gRPC, skipping fork() handlers
I1002 09:11:12.144300 3864085 fork_posix.cc:71] Other threads are currently calling into gRPC, skipping fork() handlers
I1002 09:11:12.179718 3864085 fork_posix.cc:71] Other threads are currently calling into gRPC, skipping fork() handlers
I1002 09:11:12.210965 3864085 fork_posix.cc:71] Other threads are currently calling into gRPC, skipping fork() handlers
I1002 09:11:12.244228 3864085 fork_posix.cc:71] Other threads are currently calling into gRPC, skipping fork() handlers
I1002 09:11:12.279593 3864085 fork_posix.cc:71] Other threads are currently calling into gRPC, skipping fork() handlers
I1002 09:11:12.315388 3864085 fork_posix.cc:71] Other threads are currently calling into gRPC, skipping fork() handlers
I1002 09:11:12.342330 3864085 fork_posix.cc:71] Other threads are currently calling into gRPC, skipping fork() handlers
I1002 09:11:12.378537 3864085 fork_posix.cc:71] Other threads are currently calling into gRPC, skipping fork() handlers
I1002 09:11:12.411372 3864085 fork_posix.cc:71] Other threads are currently calling into gRPC, skipping fork() handlers
I1002 09:11:12.446806 3864085 fork_posix.cc:71] Other threads are currently calling into gRPC, skipping fork() handlers
I1002 09:11:12.482460 3864085 fork_posix.cc:71] Other threads are currently calling into gRPC, skipping fork() handlers
I1002 09:11:12.518170 3864085 fork_posix.cc:71] Other threads are currently calling into gRPC, skipping fork() handlers
I1002 09:11:12.545649 3864085 fork_posix.cc:71] Other threads are currently calling into gRPC, skipping fork() handlers
I1002 09:11:12.580498 3864085 fork_posix.cc:71] Other threads are currently calling into gRPC, skipping fork() handlers
I1002 09:11:12.648341 3864085 fork_posix.cc:71] Other threads are currently calling into gRPC, skipping fork() handlers
I1002 09:11:12.685943 3864085 fork_posix.cc:71] Other threads are currently calling into gRPC, skipping fork() handlers
I1002 09:11:12.722044 3864085 fork_posix.cc:71] Other threads are currently calling into gRPC, skipping fork() handlers
I1002 09:11:12.788325 3864085 fork_posix.cc:71] Other threads are currently calling into gRPC, skipping fork() handlers
I1002 09:11:12.824544 3864085 fork_posix.cc:71] Other threads are currently calling into gRPC, skipping fork() handlers
I1002 09:11:12.857729 3864085 fork_posix.cc:71] Other threads are currently calling into gRPC, skipping fork() handlers
I1002 09:11:12.896904 3864085 fork_posix.cc:71] Other threads are currently calling into gRPC, skipping fork() handlers
I1002 09:11:12.929861 3864085 fork_posix.cc:71] Other threads are currently calling into gRPC, skipping fork() handlers
I1002 09:11:12.966559 3864085 fork_posix.cc:71] Other threads are currently calling into gRPC, skipping fork() handlers
I1002 09:11:13.035106 3864085 fork_posix.cc:71] Other threads are currently calling into gRPC, skipping fork() handlers
I1002 09:11:13.064772 3864085 fork_posix.cc:71] Other threads are currently calling into gRPC, skipping fork() handlers
I1002 09:11:13.100017 3864085 fork_posix.cc:71] Other threads are currently calling into gRPC, skipping fork() handlers
I1002 09:11:13.127332 3864085 fork_posix.cc:71] Other threads are currently calling into gRPC, skipping fork() handlers
I1002 09:11:13.158190 3864085 fork_posix.cc:71] Other threads are currently calling into gRPC, skipping fork() handlers
I1002 09:11:13.193853 3864085 fork_posix.cc:71] Other threads are currently calling into gRPC, skipping fork() handlers
I1002 09:11:13.229798 3864085 fork_posix.cc:71] Other threads are currently calling into gRPC, skipping fork() handlers
I1002 09:11:13.265961 3864085 fork_posix.cc:71] Other threads are currently calling into gRPC, skipping fork() handlers
I1002 09:11:13.296538 3864085 fork_posix.cc:71] Other threads are currently calling into gRPC, skipping fork() handlers
I1002 09:11:13.328510 3864085 fork_posix.cc:71] Other threads are currently calling into gRPC, skipping fork() handlers
I1002 09:11:13.364849 3864085 fork_posix.cc:71] Other threads are currently calling into gRPC, skipping fork() handlers
I1002 09:11:13.400853 3864085 fork_posix.cc:71] Other threads are currently calling into gRPC, skipping fork() handlers
I1002 09:11:13.437398 3864085 fork_posix.cc:71] Other threads are currently calling into gRPC, skipping fork() handlers
I1002 09:11:13.473509 3864085 fork_posix.cc:71] Other threads are currently calling into gRPC, skipping fork() handlers
I1002 09:11:13.506171 3864085 fork_posix.cc:71] Other threads are currently calling into gRPC, skipping fork() handlers
I1002 09:11:13.542312 3864085 fork_posix.cc:71] Other threads are currently calling into gRPC, skipping fork() handlers
I1002 09:11:13.608266 3864085 fork_posix.cc:71] Other threads are currently calling into gRPC, skipping fork() handlers
I1002 09:11:13.682733 3864085 fork_posix.cc:71] Other threads are currently calling into gRPC, skipping fork() handlers
I1002 09:11:13.711618 3864085 fork_posix.cc:71] Other threads are currently calling into gRPC, skipping fork() handlers
I1002 09:11:13.745260 3864085 fork_posix.cc:71] Other threads are currently calling into gRPC, skipping fork() handlers
I1002 09:11:13.772161 3864085 fork_posix.cc:71] Other threads are currently calling into gRPC, skipping fork() handlers
I1002 09:11:13.802368 3864085 fork_posix.cc:71] Other threads are currently calling into gRPC, skipping fork() handlers
I1002 09:11:13.841324 3864085 fork_posix.cc:71] Other threads are currently calling into gRPC, skipping fork() handlers
I1002 09:11:13.876585 3864085 fork_posix.cc:71] Other threads are currently calling into gRPC, skipping fork() handlers
I1002 09:11:13.904721 3864085 fork_posix.cc:71] Other threads are currently calling into gRPC, skipping fork() handlers
I1002 09:11:13.936869 3864085 fork_posix.cc:71] Other threads are currently calling into gRPC, skipping fork() handlers
I1002 09:11:13.971091 3864085 fork_posix.cc:71] Other threads are currently calling into gRPC, skipping fork() handlers
I1002 09:11:14.033610 3864085 fork_posix.cc:71] Other threads are currently calling into gRPC, skipping fork() handlers
I1002 09:11:14.064906 3864085 fork_posix.cc:71] Other threads are currently calling into gRPC, skipping fork() handlers
I1002 09:11:14.101440 3864085 fork_posix.cc:71] Other threads are currently calling into gRPC, skipping fork() handlers
I1002 09:11:14.128803 3864085 fork_posix.cc:71] Other threads are currently calling into gRPC, skipping fork() handlers
I1002 09:11:14.155187 3864085 fork_posix.cc:71] Other threads are currently calling into gRPC, skipping fork() handlers
I1002 09:11:14.181575 3864085 fork_posix.cc:71] Other threads are currently calling into gRPC, skipping fork() handlers
I1002 09:11:14.209349 3864085 fork_posix.cc:71] Other threads are currently calling into gRPC, skipping fork() handlers
I1002 09:11:14.283063 3864085 fork_posix.cc:71] Other threads are currently calling into gRPC, skipping fork() handlers
I1002 09:11:14.315855 3864085 fork_posix.cc:71] Other threads are currently calling into gRPC, skipping fork() handlers
I1002 09:11:14.351184 3864085 fork_posix.cc:71] Other threads are currently calling into gRPC, skipping fork() handlers
I1002 09:11:14.388335 3864085 fork_posix.cc:71] Other threads are currently calling into gRPC, skipping fork() handlers
I1002 09:11:14.416665 3864085 fork_posix.cc:71] Other threads are currently calling into gRPC, skipping fork() handlers
I1002 09:11:14.450882 3864085 fork_posix.cc:71] Other threads are currently calling into gRPC, skipping fork() handlers
I1002 09:11:14.482460 3864085 fork_posix.cc:71] Other threads are currently calling into gRPC, skipping fork() handlers
I1002 09:11:14.509316 3864085 fork_posix.cc:71] Other threads are currently calling into gRPC, skipping fork() handlers
I1002 09:11:14.537594 3864085 fork_posix.cc:71] Other threads are currently calling into gRPC, skipping fork() handlers
I1002 09:11:14.574294 3864085 fork_posix.cc:71] Other threads are currently calling into gRPC, skipping fork() handlers
I1002 09:11:14.610744 3864085 fork_posix.cc:71] Other threads are currently calling into gRPC, skipping fork() handlers
I1002 09:11:14.645602 3864085 fork_posix.cc:71] Other threads are currently calling into gRPC, skipping fork() handlers
I1002 09:11:14.677939 3864085 fork_posix.cc:71] Other threads are currently calling into gRPC, skipping fork() handlers
I1002 09:11:14.711067 3864085 fork_posix.cc:71] Other threads are currently calling into gRPC, skipping fork() handlers
I1002 09:11:14.737439 3864085 fork_posix.cc:71] Other threads are currently calling into gRPC, skipping fork() handlers
I1002 09:11:14.771652 3864085 fork_posix.cc:71] Other threads are currently calling into gRPC, skipping fork() handlers
I1002 09:11:14.803855 3864085 fork_posix.cc:71] Other threads are currently calling into gRPC, skipping fork() handlers
I1002 09:11:14.837239 3864085 fork_posix.cc:71] Other threads are currently calling into gRPC, skipping fork() handlers
I1002 09:11:14.875676 3864085 fork_posix.cc:71] Other threads are currently calling into gRPC, skipping fork() handlers
I1002 09:11:14.911556 3864085 fork_posix.cc:71] Other threads are currently calling into gRPC, skipping fork() handlers
I1002 09:11:14.943442 3864085 fork_posix.cc:71] Other threads are currently calling into gRPC, skipping fork() handlers
I1002 09:11:14.979615 3864085 fork_posix.cc:71] Other threads are currently calling into gRPC, skipping fork() handlers
I1002 09:11:15.011865 3864085 fork_posix.cc:71] Other threads are currently calling into gRPC, skipping fork() handlers
I1002 09:11:15.047286 3864085 fork_posix.cc:71] Other threads are currently calling into gRPC, skipping fork() handlers
I1002 09:11:15.078078 3864085 fork_posix.cc:71] Other threads are currently calling into gRPC, skipping fork() handlers
I1002 09:11:15.111073 3864085 fork_posix.cc:71] Other threads are currently calling into gRPC, skipping fork() handlers
I1002 09:11:15.145682 3864085 fork_posix.cc:71] Other threads are currently calling into gRPC, skipping fork() handlers
I1002 09:11:15.182254 3864085 fork_posix.cc:71] Other threads are currently calling into gRPC, skipping fork() handlers
I1002 09:11:15.242862 3864085 fork_posix.cc:71] Other threads are currently calling into gRPC, skipping fork() handlers
I1002 09:11:15.279757 3864085 fork_posix.cc:71] Other threads are currently calling into gRPC, skipping fork() handlers
I1002 09:11:15.316341 3864085 fork_posix.cc:71] Other threads are currently calling into gRPC, skipping fork() handlers
I1002 09:11:15.343305 3864085 fork_posix.cc:71] Other threads are currently calling into gRPC, skipping fork() handlers
I1002 09:11:15.375419 3864085 fork_posix.cc:71] Other threads are currently calling into gRPC, skipping fork() handlers
I1002 09:11:15.411350 3864085 fork_posix.cc:71] Other threads are currently calling into gRPC, skipping fork() handlers
I1002 09:11:15.446114 3864085 fork_posix.cc:71] Other threads are currently calling into gRPC, skipping fork() handlers
I1002 09:11:15.482137 3864085 fork_posix.cc:71] Other threads are currently calling into gRPC, skipping fork() handlers
I1002 09:11:15.511965 3864085 fork_posix.cc:71] Other threads are currently calling into gRPC, skipping fork() handlers
I1002 09:11:15.670986 3870555 fork_posix.cc:71] Other threads are currently calling into gRPC, skipping fork() handlers
I1002 09:11:15.706692 3870555 fork_posix.cc:71] Other threads are currently calling into gRPC, skipping fork() handlers
I1002 09:11:15.737926 3870555 fork_posix.cc:71] Other threads are currently calling into gRPC, skipping fork() handlers
I1002 09:11:15.773891 3870555 fork_posix.cc:71] Other threads are currently calling into gRPC, skipping fork() handlers
I1002 09:11:15.810933 3870555 fork_posix.cc:71] Other threads are currently calling into gRPC, skipping fork() handlers
I1002 09:11:15.849106 3870555 fork_posix.cc:71] Other threads are currently calling into gRPC, skipping fork() handlers
I1002 09:11:15.886789 3870555 fork_posix.cc:71] Other threads are currently calling into gRPC, skipping fork() handlers
I1002 09:11:15.918564 3870555 fork_posix.cc:71] Other threads are currently calling into gRPC, skipping fork() handlers
I1002 09:11:15.951120 3870555 fork_posix.cc:71] Other threads are currently calling into gRPC, skipping fork() handlers
I1002 09:11:15.988422 3870555 fork_posix.cc:71] Other threads are currently calling into gRPC, skipping fork() handlers
I1002 09:11:16.026708 3870555 fork_posix.cc:71] Other threads are currently calling into gRPC, skipping fork() handlers
I1002 09:11:16.059109 3870555 fork_posix.cc:71] Other threads are currently calling into gRPC, skipping fork() handlers
I1002 09:11:16.138658 3870555 fork_posix.cc:71] Other threads are currently calling into gRPC, skipping fork() handlers
I1002 09:11:16.189917 3870555 fork_posix.cc:71] Other threads are currently calling into gRPC, skipping fork() handlers
I1002 09:11:16.224667 3870555 fork_posix.cc:71] Other threads are currently calling into gRPC, skipping fork() handlers
I1002 09:11:16.259972 3870555 fork_posix.cc:71] Other threads are currently calling into gRPC, skipping fork() handlers
I1002 09:11:16.292142 3870555 fork_posix.cc:71] Other threads are currently calling into gRPC, skipping fork() handlers
I1002 09:11:16.361789 3870555 fork_posix.cc:71] Other threads are currently calling into gRPC, skipping fork() handlers
I1002 09:11:16.393406 3870555 fork_posix.cc:71] Other threads are currently calling into gRPC, skipping fork() handlers
I1002 09:11:16.426640 3870555 fork_posix.cc:71] Other threads are currently calling into gRPC, skipping fork() handlers
I1002 09:11:16.457804 3870555 fork_posix.cc:71] Other threads are currently calling into gRPC, skipping fork() handlers
I1002 09:11:16.493177 3870555 fork_posix.cc:71] Other threads are currently calling into gRPC, skipping fork() handlers
I1002 09:11:16.529180 3870555 fork_posix.cc:71] Other threads are currently calling into gRPC, skipping fork() handlers
I1002 09:11:16.565083 3870555 fork_posix.cc:71] Other threads are currently calling into gRPC, skipping fork() handlers
I1002 09:11:16.595439 3870555 fork_posix.cc:71] Other threads are currently calling into gRPC, skipping fork() handlers
I1002 09:11:16.628040 3870555 fork_posix.cc:71] Other threads are currently calling into gRPC, skipping fork() handlers
I1002 09:11:16.656949 3870555 fork_posix.cc:71] Other threads are currently calling into gRPC, skipping fork() handlers
I1002 09:11:16.692389 3870555 fork_posix.cc:71] Other threads are currently calling into gRPC, skipping fork() handlers
I1002 09:11:16.727867 3870555 fork_posix.cc:71] Other threads are currently calling into gRPC, skipping fork() handlers
I1002 09:11:16.754492 3870555 fork_posix.cc:71] Other threads are currently calling into gRPC, skipping fork() handlers
I1002 09:11:16.786682 3870555 fork_posix.cc:71] Other threads are currently calling into gRPC, skipping fork() handlers
I1002 09:11:16.814943 3870555 fork_posix.cc:71] Other threads are currently calling into gRPC, skipping fork() handlers
I1002 09:11:16.849132 3870555 fork_posix.cc:71] Other threads are currently calling into gRPC, skipping fork() handlers
I1002 09:11:16.885054 3870555 fork_posix.cc:71] Other threads are currently calling into gRPC, skipping fork() handlers
I1002 09:11:16.920750 3870555 fork_posix.cc:71] Other threads are currently calling into gRPC, skipping fork() handlers
I1002 09:11:16.954410 3870555 fork_posix.cc:71] Other threads are currently calling into gRPC, skipping fork() handlers
I1002 09:11:16.990617 3870555 fork_posix.cc:71] Other threads are currently calling into gRPC, skipping fork() handlers
I1002 09:11:17.023937 3870555 fork_posix.cc:71] Other threads are currently calling into gRPC, skipping fork() handlers
I1002 09:11:17.056600 3870555 fork_posix.cc:71] Other threads are currently calling into gRPC, skipping fork() handlers
I1002 09:11:17.091772 3870555 fork_posix.cc:71] Other threads are currently calling into gRPC, skipping fork() handlers
I1002 09:11:17.120071 3870555 fork_posix.cc:71] Other threads are currently calling into gRPC, skipping fork() handlers
I1002 09:11:17.157019 3870555 fork_posix.cc:71] Other threads are currently calling into gRPC, skipping fork() handlers
I1002 09:11:17.184054 3870555 fork_posix.cc:71] Other threads are currently calling into gRPC, skipping fork() handlers
I1002 09:11:17.219838 3870555 fork_posix.cc:71] Other threads are currently calling into gRPC, skipping fork() handlers
I1002 09:11:17.255611 3870555 fork_posix.cc:71] Other threads are currently calling into gRPC, skipping fork() handlers
I1002 09:11:17.288036 3870555 fork_posix.cc:71] Other threads are currently calling into gRPC, skipping fork() handlers
I1002 09:11:17.317283 3870555 fork_posix.cc:71] Other threads are currently calling into gRPC, skipping fork() handlers
I1002 09:11:17.352830 3870555 fork_posix.cc:71] Other threads are currently calling into gRPC, skipping fork() handlers
I1002 09:11:17.388456 3870555 fork_posix.cc:71] Other threads are currently calling into gRPC, skipping fork() handlers
I1002 09:11:17.424336 3870555 fork_posix.cc:71] Other threads are currently calling into gRPC, skipping fork() handlers
I1002 09:11:17.460739 3870555 fork_posix.cc:71] Other threads are currently calling into gRPC, skipping fork() handlers
I1002 09:11:17.489682 3870555 fork_posix.cc:71] Other threads are currently calling into gRPC, skipping fork() handlers
I1002 09:11:17.525808 3870555 fork_posix.cc:71] Other threads are currently calling into gRPC, skipping fork() handlers
I1002 09:11:17.563049 3870555 fork_posix.cc:71] Other threads are currently calling into gRPC, skipping fork() handlers
I1002 09:11:17.629794 3870555 fork_posix.cc:71] Other threads are currently calling into gRPC, skipping fork() handlers
I1002 09:11:17.657112 3870555 fork_posix.cc:71] Other threads are currently calling into gRPC, skipping fork() handlers
I1002 09:11:17.686740 3870555 fork_posix.cc:71] Other threads are currently calling into gRPC, skipping fork() handlers
I1002 09:11:17.722780 3870555 fork_posix.cc:71] Other threads are currently calling into gRPC, skipping fork() handlers
I1002 09:11:17.749063 3870555 fork_posix.cc:71] Other threads are currently calling into gRPC, skipping fork() handlers
I1002 09:11:17.776674 3870555 fork_posix.cc:71] Other threads are currently calling into gRPC, skipping fork() handlers
I1002 09:11:17.813085 3870555 fork_posix.cc:71] Other threads are currently calling into gRPC, skipping fork() handlers
I1002 09:11:17.842133 3870555 fork_posix.cc:71] Other threads are currently calling into gRPC, skipping fork() handlers
I1002 09:11:17.877618 3870555 fork_posix.cc:71] Other threads are currently calling into gRPC, skipping fork() handlers
I1002 09:11:17.910222 3870555 fork_posix.cc:71] Other threads are currently calling into gRPC, skipping fork() handlers
I1002 09:11:17.946951 3870555 fork_posix.cc:71] Other threads are currently calling into gRPC, skipping fork() handlers
I1002 09:11:17.983673 3870555 fork_posix.cc:71] Other threads are currently calling into gRPC, skipping fork() handlers
I1002 09:11:18.019766 3870555 fork_posix.cc:71] Other threads are currently calling into gRPC, skipping fork() handlers
I1002 09:11:18.055866 3870555 fork_posix.cc:71] Other threads are currently calling into gRPC, skipping fork() handlers
I1002 09:11:18.091988 3870555 fork_posix.cc:71] Other threads are currently calling into gRPC, skipping fork() handlers
I1002 09:11:18.120636 3870555 fork_posix.cc:71] Other threads are currently calling into gRPC, skipping fork() handlers
I1002 09:11:18.156316 3870555 fork_posix.cc:71] Other threads are currently calling into gRPC, skipping fork() handlers
I1002 09:11:18.192104 3870555 fork_posix.cc:71] Other threads are currently calling into gRPC, skipping fork() handlers
I1002 09:11:18.226485 3870555 fork_posix.cc:71] Other threads are currently calling into gRPC, skipping fork() handlers
I1002 09:11:18.261749 3870555 fork_posix.cc:71] Other threads are currently calling into gRPC, skipping fork() handlers
I1002 09:11:18.298165 3870555 fork_posix.cc:71] Other threads are currently calling into gRPC, skipping fork() handlers
I1002 09:11:18.332288 3870555 fork_posix.cc:71] Other threads are currently calling into gRPC, skipping fork() handlers
I1002 09:11:18.402281 3870555 fork_posix.cc:71] Other threads are currently calling into gRPC, skipping fork() handlers
I1002 09:11:18.438233 3870555 fork_posix.cc:71] Other threads are currently calling into gRPC, skipping fork() handlers
I1002 09:11:18.474655 3870555 fork_posix.cc:71] Other threads are currently calling into gRPC, skipping fork() handlers
I1002 09:11:18.503713 3870555 fork_posix.cc:71] Other threads are currently calling into gRPC, skipping fork() handlers
I1002 09:11:18.535257 3870555 fork_posix.cc:71] Other threads are currently calling into gRPC, skipping fork() handlers
I1002 09:11:18.573652 3870555 fork_posix.cc:71] Other threads are currently calling into gRPC, skipping fork() handlers
I1002 09:11:18.603167 3870555 fork_posix.cc:71] Other threads are currently calling into gRPC, skipping fork() handlers
I1002 09:11:18.639124 3870555 fork_posix.cc:71] Other threads are currently calling into gRPC, skipping fork() handlers
I1002 09:11:18.675342 3870555 fork_posix.cc:71] Other threads are currently calling into gRPC, skipping fork() handlers
I1002 09:11:18.706573 3870555 fork_posix.cc:71] Other threads are currently calling into gRPC, skipping fork() handlers
I1002 09:11:18.742263 3870555 fork_posix.cc:71] Other threads are currently calling into gRPC, skipping fork() handlers
I1002 09:11:18.780603 3870555 fork_posix.cc:71] Other threads are currently calling into gRPC, skipping fork() handlers
I1002 09:11:18.816687 3870555 fork_posix.cc:71] Other threads are currently calling into gRPC, skipping fork() handlers
I1002 09:11:18.852746 3870555 fork_posix.cc:71] Other threads are currently calling into gRPC, skipping fork() handlers
I1002 09:11:18.888663 3870555 fork_posix.cc:71] Other threads are currently calling into gRPC, skipping fork() handlers
/Users/alexy/src/sail-pecan-integrated/.venv/lib/python3.12/site-packages/pyspark/sql/connect/expressions.py:1091: UserWarning: WARN WindowExpression: No Partition Defined for Window operation! Moving all data to a single partition, this can cause serious performance degradation.
  warnings.warn(
I1002 09:11:18.963900 3870555 fork_posix.cc:71] Other threads are currently calling into gRPC, skipping fork() handlers
I1002 09:11:19.030775 3870555 fork_posix.cc:71] Other threads are currently calling into gRPC, skipping fork() handlers
I1002 09:11:19.072613 3870555 fork_posix.cc:71] Other threads are currently calling into gRPC, skipping fork() handlers
I1002 09:11:19.116227 3870555 fork_posix.cc:71] Other threads are currently calling into gRPC, skipping fork() handlers
I1002 09:11:19.157217 3870555 fork_posix.cc:71] Other threads are currently calling into gRPC, skipping fork() handlers
I1002 09:11:19.189291 3870555 fork_posix.cc:71] Other threads are currently calling into gRPC, skipping fork() handlers
I1002 09:11:19.238221 3870555 fork_posix.cc:71] Other threads are currently calling into gRPC, skipping fork() handlers
I1002 09:11:19.319047 3870555 fork_posix.cc:71] Other threads are currently calling into gRPC, skipping fork() handlers
I1002 09:11:19.407843 3870555 fork_posix.cc:71] Other threads are currently calling into gRPC, skipping fork() handlers
I1002 09:11:19.441917 3870555 fork_posix.cc:71] Other threads are currently calling into gRPC, skipping fork() handlers
I1002 09:11:19.489932 3870555 fork_posix.cc:71] Other threads are currently calling into gRPC, skipping fork() handlers
I1002 09:11:19.535706 3870555 fork_posix.cc:71] Other threads are currently calling into gRPC, skipping fork() handlers
I1002 09:11:19.569286 3870555 fork_posix.cc:71] Other threads are currently calling into gRPC, skipping fork() handlers
I1002 09:11:19.628476 3870555 fork_posix.cc:71] Other threads are currently calling into gRPC, skipping fork() handlers
I1002 09:11:19.656827 3870555 fork_posix.cc:71] Other threads are currently calling into gRPC, skipping fork() handlers
I1002 09:11:19.726298 3870555 fork_posix.cc:71] Other threads are currently calling into gRPC, skipping fork() handlers
I1002 09:11:19.758684 3870555 fork_posix.cc:71] Other threads are currently calling into gRPC, skipping fork() handlers
I1002 09:11:19.794184 3870555 fork_posix.cc:71] Other threads are currently calling into gRPC, skipping fork() handlers
I1002 09:11:19.829537 3870555 fork_posix.cc:71] Other threads are currently calling into gRPC, skipping fork() handlers
I1002 09:11:19.892530 3870555 fork_posix.cc:71] Other threads are currently calling into gRPC, skipping fork() handlers
I1002 09:11:19.922631 3870555 fork_posix.cc:71] Other threads are currently calling into gRPC, skipping fork() handlers
I1002 09:11:19.957991 3870555 fork_posix.cc:71] Other threads are currently calling into gRPC, skipping fork() handlers
I1002 09:11:19.990632 3870555 fork_posix.cc:71] Other threads are currently calling into gRPC, skipping fork() handlers
I1002 09:11:20.026092 3870555 fork_posix.cc:71] Other threads are currently calling into gRPC, skipping fork() handlers
I1002 09:11:20.061355 3870555 fork_posix.cc:71] Other threads are currently calling into gRPC, skipping fork() handlers
I1002 09:11:20.097091 3870555 fork_posix.cc:71] Other threads are currently calling into gRPC, skipping fork() handlers
I1002 09:11:20.132110 3870555 fork_posix.cc:71] Other threads are currently calling into gRPC, skipping fork() handlers
I1002 09:11:20.167968 3870555 fork_posix.cc:71] Other threads are currently calling into gRPC, skipping fork() handlers
I1002 09:11:20.198723 3870555 fork_posix.cc:71] Other threads are currently calling into gRPC, skipping fork() handlers
I1002 09:11:20.225811 3870555 fork_posix.cc:71] Other threads are currently calling into gRPC, skipping fork() handlers
I1002 09:11:20.261783 3870555 fork_posix.cc:71] Other threads are currently calling into gRPC, skipping fork() handlers
I1002 09:11:20.297315 3870555 fork_posix.cc:71] Other threads are currently calling into gRPC, skipping fork() handlers
I1002 09:11:20.333150 3870555 fork_posix.cc:71] Other threads are currently calling into gRPC, skipping fork() handlers
I1002 09:11:20.361572 3870555 fork_posix.cc:71] Other threads are currently calling into gRPC, skipping fork() handlers
I1002 09:11:20.397680 3870555 fork_posix.cc:71] Other threads are currently calling into gRPC, skipping fork() handlers
I1002 09:11:20.433136 3870555 fork_posix.cc:71] Other threads are currently calling into gRPC, skipping fork() handlers
I1002 09:11:20.468907 3870555 fork_posix.cc:71] Other threads are currently calling into gRPC, skipping fork() handlers
I1002 09:11:20.504999 3870555 fork_posix.cc:71] Other threads are currently calling into gRPC, skipping fork() handlers
I1002 09:11:20.537861 3870555 fork_posix.cc:71] Other threads are currently calling into gRPC, skipping fork() handlers
I1002 09:11:20.571015 3870555 fork_posix.cc:71] Other threads are currently calling into gRPC, skipping fork() handlers
I1002 09:11:20.601719 3870555 fork_posix.cc:71] Other threads are currently calling into gRPC, skipping fork() handlers
I1002 09:11:20.633731 3870555 fork_posix.cc:71] Other threads are currently calling into gRPC, skipping fork() handlers
I1002 09:11:20.661655 3870555 fork_posix.cc:71] Other threads are currently calling into gRPC, skipping fork() handlers
I1002 09:11:20.697448 3870555 fork_posix.cc:71] Other threads are currently calling into gRPC, skipping fork() handlers
I1002 09:11:20.732437 3870555 fork_posix.cc:71] Other threads are currently calling into gRPC, skipping fork() handlers
I1002 09:11:20.768290 3870555 fork_posix.cc:71] Other threads are currently calling into gRPC, skipping fork() handlers
I1002 09:11:20.798877 3870555 fork_posix.cc:71] Other threads are currently calling into gRPC, skipping fork() handlers
I1002 09:11:20.834587 3870555 fork_posix.cc:71] Other threads are currently calling into gRPC, skipping fork() handlers
I1002 09:11:20.870269 3870555 fork_posix.cc:71] Other threads are currently calling into gRPC, skipping fork() handlers
I1002 09:11:20.906287 3870555 fork_posix.cc:71] Other threads are currently calling into gRPC, skipping fork() handlers
I1002 09:11:20.942434 3870555 fork_posix.cc:71] Other threads are currently calling into gRPC, skipping fork() handlers
I1002 09:11:21.012204 3870555 fork_posix.cc:71] Other threads are currently calling into gRPC, skipping fork() handlers
I1002 09:11:21.042088 3870555 fork_posix.cc:71] Other threads are currently calling into gRPC, skipping fork() handlers
I1002 09:11:21.079192 3870555 fork_posix.cc:71] Other threads are currently calling into gRPC, skipping fork() handlers
I1002 09:11:21.114377 3870555 fork_posix.cc:71] Other threads are currently calling into gRPC, skipping fork() handlers
I1002 09:11:21.151510 3870555 fork_posix.cc:71] Other threads are currently calling into gRPC, skipping fork() handlers
I1002 09:11:21.182428 3870555 fork_posix.cc:71] Other threads are currently calling into gRPC, skipping fork() handlers
I1002 09:11:21.218490 3870555 fork_posix.cc:71] Other threads are currently calling into gRPC, skipping fork() handlers
I1002 09:11:21.254416 3870555 fork_posix.cc:71] Other threads are currently calling into gRPC, skipping fork() handlers
I1002 09:11:21.290179 3870555 fork_posix.cc:71] Other threads are currently calling into gRPC, skipping fork() handlers
I1002 09:11:21.326006 3870555 fork_posix.cc:71] Other threads are currently calling into gRPC, skipping fork() handlers
I1002 09:11:21.353294 3870555 fork_posix.cc:71] Other threads are currently calling into gRPC, skipping fork() handlers
I1002 09:11:21.389438 3870555 fork_posix.cc:71] Other threads are currently calling into gRPC, skipping fork() handlers
I1002 09:11:21.425255 3870555 fork_posix.cc:71] Other threads are currently calling into gRPC, skipping fork() handlers
I1002 09:11:21.461167 3870555 fork_posix.cc:71] Other threads are currently calling into gRPC, skipping fork() handlers
I1002 09:11:21.538165 3870555 fork_posix.cc:71] Other threads are currently calling into gRPC, skipping fork() handlers
I1002 09:11:21.569546 3870555 fork_posix.cc:71] Other threads are currently calling into gRPC, skipping fork() handlers
I1002 09:11:21.596492 3870555 fork_posix.cc:71] Other threads are currently calling into gRPC, skipping fork() handlers
I1002 09:11:21.625250 3870555 fork_posix.cc:71] Other threads are currently calling into gRPC, skipping fork() handlers
I1002 09:11:21.695209 3870555 fork_posix.cc:71] Other threads are currently calling into gRPC, skipping fork() handlers
I1002 09:11:21.731342 3870555 fork_posix.cc:71] Other threads are currently calling into gRPC, skipping fork() handlers
I1002 09:11:21.767577 3870555 fork_posix.cc:71] Other threads are currently calling into gRPC, skipping fork() handlers
I1002 09:11:21.802410 3870555 fork_posix.cc:71] Other threads are currently calling into gRPC, skipping fork() handlers
I1002 09:11:21.833309 3870555 fork_posix.cc:71] Other threads are currently calling into gRPC, skipping fork() handlers
I1002 09:11:21.869078 3870555 fork_posix.cc:71] Other threads are currently calling into gRPC, skipping fork() handlers
I1002 09:11:21.905815 3870555 fork_posix.cc:71] Other threads are currently calling into gRPC, skipping fork() handlers
I1002 09:11:21.941752 3870555 fork_posix.cc:71] Other threads are currently calling into gRPC, skipping fork() handlers
I1002 09:11:21.977724 3870555 fork_posix.cc:71] Other threads are currently calling into gRPC, skipping fork() handlers
I1002 09:11:22.013710 3870555 fork_posix.cc:71] Other threads are currently calling into gRPC, skipping fork() handlers
I1002 09:11:22.049645 3870555 fork_posix.cc:71] Other threads are currently calling into gRPC, skipping fork() handlers
I1002 09:11:22.085908 3870555 fork_posix.cc:71] Other threads are currently calling into gRPC, skipping fork() handlers
I1002 09:11:22.121732 3870555 fork_posix.cc:71] Other threads are currently calling into gRPC, skipping fork() handlers
I1002 09:11:22.151853 3870555 fork_posix.cc:71] Other threads are currently calling into gRPC, skipping fork() handlers
I1002 09:11:22.187667 3870555 fork_posix.cc:71] Other threads are currently calling into gRPC, skipping fork() handlers
I1002 09:11:22.216696 3870555 fork_posix.cc:71] Other threads are currently calling into gRPC, skipping fork() handlers
I1002 09:11:22.244820 3870555 fork_posix.cc:71] Other threads are currently calling into gRPC, skipping fork() handlers
I1002 09:11:22.280611 3870555 fork_posix.cc:71] Other threads are currently calling into gRPC, skipping fork() handlers
I1002 09:11:22.308689 3870555 fork_posix.cc:71] Other threads are currently calling into gRPC, skipping fork() handlers
I1002 09:11:22.344430 3870555 fork_posix.cc:71] Other threads are currently calling into gRPC, skipping fork() handlers
I1002 09:11:22.409916 3870555 fork_posix.cc:71] Other threads are currently calling into gRPC, skipping fork() handlers
I1002 09:11:22.479316 3870555 fork_posix.cc:71] Other threads are currently calling into gRPC, skipping fork() handlers
I1002 09:11:22.515411 3870555 fork_posix.cc:71] Other threads are currently calling into gRPC, skipping fork() handlers
I1002 09:11:22.551193 3870555 fork_posix.cc:71] Other threads are currently calling into gRPC, skipping fork() handlers
I1002 09:11:22.583298 3870555 fork_posix.cc:71] Other threads are currently calling into gRPC, skipping fork() handlers
I1002 09:11:22.619136 3870555 fork_posix.cc:71] Other threads are currently calling into gRPC, skipping fork() handlers
I1002 09:11:22.655379 3870555 fork_posix.cc:71] Other threads are currently calling into gRPC, skipping fork() handlers
I1002 09:11:22.691292 3870555 fork_posix.cc:71] Other threads are currently calling into gRPC, skipping fork() handlers
I1002 09:11:22.730366 3870555 fork_posix.cc:71] Other threads are currently calling into gRPC, skipping fork() handlers
I1002 09:11:22.766067 3870555 fork_posix.cc:71] Other threads are currently calling into gRPC, skipping fork() handlers
I1002 09:11:22.801982 3870555 fork_posix.cc:71] Other threads are currently calling into gRPC, skipping fork() handlers
I1002 09:11:22.831878 3870555 fork_posix.cc:71] Other threads are currently calling into gRPC, skipping fork() handlers
I1002 09:11:22.867753 3870555 fork_posix.cc:71] Other threads are currently calling into gRPC, skipping fork() handlers
I1002 09:11:22.903303 3870555 fork_posix.cc:71] Other threads are currently calling into gRPC, skipping fork() handlers
I1002 09:11:23.042051 3877324 fork_posix.cc:71] Other threads are currently calling into gRPC, skipping fork() handlers
I1002 09:11:23.075659 3877324 fork_posix.cc:71] Other threads are currently calling into gRPC, skipping fork() handlers
I1002 09:11:23.108888 3877324 fork_posix.cc:71] Other threads are currently calling into gRPC, skipping fork() handlers
I1002 09:11:23.144745 3877324 fork_posix.cc:71] Other threads are currently calling into gRPC, skipping fork() handlers
I1002 09:11:23.180880 3877324 fork_posix.cc:71] Other threads are currently calling into gRPC, skipping fork() handlers
I1002 09:11:23.212369 3877324 fork_posix.cc:71] Other threads are currently calling into gRPC, skipping fork() handlers
I1002 09:11:23.245773 3877324 fork_posix.cc:71] Other threads are currently calling into gRPC, skipping fork() handlers
I1002 09:11:23.282367 3877324 fork_posix.cc:71] Other threads are currently calling into gRPC, skipping fork() handlers
I1002 09:11:23.309127 3877324 fork_posix.cc:71] Other threads are currently calling into gRPC, skipping fork() handlers
I1002 09:11:23.336854 3877324 fork_posix.cc:71] Other threads are currently calling into gRPC, skipping fork() handlers
I1002 09:11:23.363910 3877324 fork_posix.cc:71] Other threads are currently calling into gRPC, skipping fork() handlers
I1002 09:11:23.396079 3877324 fork_posix.cc:71] Other threads are currently calling into gRPC, skipping fork() handlers
I1002 09:11:23.500619 3877324 fork_posix.cc:71] Other threads are currently calling into gRPC, skipping fork() handlers
I1002 09:11:23.661988 3877324 fork_posix.cc:71] Other threads are currently calling into gRPC, skipping fork() handlers
I1002 09:11:23.697697 3877324 fork_posix.cc:71] Other threads are currently calling into gRPC, skipping fork() handlers
I1002 09:11:23.734315 3877324 fork_posix.cc:71] Other threads are currently calling into gRPC, skipping fork() handlers
I1002 09:11:23.771198 3877324 fork_posix.cc:71] Other threads are currently calling into gRPC, skipping fork() handlers
I1002 09:11:23.814457 3877324 fork_posix.cc:71] Other threads are currently calling into gRPC, skipping fork() handlers
I1002 09:11:23.851025 3877324 fork_posix.cc:71] Other threads are currently calling into gRPC, skipping fork() handlers
I1002 09:11:23.894217 3877324 fork_posix.cc:71] Other threads are currently calling into gRPC, skipping fork() handlers
I1002 09:11:23.926101 3877324 fork_posix.cc:71] Other threads are currently calling into gRPC, skipping fork() handlers
I1002 09:11:23.963019 3877324 fork_posix.cc:71] Other threads are currently calling into gRPC, skipping fork() handlers
I1002 09:11:23.998089 3877324 fork_posix.cc:71] Other threads are currently calling into gRPC, skipping fork() handlers
I1002 09:11:24.045477 3877324 fork_posix.cc:71] Other threads are currently calling into gRPC, skipping fork() handlers
I1002 09:11:24.086807 3877324 fork_posix.cc:71] Other threads are currently calling into gRPC, skipping fork() handlers
I1002 09:11:24.128344 3877324 fork_posix.cc:71] Other threads are currently calling into gRPC, skipping fork() handlers
I1002 09:11:24.154264 3877324 fork_posix.cc:71] Other threads are currently calling into gRPC, skipping fork() handlers
I1002 09:11:24.186536 3877324 fork_posix.cc:71] Other threads are currently calling into gRPC, skipping fork() handlers
I1002 09:11:24.237953 3877324 fork_posix.cc:71] Other threads are currently calling into gRPC, skipping fork() handlers
I1002 09:11:24.273303 3877324 fork_posix.cc:71] Other threads are currently calling into gRPC, skipping fork() handlers
I1002 09:11:24.310179 3877324 fork_posix.cc:71] Other threads are currently calling into gRPC, skipping fork() handlers
I1002 09:11:24.342159 3877324 fork_posix.cc:71] Other threads are currently calling into gRPC, skipping fork() handlers
I1002 09:11:24.377673 3877324 fork_posix.cc:71] Other threads are currently calling into gRPC, skipping fork() handlers
I1002 09:11:24.413342 3877324 fork_posix.cc:71] Other threads are currently calling into gRPC, skipping fork() handlers
I1002 09:11:24.448841 3877324 fork_posix.cc:71] Other threads are currently calling into gRPC, skipping fork() handlers
I1002 09:11:24.484674 3877324 fork_posix.cc:71] Other threads are currently calling into gRPC, skipping fork() handlers
I1002 09:11:24.520457 3877324 fork_posix.cc:71] Other threads are currently calling into gRPC, skipping fork() handlers
I1002 09:11:24.584076 3877324 fork_posix.cc:71] Other threads are currently calling into gRPC, skipping fork() handlers
I1002 09:11:24.619802 3877324 fork_posix.cc:71] Other threads are currently calling into gRPC, skipping fork() handlers
I1002 09:11:24.653606 3877324 fork_posix.cc:71] Other threads are currently calling into gRPC, skipping fork() handlers
I1002 09:11:24.689813 3877324 fork_posix.cc:71] Other threads are currently calling into gRPC, skipping fork() handlers
I1002 09:11:24.725556 3877324 fork_posix.cc:71] Other threads are currently calling into gRPC, skipping fork() handlers
I1002 09:11:24.761466 3877324 fork_posix.cc:71] Other threads are currently calling into gRPC, skipping fork() handlers
I1002 09:11:24.797109 3877324 fork_posix.cc:71] Other threads are currently calling into gRPC, skipping fork() handlers
I1002 09:11:24.833113 3877324 fork_posix.cc:71] Other threads are currently calling into gRPC, skipping fork() handlers
I1002 09:11:24.859219 3877324 fork_posix.cc:71] Other threads are currently calling into gRPC, skipping fork() handlers
I1002 09:11:24.894924 3877324 fork_posix.cc:71] Other threads are currently calling into gRPC, skipping fork() handlers
I1002 09:11:24.930633 3877324 fork_posix.cc:71] Other threads are currently calling into gRPC, skipping fork() handlers
I1002 09:11:24.966462 3877324 fork_posix.cc:71] Other threads are currently calling into gRPC, skipping fork() handlers
I1002 09:11:24.993289 3877324 fork_posix.cc:71] Other threads are currently calling into gRPC, skipping fork() handlers
I1002 09:11:25.029743 3877324 fork_posix.cc:71] Other threads are currently calling into gRPC, skipping fork() handlers
I1002 09:11:25.065514 3877324 fork_posix.cc:71] Other threads are currently calling into gRPC, skipping fork() handlers
I1002 09:11:25.101113 3877324 fork_posix.cc:71] Other threads are currently calling into gRPC, skipping fork() handlers
I1002 09:11:25.132347 3877324 fork_posix.cc:71] Other threads are currently calling into gRPC, skipping fork() handlers
I1002 09:11:25.159449 3877324 fork_posix.cc:71] Other threads are currently calling into gRPC, skipping fork() handlers
I1002 09:11:25.195789 3877324 fork_posix.cc:71] Other threads are currently calling into gRPC, skipping fork() handlers
I1002 09:11:25.231613 3877324 fork_posix.cc:71] Other threads are currently calling into gRPC, skipping fork() handlers
I1002 09:11:25.261639 3877324 fork_posix.cc:71] Other threads are currently calling into gRPC, skipping fork() handlers
I1002 09:11:25.297375 3877324 fork_posix.cc:71] Other threads are currently calling into gRPC, skipping fork() handlers
I1002 09:11:25.333118 3877324 fork_posix.cc:71] Other threads are currently calling into gRPC, skipping fork() handlers
I1002 09:11:25.368749 3877324 fork_posix.cc:71] Other threads are currently calling into gRPC, skipping fork() handlers
I1002 09:11:25.404571 3877324 fork_posix.cc:71] Other threads are currently calling into gRPC, skipping fork() handlers
I1002 09:11:25.436852 3877324 fork_posix.cc:71] Other threads are currently calling into gRPC, skipping fork() handlers
I1002 09:11:25.472728 3877324 fork_posix.cc:71] Other threads are currently calling into gRPC, skipping fork() handlers
I1002 09:11:25.509052 3877324 fork_posix.cc:71] Other threads are currently calling into gRPC, skipping fork() handlers
I1002 09:11:25.543473 3877324 fork_posix.cc:71] Other threads are currently calling into gRPC, skipping fork() handlers
I1002 09:11:25.574109 3877324 fork_posix.cc:71] Other threads are currently calling into gRPC, skipping fork() handlers
I1002 09:11:25.603560 3877324 fork_posix.cc:71] Other threads are currently calling into gRPC, skipping fork() handlers
I1002 09:11:25.636999 3877324 fork_posix.cc:71] Other threads are currently calling into gRPC, skipping fork() handlers
I1002 09:11:25.673176 3877324 fork_posix.cc:71] Other threads are currently calling into gRPC, skipping fork() handlers
I1002 09:11:25.707372 3877324 fork_posix.cc:71] Other threads are currently calling into gRPC, skipping fork() handlers
I1002 09:11:25.777076 3877324 fork_posix.cc:71] Other threads are currently calling into gRPC, skipping fork() handlers
I1002 09:11:25.812823 3877324 fork_posix.cc:71] Other threads are currently calling into gRPC, skipping fork() handlers
I1002 09:11:25.848505 3877324 fork_posix.cc:71] Other threads are currently calling into gRPC, skipping fork() handlers
I1002 09:11:25.884287 3877324 fork_posix.cc:71] Other threads are currently calling into gRPC, skipping fork() handlers
I1002 09:11:25.919930 3877324 fork_posix.cc:71] Other threads are currently calling into gRPC, skipping fork() handlers
I1002 09:11:25.989711 3877324 fork_posix.cc:71] Other threads are currently calling into gRPC, skipping fork() handlers
I1002 09:11:26.025882 3877324 fork_posix.cc:71] Other threads are currently calling into gRPC, skipping fork() handlers
I1002 09:11:26.061821 3877324 fork_posix.cc:71] Other threads are currently calling into gRPC, skipping fork() handlers
I1002 09:11:26.097750 3877324 fork_posix.cc:71] Other threads are currently calling into gRPC, skipping fork() handlers
I1002 09:11:26.133729 3877324 fork_posix.cc:71] Other threads are currently calling into gRPC, skipping fork() handlers
I1002 09:11:26.170898 3877324 fork_posix.cc:71] Other threads are currently calling into gRPC, skipping fork() handlers
I1002 09:11:26.206760 3877324 fork_posix.cc:71] Other threads are currently calling into gRPC, skipping fork() handlers
I1002 09:11:26.242343 3877324 fork_posix.cc:71] Other threads are currently calling into gRPC, skipping fork() handlers
I1002 09:11:26.278831 3877324 fork_posix.cc:71] Other threads are currently calling into gRPC, skipping fork() handlers
I1002 09:11:26.315282 3877324 fork_posix.cc:71] Other threads are currently calling into gRPC, skipping fork() handlers
I1002 09:11:26.351037 3877324 fork_posix.cc:71] Other threads are currently calling into gRPC, skipping fork() handlers
I1002 09:11:26.386698 3877324 fork_posix.cc:71] Other threads are currently calling into gRPC, skipping fork() handlers
I1002 09:11:26.420983 3877324 fork_posix.cc:71] Other threads are currently calling into gRPC, skipping fork() handlers
/Users/alexy/src/sail-pecan-integrated/.venv/lib/python3.12/site-packages/pyspark/sql/connect/expressions.py:1091: UserWarning: WARN WindowExpression: No Partition Defined for Window operation! Moving all data to a single partition, this can cause serious performance degradation.
  warnings.warn(
I1002 09:11:26.519657 3877324 fork_posix.cc:71] Other threads are currently calling into gRPC, skipping fork() handlers
I1002 09:11:26.602656 3877324 fork_posix.cc:71] Other threads are currently calling into gRPC, skipping fork() handlers
I1002 09:11:26.636275 3877324 fork_posix.cc:71] Other threads are currently calling into gRPC, skipping fork() handlers
I1002 09:11:26.674924 3877324 fork_posix.cc:71] Other threads are currently calling into gRPC, skipping fork() handlers
I1002 09:11:26.733239 3877324 fork_posix.cc:71] Other threads are currently calling into gRPC, skipping fork() handlers
I1002 09:11:26.789828 3877324 fork_posix.cc:71] Other threads are currently calling into gRPC, skipping fork() handlers
I1002 09:11:26.854443 3877324 fork_posix.cc:71] Other threads are currently calling into gRPC, skipping fork() handlers
I1002 09:11:26.921465 3877324 fork_posix.cc:71] Other threads are currently calling into gRPC, skipping fork() handlers
I1002 09:11:26.989979 3877324 fork_posix.cc:71] Other threads are currently calling into gRPC, skipping fork() handlers
I1002 09:11:27.031844 3877324 fork_posix.cc:71] Other threads are currently calling into gRPC, skipping fork() handlers
I1002 09:11:27.077248 3877324 fork_posix.cc:71] Other threads are currently calling into gRPC, skipping fork() handlers
I1002 09:11:27.109313 3877324 fork_posix.cc:71] Other threads are currently calling into gRPC, skipping fork() handlers
I1002 09:11:27.144900 3877324 fork_posix.cc:71] Other threads are currently calling into gRPC, skipping fork() handlers
I1002 09:11:27.180636 3877324 fork_posix.cc:71] Other threads are currently calling into gRPC, skipping fork() handlers
I1002 09:11:27.216413 3877324 fork_posix.cc:71] Other threads are currently calling into gRPC, skipping fork() handlers
I1002 09:11:27.242359 3877324 fork_posix.cc:71] Other threads are currently calling into gRPC, skipping fork() handlers
I1002 09:11:27.278293 3877324 fork_posix.cc:71] Other threads are currently calling into gRPC, skipping fork() handlers
I1002 09:11:27.311670 3877324 fork_posix.cc:71] Other threads are currently calling into gRPC, skipping fork() handlers
I1002 09:11:27.344248 3877324 fork_posix.cc:71] Other threads are currently calling into gRPC, skipping fork() handlers
I1002 09:11:27.379294 3877324 fork_posix.cc:71] Other threads are currently calling into gRPC, skipping fork() handlers
I1002 09:11:27.411751 3877324 fork_posix.cc:71] Other threads are currently calling into gRPC, skipping fork() handlers
I1002 09:11:27.447119 3877324 fork_posix.cc:71] Other threads are currently calling into gRPC, skipping fork() handlers
I1002 09:11:27.481679 3877324 fork_posix.cc:71] Other threads are currently calling into gRPC, skipping fork() handlers
I1002 09:11:27.553158 3877324 fork_posix.cc:71] Other threads are currently calling into gRPC, skipping fork() handlers
I1002 09:11:27.589417 3877324 fork_posix.cc:71] Other threads are currently calling into gRPC, skipping fork() handlers
I1002 09:11:27.625065 3877324 fork_posix.cc:71] Other threads are currently calling into gRPC, skipping fork() handlers
I1002 09:11:27.660879 3877324 fork_posix.cc:71] Other threads are currently calling into gRPC, skipping fork() handlers
I1002 09:11:27.697138 3877324 fork_posix.cc:71] Other threads are currently calling into gRPC, skipping fork() handlers
I1002 09:11:27.733258 3877324 fork_posix.cc:71] Other threads are currently calling into gRPC, skipping fork() handlers
I1002 09:11:27.769072 3877324 fork_posix.cc:71] Other threads are currently calling into gRPC, skipping fork() handlers
I1002 09:11:27.804771 3877324 fork_posix.cc:71] Other threads are currently calling into gRPC, skipping fork() handlers
I1002 09:11:27.840979 3877324 fork_posix.cc:71] Other threads are currently calling into gRPC, skipping fork() handlers
I1002 09:11:27.877118 3877324 fork_posix.cc:71] Other threads are currently calling into gRPC, skipping fork() handlers
I1002 09:11:27.942587 3877324 fork_posix.cc:71] Other threads are currently calling into gRPC, skipping fork() handlers
I1002 09:11:27.976671 3877324 fork_posix.cc:71] Other threads are currently calling into gRPC, skipping fork() handlers
I1002 09:11:28.012802 3877324 fork_posix.cc:71] Other threads are currently calling into gRPC, skipping fork() handlers
I1002 09:11:28.046251 3877324 fork_posix.cc:71] Other threads are currently calling into gRPC, skipping fork() handlers
I1002 09:11:28.082045 3877324 fork_posix.cc:71] Other threads are currently calling into gRPC, skipping fork() handlers
I1002 09:11:28.118106 3877324 fork_posix.cc:71] Other threads are currently calling into gRPC, skipping fork() handlers
I1002 09:11:28.153932 3877324 fork_posix.cc:71] Other threads are currently calling into gRPC, skipping fork() handlers
I1002 09:11:28.189886 3877324 fork_posix.cc:71] Other threads are currently calling into gRPC, skipping fork() handlers
I1002 09:11:28.225818 3877324 fork_posix.cc:71] Other threads are currently calling into gRPC, skipping fork() handlers
I1002 09:11:28.227794 3882000 ev_poll_posix.cc:587] FD from fork parent still in poll list: fd(8, generation: 1)
I1002 09:11:28.259134 3877324 fork_posix.cc:71] Other threads are currently calling into gRPC, skipping fork() handlers
I1002 09:11:28.298104 3877324 fork_posix.cc:71] Other threads are currently calling into gRPC, skipping fork() handlers
I1002 09:11:28.367173 3877324 fork_posix.cc:71] Other threads are currently calling into gRPC, skipping fork() handlers
I1002 09:11:28.403150 3877324 fork_posix.cc:71] Other threads are currently calling into gRPC, skipping fork() handlers
I1002 09:11:28.438930 3877324 fork_posix.cc:71] Other threads are currently calling into gRPC, skipping fork() handlers
I1002 09:11:28.474697 3877324 fork_posix.cc:71] Other threads are currently calling into gRPC, skipping fork() handlers
I1002 09:11:28.508715 3877324 fork_posix.cc:71] Other threads are currently calling into gRPC, skipping fork() handlers
I1002 09:11:28.542689 3877324 fork_posix.cc:71] Other threads are currently calling into gRPC, skipping fork() handlers
I1002 09:11:28.575692 3877324 fork_posix.cc:71] Other threads are currently calling into gRPC, skipping fork() handlers
I1002 09:11:28.609444 3877324 fork_posix.cc:71] Other threads are currently calling into gRPC, skipping fork() handlers
I1002 09:11:28.645327 3877324 fork_posix.cc:71] Other threads are currently calling into gRPC, skipping fork() handlers
I1002 09:11:28.675365 3877324 fork_posix.cc:71] Other threads are currently calling into gRPC, skipping fork() handlers
I1002 09:11:28.711425 3877324 fork_posix.cc:71] Other threads are currently calling into gRPC, skipping fork() handlers
I1002 09:11:28.742143 3877324 fork_posix.cc:71] Other threads are currently calling into gRPC, skipping fork() handlers
I1002 09:11:28.778187 3877324 fork_posix.cc:71] Other threads are currently calling into gRPC, skipping fork() handlers
I1002 09:11:28.841919 3877324 fork_posix.cc:71] Other threads are currently calling into gRPC, skipping fork() handlers
I1002 09:11:28.875315 3877324 fork_posix.cc:71] Other threads are currently calling into gRPC, skipping fork() handlers
I1002 09:11:28.911677 3877324 fork_posix.cc:71] Other threads are currently calling into gRPC, skipping fork() handlers
I1002 09:11:28.948152 3877324 fork_posix.cc:71] Other threads are currently calling into gRPC, skipping fork() handlers
I1002 09:11:28.984249 3877324 fork_posix.cc:71] Other threads are currently calling into gRPC, skipping fork() handlers
I1002 09:11:29.020470 3877324 fork_posix.cc:71] Other threads are currently calling into gRPC, skipping fork() handlers
I1002 09:11:29.056361 3877324 fork_posix.cc:71] Other threads are currently calling into gRPC, skipping fork() handlers
I1002 09:11:29.092153 3877324 fork_posix.cc:71] Other threads are currently calling into gRPC, skipping fork() handlers
I1002 09:11:29.128287 3877324 fork_posix.cc:71] Other threads are currently calling into gRPC, skipping fork() handlers
I1002 09:11:29.164223 3877324 fork_posix.cc:71] Other threads are currently calling into gRPC, skipping fork() handlers
I1002 09:11:29.200111 3877324 fork_posix.cc:71] Other threads are currently calling into gRPC, skipping fork() handlers
I1002 09:11:29.236008 3877324 fork_posix.cc:71] Other threads are currently calling into gRPC, skipping fork() handlers
I1002 09:11:29.272214 3877324 fork_posix.cc:71] Other threads are currently calling into gRPC, skipping fork() handlers
I1002 09:11:29.305072 3877324 fork_posix.cc:71] Other threads are currently calling into gRPC, skipping fork() handlers
I1002 09:11:29.374889 3877324 fork_posix.cc:71] Other threads are currently calling into gRPC, skipping fork() handlers
I1002 09:11:29.410681 3877324 fork_posix.cc:71] Other threads are currently calling into gRPC, skipping fork() handlers
I1002 09:11:29.447090 3877324 fork_posix.cc:71] Other threads are currently calling into gRPC, skipping fork() handlers
I1002 09:11:29.477439 3877324 fork_posix.cc:71] Other threads are currently calling into gRPC, skipping fork() handlers
I1002 09:11:29.513552 3877324 fork_posix.cc:71] Other threads are currently calling into gRPC, skipping fork() handlers
I1002 09:11:29.549425 3877324 fork_posix.cc:71] Other threads are currently calling into gRPC, skipping fork() handlers
I1002 09:11:29.585163 3877324 fork_posix.cc:71] Other threads are currently calling into gRPC, skipping fork() handlers
I1002 09:11:29.621185 3877324 fork_posix.cc:71] Other threads are currently calling into gRPC, skipping fork() handlers
I1002 09:11:29.657330 3877324 fork_posix.cc:71] Other threads are currently calling into gRPC, skipping fork() handlers
I1002 09:11:29.693446 3877324 fork_posix.cc:71] Other threads are currently calling into gRPC, skipping fork() handlers
I1002 09:11:29.730491 3877324 fork_posix.cc:71] Other threads are currently calling into gRPC, skipping fork() handlers
I1002 09:11:29.766406 3877324 fork_posix.cc:71] Other threads are currently calling into gRPC, skipping fork() handlers
I1002 09:11:29.802427 3877324 fork_posix.cc:71] Other threads are currently calling into gRPC, skipping fork() handlers
I1002 09:11:29.864615 3877324 fork_posix.cc:71] Other threads are currently calling into gRPC, skipping fork() handlers
I1002 09:11:29.894924 3877324 fork_posix.cc:71] Other threads are currently calling into gRPC, skipping fork() handlers
I1002 09:11:29.922003 3877324 fork_posix.cc:71] Other threads are currently calling into gRPC, skipping fork() handlers
I1002 09:11:29.989694 3877324 fork_posix.cc:71] Other threads are currently calling into gRPC, skipping fork() handlers
I1002 09:11:30.030487 3877324 fork_posix.cc:71] Other threads are currently calling into gRPC, skipping fork() handlers
I1002 09:11:30.061573 3877324 fork_posix.cc:71] Other threads are currently calling into gRPC, skipping fork() handlers
I1002 09:11:30.093267 3877324 fork_posix.cc:71] Other threads are currently calling into gRPC, skipping fork() handlers
I1002 09:11:30.129285 3877324 fork_posix.cc:71] Other threads are currently calling into gRPC, skipping fork() handlers
I1002 09:11:30.165487 3877324 fork_posix.cc:71] Other threads are currently calling into gRPC, skipping fork() handlers
I1002 09:11:30.302415 3883770 fork_posix.cc:71] Other threads are currently calling into gRPC, skipping fork() handlers
I1002 09:11:30.338029 3883770 fork_posix.cc:71] Other threads are currently calling into gRPC, skipping fork() handlers
I1002 09:11:30.373743 3883770 fork_posix.cc:71] Other threads are currently calling into gRPC, skipping fork() handlers
I1002 09:11:30.407846 3883770 fork_posix.cc:71] Other threads are currently calling into gRPC, skipping fork() handlers
I1002 09:11:30.448689 3883770 fork_posix.cc:71] Other threads are currently calling into gRPC, skipping fork() handlers
I1002 09:11:30.480428 3883770 fork_posix.cc:71] Other threads are currently calling into gRPC, skipping fork() handlers
I1002 09:11:30.509169 3883770 fork_posix.cc:71] Other threads are currently calling into gRPC, skipping fork() handlers
I1002 09:11:30.544283 3883770 fork_posix.cc:71] Other threads are currently calling into gRPC, skipping fork() handlers
I1002 09:11:30.581967 3883770 fork_posix.cc:71] Other threads are currently calling into gRPC, skipping fork() handlers
I1002 09:11:30.616710 3883770 fork_posix.cc:71] Other threads are currently calling into gRPC, skipping fork() handlers
I1002 09:11:30.644684 3883770 fork_posix.cc:71] Other threads are currently calling into gRPC, skipping fork() handlers
I1002 09:11:30.789670 3883770 fork_posix.cc:71] Other threads are currently calling into gRPC, skipping fork() handlers
I1002 09:11:30.844548 3883770 fork_posix.cc:71] Other threads are currently calling into gRPC, skipping fork() handlers
I1002 09:11:30.889426 3883770 fork_posix.cc:71] Other threads are currently calling into gRPC, skipping fork() handlers
I1002 09:11:30.929176 3883770 fork_posix.cc:71] Other threads are currently calling into gRPC, skipping fork() handlers
I1002 09:11:30.968638 3883770 fork_posix.cc:71] Other threads are currently calling into gRPC, skipping fork() handlers
I1002 09:11:31.037269 3883770 fork_posix.cc:71] Other threads are currently calling into gRPC, skipping fork() handlers
I1002 09:11:31.136054 3883770 fork_posix.cc:71] Other threads are currently calling into gRPC, skipping fork() handlers
I1002 09:11:31.170098 3883770 fork_posix.cc:71] Other threads are currently calling into gRPC, skipping fork() handlers
I1002 09:11:31.208909 3883770 fork_posix.cc:71] Other threads are currently calling into gRPC, skipping fork() handlers
I1002 09:11:31.254863 3883770 fork_posix.cc:71] Other threads are currently calling into gRPC, skipping fork() handlers
I1002 09:11:31.303642 3883770 fork_posix.cc:71] Other threads are currently calling into gRPC, skipping fork() handlers
I1002 09:11:31.344399 3883770 fork_posix.cc:71] Other threads are currently calling into gRPC, skipping fork() handlers
I1002 09:11:31.370923 3883770 fork_posix.cc:71] Other threads are currently calling into gRPC, skipping fork() handlers
I1002 09:11:31.406570 3883770 fork_posix.cc:71] Other threads are currently calling into gRPC, skipping fork() handlers
I1002 09:11:31.442415 3883770 fork_posix.cc:71] Other threads are currently calling into gRPC, skipping fork() handlers
I1002 09:11:31.478152 3883770 fork_posix.cc:71] Other threads are currently calling into gRPC, skipping fork() handlers
I1002 09:11:31.511477 3883770 fork_posix.cc:71] Other threads are currently calling into gRPC, skipping fork() handlers
I1002 09:11:31.542350 3883770 fork_posix.cc:71] Other threads are currently calling into gRPC, skipping fork() handlers
I1002 09:11:31.579345 3883770 fork_posix.cc:71] Other threads are currently calling into gRPC, skipping fork() handlers
I1002 09:11:31.614628 3883770 fork_posix.cc:71] Other threads are currently calling into gRPC, skipping fork() handlers
I1002 09:11:31.645741 3883770 fork_posix.cc:71] Other threads are currently calling into gRPC, skipping fork() handlers
I1002 09:11:31.683067 3883770 fork_posix.cc:71] Other threads are currently calling into gRPC, skipping fork() handlers
I1002 09:11:31.718948 3883770 fork_posix.cc:71] Other threads are currently calling into gRPC, skipping fork() handlers
I1002 09:11:31.755798 3883770 fork_posix.cc:71] Other threads are currently calling into gRPC, skipping fork() handlers
I1002 09:11:31.788107 3883770 fork_posix.cc:71] Other threads are currently calling into gRPC, skipping fork() handlers
I1002 09:11:31.823942 3883770 fork_posix.cc:71] Other threads are currently calling into gRPC, skipping fork() handlers
I1002 09:11:31.859911 3883770 fork_posix.cc:71] Other threads are currently calling into gRPC, skipping fork() handlers
I1002 09:11:31.895649 3883770 fork_posix.cc:71] Other threads are currently calling into gRPC, skipping fork() handlers
I1002 09:11:31.931390 3883770 fork_posix.cc:71] Other threads are currently calling into gRPC, skipping fork() handlers
I1002 09:11:31.967376 3883770 fork_posix.cc:71] Other threads are currently calling into gRPC, skipping fork() handlers
I1002 09:11:31.999059 3883770 fork_posix.cc:71] Other threads are currently calling into gRPC, skipping fork() handlers
I1002 09:11:32.035210 3883770 fork_posix.cc:71] Other threads are currently calling into gRPC, skipping fork() handlers
I1002 09:11:32.069498 3883770 fork_posix.cc:71] Other threads are currently calling into gRPC, skipping fork() handlers
I1002 09:11:32.105367 3883770 fork_posix.cc:71] Other threads are currently calling into gRPC, skipping fork() handlers
I1002 09:11:32.139891 3883770 fork_posix.cc:71] Other threads are currently calling into gRPC, skipping fork() handlers
I1002 09:11:32.173951 3883770 fork_posix.cc:71] Other threads are currently calling into gRPC, skipping fork() handlers
I1002 09:11:32.210550 3883770 fork_posix.cc:71] Other threads are currently calling into gRPC, skipping fork() handlers
I1002 09:11:32.241951 3883770 fork_posix.cc:71] Other threads are currently calling into gRPC, skipping fork() handlers
I1002 09:11:32.277782 3883770 fork_posix.cc:71] Other threads are currently calling into gRPC, skipping fork() handlers
I1002 09:11:32.308648 3883770 fork_posix.cc:71] Other threads are currently calling into gRPC, skipping fork() handlers
I1002 09:11:32.344655 3883770 fork_posix.cc:71] Other threads are currently calling into gRPC, skipping fork() handlers
I1002 09:11:32.381386 3883770 fork_posix.cc:71] Other threads are currently calling into gRPC, skipping fork() handlers
I1002 09:11:32.417632 3883770 fork_posix.cc:71] Other threads are currently calling into gRPC, skipping fork() handlers
I1002 09:11:32.453487 3883770 fork_posix.cc:71] Other threads are currently calling into gRPC, skipping fork() handlers
I1002 09:11:32.489425 3883770 fork_posix.cc:71] Other threads are currently calling into gRPC, skipping fork() handlers
I1002 09:11:32.525255 3883770 fork_posix.cc:71] Other threads are currently calling into gRPC, skipping fork() handlers
I1002 09:11:32.595011 3883770 fork_posix.cc:71] Other threads are currently calling into gRPC, skipping fork() handlers
I1002 09:11:32.628477 3883770 fork_posix.cc:71] Other threads are currently calling into gRPC, skipping fork() handlers
I1002 09:11:32.664450 3883770 fork_posix.cc:71] Other threads are currently calling into gRPC, skipping fork() handlers
I1002 09:11:32.708867 3883770 fork_posix.cc:71] Other threads are currently calling into gRPC, skipping fork() handlers
I1002 09:11:32.778942 3883770 fork_posix.cc:71] Other threads are currently calling into gRPC, skipping fork() handlers
I1002 09:11:32.813445 3883770 fork_posix.cc:71] Other threads are currently calling into gRPC, skipping fork() handlers
I1002 09:11:32.849299 3883770 fork_posix.cc:71] Other threads are currently calling into gRPC, skipping fork() handlers
I1002 09:11:32.885226 3883770 fork_posix.cc:71] Other threads are currently calling into gRPC, skipping fork() handlers
I1002 09:11:32.912813 3883770 fork_posix.cc:71] Other threads are currently calling into gRPC, skipping fork() handlers
I1002 09:11:32.948732 3883770 fork_posix.cc:71] Other threads are currently calling into gRPC, skipping fork() handlers
I1002 09:11:32.984553 3883770 fork_posix.cc:71] Other threads are currently calling into gRPC, skipping fork() handlers
I1002 09:11:33.020645 3883770 fork_posix.cc:71] Other threads are currently calling into gRPC, skipping fork() handlers
I1002 09:11:33.056418 3883770 fork_posix.cc:71] Other threads are currently calling into gRPC, skipping fork() handlers
I1002 09:11:33.092003 3883770 fork_posix.cc:71] Other threads are currently calling into gRPC, skipping fork() handlers
I1002 09:11:33.126556 3883770 fork_posix.cc:71] Other threads are currently calling into gRPC, skipping fork() handlers
I1002 09:11:33.154860 3883770 fork_posix.cc:71] Other threads are currently calling into gRPC, skipping fork() handlers
I1002 09:11:33.224601 3883770 fork_posix.cc:71] Other threads are currently calling into gRPC, skipping fork() handlers
I1002 09:11:33.260340 3883770 fork_posix.cc:71] Other threads are currently calling into gRPC, skipping fork() handlers
I1002 09:11:33.326190 3883770 fork_posix.cc:71] Other threads are currently calling into gRPC, skipping fork() handlers
I1002 09:11:33.362142 3883770 fork_posix.cc:71] Other threads are currently calling into gRPC, skipping fork() handlers
I1002 09:11:33.397732 3883770 fork_posix.cc:71] Other threads are currently calling into gRPC, skipping fork() handlers
I1002 09:11:33.432198 3883770 fork_posix.cc:71] Other threads are currently calling into gRPC, skipping fork() handlers
I1002 09:11:33.498190 3883770 fork_posix.cc:71] Other threads are currently calling into gRPC, skipping fork() handlers
/Users/alexy/src/sail-pecan-integrated/.venv/lib/python3.12/site-packages/pyspark/sql/connect/expressions.py:1091: UserWarning: WARN WindowExpression: No Partition Defined for Window operation! Moving all data to a single partition, this can cause serious performance degradation.
  warnings.warn(
I1002 09:11:33.556110 3883770 fork_posix.cc:71] Other threads are currently calling into gRPC, skipping fork() handlers
I1002 09:11:33.673774 3883770 fork_posix.cc:71] Other threads are currently calling into gRPC, skipping fork() handlers
I1002 09:11:33.725585 3883770 fork_posix.cc:71] Other threads are currently calling into gRPC, skipping fork() handlers
I1002 09:11:33.789274 3883770 fork_posix.cc:71] Other threads are currently calling into gRPC, skipping fork() handlers
I1002 09:11:33.843106 3883770 fork_posix.cc:71] Other threads are currently calling into gRPC, skipping fork() handlers
I1002 09:11:33.925036 3883770 fork_posix.cc:71] Other threads are currently calling into gRPC, skipping fork() handlers
I1002 09:11:33.975341 3883770 fork_posix.cc:71] Other threads are currently calling into gRPC, skipping fork() handlers
I1002 09:11:34.031233 3883770 fork_posix.cc:71] Other threads are currently calling into gRPC, skipping fork() handlers
I1002 09:11:34.063978 3883770 fork_posix.cc:71] Other threads are currently calling into gRPC, skipping fork() handlers
I1002 09:11:34.103595 3883770 fork_posix.cc:71] Other threads are currently calling into gRPC, skipping fork() handlers
I1002 09:11:34.139468 3883770 fork_posix.cc:71] Other threads are currently calling into gRPC, skipping fork() handlers
I1002 09:11:34.172948 3883770 fork_posix.cc:71] Other threads are currently calling into gRPC, skipping fork() handlers
I1002 09:11:34.208368 3883770 fork_posix.cc:71] Other threads are currently calling into gRPC, skipping fork() handlers
I1002 09:11:34.236959 3883770 fork_posix.cc:71] Other threads are currently calling into gRPC, skipping fork() handlers
I1002 09:11:34.270247 3883770 fork_posix.cc:71] Other threads are currently calling into gRPC, skipping fork() handlers
I1002 09:11:34.300658 3883770 fork_posix.cc:71] Other threads are currently calling into gRPC, skipping fork() handlers
I1002 09:11:34.336968 3883770 fork_posix.cc:71] Other threads are currently calling into gRPC, skipping fork() handlers
I1002 09:11:34.373460 3883770 fork_posix.cc:71] Other threads are currently calling into gRPC, skipping fork() handlers
I1002 09:11:34.404168 3883770 fork_posix.cc:71] Other threads are currently calling into gRPC, skipping fork() handlers
I1002 09:11:34.440205 3883770 fork_posix.cc:71] Other threads are currently calling into gRPC, skipping fork() handlers
I1002 09:11:34.476378 3883770 fork_posix.cc:71] Other threads are currently calling into gRPC, skipping fork() handlers
I1002 09:11:34.509010 3883770 fork_posix.cc:71] Other threads are currently calling into gRPC, skipping fork() handlers
I1002 09:11:34.544771 3883770 fork_posix.cc:71] Other threads are currently calling into gRPC, skipping fork() handlers
I1002 09:11:34.582925 3883770 fork_posix.cc:71] Other threads are currently calling into gRPC, skipping fork() handlers
I1002 09:11:34.614297 3883770 fork_posix.cc:71] Other threads are currently calling into gRPC, skipping fork() handlers
I1002 09:11:34.683664 3883770 fork_posix.cc:71] Other threads are currently calling into gRPC, skipping fork() handlers
I1002 09:11:34.719758 3883770 fork_posix.cc:71] Other threads are currently calling into gRPC, skipping fork() handlers
I1002 09:11:34.755845 3883770 fork_posix.cc:71] Other threads are currently calling into gRPC, skipping fork() handlers
I1002 09:11:34.791899 3883770 fork_posix.cc:71] Other threads are currently calling into gRPC, skipping fork() handlers
I1002 09:11:34.828535 3883770 fork_posix.cc:71] Other threads are currently calling into gRPC, skipping fork() handlers
I1002 09:11:34.864310 3883770 fork_posix.cc:71] Other threads are currently calling into gRPC, skipping fork() handlers
I1002 09:11:34.900219 3883770 fork_posix.cc:71] Other threads are currently calling into gRPC, skipping fork() handlers
I1002 09:11:34.931421 3883770 fork_posix.cc:71] Other threads are currently calling into gRPC, skipping fork() handlers
I1002 09:11:34.959893 3883770 fork_posix.cc:71] Other threads are currently calling into gRPC, skipping fork() handlers
I1002 09:11:34.995922 3883770 fork_posix.cc:71] Other threads are currently calling into gRPC, skipping fork() handlers
I1002 09:11:35.025542 3883770 fork_posix.cc:71] Other threads are currently calling into gRPC, skipping fork() handlers
I1002 09:11:35.064160 3883770 fork_posix.cc:71] Other threads are currently calling into gRPC, skipping fork() handlers
I1002 09:11:35.099662 3883770 fork_posix.cc:71] Other threads are currently calling into gRPC, skipping fork() handlers
I1002 09:11:35.135613 3883770 fork_posix.cc:71] Other threads are currently calling into gRPC, skipping fork() handlers
I1002 09:11:35.171945 3883770 fork_posix.cc:71] Other threads are currently calling into gRPC, skipping fork() handlers
I1002 09:11:35.208448 3883770 fork_posix.cc:71] Other threads are currently calling into gRPC, skipping fork() handlers
I1002 09:11:35.244375 3883770 fork_posix.cc:71] Other threads are currently calling into gRPC, skipping fork() handlers
I1002 09:11:35.271700 3883770 fork_posix.cc:71] Other threads are currently calling into gRPC, skipping fork() handlers
I1002 09:11:35.307790 3883770 fork_posix.cc:71] Other threads are currently calling into gRPC, skipping fork() handlers
I1002 09:11:35.343753 3883770 fork_posix.cc:71] Other threads are currently calling into gRPC, skipping fork() handlers
I1002 09:11:35.380897 3883770 fork_posix.cc:71] Other threads are currently calling into gRPC, skipping fork() handlers
I1002 09:11:35.412720 3883770 fork_posix.cc:71] Other threads are currently calling into gRPC, skipping fork() handlers
I1002 09:11:35.449601 3883770 fork_posix.cc:71] Other threads are currently calling into gRPC, skipping fork() handlers
I1002 09:11:35.485787 3883770 fork_posix.cc:71] Other threads are currently calling into gRPC, skipping fork() handlers
I1002 09:11:35.520018 3883770 fork_posix.cc:71] Other threads are currently calling into gRPC, skipping fork() handlers
I1002 09:11:35.547605 3883770 fork_posix.cc:71] Other threads are currently calling into gRPC, skipping fork() handlers
I1002 09:11:35.583393 3883770 fork_posix.cc:71] Other threads are currently calling into gRPC, skipping fork() handlers
I1002 09:11:35.620402 3883770 fork_posix.cc:71] Other threads are currently calling into gRPC, skipping fork() handlers
I1002 09:11:35.656287 3883770 fork_posix.cc:71] Other threads are currently calling into gRPC, skipping fork() handlers
I1002 09:11:35.725285 3883770 fork_posix.cc:71] Other threads are currently calling into gRPC, skipping fork() handlers
I1002 09:11:35.756782 3883770 fork_posix.cc:71] Other threads are currently calling into gRPC, skipping fork() handlers
I1002 09:11:35.793271 3883770 fork_posix.cc:71] Other threads are currently calling into gRPC, skipping fork() handlers
I1002 09:11:35.824579 3883770 fork_posix.cc:71] Other threads are currently calling into gRPC, skipping fork() handlers
I1002 09:11:35.851740 3883770 fork_posix.cc:71] Other threads are currently calling into gRPC, skipping fork() handlers
I1002 09:11:35.883845 3883770 fork_posix.cc:71] Other threads are currently calling into gRPC, skipping fork() handlers
I1002 09:11:35.912586 3883770 fork_posix.cc:71] Other threads are currently calling into gRPC, skipping fork() handlers
I1002 09:11:35.944930 3883770 fork_posix.cc:71] Other threads are currently calling into gRPC, skipping fork() handlers
I1002 09:11:35.981938 3883770 fork_posix.cc:71] Other threads are currently calling into gRPC, skipping fork() handlers
I1002 09:11:36.011459 3883770 fork_posix.cc:71] Other threads are currently calling into gRPC, skipping fork() handlers
I1002 09:11:36.047650 3883770 fork_posix.cc:71] Other threads are currently calling into gRPC, skipping fork() handlers
I1002 09:11:36.083755 3883770 fork_posix.cc:71] Other threads are currently calling into gRPC, skipping fork() handlers
I1002 09:11:36.120535 3883770 fork_posix.cc:71] Other threads are currently calling into gRPC, skipping fork() handlers
I1002 09:11:36.156758 3883770 fork_posix.cc:71] Other threads are currently calling into gRPC, skipping fork() handlers
I1002 09:11:36.192779 3883770 fork_posix.cc:71] Other threads are currently calling into gRPC, skipping fork() handlers
I1002 09:11:36.262976 3883770 fork_posix.cc:71] Other threads are currently calling into gRPC, skipping fork() handlers
I1002 09:11:36.295506 3883770 fork_posix.cc:71] Other threads are currently calling into gRPC, skipping fork() handlers
I1002 09:11:36.330287 3883770 fork_posix.cc:71] Other threads are currently calling into gRPC, skipping fork() handlers
I1002 09:11:36.366153 3883770 fork_posix.cc:71] Other threads are currently calling into gRPC, skipping fork() handlers
I1002 09:11:36.402004 3883770 fork_posix.cc:71] Other threads are currently calling into gRPC, skipping fork() handlers
I1002 09:11:36.438868 3883770 fork_posix.cc:71] Other threads are currently calling into gRPC, skipping fork() handlers
I1002 09:11:36.470642 3883770 fork_posix.cc:71] Other threads are currently calling into gRPC, skipping fork() handlers
I1002 09:11:36.506802 3883770 fork_posix.cc:71] Other threads are currently calling into gRPC, skipping fork() handlers
I1002 09:11:36.537341 3883770 fork_posix.cc:71] Other threads are currently calling into gRPC, skipping fork() handlers
I1002 09:11:36.603792 3883770 fork_posix.cc:71] Other threads are currently calling into gRPC, skipping fork() handlers
I1002 09:11:36.639758 3883770 fork_posix.cc:71] Other threads are currently calling into gRPC, skipping fork() handlers
I1002 09:11:36.670081 3883770 fork_posix.cc:71] Other threads are currently calling into gRPC, skipping fork() handlers
I1002 09:11:36.706691 3883770 fork_posix.cc:71] Other threads are currently calling into gRPC, skipping fork() handlers
I1002 09:11:36.736944 3883770 fork_posix.cc:71] Other threads are currently calling into gRPC, skipping fork() handlers
I1002 09:11:36.773369 3883770 fork_posix.cc:71] Other threads are currently calling into gRPC, skipping fork() handlers
I1002 09:11:36.805102 3883770 fork_posix.cc:71] Other threads are currently calling into gRPC, skipping fork() handlers
I1002 09:11:36.841093 3883770 fork_posix.cc:71] Other threads are currently calling into gRPC, skipping fork() handlers
I1002 09:11:36.877656 3883770 fork_posix.cc:71] Other threads are currently calling into gRPC, skipping fork() handlers
I1002 09:11:36.908277 3883770 fork_posix.cc:71] Other threads are currently calling into gRPC, skipping fork() handlers
I1002 09:11:36.942071 3883770 fork_posix.cc:71] Other threads are currently calling into gRPC, skipping fork() handlers
I1002 09:11:36.978376 3883770 fork_posix.cc:71] Other threads are currently calling into gRPC, skipping fork() handlers
I1002 09:11:37.014501 3883770 fork_posix.cc:71] Other threads are currently calling into gRPC, skipping fork() handlers
I1002 09:11:37.042330 3883770 fork_posix.cc:71] Other threads are currently calling into gRPC, skipping fork() handlers
I1002 09:11:37.077106 3883770 fork_posix.cc:71] Other threads are currently calling into gRPC, skipping fork() handlers
I1002 09:11:37.113185 3883770 fork_posix.cc:71] Other threads are currently calling into gRPC, skipping fork() handlers
I1002 09:11:37.141331 3883770 fork_posix.cc:71] Other threads are currently calling into gRPC, skipping fork() handlers
I1002 09:11:37.189080 3883770 fork_posix.cc:71] Other threads are currently calling into gRPC, skipping fork() handlers
I1002 09:11:37.224542 3883770 fork_posix.cc:71] Other threads are currently calling into gRPC, skipping fork() handlers
