I1002 08:48:28.402385 2991825 fork_posix.cc:71] Other threads are currently calling into gRPC, skipping fork() handlers
I1002 08:48:28.441899 2991825 fork_posix.cc:71] Other threads are currently calling into gRPC, skipping fork() handlers
I1002 08:48:28.480680 2991825 fork_posix.cc:71] Other threads are currently calling into gRPC, skipping fork() handlers
/Users/alexy/src/sail-pecan-integrated/.venv/lib/python3.12/site-packages/pyspark/sql/connect/expressions.py:1091: UserWarning: WARN WindowExpression: No Partition Defined for Window operation! Moving all data to a single partition, this can cause serious performance degradation.
  warnings.warn(
I1002 08:48:28.512422 2991825 fork_posix.cc:71] Other threads are currently calling into gRPC, skipping fork() handlers
/Users/alexy/src/sail-pecan-integrated/.venv/lib/python3.12/site-packages/pyspark/sql/connect/expressions.py:1091: UserWarning: WARN WindowExpression: No Partition Defined for Window operation! Moving all data to a single partition, this can cause serious performance degradation.
  warnings.warn(
I1002 08:48:28.550631 2991825 fork_posix.cc:71] Other threads are currently calling into gRPC, skipping fork() handlers
I1002 08:48:28.590981 2991825 fork_posix.cc:71] Other threads are currently calling into gRPC, skipping fork() handlers
I1002 08:48:28.630278 2991825 fork_posix.cc:71] Other threads are currently calling into gRPC, skipping fork() handlers
I1002 08:48:28.670119 2991825 fork_posix.cc:71] Other threads are currently calling into gRPC, skipping fork() handlers
/Users/alexy/src/sail-pecan-integrated/.venv/lib/python3.12/site-packages/pyspark/sql/connect/expressions.py:1091: UserWarning: WARN WindowExpression: No Partition Defined for Window operation! Moving all data to a single partition, this can cause serious performance degradation.
  warnings.warn(
I1002 08:48:30.532626 2991825 fork_posix.cc:71] Other threads are currently calling into gRPC, skipping fork() handlers
I1002 08:48:30.572477 2991825 fork_posix.cc:71] Other threads are currently calling into gRPC, skipping fork() handlers
I1002 08:48:30.608027 2991825 fork_posix.cc:71] Other threads are currently calling into gRPC, skipping fork() handlers
I1002 08:48:30.647785 2991825 fork_posix.cc:71] Other threads are currently calling into gRPC, skipping fork() handlers
I1002 08:48:30.683488 2991825 fork_posix.cc:71] Other threads are currently calling into gRPC, skipping fork() handlers
I1002 08:48:30.723545 2991825 fork_posix.cc:71] Other threads are currently calling into gRPC, skipping fork() handlers
I1002 08:48:30.762944 2991825 fork_posix.cc:71] Other threads are currently calling into gRPC, skipping fork() handlers
I1002 08:48:32.571057 2991825 fork_posix.cc:71] Other threads are currently calling into gRPC, skipping fork() handlers
I1002 08:48:32.605021 2991825 fork_posix.cc:71] Other threads are currently calling into gRPC, skipping fork() handlers
I1002 08:48:32.651680 2991825 fork_posix.cc:71] Other threads are currently calling into gRPC, skipping fork() handlers
I1002 08:48:34.635877 2991825 fork_posix.cc:71] Other threads are currently calling into gRPC, skipping fork() handlers
I1002 08:48:36.452411 2991825 fork_posix.cc:71] Other threads are currently calling into gRPC, skipping fork() handlers
I1002 08:48:36.509639 2991825 fork_posix.cc:71] Other threads are currently calling into gRPC, skipping fork() handlers
I1002 08:48:36.549354 2991825 fork_posix.cc:71] Other threads are currently calling into gRPC, skipping fork() handlers
I1002 08:48:38.430437 2991825 fork_posix.cc:71] Other threads are currently calling into gRPC, skipping fork() handlers
I1002 08:48:38.516207 2991825 fork_posix.cc:71] Other threads are currently calling into gRPC, skipping fork() handlers
I1002 08:48:40.231738 2991825 fork_posix.cc:71] Other threads are currently calling into gRPC, skipping fork() handlers
I1002 08:48:40.264778 2991825 fork_posix.cc:71] Other threads are currently calling into gRPC, skipping fork() handlers
I1002 08:48:40.299941 2991825 fork_posix.cc:71] Other threads are currently calling into gRPC, skipping fork() handlers
I1002 08:48:40.340498 2991825 fork_posix.cc:71] Other threads are currently calling into gRPC, skipping fork() handlers
I1002 08:48:40.383228 2991825 fork_posix.cc:71] Other threads are currently calling into gRPC, skipping fork() handlers
I1002 08:48:42.098651 2991825 fork_posix.cc:71] Other threads are currently calling into gRPC, skipping fork() handlers
I1002 08:48:42.171011 2991825 fork_posix.cc:71] Other threads are currently calling into gRPC, skipping fork() handlers
I1002 08:48:42.205634 2991825 fork_posix.cc:71] Other threads are currently calling into gRPC, skipping fork() handlers
I1002 08:48:42.244796 2991825 fork_posix.cc:71] Other threads are currently calling into gRPC, skipping fork() handlers
I1002 08:48:42.284549 2991825 fork_posix.cc:71] Other threads are currently calling into gRPC, skipping fork() handlers
I1002 08:48:42.324098 2991825 fork_posix.cc:71] Other threads are currently calling into gRPC, skipping fork() handlers
I1002 08:48:42.358825 2991825 fork_posix.cc:71] Other threads are currently calling into gRPC, skipping fork() handlers
I1002 08:48:42.394934 2991825 fork_posix.cc:71] Other threads are currently calling into gRPC, skipping fork() handlers
I1002 08:48:42.433839 2991825 fork_posix.cc:71] Other threads are currently calling into gRPC, skipping fork() handlers
I1002 08:48:42.468893 2991825 fork_posix.cc:71] Other threads are currently calling into gRPC, skipping fork() handlers
I1002 08:48:42.504330 2991825 fork_posix.cc:71] Other threads are currently calling into gRPC, skipping fork() handlers
I1002 08:48:42.540029 2991825 fork_posix.cc:71] Other threads are currently calling into gRPC, skipping fork() handlers
I1002 08:48:42.578326 2991825 fork_posix.cc:71] Other threads are currently calling into gRPC, skipping fork() handlers
I1002 08:48:42.617990 2991825 fork_posix.cc:71] Other threads are currently calling into gRPC, skipping fork() handlers
I1002 08:48:42.651709 2991825 fork_posix.cc:71] Other threads are currently calling into gRPC, skipping fork() handlers
I1002 08:48:42.686277 2991825 fork_posix.cc:71] Other threads are currently calling into gRPC, skipping fork() handlers
/Users/alexy/src/sail-pecan-integrated/.venv/lib/python3.12/site-packages/pyspark/sql/connect/expressions.py:1091: UserWarning: WARN WindowExpression: No Partition Defined for Window operation! Moving all data to a single partition, this can cause serious performance degradation.
  warnings.warn(
I1002 08:48:44.376817 2991825 fork_posix.cc:71] Other threads are currently calling into gRPC, skipping fork() handlers
I1002 08:48:44.435736 2991825 fork_posix.cc:71] Other threads are currently calling into gRPC, skipping fork() handlers
I1002 08:48:44.475302 2991825 fork_posix.cc:71] Other threads are currently calling into gRPC, skipping fork() handlers
I1002 08:48:44.520273 2991825 fork_posix.cc:71] Other threads are currently calling into gRPC, skipping fork() handlers
I1002 08:48:44.560280 2991825 fork_posix.cc:71] Other threads are currently calling into gRPC, skipping fork() handlers
I1002 08:48:44.600003 2991825 fork_posix.cc:71] Other threads are currently calling into gRPC, skipping fork() handlers
I1002 08:48:44.636655 2991825 fork_posix.cc:71] Other threads are currently calling into gRPC, skipping fork() handlers
I1002 08:48:46.368285 2991825 fork_posix.cc:71] Other threads are currently calling into gRPC, skipping fork() handlers
I1002 08:48:46.486251 2991825 fork_posix.cc:71] Other threads are currently calling into gRPC, skipping fork() handlers
I1002 08:48:46.539820 2991825 fork_posix.cc:71] Other threads are currently calling into gRPC, skipping fork() handlers
I1002 08:48:46.623379 2991825 fork_posix.cc:71] Other threads are currently calling into gRPC, skipping fork() handlers
I1002 08:48:46.684077 2991825 fork_posix.cc:71] Other threads are currently calling into gRPC, skipping fork() handlers
I1002 08:48:46.767734 2991825 fork_posix.cc:71] Other threads are currently calling into gRPC, skipping fork() handlers
I1002 08:48:46.849962 2991825 fork_posix.cc:71] Other threads are currently calling into gRPC, skipping fork() handlers
I1002 08:48:46.893686 2991825 fork_posix.cc:71] Other threads are currently calling into gRPC, skipping fork() handlers
I1002 08:48:48.432965 3012599 ev_poll_posix.cc:587] FD from fork parent still in poll list: fd(9, generation: 1)
/Users/alexy/src/sail-pecan-integrated/.venv/lib/python3.12/site-packages/pyspark/sql/connect/expressions.py:1091: UserWarning: WARN WindowExpression: No Partition Defined for Window operation! Moving all data to a single partition, this can cause serious performance degradation.
  warnings.warn(
I1002 08:48:48.745151 2991825 fork_posix.cc:71] Other threads are currently calling into gRPC, skipping fork() handlers
/Users/alexy/src/sail-pecan-integrated/.venv/lib/python3.12/site-packages/pyspark/sql/connect/expressions.py:1091: UserWarning: WARN WindowExpression: No Partition Defined for Window operation! Moving all data to a single partition, this can cause serious performance degradation.
  warnings.warn(
I1002 08:48:48.782693 2991825 fork_posix.cc:71] Other threads are currently calling into gRPC, skipping fork() handlers
I1002 08:48:48.824317 2991825 fork_posix.cc:71] Other threads are currently calling into gRPC, skipping fork() handlers
I1002 08:48:48.902897 2991825 fork_posix.cc:71] Other threads are currently calling into gRPC, skipping fork() handlers
I1002 08:48:48.968103 2991825 fork_posix.cc:71] Other threads are currently calling into gRPC, skipping fork() handlers
I1002 08:48:49.014476 2991825 fork_posix.cc:71] Other threads are currently calling into gRPC, skipping fork() handlers
I1002 08:48:49.056740 2991825 fork_posix.cc:71] Other threads are currently calling into gRPC, skipping fork() handlers
I1002 08:48:49.106091 2991825 fork_posix.cc:71] Other threads are currently calling into gRPC, skipping fork() handlers
I1002 08:48:49.166206 2991825 fork_posix.cc:71] Other threads are currently calling into gRPC, skipping fork() handlers
I1002 08:48:49.207073 2991825 fork_posix.cc:71] Other threads are currently calling into gRPC, skipping fork() handlers
I1002 08:48:49.255489 2991825 fork_posix.cc:71] Other threads are currently calling into gRPC, skipping fork() handlers
I1002 08:48:49.308313 2991825 fork_posix.cc:71] Other threads are currently calling into gRPC, skipping fork() handlers
I1002 08:48:49.352378 2991825 fork_posix.cc:71] Other threads are currently calling into gRPC, skipping fork() handlers
I1002 08:48:49.374311 2991805 fork_posix.cc:71] Other threads are currently calling into gRPC, skipping fork() handlers
I1002 08:48:51.161736 2991825 fork_posix.cc:71] Other threads are currently calling into gRPC, skipping fork() handlers
I1002 08:48:51.205786 2991825 fork_posix.cc:71] Other threads are currently calling into gRPC, skipping fork() handlers
I1002 08:48:51.256459 2991825 fork_posix.cc:71] Other threads are currently calling into gRPC, skipping fork() handlers
I1002 08:48:51.357963 2991825 fork_posix.cc:71] Other threads are currently calling into gRPC, skipping fork() handlers
I1002 08:48:51.412079 2991825 fork_posix.cc:71] Other threads are currently calling into gRPC, skipping fork() handlers
I1002 08:48:51.505397 2991825 fork_posix.cc:71] Other threads are currently calling into gRPC, skipping fork() handlers
I1002 08:48:51.550142 2991825 fork_posix.cc:71] Other threads are currently calling into gRPC, skipping fork() handlers
I1002 08:48:51.603751 2991825 fork_posix.cc:71] Other threads are currently calling into gRPC, skipping fork() handlers
I1002 08:48:51.639500 2991825 fork_posix.cc:71] Other threads are currently calling into gRPC, skipping fork() handlers
I1002 08:48:51.690471 2991825 fork_posix.cc:71] Other threads are currently calling into gRPC, skipping fork() handlers
I1002 08:48:51.773420 2991825 fork_posix.cc:71] Other threads are currently calling into gRPC, skipping fork() handlers
I1002 08:48:51.856381 2991825 fork_posix.cc:71] Other threads are currently calling into gRPC, skipping fork() handlers
I1002 08:48:51.954702 2991825 fork_posix.cc:71] Other threads are currently calling into gRPC, skipping fork() handlers
I1002 08:48:52.014520 2991825 fork_posix.cc:71] Other threads are currently calling into gRPC, skipping fork() handlers
I1002 08:48:52.067387 2991825 fork_posix.cc:71] Other threads are currently calling into gRPC, skipping fork() handlers
I1002 08:48:52.115650 2991825 fork_posix.cc:71] Other threads are currently calling into gRPC, skipping fork() handlers
I1002 08:48:52.175706 2991825 fork_posix.cc:71] Other threads are currently calling into gRPC, skipping fork() handlers
I1002 08:48:52.238191 2991825 fork_posix.cc:71] Other threads are currently calling into gRPC, skipping fork() handlers
I1002 08:48:52.301820 2991825 fork_posix.cc:71] Other threads are currently calling into gRPC, skipping fork() handlers
I1002 08:48:52.348663 2991825 fork_posix.cc:71] Other threads are currently calling into gRPC, skipping fork() handlers
I1002 08:48:52.392348 2991825 fork_posix.cc:71] Other threads are currently calling into gRPC, skipping fork() handlers
I1002 08:48:52.440832 2991825 fork_posix.cc:71] Other threads are currently calling into gRPC, skipping fork() handlers
I1002 08:48:52.482333 2991825 fork_posix.cc:71] Other threads are currently calling into gRPC, skipping fork() handlers
I1002 08:48:52.528944 2991825 fork_posix.cc:71] Other threads are currently calling into gRPC, skipping fork() handlers
I1002 08:48:52.572361 2991825 fork_posix.cc:71] Other threads are currently calling into gRPC, skipping fork() handlers
I1002 08:48:52.625843 2991825 fork_posix.cc:71] Other threads are currently calling into gRPC, skipping fork() handlers
I1002 08:48:52.668347 2991825 fork_posix.cc:71] Other threads are currently calling into gRPC, skipping fork() handlers
I1002 08:48:52.707846 2991825 fork_posix.cc:71] Other threads are currently calling into gRPC, skipping fork() handlers
I1002 08:48:52.748853 2991825 fork_posix.cc:71] Other threads are currently calling into gRPC, skipping fork() handlers
/Users/alexy/src/sail-pecan-integrated/.venv/lib/python3.12/site-packages/pyspark/sql/connect/expressions.py:1091: UserWarning: WARN WindowExpression: No Partition Defined for Window operation! Moving all data to a single partition, this can cause serious performance degradation.
  warnings.warn(
I1002 08:48:54.599307 2991825 fork_posix.cc:71] Other threads are currently calling into gRPC, skipping fork() handlers
I1002 08:48:54.636695 2991825 fork_posix.cc:71] Other threads are currently calling into gRPC, skipping fork() handlers
I1002 08:48:54.671634 2991825 fork_posix.cc:71] Other threads are currently calling into gRPC, skipping fork() handlers
I1002 08:48:54.715906 2991825 fork_posix.cc:71] Other threads are currently calling into gRPC, skipping fork() handlers
/Users/alexy/src/sail-pecan-integrated/.venv/lib/python3.12/site-packages/pyspark/sql/connect/expressions.py:1091: UserWarning: WARN WindowExpression: No Partition Defined for Window operation! Moving all data to a single partition, this can cause serious performance degradation.
  warnings.warn(
I1002 08:48:56.386721 2991825 fork_posix.cc:71] Other threads are currently calling into gRPC, skipping fork() handlers
I1002 08:48:56.417021 2991825 fork_posix.cc:71] Other threads are currently calling into gRPC, skipping fork() handlers
I1002 08:48:56.452159 2991825 fork_posix.cc:71] Other threads are currently calling into gRPC, skipping fork() handlers
I1002 08:48:56.489681 2991825 fork_posix.cc:71] Other threads are currently calling into gRPC, skipping fork() handlers
I1002 08:48:56.545976 2991825 fork_posix.cc:71] Other threads are currently calling into gRPC, skipping fork() handlers
I1002 08:48:56.584836 2991825 fork_posix.cc:71] Other threads are currently calling into gRPC, skipping fork() handlers
I1002 08:48:56.619997 2991825 fork_posix.cc:71] Other threads are currently calling into gRPC, skipping fork() handlers
I1002 08:48:56.652673 2991825 fork_posix.cc:71] Other threads are currently calling into gRPC, skipping fork() handlers
I1002 08:48:56.692761 2991825 fork_posix.cc:71] Other threads are currently calling into gRPC, skipping fork() handlers
I1002 08:48:58.312024 2991825 fork_posix.cc:71] Other threads are currently calling into gRPC, skipping fork() handlers
I1002 08:48:58.362547 2991825 fork_posix.cc:71] Other threads are currently calling into gRPC, skipping fork() handlers
I1002 08:48:58.402803 2991825 fork_posix.cc:71] Other threads are currently calling into gRPC, skipping fork() handlers
I1002 08:49:00.061630 2991825 fork_posix.cc:71] Other threads are currently calling into gRPC, skipping fork() handlers
I1002 08:49:01.822479 2991825 fork_posix.cc:71] Other threads are currently calling into gRPC, skipping fork() handlers
I1002 08:49:01.865723 2991825 fork_posix.cc:71] Other threads are currently calling into gRPC, skipping fork() handlers
I1002 08:49:03.663187 2991825 fork_posix.cc:71] Other threads are currently calling into gRPC, skipping fork() handlers
I1002 08:49:03.755439 2991825 fork_posix.cc:71] Other threads are currently calling into gRPC, skipping fork() handlers
I1002 08:49:03.800221 2991825 fork_posix.cc:71] Other threads are currently calling into gRPC, skipping fork() handlers
I1002 08:49:05.615963 2991825 fork_posix.cc:71] Other threads are currently calling into gRPC, skipping fork() handlers
I1002 08:49:05.658576 2991825 fork_posix.cc:71] Other threads are currently calling into gRPC, skipping fork() handlers
I1002 08:49:05.726362 2991825 fork_posix.cc:71] Other threads are currently calling into gRPC, skipping fork() handlers
I1002 08:49:05.766476 2991825 fork_posix.cc:71] Other threads are currently calling into gRPC, skipping fork() handlers
I1002 08:49:07.536574 2991825 fork_posix.cc:71] Other threads are currently calling into gRPC, skipping fork() handlers
I1002 08:49:07.581834 2991825 fork_posix.cc:71] Other threads are currently calling into gRPC, skipping fork() handlers
I1002 08:49:07.616215 2991825 fork_posix.cc:71] Other threads are currently calling into gRPC, skipping fork() handlers
I1002 08:49:07.652478 2991825 fork_posix.cc:71] Other threads are currently calling into gRPC, skipping fork() handlers
I1002 08:49:07.685769 2991825 fork_posix.cc:71] Other threads are currently calling into gRPC, skipping fork() handlers
I1002 08:49:07.725163 2991825 fork_posix.cc:71] Other threads are currently calling into gRPC, skipping fork() handlers
I1002 08:49:07.761869 2991825 fork_posix.cc:71] Other threads are currently calling into gRPC, skipping fork() handlers
I1002 08:49:07.795730 2991825 fork_posix.cc:71] Other threads are currently calling into gRPC, skipping fork() handlers
I1002 08:49:07.830994 2991825 fork_posix.cc:71] Other threads are currently calling into gRPC, skipping fork() handlers
I1002 08:49:07.867009 2991825 fork_posix.cc:71] Other threads are currently calling into gRPC, skipping fork() handlers
I1002 08:49:07.907484 2991825 fork_posix.cc:71] Other threads are currently calling into gRPC, skipping fork() handlers
/Users/alexy/src/sail-pecan-integrated/.venv/lib/python3.12/site-packages/pyspark/sql/connect/expressions.py:1091: UserWarning: WARN WindowExpression: No Partition Defined for Window operation! Moving all data to a single partition, this can cause serious performance degradation.
  warnings.warn(
/Users/alexy/src/sail-pecan-integrated/.venv/lib/python3.12/site-packages/pyspark/sql/connect/expressions.py:1091: UserWarning: WARN WindowExpression: No Partition Defined for Window operation! Moving all data to a single partition, this can cause serious performance degradation.
  warnings.warn(
I1002 08:49:09.743342 2991825 fork_posix.cc:71] Other threads are currently calling into gRPC, skipping fork() handlers
I1002 08:49:09.788384 2991825 fork_posix.cc:71] Other threads are currently calling into gRPC, skipping fork() handlers
I1002 08:49:09.839443 2991825 fork_posix.cc:71] Other threads are currently calling into gRPC, skipping fork() handlers
I1002 08:49:09.927076 2991825 fork_posix.cc:71] Other threads are currently calling into gRPC, skipping fork() handlers
I1002 08:49:09.987081 2991825 fork_posix.cc:71] Other threads are currently calling into gRPC, skipping fork() handlers
I1002 08:49:11.021113 3030686 ev_poll_posix.cc:587] FD from fork parent still in poll list: fd(9, generation: 1)
I1002 08:49:11.857688 2991825 fork_posix.cc:71] Other threads are currently calling into gRPC, skipping fork() handlers
I1002 08:49:11.935404 2991825 fork_posix.cc:71] Other threads are currently calling into gRPC, skipping fork() handlers
I1002 08:49:11.976044 2991825 fork_posix.cc:71] Other threads are currently calling into gRPC, skipping fork() handlers
I1002 08:49:12.011411 2991825 fork_posix.cc:71] Other threads are currently calling into gRPC, skipping fork() handlers
I1002 08:49:12.047103 2991825 fork_posix.cc:71] Other threads are currently calling into gRPC, skipping fork() handlers
I1002 08:49:12.082720 2991825 fork_posix.cc:71] Other threads are currently calling into gRPC, skipping fork() handlers
I1002 08:49:12.121249 2991825 fork_posix.cc:71] Other threads are currently calling into gRPC, skipping fork() handlers
I1002 08:49:12.198873 2991825 fork_posix.cc:71] Other threads are currently calling into gRPC, skipping fork() handlers
I1002 08:49:12.265882 2991825 fork_posix.cc:71] Other threads are currently calling into gRPC, skipping fork() handlers
/Users/alexy/src/sail-pecan-integrated/.venv/lib/python3.12/site-packages/pyspark/sql/connect/expressions.py:1091: UserWarning: WARN WindowExpression: No Partition Defined for Window operation! Moving all data to a single partition, this can cause serious performance degradation.
  warnings.warn(
I1002 08:49:14.176800 2991825 fork_posix.cc:71] Other threads are currently calling into gRPC, skipping fork() handlers
I1002 08:49:14.225114 2991825 fork_posix.cc:71] Other threads are currently calling into gRPC, skipping fork() handlers
I1002 08:49:14.289986 2991825 fork_posix.cc:71] Other threads are currently calling into gRPC, skipping fork() handlers
I1002 08:49:14.346788 2991825 fork_posix.cc:71] Other threads are currently calling into gRPC, skipping fork() handlers
I1002 08:49:14.389252 2991825 fork_posix.cc:71] Other threads are currently calling into gRPC, skipping fork() handlers
I1002 08:49:14.432556 2991825 fork_posix.cc:71] Other threads are currently calling into gRPC, skipping fork() handlers
I1002 08:49:14.481681 2991825 fork_posix.cc:71] Other threads are currently calling into gRPC, skipping fork() handlers
I1002 08:49:14.520976 2991825 fork_posix.cc:71] Other threads are currently calling into gRPC, skipping fork() handlers
I1002 08:49:14.562285 2991825 fork_posix.cc:71] Other threads are currently calling into gRPC, skipping fork() handlers
I1002 08:49:14.599177 2991825 fork_posix.cc:71] Other threads are currently calling into gRPC, skipping fork() handlers
I1002 08:49:14.639287 2991825 fork_posix.cc:71] Other threads are currently calling into gRPC, skipping fork() handlers
I1002 08:49:16.252407 2991825 fork_posix.cc:71] Other threads are currently calling into gRPC, skipping fork() handlers
I1002 08:49:16.303142 2991825 fork_posix.cc:71] Other threads are currently calling into gRPC, skipping fork() handlers
I1002 08:49:16.343596 2991825 fork_posix.cc:71] Other threads are currently calling into gRPC, skipping fork() handlers
I1002 08:49:16.385342 2991825 fork_posix.cc:71] Other threads are currently calling into gRPC, skipping fork() handlers
I1002 08:49:16.451432 2991825 fork_posix.cc:71] Other threads are currently calling into gRPC, skipping fork() handlers
I1002 08:49:16.499209 2991825 fork_posix.cc:71] Other threads are currently calling into gRPC, skipping fork() handlers
I1002 08:49:16.581306 2991825 fork_posix.cc:71] Other threads are currently calling into gRPC, skipping fork() handlers
I1002 08:49:16.634753 2991825 fork_posix.cc:71] Other threads are currently calling into gRPC, skipping fork() handlers
I1002 08:49:16.697537 2991825 fork_posix.cc:71] Other threads are currently calling into gRPC, skipping fork() handlers
I1002 08:49:16.736883 2991825 fork_posix.cc:71] Other threads are currently calling into gRPC, skipping fork() handlers
I1002 08:49:16.783725 2991825 fork_posix.cc:71] Other threads are currently calling into gRPC, skipping fork() handlers
I1002 08:49:16.829382 2991825 fork_posix.cc:71] Other threads are currently calling into gRPC, skipping fork() handlers
I1002 08:49:16.874741 2991825 fork_posix.cc:71] Other threads are currently calling into gRPC, skipping fork() handlers
I1002 08:49:16.918397 2991825 fork_posix.cc:71] Other threads are currently calling into gRPC, skipping fork() handlers
I1002 08:49:16.957826 2991825 fork_posix.cc:71] Other threads are currently calling into gRPC, skipping fork() handlers
I1002 08:49:17.032299 2991825 fork_posix.cc:71] Other threads are currently calling into gRPC, skipping fork() handlers
I1002 08:49:17.078726 2991825 fork_posix.cc:71] Other threads are currently calling into gRPC, skipping fork() handlers
I1002 08:49:17.117157 2991825 fork_posix.cc:71] Other threads are currently calling into gRPC, skipping fork() handlers
I1002 08:49:17.152765 2991825 fork_posix.cc:71] Other threads are currently calling into gRPC, skipping fork() handlers
I1002 08:49:17.206509 2991825 fork_posix.cc:71] Other threads are currently calling into gRPC, skipping fork() handlers
I1002 08:49:17.287555 2991825 fork_posix.cc:71] Other threads are currently calling into gRPC, skipping fork() handlers
I1002 08:49:17.370168 2991825 fork_posix.cc:71] Other threads are currently calling into gRPC, skipping fork() handlers
I1002 08:49:17.414678 2991825 fork_posix.cc:71] Other threads are currently calling into gRPC, skipping fork() handlers
I1002 08:49:17.473402 2991825 fork_posix.cc:71] Other threads are currently calling into gRPC, skipping fork() handlers
I1002 08:49:17.525388 2991825 fork_posix.cc:71] Other threads are currently calling into gRPC, skipping fork() handlers
I1002 08:49:17.566471 2991825 fork_posix.cc:71] Other threads are currently calling into gRPC, skipping fork() handlers
I1002 08:49:17.603859 2991825 fork_posix.cc:71] Other threads are currently calling into gRPC, skipping fork() handlers
I1002 08:49:17.611887 2991805 fork_posix.cc:71] Other threads are currently calling into gRPC, skipping fork() handlers
/Users/alexy/src/sail-pecan-integrated/.venv/lib/python3.12/site-packages/pyspark/sql/connect/expressions.py:1091: UserWarning: WARN WindowExpression: No Partition Defined for Window operation! Moving all data to a single partition, this can cause serious performance degradation.
  warnings.warn(
I1002 08:49:19.356606 2991825 fork_posix.cc:71] Other threads are currently calling into gRPC, skipping fork() handlers
I1002 08:49:19.406578 2991825 fork_posix.cc:71] Other threads are currently calling into gRPC, skipping fork() handlers
I1002 08:49:19.447493 2991825 fork_posix.cc:71] Other threads are currently calling into gRPC, skipping fork() handlers
I1002 08:49:19.487530 2991825 fork_posix.cc:71] Other threads are currently calling into gRPC, skipping fork() handlers
/Users/alexy/src/sail-pecan-integrated/.venv/lib/python3.12/site-packages/pyspark/sql/connect/expressions.py:1091: UserWarning: WARN WindowExpression: No Partition Defined for Window operation! Moving all data to a single partition, this can cause serious performance degradation.
  warnings.warn(
I1002 08:49:21.255854 2991825 fork_posix.cc:71] Other threads are currently calling into gRPC, skipping fork() handlers
I1002 08:49:21.295736 2991825 fork_posix.cc:71] Other threads are currently calling into gRPC, skipping fork() handlers
I1002 08:49:21.335421 2991825 fork_posix.cc:71] Other threads are currently calling into gRPC, skipping fork() handlers
I1002 08:49:21.369456 2991825 fork_posix.cc:71] Other threads are currently calling into gRPC, skipping fork() handlers
I1002 08:49:21.409007 2991825 fork_posix.cc:71] Other threads are currently calling into gRPC, skipping fork() handlers
I1002 08:49:21.448741 2991825 fork_posix.cc:71] Other threads are currently calling into gRPC, skipping fork() handlers
I1002 08:49:21.482758 2991825 fork_posix.cc:71] Other threads are currently calling into gRPC, skipping fork() handlers
I1002 08:49:21.522453 2991825 fork_posix.cc:71] Other threads are currently calling into gRPC, skipping fork() handlers
I1002 08:49:23.195347 2991825 fork_posix.cc:71] Other threads are currently calling into gRPC, skipping fork() handlers
I1002 08:49:23.238526 2991825 fork_posix.cc:71] Other threads are currently calling into gRPC, skipping fork() handlers
I1002 08:49:23.269785 2991825 fork_posix.cc:71] Other threads are currently calling into gRPC, skipping fork() handlers
I1002 08:49:25.034845 2991825 fork_posix.cc:71] Other threads are currently calling into gRPC, skipping fork() handlers
I1002 08:49:26.805654 2991825 fork_posix.cc:71] Other threads are currently calling into gRPC, skipping fork() handlers
I1002 08:49:26.847756 2991825 fork_posix.cc:71] Other threads are currently calling into gRPC, skipping fork() handlers
I1002 08:49:28.568187 2991825 fork_posix.cc:71] Other threads are currently calling into gRPC, skipping fork() handlers
I1002 08:49:28.654329 2991825 fork_posix.cc:71] Other threads are currently calling into gRPC, skipping fork() handlers
I1002 08:49:28.694800 2991825 fork_posix.cc:71] Other threads are currently calling into gRPC, skipping fork() handlers
I1002 08:49:30.542430 2991825 fork_posix.cc:71] Other threads are currently calling into gRPC, skipping fork() handlers
I1002 08:49:30.580264 2991825 fork_posix.cc:71] Other threads are currently calling into gRPC, skipping fork() handlers
I1002 08:49:30.614036 2991825 fork_posix.cc:71] Other threads are currently calling into gRPC, skipping fork() handlers
I1002 08:49:30.646627 2991825 fork_posix.cc:71] Other threads are currently calling into gRPC, skipping fork() handlers
I1002 08:49:30.689879 2991825 fork_posix.cc:71] Other threads are currently calling into gRPC, skipping fork() handlers
I1002 08:49:30.725818 2991825 fork_posix.cc:71] Other threads are currently calling into gRPC, skipping fork() handlers
I1002 08:49:32.513446 2991825 fork_posix.cc:71] Other threads are currently calling into gRPC, skipping fork() handlers
I1002 08:49:32.564814 2991825 fork_posix.cc:71] Other threads are currently calling into gRPC, skipping fork() handlers
I1002 08:49:32.603845 2991825 fork_posix.cc:71] Other threads are currently calling into gRPC, skipping fork() handlers
I1002 08:49:32.638395 2991825 fork_posix.cc:71] Other threads are currently calling into gRPC, skipping fork() handlers
I1002 08:49:32.674721 2991825 fork_posix.cc:71] Other threads are currently calling into gRPC, skipping fork() handlers
I1002 08:49:32.705185 2991825 fork_posix.cc:71] Other threads are currently calling into gRPC, skipping fork() handlers
I1002 08:49:32.743012 2991825 fork_posix.cc:71] Other threads are currently calling into gRPC, skipping fork() handlers
I1002 08:49:32.782679 2991825 fork_posix.cc:71] Other threads are currently calling into gRPC, skipping fork() handlers
I1002 08:49:32.819062 2991825 fork_posix.cc:71] Other threads are currently calling into gRPC, skipping fork() handlers
I1002 08:49:32.857125 2991825 fork_posix.cc:71] Other threads are currently calling into gRPC, skipping fork() handlers
/Users/alexy/src/sail-pecan-integrated/.venv/lib/python3.12/site-packages/pyspark/sql/connect/expressions.py:1091: UserWarning: WARN WindowExpression: No Partition Defined for Window operation! Moving all data to a single partition, this can cause serious performance degradation.
  warnings.warn(
I1002 08:49:34.623285 2991825 fork_posix.cc:71] Other threads are currently calling into gRPC, skipping fork() handlers
I1002 08:49:34.678495 2991825 fork_posix.cc:71] Other threads are currently calling into gRPC, skipping fork() handlers
I1002 08:49:34.726238 2991825 fork_posix.cc:71] Other threads are currently calling into gRPC, skipping fork() handlers
I1002 08:49:34.764230 2991825 fork_posix.cc:71] Other threads are currently calling into gRPC, skipping fork() handlers
I1002 08:49:34.804556 2991825 fork_posix.cc:71] Other threads are currently calling into gRPC, skipping fork() handlers
I1002 08:49:34.843956 2991825 fork_posix.cc:71] Other threads are currently calling into gRPC, skipping fork() handlers
I1002 08:49:36.591428 2991825 fork_posix.cc:71] Other threads are currently calling into gRPC, skipping fork() handlers
I1002 08:49:36.634323 2991825 fork_posix.cc:71] Other threads are currently calling into gRPC, skipping fork() handlers
I1002 08:49:36.700835 2991825 fork_posix.cc:71] Other threads are currently calling into gRPC, skipping fork() handlers
I1002 08:49:36.785017 2991825 fork_posix.cc:71] Other threads are currently calling into gRPC, skipping fork() handlers
I1002 08:49:36.843961 2991825 fork_posix.cc:71] Other threads are currently calling into gRPC, skipping fork() handlers
I1002 08:49:36.896982 2991825 fork_posix.cc:71] Other threads are currently calling into gRPC, skipping fork() handlers
I1002 08:49:36.936353 2991825 fork_posix.cc:71] Other threads are currently calling into gRPC, skipping fork() handlers
I1002 08:49:36.995168 2991825 fork_posix.cc:71] Other threads are currently calling into gRPC, skipping fork() handlers
I1002 08:49:37.037345 2991825 fork_posix.cc:71] Other threads are currently calling into gRPC, skipping fork() handlers
/Users/alexy/src/sail-pecan-integrated/.venv/lib/python3.12/site-packages/pyspark/sql/connect/expressions.py:1091: UserWarning: WARN WindowExpression: No Partition Defined for Window operation! Moving all data to a single partition, this can cause serious performance degradation.
  warnings.warn(
I1002 08:49:38.821649 2991825 fork_posix.cc:71] Other threads are currently calling into gRPC, skipping fork() handlers
I1002 08:49:38.867025 2991825 fork_posix.cc:71] Other threads are currently calling into gRPC, skipping fork() handlers
I1002 08:49:38.914047 2991825 fork_posix.cc:71] Other threads are currently calling into gRPC, skipping fork() handlers
I1002 08:49:38.987996 2991825 fork_posix.cc:71] Other threads are currently calling into gRPC, skipping fork() handlers
I1002 08:49:39.059876 2991825 fork_posix.cc:71] Other threads are currently calling into gRPC, skipping fork() handlers
I1002 08:49:39.107183 2991825 fork_posix.cc:71] Other threads are currently calling into gRPC, skipping fork() handlers
I1002 08:49:39.151671 2991825 fork_posix.cc:71] Other threads are currently calling into gRPC, skipping fork() handlers
I1002 08:49:39.234752 2991825 fork_posix.cc:71] Other threads are currently calling into gRPC, skipping fork() handlers
I1002 08:49:39.271465 2991825 fork_posix.cc:71] Other threads are currently calling into gRPC, skipping fork() handlers
I1002 08:49:39.312299 2991825 fork_posix.cc:71] Other threads are currently calling into gRPC, skipping fork() handlers
I1002 08:49:39.346884 2991825 fork_posix.cc:71] Other threads are currently calling into gRPC, skipping fork() handlers
I1002 08:49:41.024899 2991825 fork_posix.cc:71] Other threads are currently calling into gRPC, skipping fork() handlers
I1002 08:49:41.074150 2991825 fork_posix.cc:71] Other threads are currently calling into gRPC, skipping fork() handlers
I1002 08:49:41.123764 2991825 fork_posix.cc:71] Other threads are currently calling into gRPC, skipping fork() handlers
I1002 08:49:41.161622 2991825 fork_posix.cc:71] Other threads are currently calling into gRPC, skipping fork() handlers
I1002 08:49:41.204003 2991825 fork_posix.cc:71] Other threads are currently calling into gRPC, skipping fork() handlers
I1002 08:49:41.236598 2991825 fork_posix.cc:71] Other threads are currently calling into gRPC, skipping fork() handlers
I1002 08:49:41.279123 2991825 fork_posix.cc:71] Other threads are currently calling into gRPC, skipping fork() handlers
I1002 08:49:41.368116 2991825 fork_posix.cc:71] Other threads are currently calling into gRPC, skipping fork() handlers
I1002 08:49:41.415891 2991825 fork_posix.cc:71] Other threads are currently calling into gRPC, skipping fork() handlers
I1002 08:49:41.468005 2991825 fork_posix.cc:71] Other threads are currently calling into gRPC, skipping fork() handlers
I1002 08:49:41.512014 2991825 fork_posix.cc:71] Other threads are currently calling into gRPC, skipping fork() handlers
I1002 08:49:41.546501 2991825 fork_posix.cc:71] Other threads are currently calling into gRPC, skipping fork() handlers
I1002 08:49:41.597825 2991825 fork_posix.cc:71] Other threads are currently calling into gRPC, skipping fork() handlers
I1002 08:49:41.638540 2991825 fork_posix.cc:71] Other threads are currently calling into gRPC, skipping fork() handlers
I1002 08:49:41.679935 2991825 fork_posix.cc:71] Other threads are currently calling into gRPC, skipping fork() handlers
I1002 08:49:41.720147 2991825 fork_posix.cc:71] Other threads are currently calling into gRPC, skipping fork() handlers
I1002 08:49:41.760911 2991825 fork_posix.cc:71] Other threads are currently calling into gRPC, skipping fork() handlers
I1002 08:49:41.799816 2991825 fork_posix.cc:71] Other threads are currently calling into gRPC, skipping fork() handlers
I1002 08:49:41.878628 2991825 fork_posix.cc:71] Other threads are currently calling into gRPC, skipping fork() handlers
I1002 08:49:41.919707 2991825 fork_posix.cc:71] Other threads are currently calling into gRPC, skipping fork() handlers
I1002 08:49:41.958118 2991825 fork_posix.cc:71] Other threads are currently calling into gRPC, skipping fork() handlers
I1002 08:49:41.992593 2991825 fork_posix.cc:71] Other threads are currently calling into gRPC, skipping fork() handlers
I1002 08:49:42.038930 2991825 fork_posix.cc:71] Other threads are currently calling into gRPC, skipping fork() handlers
I1002 08:49:42.110870 2991825 fork_posix.cc:71] Other threads are currently calling into gRPC, skipping fork() handlers
I1002 08:49:42.192129 2991825 fork_posix.cc:71] Other threads are currently calling into gRPC, skipping fork() handlers
I1002 08:49:42.239004 2991825 fork_posix.cc:71] Other threads are currently calling into gRPC, skipping fork() handlers
I1002 08:49:42.280716 2991825 fork_posix.cc:71] Other threads are currently calling into gRPC, skipping fork() handlers
I1002 08:49:42.367020 2991825 fork_posix.cc:71] Other threads are currently calling into gRPC, skipping fork() handlers
I1002 08:49:42.403028 2991825 fork_posix.cc:71] Other threads are currently calling into gRPC, skipping fork() handlers
I1002 08:49:42.443374 2991825 fork_posix.cc:71] Other threads are currently calling into gRPC, skipping fork() handlers
I1002 08:50:00.727242 2991825 fork_posix.cc:71] Other threads are currently calling into gRPC, skipping fork() handlers
I1002 08:50:00.782547 2991825 fork_posix.cc:71] Other threads are currently calling into gRPC, skipping fork() handlers
I1002 08:50:00.851470 2991825 fork_posix.cc:71] Other threads are currently calling into gRPC, skipping fork() handlers
I1002 08:50:00.903323 2991825 fork_posix.cc:71] Other threads are currently calling into gRPC, skipping fork() handlers
I1002 08:50:00.947690 2991825 fork_posix.cc:71] Other threads are currently calling into gRPC, skipping fork() handlers
I1002 08:50:01.034034 2991825 fork_posix.cc:71] Other threads are currently calling into gRPC, skipping fork() handlers
I1002 08:50:01.090698 2991825 fork_posix.cc:71] Other threads are currently calling into gRPC, skipping fork() handlers
I1002 08:50:01.143332 2991825 fork_posix.cc:71] Other threads are currently calling into gRPC, skipping fork() handlers
I1002 08:50:01.192690 2991825 fork_posix.cc:71] Other threads are currently calling into gRPC, skipping fork() handlers
I1002 08:50:01.247609 2991825 fork_posix.cc:71] Other threads are currently calling into gRPC, skipping fork() handlers
I1002 08:50:01.311287 2991825 fork_posix.cc:71] Other threads are currently calling into gRPC, skipping fork() handlers
I1002 08:50:01.361284 2991825 fork_posix.cc:71] Other threads are currently calling into gRPC, skipping fork() handlers
I1002 08:50:01.405055 2991825 fork_posix.cc:71] Other threads are currently calling into gRPC, skipping fork() handlers
I1002 08:50:01.447079 2991825 fork_posix.cc:71] Other threads are currently calling into gRPC, skipping fork() handlers
I1002 08:50:01.510367 2991825 fork_posix.cc:71] Other threads are currently calling into gRPC, skipping fork() handlers
I1002 08:50:01.553823 2991825 fork_posix.cc:71] Other threads are currently calling into gRPC, skipping fork() handlers
I1002 08:50:01.601154 2991825 fork_posix.cc:71] Other threads are currently calling into gRPC, skipping fork() handlers
I1002 08:50:20.947921 2991825 fork_posix.cc:71] Other threads are currently calling into gRPC, skipping fork() handlers
I1002 08:50:20.997332 2991825 fork_posix.cc:71] Other threads are currently calling into gRPC, skipping fork() handlers
I1002 08:50:21.040864 2991825 fork_posix.cc:71] Other threads are currently calling into gRPC, skipping fork() handlers
I1002 08:50:21.087175 2991825 fork_posix.cc:71] Other threads are currently calling into gRPC, skipping fork() handlers
I1002 08:50:21.151027 2991825 fork_posix.cc:71] Other threads are currently calling into gRPC, skipping fork() handlers
I1002 08:50:21.221340 2991825 fork_posix.cc:71] Other threads are currently calling into gRPC, skipping fork() handlers
I1002 08:50:21.273472 2991825 fork_posix.cc:71] Other threads are currently calling into gRPC, skipping fork() handlers
I1002 08:50:21.318430 2991825 fork_posix.cc:71] Other threads are currently calling into gRPC, skipping fork() handlers
I1002 08:50:21.364401 2991825 fork_posix.cc:71] Other threads are currently calling into gRPC, skipping fork() handlers
I1002 08:50:21.459567 2991825 fork_posix.cc:71] Other threads are currently calling into gRPC, skipping fork() handlers
I1002 08:50:21.528235 2991825 fork_posix.cc:71] Other threads are currently calling into gRPC, skipping fork() handlers
I1002 08:50:21.580770 2991825 fork_posix.cc:71] Other threads are currently calling into gRPC, skipping fork() handlers
I1002 08:50:21.713432 2991825 fork_posix.cc:71] Other threads are currently calling into gRPC, skipping fork() handlers
I1002 08:50:21.795140 2991825 fork_posix.cc:71] Other threads are currently calling into gRPC, skipping fork() handlers
I1002 08:50:21.828170 2991825 fork_posix.cc:71] Other threads are currently calling into gRPC, skipping fork() handlers
I1002 08:50:21.858688 2991825 fork_posix.cc:71] Other threads are currently calling into gRPC, skipping fork() handlers
I1002 08:50:21.897198 2991825 fork_posix.cc:71] Other threads are currently calling into gRPC, skipping fork() handlers
I1002 08:50:21.936363 2991825 fork_posix.cc:71] Other threads are currently calling into gRPC, skipping fork() handlers
I1002 08:50:21.976185 2991825 fork_posix.cc:71] Other threads are currently calling into gRPC, skipping fork() handlers
I1002 08:50:22.015736 2991825 fork_posix.cc:71] Other threads are currently calling into gRPC, skipping fork() handlers
I1002 08:50:22.056660 2991825 fork_posix.cc:71] Other threads are currently calling into gRPC, skipping fork() handlers
I1002 08:50:22.092638 2991825 fork_posix.cc:71] Other threads are currently calling into gRPC, skipping fork() handlers
I1002 08:50:22.130909 2991825 fork_posix.cc:71] Other threads are currently calling into gRPC, skipping fork() handlers
I1002 08:50:22.170197 2991825 fork_posix.cc:71] Other threads are currently calling into gRPC, skipping fork() handlers
I1002 08:50:22.210054 2991825 fork_posix.cc:71] Other threads are currently calling into gRPC, skipping fork() handlers
I1002 08:50:22.243538 2991825 fork_posix.cc:71] Other threads are currently calling into gRPC, skipping fork() handlers
I1002 08:50:22.275560 2991825 fork_posix.cc:71] Other threads are currently calling into gRPC, skipping fork() handlers
I1002 08:50:22.315153 2991825 fork_posix.cc:71] Other threads are currently calling into gRPC, skipping fork() handlers
I1002 08:50:22.354808 2991825 fork_posix.cc:71] Other threads are currently calling into gRPC, skipping fork() handlers
I1002 08:50:22.395619 2991825 fork_posix.cc:71] Other threads are currently calling into gRPC, skipping fork() handlers
I1002 08:50:22.428027 2991825 fork_posix.cc:71] Other threads are currently calling into gRPC, skipping fork() handlers
I1002 08:50:22.467367 2991825 fork_posix.cc:71] Other threads are currently calling into gRPC, skipping fork() handlers
I1002 08:50:22.506106 2991825 fork_posix.cc:71] Other threads are currently calling into gRPC, skipping fork() handlers
I1002 08:50:22.545987 2991825 fork_posix.cc:71] Other threads are currently calling into gRPC, skipping fork() handlers
I1002 08:50:22.585597 2991825 fork_posix.cc:71] Other threads are currently calling into gRPC, skipping fork() handlers
I1002 08:50:22.621302 2991825 fork_posix.cc:71] Other threads are currently calling into gRPC, skipping fork() handlers
I1002 08:50:22.660922 2991825 fork_posix.cc:71] Other threads are currently calling into gRPC, skipping fork() handlers
I1002 08:50:22.695041 2991825 fork_posix.cc:71] Other threads are currently calling into gRPC, skipping fork() handlers
I1002 08:50:22.728231 2991825 fork_posix.cc:71] Other threads are currently calling into gRPC, skipping fork() handlers
I1002 08:50:22.758593 2991825 fork_posix.cc:71] Other threads are currently calling into gRPC, skipping fork() handlers
I1002 08:50:22.799129 2991825 fork_posix.cc:71] Other threads are currently calling into gRPC, skipping fork() handlers
I1002 08:50:22.838563 2991825 fork_posix.cc:71] Other threads are currently calling into gRPC, skipping fork() handlers
I1002 08:50:22.878024 2991825 fork_posix.cc:71] Other threads are currently calling into gRPC, skipping fork() handlers
I1002 08:50:22.917521 2991825 fork_posix.cc:71] Other threads are currently calling into gRPC, skipping fork() handlers
I1002 08:50:22.957053 2991825 fork_posix.cc:71] Other threads are currently calling into gRPC, skipping fork() handlers
/Users/alexy/src/sail-pecan-integrated/.venv/lib/python3.12/site-packages/pyspark/sql/connect/expressions.py:1091: UserWarning: WARN WindowExpression: No Partition Defined for Window operation! Moving all data to a single partition, this can cause serious performance degradation.
  warnings.warn(
I1002 08:50:38.467606 2991825 fork_posix.cc:71] Other threads are currently calling into gRPC, skipping fork() handlers
I1002 08:50:38.521508 2991825 fork_posix.cc:71] Other threads are currently calling into gRPC, skipping fork() handlers
I1002 08:50:38.572822 2991825 fork_posix.cc:71] Other threads are currently calling into gRPC, skipping fork() handlers
I1002 08:50:38.621971 2991825 fork_posix.cc:71] Other threads are currently calling into gRPC, skipping fork() handlers
I1002 08:50:38.633631 3105195 ev_poll_posix.cc:587] FD from fork parent still in poll list: fd(9, generation: 1)
I1002 08:50:38.667603 2991825 fork_posix.cc:71] Other threads are currently calling into gRPC, skipping fork() handlers
I1002 08:50:38.712665 2991825 fork_posix.cc:71] Other threads are currently calling into gRPC, skipping fork() handlers
I1002 08:50:38.790336 2991825 fork_posix.cc:71] Other threads are currently calling into gRPC, skipping fork() handlers
I1002 08:50:38.872432 2991825 fork_posix.cc:71] Other threads are currently calling into gRPC, skipping fork() handlers
I1002 08:50:38.926389 2991825 fork_posix.cc:71] Other threads are currently calling into gRPC, skipping fork() handlers
I1002 08:50:38.966683 2991825 fork_posix.cc:71] Other threads are currently calling into gRPC, skipping fork() handlers
I1002 08:50:39.046850 2991825 fork_posix.cc:71] Other threads are currently calling into gRPC, skipping fork() handlers
I1002 08:50:39.139072 2991825 fork_posix.cc:71] Other threads are currently calling into gRPC, skipping fork() handlers
I1002 08:50:39.184832 2991825 fork_posix.cc:71] Other threads are currently calling into gRPC, skipping fork() handlers
I1002 08:50:39.228207 2991825 fork_posix.cc:71] Other threads are currently calling into gRPC, skipping fork() handlers
I1002 08:50:39.264273 2991825 fork_posix.cc:71] Other threads are currently calling into gRPC, skipping fork() handlers
I1002 08:50:39.303538 2991825 fork_posix.cc:71] Other threads are currently calling into gRPC, skipping fork() handlers
I1002 08:50:39.338862 2991825 fork_posix.cc:71] Other threads are currently calling into gRPC, skipping fork() handlers
I1002 08:50:39.384095 2991825 fork_posix.cc:71] Other threads are currently calling into gRPC, skipping fork() handlers
I1002 08:50:39.431196 2991825 fork_posix.cc:71] Other threads are currently calling into gRPC, skipping fork() handlers
I1002 08:50:39.468603 2991825 fork_posix.cc:71] Other threads are currently calling into gRPC, skipping fork() handlers
I1002 08:50:58.753028 2991825 fork_posix.cc:71] Other threads are currently calling into gRPC, skipping fork() handlers
I1002 08:50:58.814395 2991825 fork_posix.cc:71] Other threads are currently calling into gRPC, skipping fork() handlers
I1002 08:50:58.853668 2991825 fork_posix.cc:71] Other threads are currently calling into gRPC, skipping fork() handlers
I1002 08:50:58.907184 2991825 fork_posix.cc:71] Other threads are currently calling into gRPC, skipping fork() handlers
I1002 08:50:58.945021 2991825 fork_posix.cc:71] Other threads are currently calling into gRPC, skipping fork() handlers
I1002 08:50:59.012783 2991825 fork_posix.cc:71] Other threads are currently calling into gRPC, skipping fork() handlers
I1002 08:50:59.096606 2991825 fork_posix.cc:71] Other threads are currently calling into gRPC, skipping fork() handlers
I1002 08:50:59.163190 2991825 fork_posix.cc:71] Other threads are currently calling into gRPC, skipping fork() handlers
I1002 08:50:59.196738 2991825 fork_posix.cc:71] Other threads are currently calling into gRPC, skipping fork() handlers
I1002 08:50:59.242202 2991825 fork_posix.cc:71] Other threads are currently calling into gRPC, skipping fork() handlers
I1002 08:50:59.282882 2991825 fork_posix.cc:71] Other threads are currently calling into gRPC, skipping fork() handlers
I1002 08:50:59.324872 2991825 fork_posix.cc:71] Other threads are currently calling into gRPC, skipping fork() handlers
I1002 08:50:59.375386 2991825 fork_posix.cc:71] Other threads are currently calling into gRPC, skipping fork() handlers
I1002 08:50:59.432046 2991825 fork_posix.cc:71] Other threads are currently calling into gRPC, skipping fork() handlers
I1002 08:50:59.488595 2991825 fork_posix.cc:71] Other threads are currently calling into gRPC, skipping fork() handlers
I1002 08:50:59.537572 2991825 fork_posix.cc:71] Other threads are currently calling into gRPC, skipping fork() handlers
I1002 08:50:59.582326 2991825 fork_posix.cc:71] Other threads are currently calling into gRPC, skipping fork() handlers
I1002 08:50:59.621701 2991825 fork_posix.cc:71] Other threads are currently calling into gRPC, skipping fork() handlers
I1002 08:51:18.890854 2991825 fork_posix.cc:71] Other threads are currently calling into gRPC, skipping fork() handlers
I1002 08:51:18.934961 2991825 fork_posix.cc:71] Other threads are currently calling into gRPC, skipping fork() handlers
I1002 08:51:18.989930 2991825 fork_posix.cc:71] Other threads are currently calling into gRPC, skipping fork() handlers
I1002 08:51:19.036798 2991825 fork_posix.cc:71] Other threads are currently calling into gRPC, skipping fork() handlers
I1002 08:51:19.109996 2991825 fork_posix.cc:71] Other threads are currently calling into gRPC, skipping fork() handlers
I1002 08:51:19.153676 2991825 fork_posix.cc:71] Other threads are currently calling into gRPC, skipping fork() handlers
I1002 08:51:19.217538 2991825 fork_posix.cc:71] Other threads are currently calling into gRPC, skipping fork() handlers
I1002 08:51:19.314861 2991825 fork_posix.cc:71] Other threads are currently calling into gRPC, skipping fork() handlers
I1002 08:51:19.364734 2991825 fork_posix.cc:71] Other threads are currently calling into gRPC, skipping fork() handlers
I1002 08:51:19.406526 2991825 fork_posix.cc:71] Other threads are currently calling into gRPC, skipping fork() handlers
I1002 08:51:19.458170 2991825 fork_posix.cc:71] Other threads are currently calling into gRPC, skipping fork() handlers
I1002 08:51:19.529662 2991825 fork_posix.cc:71] Other threads are currently calling into gRPC, skipping fork() handlers
I1002 08:51:19.662147 2991825 fork_posix.cc:71] Other threads are currently calling into gRPC, skipping fork() handlers
I1002 08:51:19.762829 2991825 fork_posix.cc:71] Other threads are currently calling into gRPC, skipping fork() handlers
I1002 08:51:19.847454 2991825 fork_posix.cc:71] Other threads are currently calling into gRPC, skipping fork() handlers
I1002 08:51:19.889461 2991825 fork_posix.cc:71] Other threads are currently calling into gRPC, skipping fork() handlers
I1002 08:51:19.938321 2991825 fork_posix.cc:71] Other threads are currently calling into gRPC, skipping fork() handlers
I1002 08:51:20.056691 2991825 fork_posix.cc:71] Other threads are currently calling into gRPC, skipping fork() handlers
I1002 08:51:20.095271 2991825 fork_posix.cc:71] Other threads are currently calling into gRPC, skipping fork() handlers
I1002 08:51:20.149138 2991825 fork_posix.cc:71] Other threads are currently calling into gRPC, skipping fork() handlers
I1002 08:51:20.187422 2991825 fork_posix.cc:71] Other threads are currently calling into gRPC, skipping fork() handlers
I1002 08:51:20.316471 2991825 fork_posix.cc:71] Other threads are currently calling into gRPC, skipping fork() handlers
I1002 08:51:20.364612 2991825 fork_posix.cc:71] Other threads are currently calling into gRPC, skipping fork() handlers
I1002 08:51:20.407744 2991825 fork_posix.cc:71] Other threads are currently calling into gRPC, skipping fork() handlers
I1002 08:51:20.490482 2991825 fork_posix.cc:71] Other threads are currently calling into gRPC, skipping fork() handlers
I1002 08:51:20.567183 2991825 fork_posix.cc:71] Other threads are currently calling into gRPC, skipping fork() handlers
I1002 08:51:20.612993 2991825 fork_posix.cc:71] Other threads are currently calling into gRPC, skipping fork() handlers
I1002 08:51:20.660935 2991825 fork_posix.cc:71] Other threads are currently calling into gRPC, skipping fork() handlers
I1002 08:51:20.749083 2991825 fork_posix.cc:71] Other threads are currently calling into gRPC, skipping fork() handlers
I1002 08:51:20.820646 2991825 fork_posix.cc:71] Other threads are currently calling into gRPC, skipping fork() handlers
I1002 08:51:20.876004 2991825 fork_posix.cc:71] Other threads are currently calling into gRPC, skipping fork() handlers
I1002 08:51:20.922661 2991825 fork_posix.cc:71] Other threads are currently calling into gRPC, skipping fork() handlers
I1002 08:51:20.968270 2991825 fork_posix.cc:71] Other threads are currently calling into gRPC, skipping fork() handlers
I1002 08:51:21.008788 2991825 fork_posix.cc:71] Other threads are currently calling into gRPC, skipping fork() handlers
I1002 08:51:36.239985 2991825 fork_posix.cc:71] Other threads are currently calling into gRPC, skipping fork() handlers
I1002 08:51:36.284909 2991825 fork_posix.cc:71] Other threads are currently calling into gRPC, skipping fork() handlers
I1002 08:51:36.333845 2991825 fork_posix.cc:71] Other threads are currently calling into gRPC, skipping fork() handlers
I1002 08:51:36.394030 2991825 fork_posix.cc:71] Other threads are currently calling into gRPC, skipping fork() handlers
I1002 08:51:36.513575 2991825 fork_posix.cc:71] Other threads are currently calling into gRPC, skipping fork() handlers
I1002 08:51:36.612260 2991825 fork_posix.cc:71] Other threads are currently calling into gRPC, skipping fork() handlers
I1002 08:51:36.659064 2991825 fork_posix.cc:71] Other threads are currently calling into gRPC, skipping fork() handlers
I1002 08:51:36.701814 2991825 fork_posix.cc:71] Other threads are currently calling into gRPC, skipping fork() handlers
I1002 08:51:36.745344 2991825 fork_posix.cc:71] Other threads are currently calling into gRPC, skipping fork() handlers
I1002 08:51:36.787810 2991825 fork_posix.cc:71] Other threads are currently calling into gRPC, skipping fork() handlers
I1002 08:51:36.828990 2991825 fork_posix.cc:71] Other threads are currently calling into gRPC, skipping fork() handlers
I1002 08:51:36.876071 2991825 fork_posix.cc:71] Other threads are currently calling into gRPC, skipping fork() handlers
I1002 08:51:36.918944 2991825 fork_posix.cc:71] Other threads are currently calling into gRPC, skipping fork() handlers
I1002 08:51:36.953868 2991825 fork_posix.cc:71] Other threads are currently calling into gRPC, skipping fork() handlers
I1002 08:51:36.994805 2991825 fork_posix.cc:71] Other threads are currently calling into gRPC, skipping fork() handlers
I1002 08:51:37.040441 2991825 fork_posix.cc:71] Other threads are currently calling into gRPC, skipping fork() handlers
I1002 08:51:37.082458 2991825 fork_posix.cc:71] Other threads are currently calling into gRPC, skipping fork() handlers
I1002 08:51:37.132537 2991825 fork_posix.cc:71] Other threads are currently calling into gRPC, skipping fork() handlers
I1002 08:51:37.235645 2991825 fork_posix.cc:71] Other threads are currently calling into gRPC, skipping fork() handlers
I1002 08:51:37.299628 2991825 fork_posix.cc:71] Other threads are currently calling into gRPC, skipping fork() handlers
I1002 08:51:37.390809 2991825 fork_posix.cc:71] Other threads are currently calling into gRPC, skipping fork() handlers
I1002 08:51:37.449631 2991825 fork_posix.cc:71] Other threads are currently calling into gRPC, skipping fork() handlers
I1002 08:51:37.492116 2991825 fork_posix.cc:71] Other threads are currently calling into gRPC, skipping fork() handlers
I1002 08:51:37.546144 2991825 fork_posix.cc:71] Other threads are currently calling into gRPC, skipping fork() handlers
I1002 08:51:37.605375 2991825 fork_posix.cc:71] Other threads are currently calling into gRPC, skipping fork() handlers
I1002 08:51:37.676744 2991825 fork_posix.cc:71] Other threads are currently calling into gRPC, skipping fork() handlers
I1002 08:51:37.725860 2991825 fork_posix.cc:71] Other threads are currently calling into gRPC, skipping fork() handlers
I1002 08:51:37.766014 2991825 fork_posix.cc:71] Other threads are currently calling into gRPC, skipping fork() handlers
I1002 08:51:37.840549 2991825 fork_posix.cc:71] Other threads are currently calling into gRPC, skipping fork() handlers
I1002 08:51:37.888647 2991825 fork_posix.cc:71] Other threads are currently calling into gRPC, skipping fork() handlers
I1002 08:51:37.946772 2991825 fork_posix.cc:71] Other threads are currently calling into gRPC, skipping fork() handlers
I1002 08:51:37.978335 2991825 fork_posix.cc:71] Other threads are currently calling into gRPC, skipping fork() handlers
I1002 08:51:58.626257 2991825 fork_posix.cc:71] Other threads are currently calling into gRPC, skipping fork() handlers
I1002 08:51:58.779078 2991825 fork_posix.cc:71] Other threads are currently calling into gRPC, skipping fork() handlers
I1002 08:51:58.825576 2991825 fork_posix.cc:71] Other threads are currently calling into gRPC, skipping fork() handlers
I1002 08:51:58.863512 2991825 fork_posix.cc:71] Other threads are currently calling into gRPC, skipping fork() handlers
I1002 08:51:58.908414 2991825 fork_posix.cc:71] Other threads are currently calling into gRPC, skipping fork() handlers
I1002 08:51:58.946800 2991825 fork_posix.cc:71] Other threads are currently calling into gRPC, skipping fork() handlers
I1002 08:51:58.994638 2991825 fork_posix.cc:71] Other threads are currently calling into gRPC, skipping fork() handlers
I1002 08:51:59.031263 2991825 fork_posix.cc:71] Other threads are currently calling into gRPC, skipping fork() handlers
I1002 08:51:59.063173 2991825 fork_posix.cc:71] Other threads are currently calling into gRPC, skipping fork() handlers
I1002 08:51:59.102917 2991825 fork_posix.cc:71] Other threads are currently calling into gRPC, skipping fork() handlers
I1002 08:51:59.136807 2991825 fork_posix.cc:71] Other threads are currently calling into gRPC, skipping fork() handlers
I1002 08:51:59.178104 2991825 fork_posix.cc:71] Other threads are currently calling into gRPC, skipping fork() handlers
I1002 08:51:59.217754 2991825 fork_posix.cc:71] Other threads are currently calling into gRPC, skipping fork() handlers
I1002 08:51:59.257612 2991825 fork_posix.cc:71] Other threads are currently calling into gRPC, skipping fork() handlers
I1002 08:51:59.297397 2991825 fork_posix.cc:71] Other threads are currently calling into gRPC, skipping fork() handlers
I1002 08:51:59.337136 2991825 fork_posix.cc:71] Other threads are currently calling into gRPC, skipping fork() handlers
I1002 08:51:59.376881 2991825 fork_posix.cc:71] Other threads are currently calling into gRPC, skipping fork() handlers
I1002 08:51:59.410333 2991825 fork_posix.cc:71] Other threads are currently calling into gRPC, skipping fork() handlers
I1002 08:51:59.451444 2991825 fork_posix.cc:71] Other threads are currently calling into gRPC, skipping fork() handlers
I1002 08:51:59.483168 2991825 fork_posix.cc:71] Other threads are currently calling into gRPC, skipping fork() handlers
I1002 08:51:59.523195 2991825 fork_posix.cc:71] Other threads are currently calling into gRPC, skipping fork() handlers
I1002 08:51:59.557755 2991825 fork_posix.cc:71] Other threads are currently calling into gRPC, skipping fork() handlers
I1002 08:51:59.597447 2991825 fork_posix.cc:71] Other threads are currently calling into gRPC, skipping fork() handlers
I1002 08:51:59.637295 2991825 fork_posix.cc:71] Other threads are currently calling into gRPC, skipping fork() handlers
I1002 08:51:59.678032 2991825 fork_posix.cc:71] Other threads are currently calling into gRPC, skipping fork() handlers
I1002 08:51:59.718748 2991825 fork_posix.cc:71] Other threads are currently calling into gRPC, skipping fork() handlers
I1002 08:51:59.758085 2991825 fork_posix.cc:71] Other threads are currently calling into gRPC, skipping fork() handlers
I1002 08:51:59.792419 2991825 fork_posix.cc:71] Other threads are currently calling into gRPC, skipping fork() handlers
I1002 08:51:59.832189 2991825 fork_posix.cc:71] Other threads are currently calling into gRPC, skipping fork() handlers
I1002 08:51:59.863266 2991825 fork_posix.cc:71] Other threads are currently calling into gRPC, skipping fork() handlers
I1002 08:51:59.902758 2991825 fork_posix.cc:71] Other threads are currently calling into gRPC, skipping fork() handlers
I1002 08:51:59.942120 2991825 fork_posix.cc:71] Other threads are currently calling into gRPC, skipping fork() handlers
I1002 08:51:59.981708 2991825 fork_posix.cc:71] Other threads are currently calling into gRPC, skipping fork() handlers
/Users/alexy/src/sail-pecan-integrated/.venv/lib/python3.12/site-packages/pyspark/sql/connect/expressions.py:1091: UserWarning: WARN WindowExpression: No Partition Defined for Window operation! Moving all data to a single partition, this can cause serious performance degradation.
  warnings.warn(
/Users/alexy/src/sail-pecan-integrated/.venv/lib/python3.12/site-packages/pyspark/sql/connect/expressions.py:1091: UserWarning: WARN WindowExpression: No Partition Defined for Window operation! Moving all data to a single partition, this can cause serious performance degradation.
  warnings.warn(
I1002 08:52:15.396262 2991825 fork_posix.cc:71] Other threads are currently calling into gRPC, skipping fork() handlers
I1002 08:52:15.450650 2991825 fork_posix.cc:71] Other threads are currently calling into gRPC, skipping fork() handlers
I1002 08:52:15.489114 2991825 fork_posix.cc:71] Other threads are currently calling into gRPC, skipping fork() handlers
I1002 08:52:15.534811 2991825 fork_posix.cc:71] Other threads are currently calling into gRPC, skipping fork() handlers
I1002 08:52:15.575253 2991825 fork_posix.cc:71] Other threads are currently calling into gRPC, skipping fork() handlers
I1002 08:52:15.605954 2991825 fork_posix.cc:71] Other threads are currently calling into gRPC, skipping fork() handlers
I1002 08:52:15.636170 2991825 fork_posix.cc:71] Other threads are currently calling into gRPC, skipping fork() handlers
I1002 08:52:15.675541 2991825 fork_posix.cc:71] Other threads are currently calling into gRPC, skipping fork() handlers
I1002 08:52:15.714423 2991825 fork_posix.cc:71] Other threads are currently calling into gRPC, skipping fork() handlers
I1002 08:52:15.748732 2991825 fork_posix.cc:71] Other threads are currently calling into gRPC, skipping fork() handlers
I1002 08:52:15.788817 2991825 fork_posix.cc:71] Other threads are currently calling into gRPC, skipping fork() handlers
I1002 08:52:15.823374 2991825 fork_posix.cc:71] Other threads are currently calling into gRPC, skipping fork() handlers
I1002 08:52:15.855838 2991825 fork_posix.cc:71] Other threads are currently calling into gRPC, skipping fork() handlers
I1002 08:52:15.896528 2991825 fork_posix.cc:71] Other threads are currently calling into gRPC, skipping fork() handlers
I1002 08:52:15.960311 2991825 fork_posix.cc:71] Other threads are currently calling into gRPC, skipping fork() handlers
I1002 08:52:15.991754 2991825 fork_posix.cc:71] Other threads are currently calling into gRPC, skipping fork() handlers
I1002 08:52:16.028028 2991825 fork_posix.cc:71] Other threads are currently calling into gRPC, skipping fork() handlers
I1002 08:52:16.061435 2991825 fork_posix.cc:71] Other threads are currently calling into gRPC, skipping fork() handlers
I1002 08:52:16.100738 2991825 fork_posix.cc:71] Other threads are currently calling into gRPC, skipping fork() handlers
I1002 08:52:16.370730 2991825 fork_posix.cc:71] Other threads are currently calling into gRPC, skipping fork() handlers
I1002 08:52:16.422021 2991825 fork_posix.cc:71] Other threads are currently calling into gRPC, skipping fork() handlers
I1002 08:52:16.465434 2991825 fork_posix.cc:71] Other threads are currently calling into gRPC, skipping fork() handlers
I1002 08:52:16.549129 2991825 fork_posix.cc:71] Other threads are currently calling into gRPC, skipping fork() handlers
I1002 08:52:16.635557 2991825 fork_posix.cc:71] Other threads are currently calling into gRPC, skipping fork() handlers
I1002 08:52:16.682910 2991825 fork_posix.cc:71] Other threads are currently calling into gRPC, skipping fork() handlers
I1002 08:52:16.727530 2991825 fork_posix.cc:71] Other threads are currently calling into gRPC, skipping fork() handlers
I1002 08:52:16.790726 2991825 fork_posix.cc:71] Other threads are currently calling into gRPC, skipping fork() handlers
I1002 08:52:16.844476 2991825 fork_posix.cc:71] Other threads are currently calling into gRPC, skipping fork() handlers
I1002 08:52:16.945747 2991825 fork_posix.cc:71] Other threads are currently calling into gRPC, skipping fork() handlers
I1002 08:52:17.003515 2991825 fork_posix.cc:71] Other threads are currently calling into gRPC, skipping fork() handlers
I1002 08:52:17.050320 2991825 fork_posix.cc:71] Other threads are currently calling into gRPC, skipping fork() handlers
I1002 08:52:17.096186 2991825 fork_posix.cc:71] Other threads are currently calling into gRPC, skipping fork() handlers
I1002 08:52:17.145294 2991825 fork_posix.cc:71] Other threads are currently calling into gRPC, skipping fork() handlers
I1002 08:52:17.151480 3190920 ev_poll_posix.cc:587] FD from fork parent still in poll list: fd(9, generation: 1)
I1002 08:52:17.188177 2991825 fork_posix.cc:71] Other threads are currently calling into gRPC, skipping fork() handlers
I1002 08:52:17.227592 2991825 fork_posix.cc:71] Other threads are currently calling into gRPC, skipping fork() handlers
I1002 08:52:37.079263 2991825 fork_posix.cc:71] Other threads are currently calling into gRPC, skipping fork() handlers
I1002 08:52:37.128581 2991825 fork_posix.cc:71] Other threads are currently calling into gRPC, skipping fork() handlers
I1002 08:52:37.181030 2991825 fork_posix.cc:71] Other threads are currently calling into gRPC, skipping fork() handlers
I1002 08:52:37.230081 2991825 fork_posix.cc:71] Other threads are currently calling into gRPC, skipping fork() handlers
I1002 08:52:37.276095 2991825 fork_posix.cc:71] Other threads are currently calling into gRPC, skipping fork() handlers
I1002 08:52:37.320963 2991825 fork_posix.cc:71] Other threads are currently calling into gRPC, skipping fork() handlers
I1002 08:52:37.359042 2991825 fork_posix.cc:71] Other threads are currently calling into gRPC, skipping fork() handlers
I1002 08:52:37.395397 2991825 fork_posix.cc:71] Other threads are currently calling into gRPC, skipping fork() handlers
I1002 08:52:37.502115 2991825 fork_posix.cc:71] Other threads are currently calling into gRPC, skipping fork() handlers
I1002 08:52:37.571389 2991825 fork_posix.cc:71] Other threads are currently calling into gRPC, skipping fork() handlers
I1002 08:52:37.613284 2991825 fork_posix.cc:71] Other threads are currently calling into gRPC, skipping fork() handlers
I1002 08:52:37.659540 2991825 fork_posix.cc:71] Other threads are currently calling into gRPC, skipping fork() handlers
I1002 08:52:37.708753 2991825 fork_posix.cc:71] Other threads are currently calling into gRPC, skipping fork() handlers
I1002 08:52:37.743588 2991825 fork_posix.cc:71] Other threads are currently calling into gRPC, skipping fork() handlers
I1002 08:52:37.855679 2991825 fork_posix.cc:71] Other threads are currently calling into gRPC, skipping fork() handlers
I1002 08:52:37.916349 2991825 fork_posix.cc:71] Other threads are currently calling into gRPC, skipping fork() handlers
I1002 08:52:37.953982 2991825 fork_posix.cc:71] Other threads are currently calling into gRPC, skipping fork() handlers
I1002 08:52:37.993878 2991825 fork_posix.cc:71] Other threads are currently calling into gRPC, skipping fork() handlers
I1002 08:52:38.036582 2991825 fork_posix.cc:71] Other threads are currently calling into gRPC, skipping fork() handlers
I1002 08:52:38.076201 2991825 fork_posix.cc:71] Other threads are currently calling into gRPC, skipping fork() handlers
I1002 08:52:38.149627 2991825 fork_posix.cc:71] Other threads are currently calling into gRPC, skipping fork() handlers
I1002 08:52:38.190000 2991825 fork_posix.cc:71] Other threads are currently calling into gRPC, skipping fork() handlers
I1002 08:52:38.229652 2991825 fork_posix.cc:71] Other threads are currently calling into gRPC, skipping fork() handlers
I1002 08:52:38.269081 2991825 fork_posix.cc:71] Other threads are currently calling into gRPC, skipping fork() handlers
I1002 08:52:38.335965 2991825 fork_posix.cc:71] Other threads are currently calling into gRPC, skipping fork() handlers
I1002 08:52:38.375456 2991825 fork_posix.cc:71] Other threads are currently calling into gRPC, skipping fork() handlers
I1002 08:52:38.412351 2991825 fork_posix.cc:71] Other threads are currently calling into gRPC, skipping fork() handlers
I1002 08:52:38.447916 2991825 fork_posix.cc:71] Other threads are currently calling into gRPC, skipping fork() handlers
I1002 08:52:38.488653 2991825 fork_posix.cc:71] Other threads are currently calling into gRPC, skipping fork() handlers
I1002 08:52:38.528631 2991825 fork_posix.cc:71] Other threads are currently calling into gRPC, skipping fork() handlers
I1002 08:52:38.563512 2991825 fork_posix.cc:71] Other threads are currently calling into gRPC, skipping fork() handlers
I1002 08:52:38.603487 2991825 fork_posix.cc:71] Other threads are currently calling into gRPC, skipping fork() handlers
I1002 08:52:38.639544 2991825 fork_posix.cc:71] Other threads are currently calling into gRPC, skipping fork() handlers
I1002 08:52:38.678906 2991825 fork_posix.cc:71] Other threads are currently calling into gRPC, skipping fork() handlers
I1002 08:52:38.711352 2991825 fork_posix.cc:71] Other threads are currently calling into gRPC, skipping fork() handlers
I1002 08:52:38.751031 2991825 fork_posix.cc:71] Other threads are currently calling into gRPC, skipping fork() handlers
I1002 08:52:38.790271 2991825 fork_posix.cc:71] Other threads are currently calling into gRPC, skipping fork() handlers
I1002 08:52:38.857929 2991825 fork_posix.cc:71] Other threads are currently calling into gRPC, skipping fork() handlers
I1002 08:52:38.897645 2991825 fork_posix.cc:71] Other threads are currently calling into gRPC, skipping fork() handlers
I1002 08:52:38.928207 2991825 fork_posix.cc:71] Other threads are currently calling into gRPC, skipping fork() handlers
I1002 08:52:38.967649 2991825 fork_posix.cc:71] Other threads are currently calling into gRPC, skipping fork() handlers
I1002 08:52:39.004615 2991825 fork_posix.cc:71] Other threads are currently calling into gRPC, skipping fork() handlers
I1002 08:52:39.037999 2991825 fork_posix.cc:71] Other threads are currently calling into gRPC, skipping fork() handlers
I1002 08:52:39.077171 2991825 fork_posix.cc:71] Other threads are currently calling into gRPC, skipping fork() handlers
/Users/alexy/src/sail-pecan-integrated/.venv/lib/python3.12/site-packages/pyspark/sql/connect/expressions.py:1091: UserWarning: WARN WindowExpression: No Partition Defined for Window operation! Moving all data to a single partition, this can cause serious performance degradation.
  warnings.warn(
I1002 08:52:54.794691 2991825 fork_posix.cc:71] Other threads are currently calling into gRPC, skipping fork() handlers
I1002 08:52:54.841217 2991825 fork_posix.cc:71] Other threads are currently calling into gRPC, skipping fork() handlers
I1002 08:52:54.887266 2991825 fork_posix.cc:71] Other threads are currently calling into gRPC, skipping fork() handlers
I1002 08:52:54.919591 2991825 fork_posix.cc:71] Other threads are currently calling into gRPC, skipping fork() handlers
I1002 08:52:54.971367 2991825 fork_posix.cc:71] Other threads are currently calling into gRPC, skipping fork() handlers
I1002 08:52:55.024760 2991825 fork_posix.cc:71] Other threads are currently calling into gRPC, skipping fork() handlers
I1002 08:52:55.071322 2991825 fork_posix.cc:71] Other threads are currently calling into gRPC, skipping fork() handlers
I1002 08:52:55.120433 2991825 fork_posix.cc:71] Other threads are currently calling into gRPC, skipping fork() handlers
I1002 08:52:55.178043 2991825 fork_posix.cc:71] Other threads are currently calling into gRPC, skipping fork() handlers
I1002 08:52:55.230163 2991825 fork_posix.cc:71] Other threads are currently calling into gRPC, skipping fork() handlers
I1002 08:52:55.283329 2991825 fork_posix.cc:71] Other threads are currently calling into gRPC, skipping fork() handlers
I1002 08:52:55.363361 2991825 fork_posix.cc:71] Other threads are currently calling into gRPC, skipping fork() handlers
I1002 08:52:55.469513 2991825 fork_posix.cc:71] Other threads are currently calling into gRPC, skipping fork() handlers
I1002 08:52:55.553679 2991825 fork_posix.cc:71] Other threads are currently calling into gRPC, skipping fork() handlers
I1002 08:52:55.598670 2991825 fork_posix.cc:71] Other threads are currently calling into gRPC, skipping fork() handlers
I1002 08:52:55.643671 2991825 fork_posix.cc:71] Other threads are currently calling into gRPC, skipping fork() handlers
I1002 08:52:55.680447 2991825 fork_posix.cc:71] Other threads are currently calling into gRPC, skipping fork() handlers
I1002 08:52:55.723924 2991825 fork_posix.cc:71] Other threads are currently calling into gRPC, skipping fork() handlers
I1002 08:52:55.768353 2991825 fork_posix.cc:71] Other threads are currently calling into gRPC, skipping fork() handlers
I1002 08:52:55.824315 2991825 fork_posix.cc:71] Other threads are currently calling into gRPC, skipping fork() handlers
I1002 08:52:55.871347 2991825 fork_posix.cc:71] Other threads are currently calling into gRPC, skipping fork() handlers
I1002 08:52:55.919383 2991825 fork_posix.cc:71] Other threads are currently calling into gRPC, skipping fork() handlers
I1002 08:53:15.604083 2991825 fork_posix.cc:71] Other threads are currently calling into gRPC, skipping fork() handlers
I1002 08:53:15.660649 2991825 fork_posix.cc:71] Other threads are currently calling into gRPC, skipping fork() handlers
I1002 08:53:15.753277 2991825 fork_posix.cc:71] Other threads are currently calling into gRPC, skipping fork() handlers
I1002 08:53:15.855546 2991825 fork_posix.cc:71] Other threads are currently calling into gRPC, skipping fork() handlers
I1002 08:53:15.973703 2991825 fork_posix.cc:71] Other threads are currently calling into gRPC, skipping fork() handlers
I1002 08:53:16.059741 2991825 fork_posix.cc:71] Other threads are currently calling into gRPC, skipping fork() handlers
I1002 08:53:16.122367 2991825 fork_posix.cc:71] Other threads are currently calling into gRPC, skipping fork() handlers
I1002 08:53:16.161927 2991825 fork_posix.cc:71] Other threads are currently calling into gRPC, skipping fork() handlers
I1002 08:53:16.240435 2991825 fork_posix.cc:71] Other threads are currently calling into gRPC, skipping fork() handlers
I1002 08:53:16.356637 2991825 fork_posix.cc:71] Other threads are currently calling into gRPC, skipping fork() handlers
I1002 08:53:16.411460 2991825 fork_posix.cc:71] Other threads are currently calling into gRPC, skipping fork() handlers
I1002 08:53:16.475345 2991825 fork_posix.cc:71] Other threads are currently calling into gRPC, skipping fork() handlers
I1002 08:53:16.525045 2991825 fork_posix.cc:71] Other threads are currently calling into gRPC, skipping fork() handlers
I1002 08:53:16.532627 3243156 ev_poll_posix.cc:587] FD from fork parent still in poll list: fd(9, generation: 1)
I1002 08:53:37.751761 3261763 ev_poll_posix.cc:587] FD from fork parent still in poll list: fd(9, generation: 1)
I1002 08:53:38.450058 2991825 fork_posix.cc:71] Other threads are currently calling into gRPC, skipping fork() handlers
I1002 08:53:38.485191 2991825 fork_posix.cc:71] Other threads are currently calling into gRPC, skipping fork() handlers
I1002 08:53:38.554085 2991825 fork_posix.cc:71] Other threads are currently calling into gRPC, skipping fork() handlers
I1002 08:53:38.608514 2991825 fork_posix.cc:71] Other threads are currently calling into gRPC, skipping fork() handlers
I1002 08:53:38.685680 2991825 fork_posix.cc:71] Other threads are currently calling into gRPC, skipping fork() handlers
I1002 08:53:38.736721 2991825 fork_posix.cc:71] Other threads are currently calling into gRPC, skipping fork() handlers
I1002 08:53:38.792874 2991825 fork_posix.cc:71] Other threads are currently calling into gRPC, skipping fork() handlers
I1002 08:53:38.857077 2991825 fork_posix.cc:71] Other threads are currently calling into gRPC, skipping fork() handlers
I1002 08:53:38.941574 2991825 fork_posix.cc:71] Other threads are currently calling into gRPC, skipping fork() handlers
I1002 08:53:38.991375 2991825 fork_posix.cc:71] Other threads are currently calling into gRPC, skipping fork() handlers
I1002 08:53:39.044278 2991825 fork_posix.cc:71] Other threads are currently calling into gRPC, skipping fork() handlers
I1002 08:53:39.089361 2991825 fork_posix.cc:71] Other threads are currently calling into gRPC, skipping fork() handlers
I1002 08:53:39.163689 2991825 fork_posix.cc:71] Other threads are currently calling into gRPC, skipping fork() handlers
I1002 08:53:39.261957 2991825 fork_posix.cc:71] Other threads are currently calling into gRPC, skipping fork() handlers
I1002 08:53:39.353589 2991825 fork_posix.cc:71] Other threads are currently calling into gRPC, skipping fork() handlers
I1002 08:53:39.424839 2991825 fork_posix.cc:71] Other threads are currently calling into gRPC, skipping fork() handlers
I1002 08:53:39.492626 2991825 fork_posix.cc:71] Other threads are currently calling into gRPC, skipping fork() handlers
I1002 08:53:39.547311 2991825 fork_posix.cc:71] Other threads are currently calling into gRPC, skipping fork() handlers
I1002 08:53:39.631486 2991825 fork_posix.cc:71] Other threads are currently calling into gRPC, skipping fork() handlers
I1002 08:53:39.680348 2991825 fork_posix.cc:71] Other threads are currently calling into gRPC, skipping fork() handlers
I1002 08:53:39.765794 2991825 fork_posix.cc:71] Other threads are currently calling into gRPC, skipping fork() handlers
I1002 08:53:39.835990 2991825 fork_posix.cc:71] Other threads are currently calling into gRPC, skipping fork() handlers
I1002 08:53:39.909028 2991825 fork_posix.cc:71] Other threads are currently calling into gRPC, skipping fork() handlers
I1002 08:53:39.959463 2991825 fork_posix.cc:71] Other threads are currently calling into gRPC, skipping fork() handlers
I1002 08:53:40.020268 2991825 fork_posix.cc:71] Other threads are currently calling into gRPC, skipping fork() handlers
I1002 08:53:40.063933 2991825 fork_posix.cc:71] Other threads are currently calling into gRPC, skipping fork() handlers
I1002 08:53:40.105332 2991825 fork_posix.cc:71] Other threads are currently calling into gRPC, skipping fork() handlers
I1002 08:53:40.152086 2991825 fork_posix.cc:71] Other threads are currently calling into gRPC, skipping fork() handlers
I1002 08:53:40.195469 2991825 fork_posix.cc:71] Other threads are currently calling into gRPC, skipping fork() handlers
I1002 08:53:40.242110 2991825 fork_posix.cc:71] Other threads are currently calling into gRPC, skipping fork() handlers
I1002 08:53:40.276810 2991825 fork_posix.cc:71] Other threads are currently calling into gRPC, skipping fork() handlers
I1002 08:53:40.313325 2991825 fork_posix.cc:71] Other threads are currently calling into gRPC, skipping fork() handlers
I1002 08:53:40.361512 2991825 fork_posix.cc:71] Other threads are currently calling into gRPC, skipping fork() handlers
I1002 08:53:40.424617 2991825 fork_posix.cc:71] Other threads are currently calling into gRPC, skipping fork() handlers
I1002 08:53:40.469846 2991825 fork_posix.cc:71] Other threads are currently calling into gRPC, skipping fork() handlers
I1002 08:53:40.531840 2991825 fork_posix.cc:71] Other threads are currently calling into gRPC, skipping fork() handlers
I1002 08:53:40.577069 2991825 fork_posix.cc:71] Other threads are currently calling into gRPC, skipping fork() handlers
I1002 08:53:40.611603 2991825 fork_posix.cc:71] Other threads are currently calling into gRPC, skipping fork() handlers
I1002 08:53:57.646306 2991825 fork_posix.cc:71] Other threads are currently calling into gRPC, skipping fork() handlers
I1002 08:53:57.706345 2991825 fork_posix.cc:71] Other threads are currently calling into gRPC, skipping fork() handlers
I1002 08:53:57.758589 2991825 fork_posix.cc:71] Other threads are currently calling into gRPC, skipping fork() handlers
I1002 08:53:57.868913 2991825 fork_posix.cc:71] Other threads are currently calling into gRPC, skipping fork() handlers
I1002 08:53:57.920809 2991825 fork_posix.cc:71] Other threads are currently calling into gRPC, skipping fork() handlers
I1002 08:53:57.989511 2991825 fork_posix.cc:71] Other threads are currently calling into gRPC, skipping fork() handlers
I1002 08:53:58.038009 2991825 fork_posix.cc:71] Other threads are currently calling into gRPC, skipping fork() handlers
I1002 08:53:58.106477 2991825 fork_posix.cc:71] Other threads are currently calling into gRPC, skipping fork() handlers
I1002 08:53:58.204568 2991825 fork_posix.cc:71] Other threads are currently calling into gRPC, skipping fork() handlers
I1002 08:53:58.262798 2991825 fork_posix.cc:71] Other threads are currently calling into gRPC, skipping fork() handlers
I1002 08:53:58.302921 2991825 fork_posix.cc:71] Other threads are currently calling into gRPC, skipping fork() handlers
I1002 08:53:58.360636 2991825 fork_posix.cc:71] Other threads are currently calling into gRPC, skipping fork() handlers
I1002 08:53:58.421895 2991825 fork_posix.cc:71] Other threads are currently calling into gRPC, skipping fork() handlers
I1002 08:53:58.494748 2991825 fork_posix.cc:71] Other threads are currently calling into gRPC, skipping fork() handlers
I1002 08:53:58.557859 2991825 fork_posix.cc:71] Other threads are currently calling into gRPC, skipping fork() handlers
I1002 08:53:58.629380 2991825 fork_posix.cc:71] Other threads are currently calling into gRPC, skipping fork() handlers
I1002 08:53:58.677964 2991825 fork_posix.cc:71] Other threads are currently calling into gRPC, skipping fork() handlers
I1002 08:53:58.729000 2991825 fork_posix.cc:71] Other threads are currently calling into gRPC, skipping fork() handlers
I1002 08:53:58.770295 2991825 fork_posix.cc:71] Other threads are currently calling into gRPC, skipping fork() handlers
I1002 08:53:58.778070 3278906 ev_poll_posix.cc:587] FD from fork parent still in poll list: fd(9, generation: 1)
I1002 08:53:58.819028 2991825 fork_posix.cc:71] Other threads are currently calling into gRPC, skipping fork() handlers
I1002 08:53:58.880241 2991825 fork_posix.cc:71] Other threads are currently calling into gRPC, skipping fork() handlers
I1002 08:53:58.936319 2991825 fork_posix.cc:71] Other threads are currently calling into gRPC, skipping fork() handlers
I1002 08:53:59.009841 2991825 fork_posix.cc:71] Other threads are currently calling into gRPC, skipping fork() handlers
I1002 08:53:59.075054 2991825 fork_posix.cc:71] Other threads are currently calling into gRPC, skipping fork() handlers
I1002 08:53:59.136465 2991825 fork_posix.cc:71] Other threads are currently calling into gRPC, skipping fork() handlers
I1002 08:53:59.176833 2991825 fork_posix.cc:71] Other threads are currently calling into gRPC, skipping fork() handlers
I1002 08:53:59.227885 2991825 fork_posix.cc:71] Other threads are currently calling into gRPC, skipping fork() handlers
I1002 08:53:59.265609 2991825 fork_posix.cc:71] Other threads are currently calling into gRPC, skipping fork() handlers
I1002 08:53:59.299726 2991825 fork_posix.cc:71] Other threads are currently calling into gRPC, skipping fork() handlers
I1002 08:53:59.334615 2991825 fork_posix.cc:71] Other threads are currently calling into gRPC, skipping fork() handlers
I1002 08:53:59.368921 2991825 fork_posix.cc:71] Other threads are currently calling into gRPC, skipping fork() handlers
I1002 08:53:59.439653 2991825 fork_posix.cc:71] Other threads are currently calling into gRPC, skipping fork() handlers
I1002 08:54:08.603969 3287427 ev_poll_posix.cc:587] FD from fork parent still in poll list: fd(9, generation: 1)
I1002 08:54:19.535839 2991825 fork_posix.cc:71] Other threads are currently calling into gRPC, skipping fork() handlers
I1002 08:54:19.679420 2991825 fork_posix.cc:71] Other threads are currently calling into gRPC, skipping fork() handlers
I1002 08:54:19.750331 2991825 fork_posix.cc:71] Other threads are currently calling into gRPC, skipping fork() handlers
I1002 08:54:19.792763 2991825 fork_posix.cc:71] Other threads are currently calling into gRPC, skipping fork() handlers
I1002 08:54:19.840669 2991825 fork_posix.cc:71] Other threads are currently calling into gRPC, skipping fork() handlers
I1002 08:54:19.881591 2991825 fork_posix.cc:71] Other threads are currently calling into gRPC, skipping fork() handlers
I1002 08:54:19.923371 2991825 fork_posix.cc:71] Other threads are currently calling into gRPC, skipping fork() handlers
I1002 08:54:19.955828 2991825 fork_posix.cc:71] Other threads are currently calling into gRPC, skipping fork() handlers
I1002 08:54:19.995467 2991825 fork_posix.cc:71] Other threads are currently calling into gRPC, skipping fork() handlers
I1002 08:54:20.035789 2991825 fork_posix.cc:71] Other threads are currently calling into gRPC, skipping fork() handlers
I1002 08:54:20.072218 2991825 fork_posix.cc:71] Other threads are currently calling into gRPC, skipping fork() handlers
I1002 08:54:20.110859 2991825 fork_posix.cc:71] Other threads are currently calling into gRPC, skipping fork() handlers
I1002 08:54:20.184536 2991825 fork_posix.cc:71] Other threads are currently calling into gRPC, skipping fork() handlers
I1002 08:54:20.223734 2991825 fork_posix.cc:71] Other threads are currently calling into gRPC, skipping fork() handlers
I1002 08:54:20.255246 2991825 fork_posix.cc:71] Other threads are currently calling into gRPC, skipping fork() handlers
I1002 08:54:20.292070 2991825 fork_posix.cc:71] Other threads are currently calling into gRPC, skipping fork() handlers
I1002 08:54:20.331619 2991825 fork_posix.cc:71] Other threads are currently calling into gRPC, skipping fork() handlers
I1002 08:54:20.369979 2991825 fork_posix.cc:71] Other threads are currently calling into gRPC, skipping fork() handlers
I1002 08:54:20.401002 2991825 fork_posix.cc:71] Other threads are currently calling into gRPC, skipping fork() handlers
I1002 08:54:20.440608 2991825 fork_posix.cc:71] Other threads are currently calling into gRPC, skipping fork() handlers
I1002 08:54:20.480125 2991825 fork_posix.cc:71] Other threads are currently calling into gRPC, skipping fork() handlers
I1002 08:54:20.521347 2991825 fork_posix.cc:71] Other threads are currently calling into gRPC, skipping fork() handlers
I1002 08:54:20.560730 2991825 fork_posix.cc:71] Other threads are currently calling into gRPC, skipping fork() handlers
I1002 08:54:20.594695 2991825 fork_posix.cc:71] Other threads are currently calling into gRPC, skipping fork() handlers
I1002 08:54:20.664821 2991825 fork_posix.cc:71] Other threads are currently calling into gRPC, skipping fork() handlers
I1002 08:54:20.704484 2991825 fork_posix.cc:71] Other threads are currently calling into gRPC, skipping fork() handlers
I1002 08:54:20.744320 2991825 fork_posix.cc:71] Other threads are currently calling into gRPC, skipping fork() handlers
I1002 08:54:20.783955 2991825 fork_posix.cc:71] Other threads are currently calling into gRPC, skipping fork() handlers
I1002 08:54:20.823302 2991825 fork_posix.cc:71] Other threads are currently calling into gRPC, skipping fork() handlers
/Users/alexy/src/sail-pecan-integrated/.venv/lib/python3.12/site-packages/pyspark/sql/connect/expressions.py:1091: UserWarning: WARN WindowExpression: No Partition Defined for Window operation! Moving all data to a single partition, this can cause serious performance degradation.
  warnings.warn(
I1002 08:54:36.362764 2991825 fork_posix.cc:71] Other threads are currently calling into gRPC, skipping fork() handlers
I1002 08:54:36.427100 2991825 fork_posix.cc:71] Other threads are currently calling into gRPC, skipping fork() handlers
I1002 08:54:36.480515 2991825 fork_posix.cc:71] Other threads are currently calling into gRPC, skipping fork() handlers
I1002 08:54:36.536173 2991825 fork_posix.cc:71] Other threads are currently calling into gRPC, skipping fork() handlers
I1002 08:54:36.575488 2991825 fork_posix.cc:71] Other threads are currently calling into gRPC, skipping fork() handlers
I1002 08:54:36.614791 2991825 fork_posix.cc:71] Other threads are currently calling into gRPC, skipping fork() handlers
I1002 08:54:36.653990 2991825 fork_posix.cc:71] Other threads are currently calling into gRPC, skipping fork() handlers
I1002 08:54:36.692796 2991825 fork_posix.cc:71] Other threads are currently calling into gRPC, skipping fork() handlers
I1002 08:54:36.728018 2991825 fork_posix.cc:71] Other threads are currently calling into gRPC, skipping fork() handlers
I1002 08:54:36.758698 2991825 fork_posix.cc:71] Other threads are currently calling into gRPC, skipping fork() handlers
I1002 08:54:36.794399 2991825 fork_posix.cc:71] Other threads are currently calling into gRPC, skipping fork() handlers
I1002 08:54:36.833777 2991825 fork_posix.cc:71] Other threads are currently calling into gRPC, skipping fork() handlers
I1002 08:54:36.873071 2991825 fork_posix.cc:71] Other threads are currently calling into gRPC, skipping fork() handlers
I1002 08:54:36.907408 2991825 fork_posix.cc:71] Other threads are currently calling into gRPC, skipping fork() handlers
I1002 08:54:36.947173 2991825 fork_posix.cc:71] Other threads are currently calling into gRPC, skipping fork() handlers
I1002 08:54:37.020579 2991825 fork_posix.cc:71] Other threads are currently calling into gRPC, skipping fork() handlers
I1002 08:54:37.055305 2991825 fork_posix.cc:71] Other threads are currently calling into gRPC, skipping fork() handlers
I1002 08:54:37.298024 2991825 fork_posix.cc:71] Other threads are currently calling into gRPC, skipping fork() handlers
I1002 08:54:37.352464 2991825 fork_posix.cc:71] Other threads are currently calling into gRPC, skipping fork() handlers
I1002 08:54:37.401464 2991825 fork_posix.cc:71] Other threads are currently calling into gRPC, skipping fork() handlers
I1002 08:54:37.446643 2991825 fork_posix.cc:71] Other threads are currently calling into gRPC, skipping fork() handlers
I1002 08:54:37.519048 2991825 fork_posix.cc:71] Other threads are currently calling into gRPC, skipping fork() handlers
I1002 08:54:37.623521 2991825 fork_posix.cc:71] Other threads are currently calling into gRPC, skipping fork() handlers
I1002 08:54:37.710137 2991825 fork_posix.cc:71] Other threads are currently calling into gRPC, skipping fork() handlers
I1002 08:54:37.775559 2991825 fork_posix.cc:71] Other threads are currently calling into gRPC, skipping fork() handlers
I1002 08:54:37.821681 2991825 fork_posix.cc:71] Other threads are currently calling into gRPC, skipping fork() handlers
I1002 08:54:37.892900 2991825 fork_posix.cc:71] Other threads are currently calling into gRPC, skipping fork() handlers
I1002 08:54:37.982803 2991825 fork_posix.cc:71] Other threads are currently calling into gRPC, skipping fork() handlers
I1002 08:54:38.020782 2991825 fork_posix.cc:71] Other threads are currently calling into gRPC, skipping fork() handlers
I1002 08:54:38.061246 2991825 fork_posix.cc:71] Other threads are currently calling into gRPC, skipping fork() handlers
I1002 08:54:38.095629 2991825 fork_posix.cc:71] Other threads are currently calling into gRPC, skipping fork() handlers
I1002 08:54:38.129687 2991825 fork_posix.cc:71] Other threads are currently calling into gRPC, skipping fork() handlers
I1002 08:54:38.166678 2991825 fork_posix.cc:71] Other threads are currently calling into gRPC, skipping fork() handlers
I1002 08:54:57.375493 2991825 fork_posix.cc:71] Other threads are currently calling into gRPC, skipping fork() handlers
I1002 08:54:57.426297 2991825 fork_posix.cc:71] Other threads are currently calling into gRPC, skipping fork() handlers
I1002 08:54:57.472929 2991825 fork_posix.cc:71] Other threads are currently calling into gRPC, skipping fork() handlers
I1002 08:54:57.520997 2991825 fork_posix.cc:71] Other threads are currently calling into gRPC, skipping fork() handlers
I1002 08:54:57.569303 2991825 fork_posix.cc:71] Other threads are currently calling into gRPC, skipping fork() handlers
I1002 08:54:57.610932 2991825 fork_posix.cc:71] Other threads are currently calling into gRPC, skipping fork() handlers
I1002 08:54:57.654627 2991825 fork_posix.cc:71] Other threads are currently calling into gRPC, skipping fork() handlers
I1002 08:54:57.701660 2991825 fork_posix.cc:71] Other threads are currently calling into gRPC, skipping fork() handlers
I1002 08:54:57.743782 2991825 fork_posix.cc:71] Other threads are currently calling into gRPC, skipping fork() handlers
I1002 08:54:57.786377 2991825 fork_posix.cc:71] Other threads are currently calling into gRPC, skipping fork() handlers
I1002 08:54:57.837424 2991825 fork_posix.cc:71] Other threads are currently calling into gRPC, skipping fork() handlers
I1002 08:54:57.871253 2991825 fork_posix.cc:71] Other threads are currently calling into gRPC, skipping fork() handlers
I1002 08:54:57.922198 2991825 fork_posix.cc:71] Other threads are currently calling into gRPC, skipping fork() handlers
I1002 08:54:57.972471 2991825 fork_posix.cc:71] Other threads are currently calling into gRPC, skipping fork() handlers
I1002 08:54:58.135362 2991825 fork_posix.cc:71] Other threads are currently calling into gRPC, skipping fork() handlers
I1002 08:54:58.214721 2991825 fork_posix.cc:71] Other threads are currently calling into gRPC, skipping fork() handlers
I1002 08:54:58.253115 2991825 fork_posix.cc:71] Other threads are currently calling into gRPC, skipping fork() handlers
I1002 08:54:58.288284 2991825 fork_posix.cc:71] Other threads are currently calling into gRPC, skipping fork() handlers
I1002 08:54:58.322566 2991825 fork_posix.cc:71] Other threads are currently calling into gRPC, skipping fork() handlers
I1002 08:54:58.353440 2991825 fork_posix.cc:71] Other threads are currently calling into gRPC, skipping fork() handlers
I1002 08:54:58.393086 2991825 fork_posix.cc:71] Other threads are currently calling into gRPC, skipping fork() handlers
I1002 08:54:58.432605 2991825 fork_posix.cc:71] Other threads are currently calling into gRPC, skipping fork() handlers
I1002 08:54:58.472747 2991825 fork_posix.cc:71] Other threads are currently calling into gRPC, skipping fork() handlers
I1002 08:54:58.512028 2991825 fork_posix.cc:71] Other threads are currently calling into gRPC, skipping fork() handlers
I1002 08:54:58.546306 2991825 fork_posix.cc:71] Other threads are currently calling into gRPC, skipping fork() handlers
I1002 08:54:58.577489 2991825 fork_posix.cc:71] Other threads are currently calling into gRPC, skipping fork() handlers
I1002 08:54:58.613211 2991825 fork_posix.cc:71] Other threads are currently calling into gRPC, skipping fork() handlers
I1002 08:54:58.652789 2991825 fork_posix.cc:71] Other threads are currently calling into gRPC, skipping fork() handlers
I1002 08:54:58.692488 2991825 fork_posix.cc:71] Other threads are currently calling into gRPC, skipping fork() handlers
I1002 08:54:58.732347 2991825 fork_posix.cc:71] Other threads are currently calling into gRPC, skipping fork() handlers
I1002 08:54:58.772507 2991825 fork_posix.cc:71] Other threads are currently calling into gRPC, skipping fork() handlers
I1002 08:54:58.846230 2991825 fork_posix.cc:71] Other threads are currently calling into gRPC, skipping fork() handlers
I1002 08:54:58.876642 2991825 fork_posix.cc:71] Other threads are currently calling into gRPC, skipping fork() handlers
I1002 08:54:58.916210 2991825 fork_posix.cc:71] Other threads are currently calling into gRPC, skipping fork() handlers
I1002 08:54:58.949349 2991825 fork_posix.cc:71] Other threads are currently calling into gRPC, skipping fork() handlers
I1002 08:54:58.988066 2991825 fork_posix.cc:71] Other threads are currently calling into gRPC, skipping fork() handlers
I1002 08:54:59.027859 2991825 fork_posix.cc:71] Other threads are currently calling into gRPC, skipping fork() handlers
I1002 08:54:59.067371 2991825 fork_posix.cc:71] Other threads are currently calling into gRPC, skipping fork() handlers
I1002 08:54:59.131579 2991825 fork_posix.cc:71] Other threads are currently calling into gRPC, skipping fork() handlers
I1002 08:54:59.171345 2991825 fork_posix.cc:71] Other threads are currently calling into gRPC, skipping fork() handlers
I1002 08:54:59.210742 2991825 fork_posix.cc:71] Other threads are currently calling into gRPC, skipping fork() handlers
I1002 08:54:59.250114 2991825 fork_posix.cc:71] Other threads are currently calling into gRPC, skipping fork() handlers
I1002 08:54:59.289851 2991825 fork_posix.cc:71] Other threads are currently calling into gRPC, skipping fork() handlers
I1002 08:54:59.329628 2991825 fork_posix.cc:71] Other threads are currently calling into gRPC, skipping fork() handlers
I1002 08:54:59.361531 2991825 fork_posix.cc:71] Other threads are currently calling into gRPC, skipping fork() handlers
/Users/alexy/src/sail-pecan-integrated/.venv/lib/python3.12/site-packages/pyspark/sql/connect/expressions.py:1091: UserWarning: WARN WindowExpression: No Partition Defined for Window operation! Moving all data to a single partition, this can cause serious performance degradation.
  warnings.warn(
/Users/alexy/src/sail-pecan-integrated/.venv/lib/python3.12/site-packages/pyspark/sql/connect/expressions.py:1091: UserWarning: WARN WindowExpression: No Partition Defined for Window operation! Moving all data to a single partition, this can cause serious performance degradation.
  warnings.warn(
I1002 08:55:15.173697 2991825 fork_posix.cc:71] Other threads are currently calling into gRPC, skipping fork() handlers
I1002 08:55:15.225024 2991825 fork_posix.cc:71] Other threads are currently calling into gRPC, skipping fork() handlers
I1002 08:55:15.285072 2991825 fork_posix.cc:71] Other threads are currently calling into gRPC, skipping fork() handlers
I1002 08:55:15.340340 2991825 fork_posix.cc:71] Other threads are currently calling into gRPC, skipping fork() handlers
I1002 08:55:15.385749 2991825 fork_posix.cc:71] Other threads are currently calling into gRPC, skipping fork() handlers
I1002 08:55:15.432836 2991825 fork_posix.cc:71] Other threads are currently calling into gRPC, skipping fork() handlers
I1002 08:55:15.484457 2991825 fork_posix.cc:71] Other threads are currently calling into gRPC, skipping fork() handlers
I1002 08:55:15.572373 2991825 fork_posix.cc:71] Other threads are currently calling into gRPC, skipping fork() handlers
I1002 08:55:15.623852 2991825 fork_posix.cc:71] Other threads are currently calling into gRPC, skipping fork() handlers
I1002 08:55:15.706495 2991825 fork_posix.cc:71] Other threads are currently calling into gRPC, skipping fork() handlers
I1002 08:55:15.801421 2991825 fork_posix.cc:71] Other threads are currently calling into gRPC, skipping fork() handlers
I1002 08:55:15.905133 2991825 fork_posix.cc:71] Other threads are currently calling into gRPC, skipping fork() handlers
I1002 08:55:15.955941 2991825 fork_posix.cc:71] Other threads are currently calling into gRPC, skipping fork() handlers
I1002 08:55:15.997907 2991825 fork_posix.cc:71] Other threads are currently calling into gRPC, skipping fork() handlers
I1002 08:55:16.059063 2991825 fork_posix.cc:71] Other threads are currently calling into gRPC, skipping fork() handlers
I1002 08:55:16.113937 2991825 fork_posix.cc:71] Other threads are currently calling into gRPC, skipping fork() handlers
I1002 08:55:16.154273 2991825 fork_posix.cc:71] Other threads are currently calling into gRPC, skipping fork() handlers
I1002 08:55:16.206775 2991825 fork_posix.cc:71] Other threads are currently calling into gRPC, skipping fork() handlers
I1002 08:55:16.250613 2991825 fork_posix.cc:71] Other threads are currently calling into gRPC, skipping fork() handlers
I1002 08:55:35.961353 2991825 fork_posix.cc:71] Other threads are currently calling into gRPC, skipping fork() handlers
I1002 08:55:36.007314 2991825 fork_posix.cc:71] Other threads are currently calling into gRPC, skipping fork() handlers
I1002 08:55:36.059342 2991825 fork_posix.cc:71] Other threads are currently calling into gRPC, skipping fork() handlers
I1002 08:55:36.107213 2991825 fork_posix.cc:71] Other threads are currently calling into gRPC, skipping fork() handlers
I1002 08:55:36.155022 2991825 fork_posix.cc:71] Other threads are currently calling into gRPC, skipping fork() handlers
I1002 08:55:36.231874 2991825 fork_posix.cc:71] Other threads are currently calling into gRPC, skipping fork() handlers
I1002 08:55:36.320622 2991825 fork_posix.cc:71] Other threads are currently calling into gRPC, skipping fork() handlers
I1002 08:55:36.390694 2991825 fork_posix.cc:71] Other threads are currently calling into gRPC, skipping fork() handlers
I1002 08:55:36.452327 2991825 fork_posix.cc:71] Other threads are currently calling into gRPC, skipping fork() handlers
I1002 08:55:36.520311 2991825 fork_posix.cc:71] Other threads are currently calling into gRPC, skipping fork() handlers
I1002 08:55:36.580521 2991825 fork_posix.cc:71] Other threads are currently calling into gRPC, skipping fork() handlers
I1002 08:55:36.679610 2991825 fork_posix.cc:71] Other threads are currently calling into gRPC, skipping fork() handlers
I1002 08:55:36.719985 2991825 fork_posix.cc:71] Other threads are currently calling into gRPC, skipping fork() handlers
I1002 08:55:36.779627 2991825 fork_posix.cc:71] Other threads are currently calling into gRPC, skipping fork() handlers
I1002 08:55:36.824568 2991825 fork_posix.cc:71] Other threads are currently calling into gRPC, skipping fork() handlers
I1002 08:55:36.874278 2991825 fork_posix.cc:71] Other threads are currently calling into gRPC, skipping fork() handlers
I1002 08:55:56.642905 2991825 fork_posix.cc:71] Other threads are currently calling into gRPC, skipping fork() handlers
I1002 08:55:56.721882 2991825 fork_posix.cc:71] Other threads are currently calling into gRPC, skipping fork() handlers
I1002 08:55:56.781837 2991825 fork_posix.cc:71] Other threads are currently calling into gRPC, skipping fork() handlers
I1002 08:55:56.896447 2991825 fork_posix.cc:71] Other threads are currently calling into gRPC, skipping fork() handlers
I1002 08:55:56.980959 2991825 fork_posix.cc:71] Other threads are currently calling into gRPC, skipping fork() handlers
I1002 08:55:57.044230 2991825 fork_posix.cc:71] Other threads are currently calling into gRPC, skipping fork() handlers
I1002 08:55:57.102326 2991825 fork_posix.cc:71] Other threads are currently calling into gRPC, skipping fork() handlers
I1002 08:55:57.156012 2991825 fork_posix.cc:71] Other threads are currently calling into gRPC, skipping fork() handlers
I1002 08:55:57.204909 2991825 fork_posix.cc:71] Other threads are currently calling into gRPC, skipping fork() handlers
I1002 08:55:57.245422 2991825 fork_posix.cc:71] Other threads are currently calling into gRPC, skipping fork() handlers
I1002 08:55:57.288714 2991825 fork_posix.cc:71] Other threads are currently calling into gRPC, skipping fork() handlers
I1002 08:55:57.352193 2991825 fork_posix.cc:71] Other threads are currently calling into gRPC, skipping fork() handlers
I1002 08:55:57.409922 2991825 fork_posix.cc:71] Other threads are currently calling into gRPC, skipping fork() handlers
I1002 08:55:57.496887 2991825 fork_posix.cc:71] Other threads are currently calling into gRPC, skipping fork() handlers
I1002 08:55:57.556784 2991825 fork_posix.cc:71] Other threads are currently calling into gRPC, skipping fork() handlers
I1002 08:55:57.626254 2991825 fork_posix.cc:71] Other threads are currently calling into gRPC, skipping fork() handlers
I1002 08:55:57.701582 2991825 fork_posix.cc:71] Other threads are currently calling into gRPC, skipping fork() handlers
I1002 08:55:57.757921 2991825 fork_posix.cc:71] Other threads are currently calling into gRPC, skipping fork() handlers
I1002 08:55:57.826311 2991825 fork_posix.cc:71] Other threads are currently calling into gRPC, skipping fork() handlers
I1002 08:55:57.906406 2991825 fork_posix.cc:71] Other threads are currently calling into gRPC, skipping fork() handlers
I1002 08:55:57.979558 2991825 fork_posix.cc:71] Other threads are currently calling into gRPC, skipping fork() handlers
I1002 08:55:58.038128 2991825 fork_posix.cc:71] Other threads are currently calling into gRPC, skipping fork() handlers
I1002 08:55:58.101599 2991825 fork_posix.cc:71] Other threads are currently calling into gRPC, skipping fork() handlers
I1002 08:55:58.236744 2991825 fork_posix.cc:71] Other threads are currently calling into gRPC, skipping fork() handlers
I1002 08:55:58.339180 2991825 fork_posix.cc:71] Other threads are currently calling into gRPC, skipping fork() handlers
I1002 08:55:58.389150 2991825 fork_posix.cc:71] Other threads are currently calling into gRPC, skipping fork() handlers
I1002 08:55:58.437830 2991825 fork_posix.cc:71] Other threads are currently calling into gRPC, skipping fork() handlers
I1002 08:55:58.506225 2991825 fork_posix.cc:71] Other threads are currently calling into gRPC, skipping fork() handlers
I1002 08:55:58.549117 2991825 fork_posix.cc:71] Other threads are currently calling into gRPC, skipping fork() handlers
I1002 08:55:58.600372 2991825 fork_posix.cc:71] Other threads are currently calling into gRPC, skipping fork() handlers
I1002 08:55:58.663751 2991825 fork_posix.cc:71] Other threads are currently calling into gRPC, skipping fork() handlers
I1002 08:55:58.714561 2991825 fork_posix.cc:71] Other threads are currently calling into gRPC, skipping fork() handlers
I1002 08:55:58.756107 2991825 fork_posix.cc:71] Other threads are currently calling into gRPC, skipping fork() handlers
I1002 08:55:58.801261 2991825 fork_posix.cc:71] Other threads are currently calling into gRPC, skipping fork() handlers
I1002 08:55:58.837948 2991825 fork_posix.cc:71] Other threads are currently calling into gRPC, skipping fork() handlers
I1002 08:55:58.871657 2991805 fork_posix.cc:71] Other threads are currently calling into gRPC, skipping fork() handlers
I1002 08:56:15.108968 2991825 fork_posix.cc:71] Other threads are currently calling into gRPC, skipping fork() handlers
I1002 08:56:15.161407 2991825 fork_posix.cc:71] Other threads are currently calling into gRPC, skipping fork() handlers
I1002 08:56:15.215624 2991825 fork_posix.cc:71] Other threads are currently calling into gRPC, skipping fork() handlers
I1002 08:56:15.271578 2991825 fork_posix.cc:71] Other threads are currently calling into gRPC, skipping fork() handlers
I1002 08:56:15.341280 2991825 fork_posix.cc:71] Other threads are currently calling into gRPC, skipping fork() handlers
I1002 08:56:15.386778 2991825 fork_posix.cc:71] Other threads are currently calling into gRPC, skipping fork() handlers
I1002 08:56:15.423423 2991825 fork_posix.cc:71] Other threads are currently calling into gRPC, skipping fork() handlers
I1002 08:56:15.459506 2991825 fork_posix.cc:71] Other threads are currently calling into gRPC, skipping fork() handlers
I1002 08:56:15.505357 2991825 fork_posix.cc:71] Other threads are currently calling into gRPC, skipping fork() handlers
I1002 08:56:15.552992 2991825 fork_posix.cc:71] Other threads are currently calling into gRPC, skipping fork() handlers
I1002 08:56:15.590972 2991825 fork_posix.cc:71] Other threads are currently calling into gRPC, skipping fork() handlers
I1002 08:56:15.649700 2991825 fork_posix.cc:71] Other threads are currently calling into gRPC, skipping fork() handlers
I1002 08:56:15.733226 2991825 fork_posix.cc:71] Other threads are currently calling into gRPC, skipping fork() handlers
I1002 08:56:15.782171 2991825 fork_posix.cc:71] Other threads are currently calling into gRPC, skipping fork() handlers
I1002 08:56:15.826028 2991825 fork_posix.cc:71] Other threads are currently calling into gRPC, skipping fork() handlers
I1002 08:56:15.879123 2991825 fork_posix.cc:71] Other threads are currently calling into gRPC, skipping fork() handlers
I1002 08:56:15.975822 2991825 fork_posix.cc:71] Other threads are currently calling into gRPC, skipping fork() handlers
I1002 08:56:16.020175 2991825 fork_posix.cc:71] Other threads are currently calling into gRPC, skipping fork() handlers
I1002 08:56:16.062715 2991825 fork_posix.cc:71] Other threads are currently calling into gRPC, skipping fork() handlers
I1002 08:56:16.101110 2991825 fork_posix.cc:71] Other threads are currently calling into gRPC, skipping fork() handlers
I1002 08:56:16.143966 2991825 fork_posix.cc:71] Other threads are currently calling into gRPC, skipping fork() handlers
I1002 08:56:16.180436 2991825 fork_posix.cc:71] Other threads are currently calling into gRPC, skipping fork() handlers
I1002 08:56:16.218534 2991825 fork_posix.cc:71] Other threads are currently calling into gRPC, skipping fork() handlers
I1002 08:56:16.266500 2991825 fork_posix.cc:71] Other threads are currently calling into gRPC, skipping fork() handlers
I1002 08:56:16.349729 2991825 fork_posix.cc:71] Other threads are currently calling into gRPC, skipping fork() handlers
I1002 08:56:16.395364 2991825 fork_posix.cc:71] Other threads are currently calling into gRPC, skipping fork() handlers
I1002 08:56:16.436468 2991825 fork_posix.cc:71] Other threads are currently calling into gRPC, skipping fork() handlers
I1002 08:56:16.473511 2991825 fork_posix.cc:71] Other threads are currently calling into gRPC, skipping fork() handlers
I1002 08:56:16.514339 2991825 fork_posix.cc:71] Other threads are currently calling into gRPC, skipping fork() handlers
I1002 08:56:16.555794 2991825 fork_posix.cc:71] Other threads are currently calling into gRPC, skipping fork() handlers
I1002 08:56:16.595203 2991825 fork_posix.cc:71] Other threads are currently calling into gRPC, skipping fork() handlers
I1002 08:56:16.640983 2991825 fork_posix.cc:71] Other threads are currently calling into gRPC, skipping fork() handlers
I1002 08:56:16.701756 2991825 fork_posix.cc:71] Other threads are currently calling into gRPC, skipping fork() handlers
I1002 08:56:16.762531 2991825 fork_posix.cc:71] Other threads are currently calling into gRPC, skipping fork() handlers
I1002 08:56:16.803805 2991825 fork_posix.cc:71] Other threads are currently calling into gRPC, skipping fork() handlers
I1002 08:56:16.844156 2991825 fork_posix.cc:71] Other threads are currently calling into gRPC, skipping fork() handlers
I1002 08:56:16.886649 2991825 fork_posix.cc:71] Other threads are currently calling into gRPC, skipping fork() handlers
I1002 08:56:16.924281 2991825 fork_posix.cc:71] Other threads are currently calling into gRPC, skipping fork() handlers
I1002 08:56:16.957882 2991825 fork_posix.cc:71] Other threads are currently calling into gRPC, skipping fork() handlers
I1002 08:56:38.905449 2991825 fork_posix.cc:71] Other threads are currently calling into gRPC, skipping fork() handlers
I1002 08:56:39.034614 2991825 fork_posix.cc:71] Other threads are currently calling into gRPC, skipping fork() handlers
I1002 08:56:39.089520 2991825 fork_posix.cc:71] Other threads are currently calling into gRPC, skipping fork() handlers
I1002 08:56:39.128980 2991825 fork_posix.cc:71] Other threads are currently calling into gRPC, skipping fork() handlers
I1002 08:56:39.176083 2991825 fork_posix.cc:71] Other threads are currently calling into gRPC, skipping fork() handlers
I1002 08:56:39.224901 2991825 fork_posix.cc:71] Other threads are currently calling into gRPC, skipping fork() handlers
I1002 08:56:39.263770 2991825 fork_posix.cc:71] Other threads are currently calling into gRPC, skipping fork() handlers
I1002 08:56:39.297117 2991825 fork_posix.cc:71] Other threads are currently calling into gRPC, skipping fork() handlers
I1002 08:56:39.336884 2991825 fork_posix.cc:71] Other threads are currently calling into gRPC, skipping fork() handlers
I1002 08:56:39.369192 2991825 fork_posix.cc:71] Other threads are currently calling into gRPC, skipping fork() handlers
I1002 08:56:39.409713 2991825 fork_posix.cc:71] Other threads are currently calling into gRPC, skipping fork() handlers
I1002 08:56:39.450114 2991825 fork_posix.cc:71] Other threads are currently calling into gRPC, skipping fork() handlers
I1002 08:56:39.489765 2991825 fork_posix.cc:71] Other threads are currently calling into gRPC, skipping fork() handlers
I1002 08:56:39.522019 2991825 fork_posix.cc:71] Other threads are currently calling into gRPC, skipping fork() handlers
I1002 08:56:39.562321 2991825 fork_posix.cc:71] Other threads are currently calling into gRPC, skipping fork() handlers
I1002 08:56:39.601881 2991825 fork_posix.cc:71] Other threads are currently calling into gRPC, skipping fork() handlers
I1002 08:56:39.634098 2991825 fork_posix.cc:71] Other threads are currently calling into gRPC, skipping fork() handlers
I1002 08:56:39.673847 2991825 fork_posix.cc:71] Other threads are currently calling into gRPC, skipping fork() handlers
I1002 08:56:39.706212 2991825 fork_posix.cc:71] Other threads are currently calling into gRPC, skipping fork() handlers
I1002 08:56:39.739626 2991825 fork_posix.cc:71] Other threads are currently calling into gRPC, skipping fork() handlers
I1002 08:56:39.813097 2991825 fork_posix.cc:71] Other threads are currently calling into gRPC, skipping fork() handlers
I1002 08:56:39.852687 2991825 fork_posix.cc:71] Other threads are currently calling into gRPC, skipping fork() handlers
I1002 08:56:39.893643 2991825 fork_posix.cc:71] Other threads are currently calling into gRPC, skipping fork() handlers
I1002 08:56:39.933147 2991825 fork_posix.cc:71] Other threads are currently calling into gRPC, skipping fork() handlers
I1002 08:56:39.969697 2991825 fork_posix.cc:71] Other threads are currently calling into gRPC, skipping fork() handlers
I1002 08:56:40.004811 2991825 fork_posix.cc:71] Other threads are currently calling into gRPC, skipping fork() handlers
I1002 08:56:40.038125 2991825 fork_posix.cc:71] Other threads are currently calling into gRPC, skipping fork() handlers
I1002 08:56:40.068879 2991825 fork_posix.cc:71] Other threads are currently calling into gRPC, skipping fork() handlers
I1002 08:56:40.098533 2991825 fork_posix.cc:71] Other threads are currently calling into gRPC, skipping fork() handlers
I1002 08:56:40.137921 2991825 fork_posix.cc:71] Other threads are currently calling into gRPC, skipping fork() handlers
I1002 08:56:40.169963 2991825 fork_posix.cc:71] Other threads are currently calling into gRPC, skipping fork() handlers
I1002 08:56:40.200269 2991825 fork_posix.cc:71] Other threads are currently calling into gRPC, skipping fork() handlers
/Users/alexy/src/sail-pecan-integrated/.venv/lib/python3.12/site-packages/pyspark/sql/connect/expressions.py:1091: UserWarning: WARN WindowExpression: No Partition Defined for Window operation! Moving all data to a single partition, this can cause serious performance degradation.
  warnings.warn(
I1002 08:56:55.783467 2991825 fork_posix.cc:71] Other threads are currently calling into gRPC, skipping fork() handlers
I1002 08:56:55.869487 2991825 fork_posix.cc:71] Other threads are currently calling into gRPC, skipping fork() handlers
I1002 08:56:55.910724 2991825 fork_posix.cc:71] Other threads are currently calling into gRPC, skipping fork() handlers
I1002 08:56:55.950267 2991825 fork_posix.cc:71] Other threads are currently calling into gRPC, skipping fork() handlers
I1002 08:56:55.984483 2991825 fork_posix.cc:71] Other threads are currently calling into gRPC, skipping fork() handlers
I1002 08:56:56.017724 2991825 fork_posix.cc:71] Other threads are currently calling into gRPC, skipping fork() handlers
I1002 08:56:56.057156 2991825 fork_posix.cc:71] Other threads are currently calling into gRPC, skipping fork() handlers
I1002 08:56:56.096063 2991825 fork_posix.cc:71] Other threads are currently calling into gRPC, skipping fork() handlers
I1002 08:56:56.135448 2991825 fork_posix.cc:71] Other threads are currently calling into gRPC, skipping fork() handlers
I1002 08:56:56.170051 2991825 fork_posix.cc:71] Other threads are currently calling into gRPC, skipping fork() handlers
I1002 08:56:56.203523 2991825 fork_posix.cc:71] Other threads are currently calling into gRPC, skipping fork() handlers
I1002 08:56:56.243190 2991825 fork_posix.cc:71] Other threads are currently calling into gRPC, skipping fork() handlers
I1002 08:56:56.273894 2991825 fork_posix.cc:71] Other threads are currently calling into gRPC, skipping fork() handlers
I1002 08:56:56.305382 2991825 fork_posix.cc:71] Other threads are currently calling into gRPC, skipping fork() handlers
I1002 08:56:56.345201 2991825 fork_posix.cc:71] Other threads are currently calling into gRPC, skipping fork() handlers
I1002 08:56:56.380612 2991825 fork_posix.cc:71] Other threads are currently calling into gRPC, skipping fork() handlers
I1002 08:56:56.419703 2991825 fork_posix.cc:71] Other threads are currently calling into gRPC, skipping fork() handlers
I1002 08:56:56.784213 2991825 fork_posix.cc:71] Other threads are currently calling into gRPC, skipping fork() handlers
I1002 08:56:58.712166 2991825 fork_posix.cc:71] Other threads are currently calling into gRPC, skipping fork() handlers
I1002 08:56:58.756342 2991825 fork_posix.cc:71] Other threads are currently calling into gRPC, skipping fork() handlers
I1002 08:57:01.264207 2991825 fork_posix.cc:71] Other threads are currently calling into gRPC, skipping fork() handlers
I1002 08:57:01.304733 2991825 fork_posix.cc:71] Other threads are currently calling into gRPC, skipping fork() handlers
I1002 08:57:01.377399 2991825 fork_posix.cc:71] Other threads are currently calling into gRPC, skipping fork() handlers
I1002 08:57:01.420977 2991825 fork_posix.cc:71] Other threads are currently calling into gRPC, skipping fork() handlers
/Users/alexy/src/sail-pecan-integrated/.venv/lib/python3.12/site-packages/pyspark/sql/connect/expressions.py:1091: UserWarning: WARN WindowExpression: No Partition Defined for Window operation! Moving all data to a single partition, this can cause serious performance degradation.
  warnings.warn(
I1002 08:57:03.480463 2991825 fork_posix.cc:71] Other threads are currently calling into gRPC, skipping fork() handlers
I1002 08:57:03.553783 2991825 fork_posix.cc:71] Other threads are currently calling into gRPC, skipping fork() handlers
I1002 08:57:03.600152 2991825 fork_posix.cc:71] Other threads are currently calling into gRPC, skipping fork() handlers
I1002 08:57:03.645014 2991825 fork_posix.cc:71] Other threads are currently calling into gRPC, skipping fork() handlers
I1002 08:57:03.689236 2991825 fork_posix.cc:71] Other threads are currently calling into gRPC, skipping fork() handlers
I1002 08:57:03.740800 2991825 fork_posix.cc:71] Other threads are currently calling into gRPC, skipping fork() handlers
I1002 08:57:03.783276 2991825 fork_posix.cc:71] Other threads are currently calling into gRPC, skipping fork() handlers
/Users/alexy/src/sail-pecan-integrated/.venv/lib/python3.12/site-packages/pyspark/sql/connect/expressions.py:1091: UserWarning: WARN WindowExpression: No Partition Defined for Window operation! Moving all data to a single partition, this can cause serious performance degradation.
  warnings.warn(
I1002 08:57:06.010293 2991825 fork_posix.cc:71] Other threads are currently calling into gRPC, skipping fork() handlers
/Users/alexy/src/sail-pecan-integrated/.venv/lib/python3.12/site-packages/pyspark/sql/connect/expressions.py:1091: UserWarning: WARN WindowExpression: No Partition Defined for Window operation! Moving all data to a single partition, this can cause serious performance degradation.
  warnings.warn(
I1002 08:57:06.064945 2991825 fork_posix.cc:71] Other threads are currently calling into gRPC, skipping fork() handlers
I1002 08:57:06.117940 2991825 fork_posix.cc:71] Other threads are currently calling into gRPC, skipping fork() handlers
I1002 08:57:06.156033 2991825 fork_posix.cc:71] Other threads are currently calling into gRPC, skipping fork() handlers
I1002 08:57:06.196763 2991825 fork_posix.cc:71] Other threads are currently calling into gRPC, skipping fork() handlers
I1002 08:57:06.237742 2991825 fork_posix.cc:71] Other threads are currently calling into gRPC, skipping fork() handlers
I1002 08:57:06.279375 2991825 fork_posix.cc:71] Other threads are currently calling into gRPC, skipping fork() handlers
I1002 08:57:06.323916 2991825 fork_posix.cc:71] Other threads are currently calling into gRPC, skipping fork() handlers
I1002 08:57:06.367443 2991825 fork_posix.cc:71] Other threads are currently calling into gRPC, skipping fork() handlers
I1002 08:57:06.411891 2991825 fork_posix.cc:71] Other threads are currently calling into gRPC, skipping fork() handlers
I1002 08:57:06.456429 2991825 fork_posix.cc:71] Other threads are currently calling into gRPC, skipping fork() handlers
I1002 08:57:06.639898 3441997 ev_poll_posix.cc:587] FD from fork parent still in poll list: fd(9, generation: 1)
I1002 08:57:09.510914 2991825 fork_posix.cc:71] Other threads are currently calling into gRPC, skipping fork() handlers
I1002 08:57:09.563601 2991825 fork_posix.cc:71] Other threads are currently calling into gRPC, skipping fork() handlers
I1002 08:57:09.616266 2991825 fork_posix.cc:71] Other threads are currently calling into gRPC, skipping fork() handlers
I1002 08:57:09.678322 2991825 fork_posix.cc:71] Other threads are currently calling into gRPC, skipping fork() handlers
I1002 08:57:09.720915 2991825 fork_posix.cc:71] Other threads are currently calling into gRPC, skipping fork() handlers
I1002 08:57:09.768871 2991825 fork_posix.cc:71] Other threads are currently calling into gRPC, skipping fork() handlers
I1002 08:57:09.821571 2991825 fork_posix.cc:71] Other threads are currently calling into gRPC, skipping fork() handlers
I1002 08:57:09.872168 2991825 fork_posix.cc:71] Other threads are currently calling into gRPC, skipping fork() handlers
I1002 08:57:09.918875 2991825 fork_posix.cc:71] Other threads are currently calling into gRPC, skipping fork() handlers
I1002 08:57:09.963787 2991825 fork_posix.cc:71] Other threads are currently calling into gRPC, skipping fork() handlers
I1002 08:57:10.010660 2991825 fork_posix.cc:71] Other threads are currently calling into gRPC, skipping fork() handlers
I1002 08:57:10.064068 2991825 fork_posix.cc:71] Other threads are currently calling into gRPC, skipping fork() handlers
I1002 08:57:10.124386 2991825 fork_posix.cc:71] Other threads are currently calling into gRPC, skipping fork() handlers
I1002 08:57:10.178990 2991825 fork_posix.cc:71] Other threads are currently calling into gRPC, skipping fork() handlers
I1002 08:57:10.219328 2991825 fork_posix.cc:71] Other threads are currently calling into gRPC, skipping fork() handlers
I1002 08:57:10.257434 2991825 fork_posix.cc:71] Other threads are currently calling into gRPC, skipping fork() handlers
I1002 08:57:10.300472 2991825 fork_posix.cc:71] Other threads are currently calling into gRPC, skipping fork() handlers
I1002 08:57:10.335234 2991825 fork_posix.cc:71] Other threads are currently calling into gRPC, skipping fork() handlers
I1002 08:57:10.376190 2991825 fork_posix.cc:71] Other threads are currently calling into gRPC, skipping fork() handlers
I1002 08:57:10.418922 2991825 fork_posix.cc:71] Other threads are currently calling into gRPC, skipping fork() handlers
I1002 08:57:10.456149 2991825 fork_posix.cc:71] Other threads are currently calling into gRPC, skipping fork() handlers
I1002 08:57:10.503220 2991825 fork_posix.cc:71] Other threads are currently calling into gRPC, skipping fork() handlers
I1002 08:57:10.544865 2991825 fork_posix.cc:71] Other threads are currently calling into gRPC, skipping fork() handlers
I1002 08:57:10.586099 2991825 fork_posix.cc:71] Other threads are currently calling into gRPC, skipping fork() handlers
I1002 08:57:10.619444 2991825 fork_posix.cc:71] Other threads are currently calling into gRPC, skipping fork() handlers
I1002 08:57:10.663743 2991825 fork_posix.cc:71] Other threads are currently calling into gRPC, skipping fork() handlers
I1002 08:57:10.709898 2991825 fork_posix.cc:71] Other threads are currently calling into gRPC, skipping fork() handlers
I1002 08:57:10.744893 2991825 fork_posix.cc:71] Other threads are currently calling into gRPC, skipping fork() handlers
I1002 08:57:10.787593 2991825 fork_posix.cc:71] Other threads are currently calling into gRPC, skipping fork() handlers
I1002 08:57:10.827576 2991825 fork_posix.cc:71] Other threads are currently calling into gRPC, skipping fork() handlers
I1002 08:57:10.864403 2991825 fork_posix.cc:71] Other threads are currently calling into gRPC, skipping fork() handlers
I1002 08:57:10.908619 2991825 fork_posix.cc:71] Other threads are currently calling into gRPC, skipping fork() handlers
I1002 08:57:10.945450 2991825 fork_posix.cc:71] Other threads are currently calling into gRPC, skipping fork() handlers
I1002 08:57:10.977604 2991825 fork_posix.cc:71] Other threads are currently calling into gRPC, skipping fork() handlers
I1002 08:57:11.022111 2991825 fork_posix.cc:71] Other threads are currently calling into gRPC, skipping fork() handlers
I1002 08:57:11.057784 2991825 fork_posix.cc:71] Other threads are currently calling into gRPC, skipping fork() handlers
I1002 08:57:11.103205 2991825 fork_posix.cc:71] Other threads are currently calling into gRPC, skipping fork() handlers
I1002 08:57:11.142827 2991825 fork_posix.cc:71] Other threads are currently calling into gRPC, skipping fork() handlers
I1002 08:57:11.187905 2991825 fork_posix.cc:71] Other threads are currently calling into gRPC, skipping fork() handlers
I1002 08:57:11.221608 2991825 fork_posix.cc:71] Other threads are currently calling into gRPC, skipping fork() handlers
I1002 08:57:11.263218 2991825 fork_posix.cc:71] Other threads are currently calling into gRPC, skipping fork() handlers
I1002 08:57:11.396498 3445280 ev_poll_posix.cc:587] FD from fork parent still in poll list: fd(9, generation: 1)
I1002 08:57:13.059956 3446493 ev_poll_posix.cc:587] FD from fork parent still in poll list: fd(9, generation: 1)
I1002 08:57:13.679255 3447019 ev_poll_posix.cc:587] FD from fork parent still in poll list: fd(9, generation: 1)
I1002 08:57:13.847389 3447248 ev_poll_posix.cc:587] FD from fork parent still in poll list: fd(9, generation: 1)
/Users/alexy/src/sail-pecan-integrated/.venv/lib/python3.12/site-packages/pyspark/sql/connect/expressions.py:1091: UserWarning: WARN WindowExpression: No Partition Defined for Window operation! Moving all data to a single partition, this can cause serious performance degradation.
  warnings.warn(
I1002 08:57:40.813689 2991825 fork_posix.cc:71] Other threads are currently calling into gRPC, skipping fork() handlers
I1002 08:57:40.861416 2991825 fork_posix.cc:71] Other threads are currently calling into gRPC, skipping fork() handlers
I1002 08:57:40.898417 2991825 fork_posix.cc:71] Other threads are currently calling into gRPC, skipping fork() handlers
I1002 08:57:40.941256 2991825 fork_posix.cc:71] Other threads are currently calling into gRPC, skipping fork() handlers
/Users/alexy/src/sail-pecan-integrated/.venv/lib/python3.12/site-packages/pyspark/sql/connect/expressions.py:1091: UserWarning: WARN WindowExpression: No Partition Defined for Window operation! Moving all data to a single partition, this can cause serious performance degradation.
  warnings.warn(
I1002 08:57:42.704220 2991825 fork_posix.cc:71] Other threads are currently calling into gRPC, skipping fork() handlers
I1002 08:57:42.739098 2991825 fork_posix.cc:71] Other threads are currently calling into gRPC, skipping fork() handlers
I1002 08:57:42.778875 2991825 fork_posix.cc:71] Other threads are currently calling into gRPC, skipping fork() handlers
I1002 08:57:42.811263 2991825 fork_posix.cc:71] Other threads are currently calling into gRPC, skipping fork() handlers
I1002 08:57:42.868511 2991825 fork_posix.cc:71] Other threads are currently calling into gRPC, skipping fork() handlers
I1002 08:57:42.910316 2991825 fork_posix.cc:71] Other threads are currently calling into gRPC, skipping fork() handlers
I1002 08:57:44.723107 2991825 fork_posix.cc:71] Other threads are currently calling into gRPC, skipping fork() handlers
I1002 08:57:44.768095 2991825 fork_posix.cc:71] Other threads are currently calling into gRPC, skipping fork() handlers
I1002 08:57:44.820123 2991825 fork_posix.cc:71] Other threads are currently calling into gRPC, skipping fork() handlers
I1002 08:57:44.868637 2991825 fork_posix.cc:71] Other threads are currently calling into gRPC, skipping fork() handlers
I1002 08:57:44.908994 2991825 fork_posix.cc:71] Other threads are currently calling into gRPC, skipping fork() handlers
I1002 08:57:44.943653 2991825 fork_posix.cc:71] Other threads are currently calling into gRPC, skipping fork() handlers
I1002 08:57:44.979968 2991825 fork_posix.cc:71] Other threads are currently calling into gRPC, skipping fork() handlers
I1002 08:57:45.035732 2991825 fork_posix.cc:71] Other threads are currently calling into gRPC, skipping fork() handlers
I1002 08:57:45.076502 2991825 fork_posix.cc:71] Other threads are currently calling into gRPC, skipping fork() handlers
I1002 08:57:45.117718 2991825 fork_posix.cc:71] Other threads are currently calling into gRPC, skipping fork() handlers
I1002 08:57:45.158213 2991825 fork_posix.cc:71] Other threads are currently calling into gRPC, skipping fork() handlers
I1002 08:57:45.190648 2991825 fork_posix.cc:71] Other threads are currently calling into gRPC, skipping fork() handlers
I1002 08:57:45.228074 2991825 fork_posix.cc:71] Other threads are currently calling into gRPC, skipping fork() handlers
I1002 08:57:45.259522 2991825 fork_posix.cc:71] Other threads are currently calling into gRPC, skipping fork() handlers
I1002 08:57:45.291803 2991825 fork_posix.cc:71] Other threads are currently calling into gRPC, skipping fork() handlers
I1002 08:57:45.332623 2991825 fork_posix.cc:71] Other threads are currently calling into gRPC, skipping fork() handlers
I1002 08:57:45.363952 2991825 fork_posix.cc:71] Other threads are currently calling into gRPC, skipping fork() handlers
I1002 08:57:45.403812 2991825 fork_posix.cc:71] Other threads are currently calling into gRPC, skipping fork() handlers
I1002 08:57:45.434913 2991825 fork_posix.cc:71] Other threads are currently calling into gRPC, skipping fork() handlers
I1002 08:57:45.470737 2991825 fork_posix.cc:71] Other threads are currently calling into gRPC, skipping fork() handlers
I1002 08:57:45.511957 2991825 fork_posix.cc:71] Other threads are currently calling into gRPC, skipping fork() handlers
I1002 08:57:45.554599 2991825 fork_posix.cc:71] Other threads are currently calling into gRPC, skipping fork() handlers
I1002 08:57:45.594963 2991825 fork_posix.cc:71] Other threads are currently calling into gRPC, skipping fork() handlers
I1002 08:57:45.635761 2991825 fork_posix.cc:71] Other threads are currently calling into gRPC, skipping fork() handlers
I1002 08:57:45.670784 2991825 fork_posix.cc:71] Other threads are currently calling into gRPC, skipping fork() handlers
I1002 08:57:45.701918 2991825 fork_posix.cc:71] Other threads are currently calling into gRPC, skipping fork() handlers
I1002 08:57:45.736038 2991825 fork_posix.cc:71] Other threads are currently calling into gRPC, skipping fork() handlers
I1002 08:57:45.768457 2991825 fork_posix.cc:71] Other threads are currently calling into gRPC, skipping fork() handlers
I1002 08:57:45.798421 2991825 fork_posix.cc:71] Other threads are currently calling into gRPC, skipping fork() handlers
I1002 08:57:45.835352 2991825 fork_posix.cc:71] Other threads are currently calling into gRPC, skipping fork() handlers
I1002 08:57:45.874892 2991825 fork_posix.cc:71] Other threads are currently calling into gRPC, skipping fork() handlers
I1002 08:57:45.914475 2991825 fork_posix.cc:71] Other threads are currently calling into gRPC, skipping fork() handlers
I1002 08:57:45.953858 2991825 fork_posix.cc:71] Other threads are currently calling into gRPC, skipping fork() handlers
I1002 08:57:45.992417 2991825 fork_posix.cc:71] Other threads are currently calling into gRPC, skipping fork() handlers
/Users/alexy/src/sail-pecan-integrated/.venv/lib/python3.12/site-packages/pyspark/sql/connect/expressions.py:1091: UserWarning: WARN WindowExpression: No Partition Defined for Window operation! Moving all data to a single partition, this can cause serious performance degradation.
  warnings.warn(
I1002 08:58:02.164768 2991825 fork_posix.cc:71] Other threads are currently calling into gRPC, skipping fork() handlers
/Users/alexy/src/sail-pecan-integrated/.venv/lib/python3.12/site-packages/pyspark/sql/connect/expressions.py:1091: UserWarning: WARN WindowExpression: No Partition Defined for Window operation! Moving all data to a single partition, this can cause serious performance degradation.
  warnings.warn(
I1002 08:58:02.204837 2991825 fork_posix.cc:71] Other threads are currently calling into gRPC, skipping fork() handlers
I1002 08:58:02.248879 2991825 fork_posix.cc:71] Other threads are currently calling into gRPC, skipping fork() handlers
I1002 08:58:02.289152 2991825 fork_posix.cc:71] Other threads are currently calling into gRPC, skipping fork() handlers
I1002 08:58:02.324422 2991825 fork_posix.cc:71] Other threads are currently calling into gRPC, skipping fork() handlers
/Users/alexy/src/sail-pecan-integrated/.venv/lib/python3.12/site-packages/pyspark/sql/connect/expressions.py:1091: UserWarning: WARN WindowExpression: No Partition Defined for Window operation! Moving all data to a single partition, this can cause serious performance degradation.
  warnings.warn(
I1002 08:58:04.193857 2991825 fork_posix.cc:71] Other threads are currently calling into gRPC, skipping fork() handlers
I1002 08:58:04.234889 2991825 fork_posix.cc:71] Other threads are currently calling into gRPC, skipping fork() handlers
I1002 08:58:04.303961 2991825 fork_posix.cc:71] Other threads are currently calling into gRPC, skipping fork() handlers
I1002 08:58:04.396399 2991825 fork_posix.cc:71] Other threads are currently calling into gRPC, skipping fork() handlers
I1002 08:58:06.205152 2991825 fork_posix.cc:71] Other threads are currently calling into gRPC, skipping fork() handlers
I1002 08:58:06.292862 2991825 fork_posix.cc:71] Other threads are currently calling into gRPC, skipping fork() handlers
I1002 08:58:06.355708 2991825 fork_posix.cc:71] Other threads are currently calling into gRPC, skipping fork() handlers
I1002 08:58:06.394048 2991825 fork_posix.cc:71] Other threads are currently calling into gRPC, skipping fork() handlers
I1002 08:58:06.458094 2991825 fork_posix.cc:71] Other threads are currently calling into gRPC, skipping fork() handlers
I1002 08:58:06.530925 2991825 fork_posix.cc:71] Other threads are currently calling into gRPC, skipping fork() handlers
I1002 08:58:06.570156 2991825 fork_posix.cc:71] Other threads are currently calling into gRPC, skipping fork() handlers
I1002 08:58:06.603074 2991825 fork_posix.cc:71] Other threads are currently calling into gRPC, skipping fork() handlers
I1002 08:58:06.636782 2991825 fork_posix.cc:71] Other threads are currently calling into gRPC, skipping fork() handlers
I1002 08:58:06.671396 2991825 fork_posix.cc:71] Other threads are currently calling into gRPC, skipping fork() handlers
I1002 08:58:06.710870 2991825 fork_posix.cc:71] Other threads are currently calling into gRPC, skipping fork() handlers
I1002 08:58:06.743366 2991825 fork_posix.cc:71] Other threads are currently calling into gRPC, skipping fork() handlers
I1002 08:58:06.777802 2991825 fork_posix.cc:71] Other threads are currently calling into gRPC, skipping fork() handlers
I1002 08:58:06.846979 2991825 fork_posix.cc:71] Other threads are currently calling into gRPC, skipping fork() handlers
I1002 08:58:06.886666 2991825 fork_posix.cc:71] Other threads are currently calling into gRPC, skipping fork() handlers
I1002 08:58:06.926575 2991825 fork_posix.cc:71] Other threads are currently calling into gRPC, skipping fork() handlers
I1002 08:58:06.969072 2991825 fork_posix.cc:71] Other threads are currently calling into gRPC, skipping fork() handlers
I1002 08:58:07.008117 2991825 fork_posix.cc:71] Other threads are currently calling into gRPC, skipping fork() handlers
I1002 08:58:07.047359 2991825 fork_posix.cc:71] Other threads are currently calling into gRPC, skipping fork() handlers
I1002 08:58:07.087203 2991825 fork_posix.cc:71] Other threads are currently calling into gRPC, skipping fork() handlers
I1002 08:58:07.120528 2991825 fork_posix.cc:71] Other threads are currently calling into gRPC, skipping fork() handlers
I1002 08:58:07.160652 2991825 fork_posix.cc:71] Other threads are currently calling into gRPC, skipping fork() handlers
I1002 08:58:07.196453 2991825 fork_posix.cc:71] Other threads are currently calling into gRPC, skipping fork() handlers
I1002 08:58:07.228057 2991825 fork_posix.cc:71] Other threads are currently calling into gRPC, skipping fork() handlers
I1002 08:58:07.266885 2991825 fork_posix.cc:71] Other threads are currently calling into gRPC, skipping fork() handlers
I1002 08:58:07.306696 2991825 fork_posix.cc:71] Other threads are currently calling into gRPC, skipping fork() handlers
I1002 08:58:07.346197 2991825 fork_posix.cc:71] Other threads are currently calling into gRPC, skipping fork() handlers
I1002 08:58:07.381962 2991825 fork_posix.cc:71] Other threads are currently calling into gRPC, skipping fork() handlers
I1002 08:58:07.421052 2991825 fork_posix.cc:71] Other threads are currently calling into gRPC, skipping fork() handlers
I1002 08:58:22.299408 3506071 ev_poll_posix.cc:587] FD from fork parent still in poll list: fd(9, generation: 1)
