I1002 08:36:58.298005 2456479 fork_posix.cc:71] Other threads are currently calling into gRPC, skipping fork() handlers
I1002 08:36:58.333284 2456479 fork_posix.cc:71] Other threads are currently calling into gRPC, skipping fork() handlers
I1002 08:36:58.367275 2456479 fork_posix.cc:71] Other threads are currently calling into gRPC, skipping fork() handlers
I1002 08:36:58.401802 2456479 fork_posix.cc:71] Other threads are currently calling into gRPC, skipping fork() handlers
/Users/alexy/src/sail-pecan-integrated/.venv/lib/python3.12/site-packages/pyspark/sql/connect/expressions.py:1091: UserWarning: WARN WindowExpression: No Partition Defined for Window operation! Moving all data to a single partition, this can cause serious performance degradation.
  warnings.warn(
I1002 08:36:58.439510 2456479 fork_posix.cc:71] Other threads are currently calling into gRPC, skipping fork() handlers
I1002 08:36:58.480176 2456479 fork_posix.cc:71] Other threads are currently calling into gRPC, skipping fork() handlers
I1002 08:36:58.519489 2456479 fork_posix.cc:71] Other threads are currently calling into gRPC, skipping fork() handlers
I1002 08:36:58.551514 2456479 fork_posix.cc:71] Other threads are currently calling into gRPC, skipping fork() handlers
I1002 08:36:58.584424 2456479 fork_posix.cc:71] Other threads are currently calling into gRPC, skipping fork() handlers
/Users/alexy/src/sail-pecan-integrated/.venv/lib/python3.12/site-packages/pyspark/sql/connect/expressions.py:1091: UserWarning: WARN WindowExpression: No Partition Defined for Window operation! Moving all data to a single partition, this can cause serious performance degradation.
  warnings.warn(
I1002 08:37:00.366281 2456479 fork_posix.cc:71] Other threads are currently calling into gRPC, skipping fork() handlers
I1002 08:37:00.403572 2456479 fork_posix.cc:71] Other threads are currently calling into gRPC, skipping fork() handlers
I1002 08:37:00.438554 2456479 fork_posix.cc:71] Other threads are currently calling into gRPC, skipping fork() handlers
I1002 08:37:00.477663 2456479 fork_posix.cc:71] Other threads are currently calling into gRPC, skipping fork() handlers
I1002 08:37:00.517013 2456479 fork_posix.cc:71] Other threads are currently calling into gRPC, skipping fork() handlers
I1002 08:37:00.556062 2456479 fork_posix.cc:71] Other threads are currently calling into gRPC, skipping fork() handlers
I1002 08:37:00.589334 2456479 fork_posix.cc:71] Other threads are currently calling into gRPC, skipping fork() handlers
I1002 08:37:00.627062 2456479 fork_posix.cc:71] Other threads are currently calling into gRPC, skipping fork() handlers
I1002 08:37:00.664482 2456479 fork_posix.cc:71] Other threads are currently calling into gRPC, skipping fork() handlers
I1002 08:37:02.365756 2456479 fork_posix.cc:71] Other threads are currently calling into gRPC, skipping fork() handlers
I1002 08:37:02.405522 2456479 fork_posix.cc:71] Other threads are currently calling into gRPC, skipping fork() handlers
I1002 08:37:02.445271 2456479 fork_posix.cc:71] Other threads are currently calling into gRPC, skipping fork() handlers
I1002 08:37:02.469209 2456427 fork_posix.cc:71] Other threads are currently calling into gRPC, skipping fork() handlers
I1002 08:37:04.302493 2456479 fork_posix.cc:71] Other threads are currently calling into gRPC, skipping fork() handlers
I1002 08:37:06.158150 2456479 fork_posix.cc:71] Other threads are currently calling into gRPC, skipping fork() handlers
I1002 08:37:06.249687 2456479 fork_posix.cc:71] Other threads are currently calling into gRPC, skipping fork() handlers
I1002 08:37:06.294853 2456479 fork_posix.cc:71] Other threads are currently calling into gRPC, skipping fork() handlers
I1002 08:37:08.509124 2456479 fork_posix.cc:71] Other threads are currently calling into gRPC, skipping fork() handlers
I1002 08:37:08.565139 2456479 fork_posix.cc:71] Other threads are currently calling into gRPC, skipping fork() handlers
I1002 08:37:08.687869 2456479 fork_posix.cc:71] Other threads are currently calling into gRPC, skipping fork() handlers
I1002 08:37:10.896153 2456479 fork_posix.cc:71] Other threads are currently calling into gRPC, skipping fork() handlers
I1002 08:37:10.978851 2456479 fork_posix.cc:71] Other threads are currently calling into gRPC, skipping fork() handlers
I1002 08:37:11.026250 2456479 fork_posix.cc:71] Other threads are currently calling into gRPC, skipping fork() handlers
I1002 08:37:11.103748 2456479 fork_posix.cc:71] Other threads are currently calling into gRPC, skipping fork() handlers
I1002 08:37:11.145084 2456479 fork_posix.cc:71] Other threads are currently calling into gRPC, skipping fork() handlers
I1002 08:37:13.504657 2456479 fork_posix.cc:71] Other threads are currently calling into gRPC, skipping fork() handlers
I1002 08:37:13.542324 2456479 fork_posix.cc:71] Other threads are currently calling into gRPC, skipping fork() handlers
I1002 08:37:13.589914 2456479 fork_posix.cc:71] Other threads are currently calling into gRPC, skipping fork() handlers
I1002 08:37:13.686513 2456479 fork_posix.cc:71] Other threads are currently calling into gRPC, skipping fork() handlers
I1002 08:37:13.772083 2456479 fork_posix.cc:71] Other threads are currently calling into gRPC, skipping fork() handlers
I1002 08:37:13.815025 2456479 fork_posix.cc:71] Other threads are currently calling into gRPC, skipping fork() handlers
I1002 08:37:13.915919 2456479 fork_posix.cc:71] Other threads are currently calling into gRPC, skipping fork() handlers
I1002 08:37:14.001529 2456479 fork_posix.cc:71] Other threads are currently calling into gRPC, skipping fork() handlers
I1002 08:37:14.049552 2456479 fork_posix.cc:71] Other threads are currently calling into gRPC, skipping fork() handlers
I1002 08:37:14.082517 2456479 fork_posix.cc:71] Other threads are currently calling into gRPC, skipping fork() handlers
I1002 08:37:14.131548 2456479 fork_posix.cc:71] Other threads are currently calling into gRPC, skipping fork() handlers
I1002 08:37:14.163860 2456479 fork_posix.cc:71] Other threads are currently calling into gRPC, skipping fork() handlers
I1002 08:37:14.215816 2456479 fork_posix.cc:71] Other threads are currently calling into gRPC, skipping fork() handlers
I1002 08:37:14.265293 2456479 fork_posix.cc:71] Other threads are currently calling into gRPC, skipping fork() handlers
I1002 08:37:14.307046 2456479 fork_posix.cc:71] Other threads are currently calling into gRPC, skipping fork() handlers
I1002 08:37:14.357708 2456479 fork_posix.cc:71] Other threads are currently calling into gRPC, skipping fork() handlers
/Users/alexy/src/sail-pecan-integrated/.venv/lib/python3.12/site-packages/pyspark/sql/connect/expressions.py:1091: UserWarning: WARN WindowExpression: No Partition Defined for Window operation! Moving all data to a single partition, this can cause serious performance degradation.
  warnings.warn(
I1002 08:37:16.981180 2456479 fork_posix.cc:71] Other threads are currently calling into gRPC, skipping fork() handlers
I1002 08:37:17.024416 2456479 fork_posix.cc:71] Other threads are currently calling into gRPC, skipping fork() handlers
I1002 08:37:17.062230 2456479 fork_posix.cc:71] Other threads are currently calling into gRPC, skipping fork() handlers
I1002 08:37:17.092989 2456479 fork_posix.cc:71] Other threads are currently calling into gRPC, skipping fork() handlers
I1002 08:37:17.137837 2456479 fork_posix.cc:71] Other threads are currently calling into gRPC, skipping fork() handlers
I1002 08:37:17.188272 2456479 fork_posix.cc:71] Other threads are currently calling into gRPC, skipping fork() handlers
I1002 08:37:17.231497 2456479 fork_posix.cc:71] Other threads are currently calling into gRPC, skipping fork() handlers
I1002 08:37:17.279081 2456479 fork_posix.cc:71] Other threads are currently calling into gRPC, skipping fork() handlers
I1002 08:37:17.324865 2456427 fork_posix.cc:71] Other threads are currently calling into gRPC, skipping fork() handlers
I1002 08:37:18.115484 2475326 ev_poll_posix.cc:587] FD from fork parent still in poll list: fd(9, generation: 1)
I1002 08:37:20.286632 2456479 fork_posix.cc:71] Other threads are currently calling into gRPC, skipping fork() handlers
I1002 08:37:20.504001 2476859 ev_poll_posix.cc:587] FD from fork parent still in poll list: fd(9, generation: 1)
I1002 08:37:20.559981 2456479 fork_posix.cc:71] Other threads are currently calling into gRPC, skipping fork() handlers
I1002 08:37:20.617233 2456479 fork_posix.cc:71] Other threads are currently calling into gRPC, skipping fork() handlers
I1002 08:37:20.660433 2456479 fork_posix.cc:71] Other threads are currently calling into gRPC, skipping fork() handlers
I1002 08:37:20.710709 2456479 fork_posix.cc:71] Other threads are currently calling into gRPC, skipping fork() handlers
I1002 08:37:20.896664 2456479 fork_posix.cc:71] Other threads are currently calling into gRPC, skipping fork() handlers
I1002 08:37:20.941287 2456479 fork_posix.cc:71] Other threads are currently calling into gRPC, skipping fork() handlers
I1002 08:37:20.981071 2456479 fork_posix.cc:71] Other threads are currently calling into gRPC, skipping fork() handlers
I1002 08:37:21.049683 2456479 fork_posix.cc:71] Other threads are currently calling into gRPC, skipping fork() handlers
I1002 08:37:21.098955 2456479 fork_posix.cc:71] Other threads are currently calling into gRPC, skipping fork() handlers
/Users/alexy/src/sail-pecan-integrated/.venv/lib/python3.12/site-packages/pyspark/sql/connect/expressions.py:1091: UserWarning: WARN WindowExpression: No Partition Defined for Window operation! Moving all data to a single partition, this can cause serious performance degradation.
  warnings.warn(
/Users/alexy/src/sail-pecan-integrated/.venv/lib/python3.12/site-packages/pyspark/sql/connect/expressions.py:1091: UserWarning: WARN WindowExpression: No Partition Defined for Window operation! Moving all data to a single partition, this can cause serious performance degradation.
  warnings.warn(
I1002 08:37:23.713923 2456479 fork_posix.cc:71] Other threads are currently calling into gRPC, skipping fork() handlers
I1002 08:37:23.777139 2456479 fork_posix.cc:71] Other threads are currently calling into gRPC, skipping fork() handlers
I1002 08:37:23.825576 2456479 fork_posix.cc:71] Other threads are currently calling into gRPC, skipping fork() handlers
I1002 08:37:23.879188 2456479 fork_posix.cc:71] Other threads are currently calling into gRPC, skipping fork() handlers
I1002 08:37:23.921135 2456479 fork_posix.cc:71] Other threads are currently calling into gRPC, skipping fork() handlers
I1002 08:37:23.971376 2456479 fork_posix.cc:71] Other threads are currently calling into gRPC, skipping fork() handlers
I1002 08:37:24.032526 2456479 fork_posix.cc:71] Other threads are currently calling into gRPC, skipping fork() handlers
I1002 08:37:24.109620 2456479 fork_posix.cc:71] Other threads are currently calling into gRPC, skipping fork() handlers
I1002 08:37:24.156891 2456479 fork_posix.cc:71] Other threads are currently calling into gRPC, skipping fork() handlers
I1002 08:37:24.196766 2456479 fork_posix.cc:71] Other threads are currently calling into gRPC, skipping fork() handlers
I1002 08:37:24.234404 2456479 fork_posix.cc:71] Other threads are currently calling into gRPC, skipping fork() handlers
I1002 08:37:24.279938 2456479 fork_posix.cc:71] Other threads are currently calling into gRPC, skipping fork() handlers
I1002 08:37:24.334949 2456479 fork_posix.cc:71] Other threads are currently calling into gRPC, skipping fork() handlers
I1002 08:37:24.345341 2456427 fork_posix.cc:71] Other threads are currently calling into gRPC, skipping fork() handlers
I1002 08:37:26.631965 2456479 fork_posix.cc:71] Other threads are currently calling into gRPC, skipping fork() handlers
I1002 08:37:26.672828 2456479 fork_posix.cc:71] Other threads are currently calling into gRPC, skipping fork() handlers
I1002 08:37:26.725821 2456479 fork_posix.cc:71] Other threads are currently calling into gRPC, skipping fork() handlers
I1002 08:37:26.770404 2456479 fork_posix.cc:71] Other threads are currently calling into gRPC, skipping fork() handlers
I1002 08:37:26.887535 2456479 fork_posix.cc:71] Other threads are currently calling into gRPC, skipping fork() handlers
I1002 08:37:26.931823 2456479 fork_posix.cc:71] Other threads are currently calling into gRPC, skipping fork() handlers
I1002 08:37:26.980582 2456479 fork_posix.cc:71] Other threads are currently calling into gRPC, skipping fork() handlers
I1002 08:37:27.030845 2456479 fork_posix.cc:71] Other threads are currently calling into gRPC, skipping fork() handlers
I1002 08:37:27.076660 2456479 fork_posix.cc:71] Other threads are currently calling into gRPC, skipping fork() handlers
I1002 08:37:27.113642 2456479 fork_posix.cc:71] Other threads are currently calling into gRPC, skipping fork() handlers
I1002 08:37:27.155956 2456479 fork_posix.cc:71] Other threads are currently calling into gRPC, skipping fork() handlers
I1002 08:37:27.188795 2456479 fork_posix.cc:71] Other threads are currently calling into gRPC, skipping fork() handlers
I1002 08:37:27.236366 2456479 fork_posix.cc:71] Other threads are currently calling into gRPC, skipping fork() handlers
I1002 08:37:27.277829 2456479 fork_posix.cc:71] Other threads are currently calling into gRPC, skipping fork() handlers
I1002 08:37:27.338333 2456479 fork_posix.cc:71] Other threads are currently calling into gRPC, skipping fork() handlers
I1002 08:37:27.386187 2456479 fork_posix.cc:71] Other threads are currently calling into gRPC, skipping fork() handlers
I1002 08:37:27.433424 2456479 fork_posix.cc:71] Other threads are currently calling into gRPC, skipping fork() handlers
I1002 08:37:27.485831 2456479 fork_posix.cc:71] Other threads are currently calling into gRPC, skipping fork() handlers
I1002 08:37:27.557223 2456479 fork_posix.cc:71] Other threads are currently calling into gRPC, skipping fork() handlers
I1002 08:37:27.684165 2456479 fork_posix.cc:71] Other threads are currently calling into gRPC, skipping fork() handlers
I1002 08:37:27.748376 2456479 fork_posix.cc:71] Other threads are currently calling into gRPC, skipping fork() handlers
I1002 08:37:27.803128 2456479 fork_posix.cc:71] Other threads are currently calling into gRPC, skipping fork() handlers
/Users/alexy/src/sail-pecan-integrated/.venv/lib/python3.12/site-packages/pyspark/sql/connect/expressions.py:1091: UserWarning: WARN WindowExpression: No Partition Defined for Window operation! Moving all data to a single partition, this can cause serious performance degradation.
  warnings.warn(
I1002 08:37:30.067582 2456479 fork_posix.cc:71] Other threads are currently calling into gRPC, skipping fork() handlers
I1002 08:37:30.122901 2456479 fork_posix.cc:71] Other threads are currently calling into gRPC, skipping fork() handlers
I1002 08:37:30.164965 2456479 fork_posix.cc:71] Other threads are currently calling into gRPC, skipping fork() handlers
I1002 08:37:30.204992 2456479 fork_posix.cc:71] Other threads are currently calling into gRPC, skipping fork() handlers
I1002 08:37:30.264419 2456479 fork_posix.cc:71] Other threads are currently calling into gRPC, skipping fork() handlers
I1002 08:37:30.298767 2456479 fork_posix.cc:71] Other threads are currently calling into gRPC, skipping fork() handlers
/Users/alexy/src/sail-pecan-integrated/.venv/lib/python3.12/site-packages/pyspark/sql/connect/expressions.py:1091: UserWarning: WARN WindowExpression: No Partition Defined for Window operation! Moving all data to a single partition, this can cause serious performance degradation.
  warnings.warn(
I1002 08:37:32.319291 2456479 fork_posix.cc:71] Other threads are currently calling into gRPC, skipping fork() handlers
/Users/alexy/src/sail-pecan-integrated/.venv/lib/python3.12/site-packages/pyspark/sql/connect/expressions.py:1091: UserWarning: WARN WindowExpression: No Partition Defined for Window operation! Moving all data to a single partition, this can cause serious performance degradation.
  warnings.warn(
I1002 08:37:32.371644 2456479 fork_posix.cc:71] Other threads are currently calling into gRPC, skipping fork() handlers
I1002 08:37:32.408653 2456479 fork_posix.cc:71] Other threads are currently calling into gRPC, skipping fork() handlers
I1002 08:37:32.452525 2456479 fork_posix.cc:71] Other threads are currently calling into gRPC, skipping fork() handlers
I1002 08:37:32.500964 2456479 fork_posix.cc:71] Other threads are currently calling into gRPC, skipping fork() handlers
I1002 08:37:32.545296 2456479 fork_posix.cc:71] Other threads are currently calling into gRPC, skipping fork() handlers
I1002 08:37:32.589634 2456479 fork_posix.cc:71] Other threads are currently calling into gRPC, skipping fork() handlers
I1002 08:37:32.626017 2456479 fork_posix.cc:71] Other threads are currently calling into gRPC, skipping fork() handlers
I1002 08:37:32.665779 2456479 fork_posix.cc:71] Other threads are currently calling into gRPC, skipping fork() handlers
I1002 08:37:32.720947 2456479 fork_posix.cc:71] Other threads are currently calling into gRPC, skipping fork() handlers
I1002 08:37:32.777834 2456479 fork_posix.cc:71] Other threads are currently calling into gRPC, skipping fork() handlers
I1002 08:37:35.118221 2456479 fork_posix.cc:71] Other threads are currently calling into gRPC, skipping fork() handlers
I1002 08:37:35.165421 2456479 fork_posix.cc:71] Other threads are currently calling into gRPC, skipping fork() handlers
I1002 08:37:35.204031 2456479 fork_posix.cc:71] Other threads are currently calling into gRPC, skipping fork() handlers
I1002 08:37:35.239698 2456479 fork_posix.cc:71] Other threads are currently calling into gRPC, skipping fork() handlers
I1002 08:37:37.575406 2456479 fork_posix.cc:71] Other threads are currently calling into gRPC, skipping fork() handlers
I1002 08:37:40.042004 2456479 fork_posix.cc:71] Other threads are currently calling into gRPC, skipping fork() handlers
I1002 08:37:40.092771 2456479 fork_posix.cc:71] Other threads are currently calling into gRPC, skipping fork() handlers
I1002 08:37:42.394271 2456479 fork_posix.cc:71] Other threads are currently calling into gRPC, skipping fork() handlers
I1002 08:37:42.477428 2456479 fork_posix.cc:71] Other threads are currently calling into gRPC, skipping fork() handlers
I1002 08:37:42.508862 2456479 fork_posix.cc:71] Other threads are currently calling into gRPC, skipping fork() handlers
I1002 08:37:44.978500 2456479 fork_posix.cc:71] Other threads are currently calling into gRPC, skipping fork() handlers
I1002 08:37:45.053135 2456479 fork_posix.cc:71] Other threads are currently calling into gRPC, skipping fork() handlers
I1002 08:37:45.115378 2456479 fork_posix.cc:71] Other threads are currently calling into gRPC, skipping fork() handlers
I1002 08:37:45.165856 2456479 fork_posix.cc:71] Other threads are currently calling into gRPC, skipping fork() handlers
I1002 08:37:45.220004 2456479 fork_posix.cc:71] Other threads are currently calling into gRPC, skipping fork() handlers
I1002 08:37:45.270823 2456479 fork_posix.cc:71] Other threads are currently calling into gRPC, skipping fork() handlers
I1002 08:37:47.899386 2456479 fork_posix.cc:71] Other threads are currently calling into gRPC, skipping fork() handlers
I1002 08:37:47.994675 2456479 fork_posix.cc:71] Other threads are currently calling into gRPC, skipping fork() handlers
I1002 08:37:48.036020 2456479 fork_posix.cc:71] Other threads are currently calling into gRPC, skipping fork() handlers
I1002 08:37:48.069402 2456479 fork_posix.cc:71] Other threads are currently calling into gRPC, skipping fork() handlers
I1002 08:37:48.109000 2456479 fork_posix.cc:71] Other threads are currently calling into gRPC, skipping fork() handlers
I1002 08:37:48.142471 2456479 fork_posix.cc:71] Other threads are currently calling into gRPC, skipping fork() handlers
I1002 08:37:48.178766 2456479 fork_posix.cc:71] Other threads are currently calling into gRPC, skipping fork() handlers
I1002 08:37:48.209173 2456479 fork_posix.cc:71] Other threads are currently calling into gRPC, skipping fork() handlers
I1002 08:37:48.245367 2456479 fork_posix.cc:71] Other threads are currently calling into gRPC, skipping fork() handlers
/Users/alexy/src/sail-pecan-integrated/.venv/lib/python3.12/site-packages/pyspark/sql/connect/expressions.py:1091: UserWarning: WARN WindowExpression: No Partition Defined for Window operation! Moving all data to a single partition, this can cause serious performance degradation.
  warnings.warn(
I1002 08:37:50.225798 2456479 fork_posix.cc:71] Other threads are currently calling into gRPC, skipping fork() handlers
I1002 08:37:50.268970 2456479 fork_posix.cc:71] Other threads are currently calling into gRPC, skipping fork() handlers
I1002 08:37:50.313259 2456479 fork_posix.cc:71] Other threads are currently calling into gRPC, skipping fork() handlers
I1002 08:37:50.345145 2456479 fork_posix.cc:71] Other threads are currently calling into gRPC, skipping fork() handlers
I1002 08:37:50.385011 2456479 fork_posix.cc:71] Other threads are currently calling into gRPC, skipping fork() handlers
I1002 08:37:50.425435 2456479 fork_posix.cc:71] Other threads are currently calling into gRPC, skipping fork() handlers
I1002 08:37:50.458894 2456479 fork_posix.cc:71] Other threads are currently calling into gRPC, skipping fork() handlers
I1002 08:37:52.565646 2456479 fork_posix.cc:71] Other threads are currently calling into gRPC, skipping fork() handlers
I1002 08:37:52.635969 2456479 fork_posix.cc:71] Other threads are currently calling into gRPC, skipping fork() handlers
I1002 08:37:52.695315 2456479 fork_posix.cc:71] Other threads are currently calling into gRPC, skipping fork() handlers
I1002 08:37:52.748931 2456479 fork_posix.cc:71] Other threads are currently calling into gRPC, skipping fork() handlers
I1002 08:37:52.798154 2456479 fork_posix.cc:71] Other threads are currently calling into gRPC, skipping fork() handlers
I1002 08:37:52.840610 2456479 fork_posix.cc:71] Other threads are currently calling into gRPC, skipping fork() handlers
I1002 08:37:52.882857 2456479 fork_posix.cc:71] Other threads are currently calling into gRPC, skipping fork() handlers
I1002 08:37:53.050965 2456479 fork_posix.cc:71] Other threads are currently calling into gRPC, skipping fork() handlers
I1002 08:37:53.094346 2456479 fork_posix.cc:71] Other threads are currently calling into gRPC, skipping fork() handlers
I1002 08:37:53.140145 2456479 fork_posix.cc:71] Other threads are currently calling into gRPC, skipping fork() handlers
I1002 08:37:53.183033 2456479 fork_posix.cc:71] Other threads are currently calling into gRPC, skipping fork() handlers
I1002 08:37:53.225372 2456479 fork_posix.cc:71] Other threads are currently calling into gRPC, skipping fork() handlers
I1002 08:37:53.271278 2456479 fork_posix.cc:71] Other threads are currently calling into gRPC, skipping fork() handlers
I1002 08:37:53.344577 2456479 fork_posix.cc:71] Other threads are currently calling into gRPC, skipping fork() handlers
I1002 08:37:53.385847 2456479 fork_posix.cc:71] Other threads are currently calling into gRPC, skipping fork() handlers
I1002 08:37:53.466707 2456479 fork_posix.cc:71] Other threads are currently calling into gRPC, skipping fork() handlers
I1002 08:37:55.112250 2500940 ev_poll_posix.cc:587] FD from fork parent still in poll list: fd(9, generation: 1)
/Users/alexy/src/sail-pecan-integrated/.venv/lib/python3.12/site-packages/pyspark/sql/connect/expressions.py:1091: UserWarning: WARN WindowExpression: No Partition Defined for Window operation! Moving all data to a single partition, this can cause serious performance degradation.
  warnings.warn(
I1002 08:37:56.130385 2456479 fork_posix.cc:71] Other threads are currently calling into gRPC, skipping fork() handlers
/Users/alexy/src/sail-pecan-integrated/.venv/lib/python3.12/site-packages/pyspark/sql/connect/expressions.py:1091: UserWarning: WARN WindowExpression: No Partition Defined for Window operation! Moving all data to a single partition, this can cause serious performance degradation.
  warnings.warn(
I1002 08:37:56.185564 2456479 fork_posix.cc:71] Other threads are currently calling into gRPC, skipping fork() handlers
I1002 08:37:56.237580 2456479 fork_posix.cc:71] Other threads are currently calling into gRPC, skipping fork() handlers
I1002 08:37:56.279100 2456479 fork_posix.cc:71] Other threads are currently calling into gRPC, skipping fork() handlers
I1002 08:37:56.320577 2456479 fork_posix.cc:71] Other threads are currently calling into gRPC, skipping fork() handlers
I1002 08:37:56.382343 2456479 fork_posix.cc:71] Other threads are currently calling into gRPC, skipping fork() handlers
I1002 08:37:56.430170 2456479 fork_posix.cc:71] Other threads are currently calling into gRPC, skipping fork() handlers
I1002 08:37:56.487778 2456479 fork_posix.cc:71] Other threads are currently calling into gRPC, skipping fork() handlers
I1002 08:37:56.532625 2456479 fork_posix.cc:71] Other threads are currently calling into gRPC, skipping fork() handlers
I1002 08:37:56.570797 2456479 fork_posix.cc:71] Other threads are currently calling into gRPC, skipping fork() handlers
I1002 08:37:56.609597 2456479 fork_posix.cc:71] Other threads are currently calling into gRPC, skipping fork() handlers
I1002 08:37:56.653365 2456479 fork_posix.cc:71] Other threads are currently calling into gRPC, skipping fork() handlers
I1002 08:37:56.690104 2456479 fork_posix.cc:71] Other threads are currently calling into gRPC, skipping fork() handlers
I1002 08:37:56.741104 2456479 fork_posix.cc:71] Other threads are currently calling into gRPC, skipping fork() handlers
I1002 08:37:56.778064 2456479 fork_posix.cc:71] Other threads are currently calling into gRPC, skipping fork() handlers
I1002 08:37:56.826432 2456479 fork_posix.cc:71] Other threads are currently calling into gRPC, skipping fork() handlers
I1002 08:37:59.412382 2456479 fork_posix.cc:71] Other threads are currently calling into gRPC, skipping fork() handlers
I1002 08:37:59.463563 2456479 fork_posix.cc:71] Other threads are currently calling into gRPC, skipping fork() handlers
I1002 08:37:59.514602 2456479 fork_posix.cc:71] Other threads are currently calling into gRPC, skipping fork() handlers
I1002 08:37:59.551338 2456479 fork_posix.cc:71] Other threads are currently calling into gRPC, skipping fork() handlers
I1002 08:37:59.645568 2456479 fork_posix.cc:71] Other threads are currently calling into gRPC, skipping fork() handlers
I1002 08:37:59.702620 2456479 fork_posix.cc:71] Other threads are currently calling into gRPC, skipping fork() handlers
I1002 08:37:59.748227 2456479 fork_posix.cc:71] Other threads are currently calling into gRPC, skipping fork() handlers
I1002 08:37:59.790984 2456479 fork_posix.cc:71] Other threads are currently calling into gRPC, skipping fork() handlers
I1002 08:37:59.825366 2456479 fork_posix.cc:71] Other threads are currently calling into gRPC, skipping fork() handlers
I1002 08:37:59.857986 2456479 fork_posix.cc:71] Other threads are currently calling into gRPC, skipping fork() handlers
I1002 08:37:59.894962 2456479 fork_posix.cc:71] Other threads are currently calling into gRPC, skipping fork() handlers
I1002 08:37:59.937073 2456479 fork_posix.cc:71] Other threads are currently calling into gRPC, skipping fork() handlers
I1002 08:37:59.980396 2456479 fork_posix.cc:71] Other threads are currently calling into gRPC, skipping fork() handlers
I1002 08:38:00.035251 2456479 fork_posix.cc:71] Other threads are currently calling into gRPC, skipping fork() handlers
I1002 08:38:00.092336 2456479 fork_posix.cc:71] Other threads are currently calling into gRPC, skipping fork() handlers
I1002 08:38:00.299943 2456479 fork_posix.cc:71] Other threads are currently calling into gRPC, skipping fork() handlers
I1002 08:38:00.394005 2456479 fork_posix.cc:71] Other threads are currently calling into gRPC, skipping fork() handlers
I1002 08:38:00.447479 2456479 fork_posix.cc:71] Other threads are currently calling into gRPC, skipping fork() handlers
I1002 08:38:00.494630 2456479 fork_posix.cc:71] Other threads are currently calling into gRPC, skipping fork() handlers
I1002 08:38:00.542978 2456479 fork_posix.cc:71] Other threads are currently calling into gRPC, skipping fork() handlers
I1002 08:38:00.587856 2456479 fork_posix.cc:71] Other threads are currently calling into gRPC, skipping fork() handlers
I1002 08:38:00.626389 2456479 fork_posix.cc:71] Other threads are currently calling into gRPC, skipping fork() handlers
I1002 08:38:00.669563 2456479 fork_posix.cc:71] Other threads are currently calling into gRPC, skipping fork() handlers
I1002 08:38:00.709942 2456479 fork_posix.cc:71] Other threads are currently calling into gRPC, skipping fork() handlers
I1002 08:38:00.753833 2456479 fork_posix.cc:71] Other threads are currently calling into gRPC, skipping fork() handlers
I1002 08:38:00.799820 2456479 fork_posix.cc:71] Other threads are currently calling into gRPC, skipping fork() handlers
I1002 08:38:00.843568 2456479 fork_posix.cc:71] Other threads are currently calling into gRPC, skipping fork() handlers
I1002 08:38:00.885012 2456479 fork_posix.cc:71] Other threads are currently calling into gRPC, skipping fork() handlers
I1002 08:38:00.930059 2456479 fork_posix.cc:71] Other threads are currently calling into gRPC, skipping fork() handlers
I1002 08:38:00.986142 2456479 fork_posix.cc:71] Other threads are currently calling into gRPC, skipping fork() handlers
I1002 08:38:01.057579 2456479 fork_posix.cc:71] Other threads are currently calling into gRPC, skipping fork() handlers
I1002 08:38:01.123583 2456479 fork_posix.cc:71] Other threads are currently calling into gRPC, skipping fork() handlers
I1002 08:38:01.175357 2456479 fork_posix.cc:71] Other threads are currently calling into gRPC, skipping fork() handlers
I1002 08:38:01.209527 2456479 fork_posix.cc:71] Other threads are currently calling into gRPC, skipping fork() handlers
I1002 08:38:01.246836 2456479 fork_posix.cc:71] Other threads are currently calling into gRPC, skipping fork() handlers
/Users/alexy/src/sail-pecan-integrated/.venv/lib/python3.12/site-packages/pyspark/sql/connect/expressions.py:1091: UserWarning: WARN WindowExpression: No Partition Defined for Window operation! Moving all data to a single partition, this can cause serious performance degradation.
  warnings.warn(
I1002 08:38:03.906136 2456479 fork_posix.cc:71] Other threads are currently calling into gRPC, skipping fork() handlers
/Users/alexy/src/sail-pecan-integrated/.venv/lib/python3.12/site-packages/pyspark/sql/connect/expressions.py:1091: UserWarning: WARN WindowExpression: No Partition Defined for Window operation! Moving all data to a single partition, this can cause serious performance degradation.
  warnings.warn(
I1002 08:38:04.060013 2456479 fork_posix.cc:71] Other threads are currently calling into gRPC, skipping fork() handlers
I1002 08:38:04.103795 2456479 fork_posix.cc:71] Other threads are currently calling into gRPC, skipping fork() handlers
I1002 08:38:04.146377 2456479 fork_posix.cc:71] Other threads are currently calling into gRPC, skipping fork() handlers
I1002 08:38:04.191162 2456479 fork_posix.cc:71] Other threads are currently calling into gRPC, skipping fork() handlers
I1002 08:38:04.230271 2456479 fork_posix.cc:71] Other threads are currently calling into gRPC, skipping fork() handlers
/Users/alexy/src/sail-pecan-integrated/.venv/lib/python3.12/site-packages/pyspark/sql/connect/expressions.py:1091: UserWarning: WARN WindowExpression: No Partition Defined for Window operation! Moving all data to a single partition, this can cause serious performance degradation.
  warnings.warn(
I1002 08:38:06.938551 2456479 fork_posix.cc:71] Other threads are currently calling into gRPC, skipping fork() handlers
I1002 08:38:07.001964 2456479 fork_posix.cc:71] Other threads are currently calling into gRPC, skipping fork() handlers
I1002 08:38:07.050595 2456479 fork_posix.cc:71] Other threads are currently calling into gRPC, skipping fork() handlers
I1002 08:38:07.085714 2456479 fork_posix.cc:71] Other threads are currently calling into gRPC, skipping fork() handlers
I1002 08:38:07.138449 2456479 fork_posix.cc:71] Other threads are currently calling into gRPC, skipping fork() handlers
I1002 08:38:07.179955 2456479 fork_posix.cc:71] Other threads are currently calling into gRPC, skipping fork() handlers
I1002 08:38:07.227871 2456479 fork_posix.cc:71] Other threads are currently calling into gRPC, skipping fork() handlers
I1002 08:38:07.266839 2456479 fork_posix.cc:71] Other threads are currently calling into gRPC, skipping fork() handlers
I1002 08:38:07.305921 2456479 fork_posix.cc:71] Other threads are currently calling into gRPC, skipping fork() handlers
I1002 08:38:07.343524 2456479 fork_posix.cc:71] Other threads are currently calling into gRPC, skipping fork() handlers
I1002 08:38:09.882705 2456479 fork_posix.cc:71] Other threads are currently calling into gRPC, skipping fork() handlers
I1002 08:38:09.929251 2456479 fork_posix.cc:71] Other threads are currently calling into gRPC, skipping fork() handlers
I1002 08:38:10.000042 2456479 fork_posix.cc:71] Other threads are currently calling into gRPC, skipping fork() handlers
I1002 08:38:10.037242 2456479 fork_posix.cc:71] Other threads are currently calling into gRPC, skipping fork() handlers
I1002 08:38:10.079988 2456479 fork_posix.cc:71] Other threads are currently calling into gRPC, skipping fork() handlers
I1002 08:38:10.121990 2456479 fork_posix.cc:71] Other threads are currently calling into gRPC, skipping fork() handlers
I1002 08:38:12.586751 2456479 fork_posix.cc:71] Other threads are currently calling into gRPC, skipping fork() handlers
I1002 08:38:12.639864 2456479 fork_posix.cc:71] Other threads are currently calling into gRPC, skipping fork() handlers
I1002 08:38:15.513207 2456479 fork_posix.cc:71] Other threads are currently calling into gRPC, skipping fork() handlers
I1002 08:38:15.557127 2456479 fork_posix.cc:71] Other threads are currently calling into gRPC, skipping fork() handlers
I1002 08:38:15.605002 2456479 fork_posix.cc:71] Other threads are currently calling into gRPC, skipping fork() handlers
I1002 08:38:18.349654 2456479 fork_posix.cc:71] Other threads are currently calling into gRPC, skipping fork() handlers
I1002 08:38:18.402129 2456479 fork_posix.cc:71] Other threads are currently calling into gRPC, skipping fork() handlers
I1002 08:38:20.648207 2456479 fork_posix.cc:71] Other threads are currently calling into gRPC, skipping fork() handlers
I1002 08:38:20.737667 2456479 fork_posix.cc:71] Other threads are currently calling into gRPC, skipping fork() handlers
I1002 08:38:20.773675 2456479 fork_posix.cc:71] Other threads are currently calling into gRPC, skipping fork() handlers
I1002 08:38:22.811091 2456479 fork_posix.cc:71] Other threads are currently calling into gRPC, skipping fork() handlers
I1002 08:38:22.912629 2456479 fork_posix.cc:71] Other threads are currently calling into gRPC, skipping fork() handlers
I1002 08:38:22.953087 2456479 fork_posix.cc:71] Other threads are currently calling into gRPC, skipping fork() handlers
I1002 08:38:22.991910 2456479 fork_posix.cc:71] Other threads are currently calling into gRPC, skipping fork() handlers
I1002 08:38:23.025035 2456479 fork_posix.cc:71] Other threads are currently calling into gRPC, skipping fork() handlers
I1002 08:38:23.069846 2456479 fork_posix.cc:71] Other threads are currently calling into gRPC, skipping fork() handlers
I1002 08:38:23.112503 2456479 fork_posix.cc:71] Other threads are currently calling into gRPC, skipping fork() handlers
I1002 08:38:23.156346 2456479 fork_posix.cc:71] Other threads are currently calling into gRPC, skipping fork() handlers
I1002 08:38:23.213477 2456479 fork_posix.cc:71] Other threads are currently calling into gRPC, skipping fork() handlers
/Users/alexy/src/sail-pecan-integrated/.venv/lib/python3.12/site-packages/pyspark/sql/connect/expressions.py:1091: UserWarning: WARN WindowExpression: No Partition Defined for Window operation! Moving all data to a single partition, this can cause serious performance degradation.
  warnings.warn(
I1002 08:38:25.771738 2456479 fork_posix.cc:71] Other threads are currently calling into gRPC, skipping fork() handlers
I1002 08:38:25.826721 2456479 fork_posix.cc:71] Other threads are currently calling into gRPC, skipping fork() handlers
I1002 08:38:25.870199 2456479 fork_posix.cc:71] Other threads are currently calling into gRPC, skipping fork() handlers
I1002 08:38:25.906825 2456479 fork_posix.cc:71] Other threads are currently calling into gRPC, skipping fork() handlers
I1002 08:38:25.950199 2456479 fork_posix.cc:71] Other threads are currently calling into gRPC, skipping fork() handlers
I1002 08:38:25.991185 2456479 fork_posix.cc:71] Other threads are currently calling into gRPC, skipping fork() handlers
I1002 08:38:26.030877 2456479 fork_posix.cc:71] Other threads are currently calling into gRPC, skipping fork() handlers
I1002 08:38:26.067199 2456479 fork_posix.cc:71] Other threads are currently calling into gRPC, skipping fork() handlers
I1002 08:38:29.018278 2456479 fork_posix.cc:71] Other threads are currently calling into gRPC, skipping fork() handlers
I1002 08:38:29.081331 2456479 fork_posix.cc:71] Other threads are currently calling into gRPC, skipping fork() handlers
I1002 08:38:29.134409 2456479 fork_posix.cc:71] Other threads are currently calling into gRPC, skipping fork() handlers
I1002 08:38:29.184022 2456479 fork_posix.cc:71] Other threads are currently calling into gRPC, skipping fork() handlers
I1002 08:38:29.223225 2456479 fork_posix.cc:71] Other threads are currently calling into gRPC, skipping fork() handlers
I1002 08:38:29.271491 2456479 fork_posix.cc:71] Other threads are currently calling into gRPC, skipping fork() handlers
I1002 08:38:29.314854 2456479 fork_posix.cc:71] Other threads are currently calling into gRPC, skipping fork() handlers
I1002 08:38:29.363280 2456479 fork_posix.cc:71] Other threads are currently calling into gRPC, skipping fork() handlers
I1002 08:38:29.407840 2456479 fork_posix.cc:71] Other threads are currently calling into gRPC, skipping fork() handlers
I1002 08:38:29.476622 2456479 fork_posix.cc:71] Other threads are currently calling into gRPC, skipping fork() handlers
I1002 08:38:29.513381 2456479 fork_posix.cc:71] Other threads are currently calling into gRPC, skipping fork() handlers
I1002 08:38:29.552984 2456479 fork_posix.cc:71] Other threads are currently calling into gRPC, skipping fork() handlers
/Users/alexy/src/sail-pecan-integrated/.venv/lib/python3.12/site-packages/pyspark/sql/connect/expressions.py:1091: UserWarning: WARN WindowExpression: No Partition Defined for Window operation! Moving all data to a single partition, this can cause serious performance degradation.
  warnings.warn(
I1002 08:38:32.405329 2456479 fork_posix.cc:71] Other threads are currently calling into gRPC, skipping fork() handlers
/Users/alexy/src/sail-pecan-integrated/.venv/lib/python3.12/site-packages/pyspark/sql/connect/expressions.py:1091: UserWarning: WARN WindowExpression: No Partition Defined for Window operation! Moving all data to a single partition, this can cause serious performance degradation.
  warnings.warn(
I1002 08:38:32.483100 2456479 fork_posix.cc:71] Other threads are currently calling into gRPC, skipping fork() handlers
I1002 08:38:32.529764 2456479 fork_posix.cc:71] Other threads are currently calling into gRPC, skipping fork() handlers
I1002 08:38:32.536942 2526570 ev_poll_posix.cc:587] FD from fork parent still in poll list: fd(9, generation: 1)
I1002 08:38:32.570736 2456479 fork_posix.cc:71] Other threads are currently calling into gRPC, skipping fork() handlers
I1002 08:38:32.636062 2456479 fork_posix.cc:71] Other threads are currently calling into gRPC, skipping fork() handlers
I1002 08:38:32.670463 2456479 fork_posix.cc:71] Other threads are currently calling into gRPC, skipping fork() handlers
I1002 08:38:32.714462 2456479 fork_posix.cc:71] Other threads are currently calling into gRPC, skipping fork() handlers
I1002 08:38:32.754614 2456479 fork_posix.cc:71] Other threads are currently calling into gRPC, skipping fork() handlers
I1002 08:38:32.796693 2456479 fork_posix.cc:71] Other threads are currently calling into gRPC, skipping fork() handlers
I1002 08:38:32.842854 2456479 fork_posix.cc:71] Other threads are currently calling into gRPC, skipping fork() handlers
I1002 08:38:32.884330 2456479 fork_posix.cc:71] Other threads are currently calling into gRPC, skipping fork() handlers
I1002 08:38:32.925399 2456479 fork_posix.cc:71] Other threads are currently calling into gRPC, skipping fork() handlers
I1002 08:38:32.967200 2456479 fork_posix.cc:71] Other threads are currently calling into gRPC, skipping fork() handlers
I1002 08:38:34.972012 2456479 fork_posix.cc:71] Other threads are currently calling into gRPC, skipping fork() handlers
I1002 08:38:35.053270 2456479 fork_posix.cc:71] Other threads are currently calling into gRPC, skipping fork() handlers
I1002 08:38:35.102665 2456479 fork_posix.cc:71] Other threads are currently calling into gRPC, skipping fork() handlers
I1002 08:38:35.146974 2456479 fork_posix.cc:71] Other threads are currently calling into gRPC, skipping fork() handlers
I1002 08:38:35.258923 2456479 fork_posix.cc:71] Other threads are currently calling into gRPC, skipping fork() handlers
I1002 08:38:35.301095 2456479 fork_posix.cc:71] Other threads are currently calling into gRPC, skipping fork() handlers
I1002 08:38:35.335319 2456479 fork_posix.cc:71] Other threads are currently calling into gRPC, skipping fork() handlers
I1002 08:38:35.375818 2456479 fork_posix.cc:71] Other threads are currently calling into gRPC, skipping fork() handlers
I1002 08:38:35.413264 2456479 fork_posix.cc:71] Other threads are currently calling into gRPC, skipping fork() handlers
I1002 08:38:35.447795 2456479 fork_posix.cc:71] Other threads are currently calling into gRPC, skipping fork() handlers
I1002 08:38:35.497689 2456479 fork_posix.cc:71] Other threads are currently calling into gRPC, skipping fork() handlers
I1002 08:38:35.545490 2456479 fork_posix.cc:71] Other threads are currently calling into gRPC, skipping fork() handlers
I1002 08:38:35.603893 2456479 fork_posix.cc:71] Other threads are currently calling into gRPC, skipping fork() handlers
I1002 08:38:35.658663 2456479 fork_posix.cc:71] Other threads are currently calling into gRPC, skipping fork() handlers
I1002 08:38:35.704943 2456479 fork_posix.cc:71] Other threads are currently calling into gRPC, skipping fork() handlers
I1002 08:38:35.748558 2456479 fork_posix.cc:71] Other threads are currently calling into gRPC, skipping fork() handlers
I1002 08:38:35.807721 2456479 fork_posix.cc:71] Other threads are currently calling into gRPC, skipping fork() handlers
I1002 08:38:35.851163 2456479 fork_posix.cc:71] Other threads are currently calling into gRPC, skipping fork() handlers
I1002 08:38:35.899396 2456479 fork_posix.cc:71] Other threads are currently calling into gRPC, skipping fork() handlers
I1002 08:38:35.970193 2456479 fork_posix.cc:71] Other threads are currently calling into gRPC, skipping fork() handlers
I1002 08:38:36.020457 2456479 fork_posix.cc:71] Other threads are currently calling into gRPC, skipping fork() handlers
I1002 08:38:36.098103 2456479 fork_posix.cc:71] Other threads are currently calling into gRPC, skipping fork() handlers
I1002 08:38:36.146719 2456479 fork_posix.cc:71] Other threads are currently calling into gRPC, skipping fork() handlers
I1002 08:38:36.199795 2456479 fork_posix.cc:71] Other threads are currently calling into gRPC, skipping fork() handlers
I1002 08:38:36.259230 2456479 fork_posix.cc:71] Other threads are currently calling into gRPC, skipping fork() handlers
I1002 08:38:36.314207 2456479 fork_posix.cc:71] Other threads are currently calling into gRPC, skipping fork() handlers
I1002 08:38:36.368230 2456479 fork_posix.cc:71] Other threads are currently calling into gRPC, skipping fork() handlers
I1002 08:38:36.405020 2456479 fork_posix.cc:71] Other threads are currently calling into gRPC, skipping fork() handlers
I1002 08:38:36.460854 2456479 fork_posix.cc:71] Other threads are currently calling into gRPC, skipping fork() handlers
I1002 08:38:36.510594 2456479 fork_posix.cc:71] Other threads are currently calling into gRPC, skipping fork() handlers
I1002 08:38:36.560095 2456479 fork_posix.cc:71] Other threads are currently calling into gRPC, skipping fork() handlers
I1002 08:38:36.653848 2456479 fork_posix.cc:71] Other threads are currently calling into gRPC, skipping fork() handlers
I1002 08:38:36.708435 2456479 fork_posix.cc:71] Other threads are currently calling into gRPC, skipping fork() handlers
I1002 08:38:36.753710 2456479 fork_posix.cc:71] Other threads are currently calling into gRPC, skipping fork() handlers
I1002 08:38:36.802071 2456479 fork_posix.cc:71] Other threads are currently calling into gRPC, skipping fork() handlers
I1002 08:38:46.275909 2535984 ev_poll_posix.cc:587] FD from fork parent still in poll list: fd(9, generation: 1)
I1002 08:39:04.177413 2549519 ev_poll_posix.cc:587] FD from fork parent still in poll list: fd(9, generation: 1)
I1002 08:39:05.691717 2550653 ev_poll_posix.cc:587] FD from fork parent still in poll list: fd(9, generation: 1)
I1002 08:39:07.332583 2551798 ev_poll_posix.cc:587] FD from fork parent still in poll list: fd(9, generation: 1)
I1002 08:39:07.377489 2456479 fork_posix.cc:71] Other threads are currently calling into gRPC, skipping fork() handlers
I1002 08:39:07.450232 2456479 fork_posix.cc:71] Other threads are currently calling into gRPC, skipping fork() handlers
I1002 08:39:07.501038 2456479 fork_posix.cc:71] Other threads are currently calling into gRPC, skipping fork() handlers
I1002 08:39:07.560495 2456479 fork_posix.cc:71] Other threads are currently calling into gRPC, skipping fork() handlers
I1002 08:39:07.619172 2456479 fork_posix.cc:71] Other threads are currently calling into gRPC, skipping fork() handlers
I1002 08:39:07.661237 2456479 fork_posix.cc:71] Other threads are currently calling into gRPC, skipping fork() handlers
I1002 08:39:07.703753 2456479 fork_posix.cc:71] Other threads are currently calling into gRPC, skipping fork() handlers
I1002 08:39:07.737929 2456479 fork_posix.cc:71] Other threads are currently calling into gRPC, skipping fork() handlers
I1002 08:39:07.777251 2456479 fork_posix.cc:71] Other threads are currently calling into gRPC, skipping fork() handlers
I1002 08:39:07.855058 2456479 fork_posix.cc:71] Other threads are currently calling into gRPC, skipping fork() handlers
I1002 08:39:07.926514 2456479 fork_posix.cc:71] Other threads are currently calling into gRPC, skipping fork() handlers
I1002 08:39:27.100064 2566535 ev_poll_posix.cc:587] FD from fork parent still in poll list: fd(9, generation: 1)
I1002 08:39:36.237270 2456479 fork_posix.cc:71] Other threads are currently calling into gRPC, skipping fork() handlers
I1002 08:39:36.284297 2456479 fork_posix.cc:71] Other threads are currently calling into gRPC, skipping fork() handlers
I1002 08:39:36.351474 2456479 fork_posix.cc:71] Other threads are currently calling into gRPC, skipping fork() handlers
I1002 08:39:36.414690 2456479 fork_posix.cc:71] Other threads are currently calling into gRPC, skipping fork() handlers
I1002 08:39:36.483663 2456479 fork_posix.cc:71] Other threads are currently calling into gRPC, skipping fork() handlers
I1002 08:39:36.554905 2456479 fork_posix.cc:71] Other threads are currently calling into gRPC, skipping fork() handlers
I1002 08:39:36.605952 2456479 fork_posix.cc:71] Other threads are currently calling into gRPC, skipping fork() handlers
I1002 08:39:36.657052 2456479 fork_posix.cc:71] Other threads are currently calling into gRPC, skipping fork() handlers
I1002 08:39:36.707410 2456479 fork_posix.cc:71] Other threads are currently calling into gRPC, skipping fork() handlers
I1002 08:39:36.751719 2456479 fork_posix.cc:71] Other threads are currently calling into gRPC, skipping fork() handlers
I1002 08:39:36.807607 2456479 fork_posix.cc:71] Other threads are currently calling into gRPC, skipping fork() handlers
I1002 08:39:36.856441 2456479 fork_posix.cc:71] Other threads are currently calling into gRPC, skipping fork() handlers
I1002 08:39:36.896797 2456479 fork_posix.cc:71] Other threads are currently calling into gRPC, skipping fork() handlers
I1002 08:39:36.937417 2456479 fork_posix.cc:71] Other threads are currently calling into gRPC, skipping fork() handlers
I1002 08:39:36.976537 2456479 fork_posix.cc:71] Other threads are currently calling into gRPC, skipping fork() handlers
I1002 08:39:37.027720 2456479 fork_posix.cc:71] Other threads are currently calling into gRPC, skipping fork() handlers
I1002 08:39:37.102701 2456479 fork_posix.cc:71] Other threads are currently calling into gRPC, skipping fork() handlers
I1002 08:39:37.138988 2456479 fork_posix.cc:71] Other threads are currently calling into gRPC, skipping fork() handlers
I1002 08:39:37.214007 2456479 fork_posix.cc:71] Other threads are currently calling into gRPC, skipping fork() handlers
I1002 08:39:37.253704 2456479 fork_posix.cc:71] Other threads are currently calling into gRPC, skipping fork() handlers
I1002 08:39:37.303668 2456479 fork_posix.cc:71] Other threads are currently calling into gRPC, skipping fork() handlers
I1002 08:39:37.367682 2456479 fork_posix.cc:71] Other threads are currently calling into gRPC, skipping fork() handlers
I1002 08:39:37.432511 2456479 fork_posix.cc:71] Other threads are currently calling into gRPC, skipping fork() handlers
I1002 08:39:37.505046 2456479 fork_posix.cc:71] Other threads are currently calling into gRPC, skipping fork() handlers
I1002 08:39:37.562241 2456479 fork_posix.cc:71] Other threads are currently calling into gRPC, skipping fork() handlers
I1002 08:39:37.624121 2456479 fork_posix.cc:71] Other threads are currently calling into gRPC, skipping fork() handlers
I1002 08:39:37.674053 2456479 fork_posix.cc:71] Other threads are currently calling into gRPC, skipping fork() handlers
I1002 08:39:37.732474 2456479 fork_posix.cc:71] Other threads are currently calling into gRPC, skipping fork() handlers
I1002 08:39:37.766369 2456479 fork_posix.cc:71] Other threads are currently calling into gRPC, skipping fork() handlers
I1002 08:39:37.808357 2456479 fork_posix.cc:71] Other threads are currently calling into gRPC, skipping fork() handlers
I1002 08:39:37.839201 2456479 fork_posix.cc:71] Other threads are currently calling into gRPC, skipping fork() handlers
I1002 08:39:37.881299 2456479 fork_posix.cc:71] Other threads are currently calling into gRPC, skipping fork() handlers
I1002 08:39:37.922345 2456479 fork_posix.cc:71] Other threads are currently calling into gRPC, skipping fork() handlers
I1002 08:39:37.969102 2456479 fork_posix.cc:71] Other threads are currently calling into gRPC, skipping fork() handlers
I1002 08:39:38.016422 2456479 fork_posix.cc:71] Other threads are currently calling into gRPC, skipping fork() handlers
I1002 08:39:38.063414 2456479 fork_posix.cc:71] Other threads are currently calling into gRPC, skipping fork() handlers
I1002 08:39:38.123837 2456479 fork_posix.cc:71] Other threads are currently calling into gRPC, skipping fork() handlers
I1002 08:39:38.191611 2456479 fork_posix.cc:71] Other threads are currently calling into gRPC, skipping fork() handlers
I1002 08:39:38.236463 2456479 fork_posix.cc:71] Other threads are currently calling into gRPC, skipping fork() handlers
I1002 08:39:38.328526 2456479 fork_posix.cc:71] Other threads are currently calling into gRPC, skipping fork() handlers
I1002 08:39:38.395203 2456479 fork_posix.cc:71] Other threads are currently calling into gRPC, skipping fork() handlers
I1002 08:39:38.452561 2456479 fork_posix.cc:71] Other threads are currently calling into gRPC, skipping fork() handlers
I1002 08:39:38.521593 2456479 fork_posix.cc:71] Other threads are currently calling into gRPC, skipping fork() handlers
I1002 08:39:38.625068 2456479 fork_posix.cc:71] Other threads are currently calling into gRPC, skipping fork() handlers
I1002 08:39:38.695477 2456479 fork_posix.cc:71] Other threads are currently calling into gRPC, skipping fork() handlers
I1002 08:39:38.735855 2456479 fork_posix.cc:71] Other threads are currently calling into gRPC, skipping fork() handlers
I1002 08:39:38.777691 2456479 fork_posix.cc:71] Other threads are currently calling into gRPC, skipping fork() handlers
I1002 08:39:38.833383 2456479 fork_posix.cc:71] Other threads are currently calling into gRPC, skipping fork() handlers
I1002 08:39:38.903265 2456479 fork_posix.cc:71] Other threads are currently calling into gRPC, skipping fork() handlers
I1002 08:39:42.571748 2577288 ev_poll_posix.cc:587] FD from fork parent still in poll list: fd(9, generation: 1)
/Users/alexy/src/sail-pecan-integrated/.venv/lib/python3.12/site-packages/pyspark/sql/connect/expressions.py:1091: UserWarning: WARN WindowExpression: No Partition Defined for Window operation! Moving all data to a single partition, this can cause serious performance degradation.
  warnings.warn(
/Users/alexy/src/sail-pecan-integrated/.venv/lib/python3.12/site-packages/pyspark/sql/connect/expressions.py:1091: UserWarning: WARN WindowExpression: No Partition Defined for Window operation! Moving all data to a single partition, this can cause serious performance degradation.
  warnings.warn(
I1002 08:40:04.881664 2456479 fork_posix.cc:71] Other threads are currently calling into gRPC, skipping fork() handlers
I1002 08:40:04.963042 2456479 fork_posix.cc:71] Other threads are currently calling into gRPC, skipping fork() handlers
I1002 08:40:05.007350 2456479 fork_posix.cc:71] Other threads are currently calling into gRPC, skipping fork() handlers
I1002 08:40:05.045680 2456479 fork_posix.cc:71] Other threads are currently calling into gRPC, skipping fork() handlers
I1002 08:40:05.077938 2456479 fork_posix.cc:71] Other threads are currently calling into gRPC, skipping fork() handlers
I1002 08:40:05.116377 2456479 fork_posix.cc:71] Other threads are currently calling into gRPC, skipping fork() handlers
I1002 08:40:05.168436 2456479 fork_posix.cc:71] Other threads are currently calling into gRPC, skipping fork() handlers
I1002 08:40:05.211327 2456479 fork_posix.cc:71] Other threads are currently calling into gRPC, skipping fork() handlers
I1002 08:40:05.248648 2456479 fork_posix.cc:71] Other threads are currently calling into gRPC, skipping fork() handlers
I1002 08:40:05.281611 2456479 fork_posix.cc:71] Other threads are currently calling into gRPC, skipping fork() handlers
I1002 08:40:05.320027 2456479 fork_posix.cc:71] Other threads are currently calling into gRPC, skipping fork() handlers
I1002 08:40:05.359453 2456479 fork_posix.cc:71] Other threads are currently calling into gRPC, skipping fork() handlers
I1002 08:40:05.410245 2456479 fork_posix.cc:71] Other threads are currently calling into gRPC, skipping fork() handlers
I1002 08:40:05.453517 2456479 fork_posix.cc:71] Other threads are currently calling into gRPC, skipping fork() handlers
I1002 08:40:05.494537 2456479 fork_posix.cc:71] Other threads are currently calling into gRPC, skipping fork() handlers
I1002 08:40:05.558258 2456479 fork_posix.cc:71] Other threads are currently calling into gRPC, skipping fork() handlers
I1002 08:40:05.595865 2456479 fork_posix.cc:71] Other threads are currently calling into gRPC, skipping fork() handlers
I1002 08:40:05.651624 2456479 fork_posix.cc:71] Other threads are currently calling into gRPC, skipping fork() handlers
I1002 08:40:05.724458 2456479 fork_posix.cc:71] Other threads are currently calling into gRPC, skipping fork() handlers
I1002 08:40:05.793792 2456479 fork_posix.cc:71] Other threads are currently calling into gRPC, skipping fork() handlers
I1002 08:40:05.840192 2456479 fork_posix.cc:71] Other threads are currently calling into gRPC, skipping fork() handlers
I1002 08:40:05.892321 2456479 fork_posix.cc:71] Other threads are currently calling into gRPC, skipping fork() handlers
I1002 08:40:09.576504 2596845 ev_poll_posix.cc:587] FD from fork parent still in poll list: fd(9, generation: 1)
I1002 08:40:28.956034 2610776 ev_poll_posix.cc:587] FD from fork parent still in poll list: fd(9, generation: 1)
I1002 08:40:36.701713 2456479 fork_posix.cc:71] Other threads are currently calling into gRPC, skipping fork() handlers
I1002 08:40:36.750508 2456479 fork_posix.cc:71] Other threads are currently calling into gRPC, skipping fork() handlers
I1002 08:40:36.822413 2456479 fork_posix.cc:71] Other threads are currently calling into gRPC, skipping fork() handlers
I1002 08:40:36.870808 2456479 fork_posix.cc:71] Other threads are currently calling into gRPC, skipping fork() handlers
I1002 08:40:36.923191 2456479 fork_posix.cc:71] Other threads are currently calling into gRPC, skipping fork() handlers
I1002 08:40:36.984427 2456479 fork_posix.cc:71] Other threads are currently calling into gRPC, skipping fork() handlers
I1002 08:40:37.030163 2456479 fork_posix.cc:71] Other threads are currently calling into gRPC, skipping fork() handlers
I1002 08:40:37.072475 2456479 fork_posix.cc:71] Other threads are currently calling into gRPC, skipping fork() handlers
I1002 08:40:37.106608 2456479 fork_posix.cc:71] Other threads are currently calling into gRPC, skipping fork() handlers
I1002 08:40:37.154232 2456479 fork_posix.cc:71] Other threads are currently calling into gRPC, skipping fork() handlers
I1002 08:40:37.200460 2456479 fork_posix.cc:71] Other threads are currently calling into gRPC, skipping fork() handlers
I1002 08:40:37.247336 2456479 fork_posix.cc:71] Other threads are currently calling into gRPC, skipping fork() handlers
I1002 08:40:37.304984 2456479 fork_posix.cc:71] Other threads are currently calling into gRPC, skipping fork() handlers
I1002 08:40:37.347967 2456479 fork_posix.cc:71] Other threads are currently calling into gRPC, skipping fork() handlers
I1002 08:40:37.388684 2456479 fork_posix.cc:71] Other threads are currently calling into gRPC, skipping fork() handlers
I1002 08:40:37.469070 2456479 fork_posix.cc:71] Other threads are currently calling into gRPC, skipping fork() handlers
I1002 08:40:43.041506 2620529 ev_poll_posix.cc:587] FD from fork parent still in poll list: fd(9, generation: 1)
I1002 08:40:45.207392 2622019 ev_poll_posix.cc:587] FD from fork parent still in poll list: fd(9, generation: 1)
I1002 08:40:47.392061 2623656 ev_poll_posix.cc:587] FD from fork parent still in poll list: fd(9, generation: 1)
I1002 08:41:03.839660 2456479 fork_posix.cc:71] Other threads are currently calling into gRPC, skipping fork() handlers
I1002 08:41:03.887209 2456479 fork_posix.cc:71] Other threads are currently calling into gRPC, skipping fork() handlers
I1002 08:41:03.935928 2456479 fork_posix.cc:71] Other threads are currently calling into gRPC, skipping fork() handlers
I1002 08:41:03.978811 2456479 fork_posix.cc:71] Other threads are currently calling into gRPC, skipping fork() handlers
I1002 08:41:04.024839 2456479 fork_posix.cc:71] Other threads are currently calling into gRPC, skipping fork() handlers
I1002 08:41:04.068475 2456479 fork_posix.cc:71] Other threads are currently calling into gRPC, skipping fork() handlers
I1002 08:41:04.137606 2456479 fork_posix.cc:71] Other threads are currently calling into gRPC, skipping fork() handlers
I1002 08:41:04.188918 2456479 fork_posix.cc:71] Other threads are currently calling into gRPC, skipping fork() handlers
I1002 08:41:04.239988 2456479 fork_posix.cc:71] Other threads are currently calling into gRPC, skipping fork() handlers
I1002 08:41:04.298315 2456479 fork_posix.cc:71] Other threads are currently calling into gRPC, skipping fork() handlers
I1002 08:41:04.340618 2456479 fork_posix.cc:71] Other threads are currently calling into gRPC, skipping fork() handlers
I1002 08:41:04.386067 2456479 fork_posix.cc:71] Other threads are currently calling into gRPC, skipping fork() handlers
I1002 08:41:04.440412 2456479 fork_posix.cc:71] Other threads are currently calling into gRPC, skipping fork() handlers
I1002 08:41:04.502517 2456479 fork_posix.cc:71] Other threads are currently calling into gRPC, skipping fork() handlers
I1002 08:41:04.581433 2456479 fork_posix.cc:71] Other threads are currently calling into gRPC, skipping fork() handlers
I1002 08:41:04.620603 2456479 fork_posix.cc:71] Other threads are currently calling into gRPC, skipping fork() handlers
I1002 08:41:04.667372 2456479 fork_posix.cc:71] Other threads are currently calling into gRPC, skipping fork() handlers
I1002 08:41:04.718473 2456479 fork_posix.cc:71] Other threads are currently calling into gRPC, skipping fork() handlers
I1002 08:41:04.781313 2456479 fork_posix.cc:71] Other threads are currently calling into gRPC, skipping fork() handlers
I1002 08:41:04.821216 2456479 fork_posix.cc:71] Other threads are currently calling into gRPC, skipping fork() handlers
I1002 08:41:04.852502 2456479 fork_posix.cc:71] Other threads are currently calling into gRPC, skipping fork() handlers
I1002 08:41:04.888966 2456479 fork_posix.cc:71] Other threads are currently calling into gRPC, skipping fork() handlers
I1002 08:41:04.938475 2456479 fork_posix.cc:71] Other threads are currently calling into gRPC, skipping fork() handlers
I1002 08:41:04.993691 2456479 fork_posix.cc:71] Other threads are currently calling into gRPC, skipping fork() handlers
I1002 08:41:05.049475 2456479 fork_posix.cc:71] Other threads are currently calling into gRPC, skipping fork() handlers
I1002 08:41:05.083906 2456479 fork_posix.cc:71] Other threads are currently calling into gRPC, skipping fork() handlers
I1002 08:41:20.186511 2456479 fork_posix.cc:71] Other threads are currently calling into gRPC, skipping fork() handlers
I1002 08:41:20.229179 2456479 fork_posix.cc:71] Other threads are currently calling into gRPC, skipping fork() handlers
I1002 08:41:20.291338 2456479 fork_posix.cc:71] Other threads are currently calling into gRPC, skipping fork() handlers
I1002 08:41:20.344741 2456479 fork_posix.cc:71] Other threads are currently calling into gRPC, skipping fork() handlers
I1002 08:41:20.400882 2456479 fork_posix.cc:71] Other threads are currently calling into gRPC, skipping fork() handlers
I1002 08:41:20.469573 2456479 fork_posix.cc:71] Other threads are currently calling into gRPC, skipping fork() handlers
I1002 08:41:20.518205 2456479 fork_posix.cc:71] Other threads are currently calling into gRPC, skipping fork() handlers
I1002 08:41:20.585552 2456479 fork_posix.cc:71] Other threads are currently calling into gRPC, skipping fork() handlers
I1002 08:41:20.649298 2456479 fork_posix.cc:71] Other threads are currently calling into gRPC, skipping fork() handlers
I1002 08:41:20.720350 2456479 fork_posix.cc:71] Other threads are currently calling into gRPC, skipping fork() handlers
I1002 08:41:20.769228 2456479 fork_posix.cc:71] Other threads are currently calling into gRPC, skipping fork() handlers
I1002 08:41:20.820134 2456479 fork_posix.cc:71] Other threads are currently calling into gRPC, skipping fork() handlers
I1002 08:41:20.869045 2456479 fork_posix.cc:71] Other threads are currently calling into gRPC, skipping fork() handlers
I1002 08:41:20.908055 2456479 fork_posix.cc:71] Other threads are currently calling into gRPC, skipping fork() handlers
I1002 08:41:20.954056 2456479 fork_posix.cc:71] Other threads are currently calling into gRPC, skipping fork() handlers
I1002 08:41:29.124784 2456479 fork_posix.cc:71] Other threads are currently calling into gRPC, skipping fork() handlers
I1002 08:41:29.191316 2456479 fork_posix.cc:71] Other threads are currently calling into gRPC, skipping fork() handlers
I1002 08:41:29.292370 2456479 fork_posix.cc:71] Other threads are currently calling into gRPC, skipping fork() handlers
I1002 08:41:29.330584 2456479 fork_posix.cc:71] Other threads are currently calling into gRPC, skipping fork() handlers
I1002 08:41:29.371869 2456479 fork_posix.cc:71] Other threads are currently calling into gRPC, skipping fork() handlers
I1002 08:41:29.413594 2456479 fork_posix.cc:71] Other threads are currently calling into gRPC, skipping fork() handlers
I1002 08:41:29.453015 2456479 fork_posix.cc:71] Other threads are currently calling into gRPC, skipping fork() handlers
I1002 08:41:29.524215 2456479 fork_posix.cc:71] Other threads are currently calling into gRPC, skipping fork() handlers
I1002 08:41:29.564186 2456479 fork_posix.cc:71] Other threads are currently calling into gRPC, skipping fork() handlers
I1002 08:41:29.603968 2456479 fork_posix.cc:71] Other threads are currently calling into gRPC, skipping fork() handlers
I1002 08:41:29.638510 2456479 fork_posix.cc:71] Other threads are currently calling into gRPC, skipping fork() handlers
I1002 08:41:29.678196 2456479 fork_posix.cc:71] Other threads are currently calling into gRPC, skipping fork() handlers
I1002 08:41:29.718204 2456479 fork_posix.cc:71] Other threads are currently calling into gRPC, skipping fork() handlers
I1002 08:41:29.758714 2456479 fork_posix.cc:71] Other threads are currently calling into gRPC, skipping fork() handlers
I1002 08:41:29.798150 2456479 fork_posix.cc:71] Other threads are currently calling into gRPC, skipping fork() handlers
I1002 08:41:29.838508 2456479 fork_posix.cc:71] Other threads are currently calling into gRPC, skipping fork() handlers
I1002 08:41:29.872846 2456479 fork_posix.cc:71] Other threads are currently calling into gRPC, skipping fork() handlers
I1002 08:41:29.915542 2456479 fork_posix.cc:71] Other threads are currently calling into gRPC, skipping fork() handlers
I1002 08:41:29.950206 2456479 fork_posix.cc:71] Other threads are currently calling into gRPC, skipping fork() handlers
I1002 08:41:29.991262 2456479 fork_posix.cc:71] Other threads are currently calling into gRPC, skipping fork() handlers
I1002 08:41:30.031289 2456479 fork_posix.cc:71] Other threads are currently calling into gRPC, skipping fork() handlers
I1002 08:41:30.063681 2456479 fork_posix.cc:71] Other threads are currently calling into gRPC, skipping fork() handlers
I1002 08:41:30.103507 2456479 fork_posix.cc:71] Other threads are currently calling into gRPC, skipping fork() handlers
/Users/alexy/src/sail-pecan-integrated/.venv/lib/python3.12/site-packages/pyspark/sql/connect/expressions.py:1091: UserWarning: WARN WindowExpression: No Partition Defined for Window operation! Moving all data to a single partition, this can cause serious performance degradation.
  warnings.warn(
I1002 08:41:45.583522 2456479 fork_posix.cc:71] Other threads are currently calling into gRPC, skipping fork() handlers
I1002 08:41:45.630642 2456479 fork_posix.cc:71] Other threads are currently calling into gRPC, skipping fork() handlers
I1002 08:41:45.678800 2456479 fork_posix.cc:71] Other threads are currently calling into gRPC, skipping fork() handlers
I1002 08:41:45.714252 2456479 fork_posix.cc:71] Other threads are currently calling into gRPC, skipping fork() handlers
I1002 08:41:45.753941 2456479 fork_posix.cc:71] Other threads are currently calling into gRPC, skipping fork() handlers
I1002 08:41:45.793417 2456479 fork_posix.cc:71] Other threads are currently calling into gRPC, skipping fork() handlers
I1002 08:41:45.832860 2456479 fork_posix.cc:71] Other threads are currently calling into gRPC, skipping fork() handlers
I1002 08:41:45.872299 2456479 fork_posix.cc:71] Other threads are currently calling into gRPC, skipping fork() handlers
I1002 08:41:45.904666 2456479 fork_posix.cc:71] Other threads are currently calling into gRPC, skipping fork() handlers
I1002 08:41:45.943353 2456479 fork_posix.cc:71] Other threads are currently calling into gRPC, skipping fork() handlers
I1002 08:41:45.982944 2456479 fork_posix.cc:71] Other threads are currently calling into gRPC, skipping fork() handlers
I1002 08:41:46.021585 2456479 fork_posix.cc:71] Other threads are currently calling into gRPC, skipping fork() handlers
I1002 08:41:46.060085 2456479 fork_posix.cc:71] Other threads are currently calling into gRPC, skipping fork() handlers
I1002 08:41:46.092446 2456479 fork_posix.cc:71] Other threads are currently calling into gRPC, skipping fork() handlers
I1002 08:41:46.131431 2456479 fork_posix.cc:71] Other threads are currently calling into gRPC, skipping fork() handlers
I1002 08:41:46.168405 2456479 fork_posix.cc:71] Other threads are currently calling into gRPC, skipping fork() handlers
I1002 08:41:46.208397 2456479 fork_posix.cc:71] Other threads are currently calling into gRPC, skipping fork() handlers
I1002 08:41:46.444491 2456479 fork_posix.cc:71] Other threads are currently calling into gRPC, skipping fork() handlers
I1002 08:41:46.479662 2456479 fork_posix.cc:71] Other threads are currently calling into gRPC, skipping fork() handlers
I1002 08:41:46.523738 2456479 fork_posix.cc:71] Other threads are currently calling into gRPC, skipping fork() handlers
I1002 08:41:46.598174 2456479 fork_posix.cc:71] Other threads are currently calling into gRPC, skipping fork() handlers
I1002 08:41:46.649737 2456479 fork_posix.cc:71] Other threads are currently calling into gRPC, skipping fork() handlers
I1002 08:41:46.691012 2456479 fork_posix.cc:71] Other threads are currently calling into gRPC, skipping fork() handlers
I1002 08:41:46.724497 2456479 fork_posix.cc:71] Other threads are currently calling into gRPC, skipping fork() handlers
I1002 08:41:46.767692 2456479 fork_posix.cc:71] Other threads are currently calling into gRPC, skipping fork() handlers
I1002 08:41:46.822290 2456479 fork_posix.cc:71] Other threads are currently calling into gRPC, skipping fork() handlers
I1002 08:41:46.886684 2456479 fork_posix.cc:71] Other threads are currently calling into gRPC, skipping fork() handlers
I1002 08:42:05.855191 2692848 ev_poll_posix.cc:587] FD from fork parent still in poll list: fd(9, generation: 1)
I1002 08:42:06.690519 2456479 fork_posix.cc:71] Other threads are currently calling into gRPC, skipping fork() handlers
I1002 08:42:06.728905 2456479 fork_posix.cc:71] Other threads are currently calling into gRPC, skipping fork() handlers
I1002 08:42:06.770302 2456479 fork_posix.cc:71] Other threads are currently calling into gRPC, skipping fork() handlers
I1002 08:42:06.832671 2456479 fork_posix.cc:71] Other threads are currently calling into gRPC, skipping fork() handlers
I1002 08:42:06.900768 2456479 fork_posix.cc:71] Other threads are currently calling into gRPC, skipping fork() handlers
I1002 08:42:06.966772 2456479 fork_posix.cc:71] Other threads are currently calling into gRPC, skipping fork() handlers
I1002 08:42:07.047197 2456479 fork_posix.cc:71] Other threads are currently calling into gRPC, skipping fork() handlers
I1002 08:42:07.116261 2456479 fork_posix.cc:71] Other threads are currently calling into gRPC, skipping fork() handlers
I1002 08:42:07.155812 2456479 fork_posix.cc:71] Other threads are currently calling into gRPC, skipping fork() handlers
I1002 08:42:07.198366 2456479 fork_posix.cc:71] Other threads are currently calling into gRPC, skipping fork() handlers
I1002 08:42:07.241238 2456479 fork_posix.cc:71] Other threads are currently calling into gRPC, skipping fork() handlers
I1002 08:42:07.282621 2456479 fork_posix.cc:71] Other threads are currently calling into gRPC, skipping fork() handlers
I1002 08:42:07.314964 2456479 fork_posix.cc:71] Other threads are currently calling into gRPC, skipping fork() handlers
I1002 08:42:07.357852 2456479 fork_posix.cc:71] Other threads are currently calling into gRPC, skipping fork() handlers
I1002 08:42:07.393448 2456479 fork_posix.cc:71] Other threads are currently calling into gRPC, skipping fork() handlers
I1002 08:42:07.425510 2456479 fork_posix.cc:71] Other threads are currently calling into gRPC, skipping fork() handlers
I1002 08:42:07.474442 2456479 fork_posix.cc:71] Other threads are currently calling into gRPC, skipping fork() handlers
I1002 08:42:07.515869 2456479 fork_posix.cc:71] Other threads are currently calling into gRPC, skipping fork() handlers
I1002 08:42:07.556324 2456479 fork_posix.cc:71] Other threads are currently calling into gRPC, skipping fork() handlers
I1002 08:42:07.630391 2456479 fork_posix.cc:71] Other threads are currently calling into gRPC, skipping fork() handlers
I1002 08:42:07.670292 2456479 fork_posix.cc:71] Other threads are currently calling into gRPC, skipping fork() handlers
I1002 08:42:07.704484 2456479 fork_posix.cc:71] Other threads are currently calling into gRPC, skipping fork() handlers
I1002 08:42:07.747833 2456479 fork_posix.cc:71] Other threads are currently calling into gRPC, skipping fork() handlers
I1002 08:42:07.789518 2456479 fork_posix.cc:71] Other threads are currently calling into gRPC, skipping fork() handlers
I1002 08:42:07.830197 2456479 fork_posix.cc:71] Other threads are currently calling into gRPC, skipping fork() handlers
I1002 08:42:07.870037 2456479 fork_posix.cc:71] Other threads are currently calling into gRPC, skipping fork() handlers
I1002 08:42:07.910476 2456479 fork_posix.cc:71] Other threads are currently calling into gRPC, skipping fork() handlers
I1002 08:42:07.946585 2456479 fork_posix.cc:71] Other threads are currently calling into gRPC, skipping fork() handlers
I1002 08:42:07.988035 2456479 fork_posix.cc:71] Other threads are currently calling into gRPC, skipping fork() handlers
I1002 08:42:08.029010 2456479 fork_posix.cc:71] Other threads are currently calling into gRPC, skipping fork() handlers
I1002 08:42:08.069253 2456479 fork_posix.cc:71] Other threads are currently calling into gRPC, skipping fork() handlers
I1002 08:42:08.110566 2456479 fork_posix.cc:71] Other threads are currently calling into gRPC, skipping fork() handlers
I1002 08:42:08.151276 2456479 fork_posix.cc:71] Other threads are currently calling into gRPC, skipping fork() handlers
I1002 08:42:08.191622 2456479 fork_posix.cc:71] Other threads are currently calling into gRPC, skipping fork() handlers
I1002 08:42:08.227519 2456479 fork_posix.cc:71] Other threads are currently calling into gRPC, skipping fork() handlers
/Users/alexy/src/sail-pecan-integrated/.venv/lib/python3.12/site-packages/pyspark/sql/connect/expressions.py:1091: UserWarning: WARN WindowExpression: No Partition Defined for Window operation! Moving all data to a single partition, this can cause serious performance degradation.
  warnings.warn(
I1002 08:42:25.259798 2456479 fork_posix.cc:71] Other threads are currently calling into gRPC, skipping fork() handlers
/Users/alexy/src/sail-pecan-integrated/.venv/lib/python3.12/site-packages/pyspark/sql/connect/expressions.py:1091: UserWarning: WARN WindowExpression: No Partition Defined for Window operation! Moving all data to a single partition, this can cause serious performance degradation.
  warnings.warn(
I1002 08:42:25.292247 2456479 fork_posix.cc:71] Other threads are currently calling into gRPC, skipping fork() handlers
I1002 08:42:25.331173 2456479 fork_posix.cc:71] Other threads are currently calling into gRPC, skipping fork() handlers
I1002 08:42:25.371266 2456479 fork_posix.cc:71] Other threads are currently calling into gRPC, skipping fork() handlers
I1002 08:42:25.411439 2456479 fork_posix.cc:71] Other threads are currently calling into gRPC, skipping fork() handlers
I1002 08:42:25.449152 2456479 fork_posix.cc:71] Other threads are currently calling into gRPC, skipping fork() handlers
I1002 08:42:25.489080 2456479 fork_posix.cc:71] Other threads are currently calling into gRPC, skipping fork() handlers
I1002 08:42:25.528309 2456479 fork_posix.cc:71] Other threads are currently calling into gRPC, skipping fork() handlers
I1002 08:42:25.567681 2456479 fork_posix.cc:71] Other threads are currently calling into gRPC, skipping fork() handlers
I1002 08:42:25.607509 2456479 fork_posix.cc:71] Other threads are currently calling into gRPC, skipping fork() handlers
I1002 08:42:25.648050 2456479 fork_posix.cc:71] Other threads are currently calling into gRPC, skipping fork() handlers
I1002 08:42:25.710092 2456479 fork_posix.cc:71] Other threads are currently calling into gRPC, skipping fork() handlers
I1002 08:42:25.773531 2456479 fork_posix.cc:71] Other threads are currently calling into gRPC, skipping fork() handlers
I1002 08:42:25.827641 2456479 fork_posix.cc:71] Other threads are currently calling into gRPC, skipping fork() handlers
I1002 08:42:25.905648 2456479 fork_posix.cc:71] Other threads are currently calling into gRPC, skipping fork() handlers
I1002 08:42:25.986118 2456479 fork_posix.cc:71] Other threads are currently calling into gRPC, skipping fork() handlers
I1002 08:42:26.030615 2456479 fork_posix.cc:71] Other threads are currently calling into gRPC, skipping fork() handlers
I1002 08:42:33.024736 2716264 ev_poll_posix.cc:587] FD from fork parent still in poll list: fd(9, generation: 1)
I1002 08:42:44.228311 2456479 fork_posix.cc:71] Other threads are currently calling into gRPC, skipping fork() handlers
I1002 08:42:44.270311 2456479 fork_posix.cc:71] Other threads are currently calling into gRPC, skipping fork() handlers
I1002 08:42:44.336397 2456479 fork_posix.cc:71] Other threads are currently calling into gRPC, skipping fork() handlers
I1002 08:42:44.438456 2456479 fork_posix.cc:71] Other threads are currently calling into gRPC, skipping fork() handlers
I1002 08:42:44.489288 2456479 fork_posix.cc:71] Other threads are currently calling into gRPC, skipping fork() handlers
I1002 08:42:44.560554 2456479 fork_posix.cc:71] Other threads are currently calling into gRPC, skipping fork() handlers
I1002 08:42:44.613735 2456479 fork_posix.cc:71] Other threads are currently calling into gRPC, skipping fork() handlers
I1002 08:42:44.672555 2456479 fork_posix.cc:71] Other threads are currently calling into gRPC, skipping fork() handlers
I1002 08:43:11.403213 2456479 fork_posix.cc:71] Other threads are currently calling into gRPC, skipping fork() handlers
I1002 08:43:11.468373 2456479 fork_posix.cc:71] Other threads are currently calling into gRPC, skipping fork() handlers
I1002 08:43:11.542200 2456479 fork_posix.cc:71] Other threads are currently calling into gRPC, skipping fork() handlers
I1002 08:43:11.635864 2456479 fork_posix.cc:71] Other threads are currently calling into gRPC, skipping fork() handlers
I1002 08:43:11.763243 2456479 fork_posix.cc:71] Other threads are currently calling into gRPC, skipping fork() handlers
I1002 08:43:11.812630 2456479 fork_posix.cc:71] Other threads are currently calling into gRPC, skipping fork() handlers
I1002 08:43:11.860249 2456479 fork_posix.cc:71] Other threads are currently calling into gRPC, skipping fork() handlers
I1002 08:43:11.934398 2456479 fork_posix.cc:71] Other threads are currently calling into gRPC, skipping fork() handlers
I1002 08:43:11.974481 2456479 fork_posix.cc:71] Other threads are currently calling into gRPC, skipping fork() handlers
I1002 08:43:12.020370 2456479 fork_posix.cc:71] Other threads are currently calling into gRPC, skipping fork() handlers
I1002 08:43:12.062983 2456479 fork_posix.cc:71] Other threads are currently calling into gRPC, skipping fork() handlers
I1002 08:43:12.121217 2456479 fork_posix.cc:71] Other threads are currently calling into gRPC, skipping fork() handlers
I1002 08:43:12.164643 2456479 fork_posix.cc:71] Other threads are currently calling into gRPC, skipping fork() handlers
I1002 08:43:12.206228 2456479 fork_posix.cc:71] Other threads are currently calling into gRPC, skipping fork() handlers
I1002 08:43:12.238347 2456479 fork_posix.cc:71] Other threads are currently calling into gRPC, skipping fork() handlers
I1002 08:43:12.293489 2456479 fork_posix.cc:71] Other threads are currently calling into gRPC, skipping fork() handlers
I1002 08:43:12.345345 2456479 fork_posix.cc:71] Other threads are currently calling into gRPC, skipping fork() handlers
I1002 08:43:12.392343 2456479 fork_posix.cc:71] Other threads are currently calling into gRPC, skipping fork() handlers
I1002 08:43:12.440282 2456479 fork_posix.cc:71] Other threads are currently calling into gRPC, skipping fork() handlers
I1002 08:43:12.490196 2456479 fork_posix.cc:71] Other threads are currently calling into gRPC, skipping fork() handlers
I1002 08:43:12.541794 2456479 fork_posix.cc:71] Other threads are currently calling into gRPC, skipping fork() handlers
I1002 08:43:12.616597 2456479 fork_posix.cc:71] Other threads are currently calling into gRPC, skipping fork() handlers
I1002 08:43:12.674571 2456479 fork_posix.cc:71] Other threads are currently calling into gRPC, skipping fork() handlers
I1002 08:43:12.726528 2456479 fork_posix.cc:71] Other threads are currently calling into gRPC, skipping fork() handlers
I1002 08:43:12.778603 2456479 fork_posix.cc:71] Other threads are currently calling into gRPC, skipping fork() handlers
I1002 08:43:12.833145 2456479 fork_posix.cc:71] Other threads are currently calling into gRPC, skipping fork() handlers
I1002 08:43:12.880575 2456479 fork_posix.cc:71] Other threads are currently calling into gRPC, skipping fork() handlers
I1002 08:43:12.939691 2456479 fork_posix.cc:71] Other threads are currently calling into gRPC, skipping fork() handlers
I1002 08:43:12.978939 2456479 fork_posix.cc:71] Other threads are currently calling into gRPC, skipping fork() handlers
I1002 08:43:13.012651 2456479 fork_posix.cc:71] Other threads are currently calling into gRPC, skipping fork() handlers
I1002 08:43:13.045261 2456479 fork_posix.cc:71] Other threads are currently calling into gRPC, skipping fork() handlers
I1002 08:43:13.122104 2456479 fork_posix.cc:71] Other threads are currently calling into gRPC, skipping fork() handlers
I1002 08:43:13.180740 2456479 fork_posix.cc:71] Other threads are currently calling into gRPC, skipping fork() handlers
I1002 08:43:13.225177 2456479 fork_posix.cc:71] Other threads are currently calling into gRPC, skipping fork() handlers
I1002 08:43:13.269214 2456479 fork_posix.cc:71] Other threads are currently calling into gRPC, skipping fork() handlers
I1002 08:43:13.330766 2456479 fork_posix.cc:71] Other threads are currently calling into gRPC, skipping fork() handlers
I1002 08:43:13.399926 2456479 fork_posix.cc:71] Other threads are currently calling into gRPC, skipping fork() handlers
I1002 08:43:18.698164 2751899 ev_poll_posix.cc:587] FD from fork parent still in poll list: fd(9, generation: 1)
I1002 08:43:35.019732 2763193 ev_poll_posix.cc:587] FD from fork parent still in poll list: fd(9, generation: 1)
I1002 08:43:35.121651 2456479 fork_posix.cc:71] Other threads are currently calling into gRPC, skipping fork() handlers
I1002 08:43:35.169235 2456479 fork_posix.cc:71] Other threads are currently calling into gRPC, skipping fork() handlers
I1002 08:43:35.211727 2456479 fork_posix.cc:71] Other threads are currently calling into gRPC, skipping fork() handlers
I1002 08:43:35.312874 2456479 fork_posix.cc:71] Other threads are currently calling into gRPC, skipping fork() handlers
I1002 08:43:35.356092 2456479 fork_posix.cc:71] Other threads are currently calling into gRPC, skipping fork() handlers
I1002 08:43:35.411988 2456479 fork_posix.cc:71] Other threads are currently calling into gRPC, skipping fork() handlers
I1002 08:43:35.488820 2456479 fork_posix.cc:71] Other threads are currently calling into gRPC, skipping fork() handlers
I1002 08:43:35.544046 2456479 fork_posix.cc:71] Other threads are currently calling into gRPC, skipping fork() handlers
I1002 08:43:35.600179 2456479 fork_posix.cc:71] Other threads are currently calling into gRPC, skipping fork() handlers
I1002 08:43:35.656324 2456479 fork_posix.cc:71] Other threads are currently calling into gRPC, skipping fork() handlers
I1002 08:43:35.705354 2456479 fork_posix.cc:71] Other threads are currently calling into gRPC, skipping fork() handlers
I1002 08:43:35.757899 2456479 fork_posix.cc:71] Other threads are currently calling into gRPC, skipping fork() handlers
I1002 08:43:35.825436 2456479 fork_posix.cc:71] Other threads are currently calling into gRPC, skipping fork() handlers
I1002 08:43:35.873188 2456479 fork_posix.cc:71] Other threads are currently calling into gRPC, skipping fork() handlers
I1002 08:43:35.910398 2456479 fork_posix.cc:71] Other threads are currently calling into gRPC, skipping fork() handlers
I1002 08:43:35.954276 2456479 fork_posix.cc:71] Other threads are currently calling into gRPC, skipping fork() handlers
I1002 08:43:35.997948 2456479 fork_posix.cc:71] Other threads are currently calling into gRPC, skipping fork() handlers
I1002 08:43:36.038518 2456479 fork_posix.cc:71] Other threads are currently calling into gRPC, skipping fork() handlers
I1002 08:43:36.082145 2456479 fork_posix.cc:71] Other threads are currently calling into gRPC, skipping fork() handlers
I1002 08:43:36.127204 2456479 fork_posix.cc:71] Other threads are currently calling into gRPC, skipping fork() handlers
I1002 08:43:36.170578 2456479 fork_posix.cc:71] Other threads are currently calling into gRPC, skipping fork() handlers
I1002 08:43:36.214471 2456479 fork_posix.cc:71] Other threads are currently calling into gRPC, skipping fork() handlers
I1002 08:43:36.259873 2456479 fork_posix.cc:71] Other threads are currently calling into gRPC, skipping fork() handlers
I1002 08:43:36.299538 2456479 fork_posix.cc:71] Other threads are currently calling into gRPC, skipping fork() handlers
I1002 08:43:36.341647 2456479 fork_posix.cc:71] Other threads are currently calling into gRPC, skipping fork() handlers
I1002 08:43:36.385219 2456479 fork_posix.cc:71] Other threads are currently calling into gRPC, skipping fork() handlers
I1002 08:43:36.425122 2456479 fork_posix.cc:71] Other threads are currently calling into gRPC, skipping fork() handlers
I1002 08:43:36.468339 2456479 fork_posix.cc:71] Other threads are currently calling into gRPC, skipping fork() handlers
I1002 08:43:39.044006 2766319 ev_poll_posix.cc:587] FD from fork parent still in poll list: fd(9, generation: 1)
I1002 08:43:47.175783 2456479 fork_posix.cc:71] Other threads are currently calling into gRPC, skipping fork() handlers
I1002 08:43:47.239690 2456479 fork_posix.cc:71] Other threads are currently calling into gRPC, skipping fork() handlers
I1002 08:43:47.296550 2456479 fork_posix.cc:71] Other threads are currently calling into gRPC, skipping fork() handlers
I1002 08:43:47.356932 2456479 fork_posix.cc:71] Other threads are currently calling into gRPC, skipping fork() handlers
I1002 08:43:47.402344 2456479 fork_posix.cc:71] Other threads are currently calling into gRPC, skipping fork() handlers
I1002 08:43:47.457447 2456479 fork_posix.cc:71] Other threads are currently calling into gRPC, skipping fork() handlers
I1002 08:43:47.504982 2456479 fork_posix.cc:71] Other threads are currently calling into gRPC, skipping fork() handlers
I1002 08:43:47.564673 2456479 fork_posix.cc:71] Other threads are currently calling into gRPC, skipping fork() handlers
I1002 08:43:47.603731 2456479 fork_posix.cc:71] Other threads are currently calling into gRPC, skipping fork() handlers
I1002 08:43:47.653879 2456479 fork_posix.cc:71] Other threads are currently calling into gRPC, skipping fork() handlers
I1002 08:43:47.704468 2456479 fork_posix.cc:71] Other threads are currently calling into gRPC, skipping fork() handlers
I1002 08:43:47.746422 2456479 fork_posix.cc:71] Other threads are currently calling into gRPC, skipping fork() handlers
I1002 08:43:47.798959 2456479 fork_posix.cc:71] Other threads are currently calling into gRPC, skipping fork() handlers
I1002 08:43:47.879549 2456479 fork_posix.cc:71] Other threads are currently calling into gRPC, skipping fork() handlers
I1002 08:43:47.930522 2456479 fork_posix.cc:71] Other threads are currently calling into gRPC, skipping fork() handlers
I1002 08:43:47.974466 2456479 fork_posix.cc:71] Other threads are currently calling into gRPC, skipping fork() handlers
I1002 08:43:48.013436 2456479 fork_posix.cc:71] Other threads are currently calling into gRPC, skipping fork() handlers
I1002 08:43:48.054444 2456479 fork_posix.cc:71] Other threads are currently calling into gRPC, skipping fork() handlers
I1002 08:43:48.090043 2456479 fork_posix.cc:71] Other threads are currently calling into gRPC, skipping fork() handlers
I1002 08:43:48.144517 2456479 fork_posix.cc:71] Other threads are currently calling into gRPC, skipping fork() handlers
I1002 08:43:48.185865 2456479 fork_posix.cc:71] Other threads are currently calling into gRPC, skipping fork() handlers
I1002 08:43:48.230218 2456479 fork_posix.cc:71] Other threads are currently calling into gRPC, skipping fork() handlers
I1002 08:43:48.270698 2456479 fork_posix.cc:71] Other threads are currently calling into gRPC, skipping fork() handlers
I1002 08:43:48.304392 2456479 fork_posix.cc:71] Other threads are currently calling into gRPC, skipping fork() handlers
I1002 08:43:48.340847 2456479 fork_posix.cc:71] Other threads are currently calling into gRPC, skipping fork() handlers
I1002 08:43:48.384159 2456479 fork_posix.cc:71] Other threads are currently calling into gRPC, skipping fork() handlers
I1002 08:43:48.446370 2456479 fork_posix.cc:71] Other threads are currently calling into gRPC, skipping fork() handlers
I1002 08:43:48.543696 2456479 fork_posix.cc:71] Other threads are currently calling into gRPC, skipping fork() handlers
I1002 08:43:48.583655 2456479 fork_posix.cc:71] Other threads are currently calling into gRPC, skipping fork() handlers
I1002 08:43:48.628078 2456479 fork_posix.cc:71] Other threads are currently calling into gRPC, skipping fork() handlers
I1002 08:43:48.661759 2456479 fork_posix.cc:71] Other threads are currently calling into gRPC, skipping fork() handlers
I1002 08:43:48.695988 2456479 fork_posix.cc:71] Other threads are currently calling into gRPC, skipping fork() handlers
I1002 08:43:48.792849 2456479 fork_posix.cc:71] Other threads are currently calling into gRPC, skipping fork() handlers
I1002 08:43:49.805901 2774555 ev_poll_posix.cc:587] FD from fork parent still in poll list: fd(9, generation: 1)
I1002 08:43:52.544062 2776800 ev_poll_posix.cc:587] FD from fork parent still in poll list: fd(9, generation: 1)
I1002 08:43:53.855406 2777729 ev_poll_posix.cc:587] FD from fork parent still in poll list: fd(9, generation: 1)
I1002 08:43:54.935178 2778578 ev_poll_posix.cc:587] FD from fork parent still in poll list: fd(9, generation: 1)
/Users/alexy/src/sail-pecan-integrated/.venv/lib/python3.12/site-packages/pyspark/sql/connect/expressions.py:1091: UserWarning: WARN WindowExpression: No Partition Defined for Window operation! Moving all data to a single partition, this can cause serious performance degradation.
  warnings.warn(
I1002 08:44:17.566026 2456479 fork_posix.cc:71] Other threads are currently calling into gRPC, skipping fork() handlers
I1002 08:44:17.610750 2456479 fork_posix.cc:71] Other threads are currently calling into gRPC, skipping fork() handlers
I1002 08:44:17.692430 2456479 fork_posix.cc:71] Other threads are currently calling into gRPC, skipping fork() handlers
I1002 08:44:17.749679 2456479 fork_posix.cc:71] Other threads are currently calling into gRPC, skipping fork() handlers
I1002 08:44:17.806272 2456479 fork_posix.cc:71] Other threads are currently calling into gRPC, skipping fork() handlers
I1002 08:44:17.843393 2456479 fork_posix.cc:71] Other threads are currently calling into gRPC, skipping fork() handlers
I1002 08:44:17.875600 2456479 fork_posix.cc:71] Other threads are currently calling into gRPC, skipping fork() handlers
I1002 08:44:17.908324 2456479 fork_posix.cc:71] Other threads are currently calling into gRPC, skipping fork() handlers
I1002 08:44:17.951410 2456479 fork_posix.cc:71] Other threads are currently calling into gRPC, skipping fork() handlers
I1002 08:44:17.994658 2456479 fork_posix.cc:71] Other threads are currently calling into gRPC, skipping fork() handlers
I1002 08:44:18.031955 2456479 fork_posix.cc:71] Other threads are currently calling into gRPC, skipping fork() handlers
I1002 08:44:18.074613 2456479 fork_posix.cc:71] Other threads are currently calling into gRPC, skipping fork() handlers
I1002 08:44:18.120823 2456479 fork_posix.cc:71] Other threads are currently calling into gRPC, skipping fork() handlers
I1002 08:44:18.152455 2456479 fork_posix.cc:71] Other threads are currently calling into gRPC, skipping fork() handlers
I1002 08:44:18.202507 2456479 fork_posix.cc:71] Other threads are currently calling into gRPC, skipping fork() handlers
I1002 08:44:18.247552 2456479 fork_posix.cc:71] Other threads are currently calling into gRPC, skipping fork() handlers
I1002 08:44:18.292908 2456479 fork_posix.cc:71] Other threads are currently calling into gRPC, skipping fork() handlers
I1002 08:44:18.371838 2456479 fork_posix.cc:71] Other threads are currently calling into gRPC, skipping fork() handlers
I1002 08:44:18.442996 2456479 fork_posix.cc:71] Other threads are currently calling into gRPC, skipping fork() handlers
I1002 08:44:18.482165 2456479 fork_posix.cc:71] Other threads are currently calling into gRPC, skipping fork() handlers
I1002 08:44:18.516426 2456479 fork_posix.cc:71] Other threads are currently calling into gRPC, skipping fork() handlers
I1002 08:44:18.566294 2456479 fork_posix.cc:71] Other threads are currently calling into gRPC, skipping fork() handlers
I1002 08:44:18.598318 2456479 fork_posix.cc:71] Other threads are currently calling into gRPC, skipping fork() handlers
I1002 08:44:18.639348 2456479 fork_posix.cc:71] Other threads are currently calling into gRPC, skipping fork() handlers
I1002 08:44:18.677892 2456427 fork_posix.cc:71] Other threads are currently calling into gRPC, skipping fork() handlers
I1002 08:44:19.023006 2456479 fork_posix.cc:71] Other threads are currently calling into gRPC, skipping fork() handlers
I1002 08:44:19.066418 2456479 fork_posix.cc:71] Other threads are currently calling into gRPC, skipping fork() handlers
I1002 08:44:19.104093 2456479 fork_posix.cc:71] Other threads are currently calling into gRPC, skipping fork() handlers
I1002 08:44:19.166241 2456479 fork_posix.cc:71] Other threads are currently calling into gRPC, skipping fork() handlers
I1002 08:44:19.213762 2456479 fork_posix.cc:71] Other threads are currently calling into gRPC, skipping fork() handlers
I1002 08:44:19.262800 2456479 fork_posix.cc:71] Other threads are currently calling into gRPC, skipping fork() handlers
I1002 08:44:19.306601 2456479 fork_posix.cc:71] Other threads are currently calling into gRPC, skipping fork() handlers
I1002 08:44:19.338693 2456479 fork_posix.cc:71] Other threads are currently calling into gRPC, skipping fork() handlers
I1002 08:44:19.373784 2456479 fork_posix.cc:71] Other threads are currently calling into gRPC, skipping fork() handlers
I1002 08:44:19.414636 2456479 fork_posix.cc:71] Other threads are currently calling into gRPC, skipping fork() handlers
I1002 08:44:19.466101 2456479 fork_posix.cc:71] Other threads are currently calling into gRPC, skipping fork() handlers
I1002 08:44:19.505302 2456479 fork_posix.cc:71] Other threads are currently calling into gRPC, skipping fork() handlers
I1002 08:44:19.537016 2456479 fork_posix.cc:71] Other threads are currently calling into gRPC, skipping fork() handlers
I1002 08:44:19.588172 2456479 fork_posix.cc:71] Other threads are currently calling into gRPC, skipping fork() handlers
I1002 08:44:19.635793 2456479 fork_posix.cc:71] Other threads are currently calling into gRPC, skipping fork() handlers
I1002 08:44:19.687592 2456479 fork_posix.cc:71] Other threads are currently calling into gRPC, skipping fork() handlers
I1002 08:44:19.723945 2456479 fork_posix.cc:71] Other threads are currently calling into gRPC, skipping fork() handlers
I1002 08:44:19.762387 2456479 fork_posix.cc:71] Other threads are currently calling into gRPC, skipping fork() handlers
I1002 08:44:19.796903 2456479 fork_posix.cc:71] Other threads are currently calling into gRPC, skipping fork() handlers
I1002 08:44:19.854227 2456479 fork_posix.cc:71] Other threads are currently calling into gRPC, skipping fork() handlers
I1002 08:44:49.856976 2456479 fork_posix.cc:71] Other threads are currently calling into gRPC, skipping fork() handlers
I1002 08:44:49.895112 2456479 fork_posix.cc:71] Other threads are currently calling into gRPC, skipping fork() handlers
I1002 08:44:49.943801 2456479 fork_posix.cc:71] Other threads are currently calling into gRPC, skipping fork() handlers
I1002 08:44:49.999945 2456479 fork_posix.cc:71] Other threads are currently calling into gRPC, skipping fork() handlers
I1002 08:44:50.062216 2456479 fork_posix.cc:71] Other threads are currently calling into gRPC, skipping fork() handlers
I1002 08:44:50.119656 2456479 fork_posix.cc:71] Other threads are currently calling into gRPC, skipping fork() handlers
I1002 08:44:50.175803 2456479 fork_posix.cc:71] Other threads are currently calling into gRPC, skipping fork() handlers
I1002 08:44:50.222183 2456479 fork_posix.cc:71] Other threads are currently calling into gRPC, skipping fork() handlers
I1002 08:44:50.263157 2456479 fork_posix.cc:71] Other threads are currently calling into gRPC, skipping fork() handlers
I1002 08:44:50.293363 2456479 fork_posix.cc:71] Other threads are currently calling into gRPC, skipping fork() handlers
I1002 08:44:50.328916 2456479 fork_posix.cc:71] Other threads are currently calling into gRPC, skipping fork() handlers
I1002 08:44:50.360052 2456479 fork_posix.cc:71] Other threads are currently calling into gRPC, skipping fork() handlers
I1002 08:44:50.399351 2456479 fork_posix.cc:71] Other threads are currently calling into gRPC, skipping fork() handlers
I1002 08:44:50.436630 2456479 fork_posix.cc:71] Other threads are currently calling into gRPC, skipping fork() handlers
I1002 08:44:50.467499 2456479 fork_posix.cc:71] Other threads are currently calling into gRPC, skipping fork() handlers
I1002 08:44:50.506405 2456479 fork_posix.cc:71] Other threads are currently calling into gRPC, skipping fork() handlers
I1002 08:44:50.539786 2456479 fork_posix.cc:71] Other threads are currently calling into gRPC, skipping fork() handlers
I1002 08:44:50.573698 2456479 fork_posix.cc:71] Other threads are currently calling into gRPC, skipping fork() handlers
I1002 08:44:50.605280 2456479 fork_posix.cc:71] Other threads are currently calling into gRPC, skipping fork() handlers
I1002 08:44:50.642010 2456479 fork_posix.cc:71] Other threads are currently calling into gRPC, skipping fork() handlers
I1002 08:44:50.671641 2456479 fork_posix.cc:71] Other threads are currently calling into gRPC, skipping fork() handlers
I1002 08:44:50.700813 2456479 fork_posix.cc:71] Other threads are currently calling into gRPC, skipping fork() handlers
I1002 08:44:50.739980 2456479 fork_posix.cc:71] Other threads are currently calling into gRPC, skipping fork() handlers
I1002 08:44:50.779292 2456479 fork_posix.cc:71] Other threads are currently calling into gRPC, skipping fork() handlers
I1002 08:44:50.818437 2456479 fork_posix.cc:71] Other threads are currently calling into gRPC, skipping fork() handlers
I1002 08:44:50.857128 2456479 fork_posix.cc:71] Other threads are currently calling into gRPC, skipping fork() handlers
I1002 08:44:50.889888 2456479 fork_posix.cc:71] Other threads are currently calling into gRPC, skipping fork() handlers
I1002 08:44:50.925315 2456479 fork_posix.cc:71] Other threads are currently calling into gRPC, skipping fork() handlers
I1002 08:44:50.964985 2456479 fork_posix.cc:71] Other threads are currently calling into gRPC, skipping fork() handlers
I1002 08:44:51.005053 2456479 fork_posix.cc:71] Other threads are currently calling into gRPC, skipping fork() handlers
I1002 08:44:51.043666 2456479 fork_posix.cc:71] Other threads are currently calling into gRPC, skipping fork() handlers
I1002 08:44:51.075704 2456479 fork_posix.cc:71] Other threads are currently calling into gRPC, skipping fork() handlers
I1002 08:44:51.113711 2456479 fork_posix.cc:71] Other threads are currently calling into gRPC, skipping fork() handlers
I1002 08:44:51.153573 2456479 fork_posix.cc:71] Other threads are currently calling into gRPC, skipping fork() handlers
I1002 08:44:51.193906 2456479 fork_posix.cc:71] Other threads are currently calling into gRPC, skipping fork() handlers
I1002 08:44:51.227784 2456479 fork_posix.cc:71] Other threads are currently calling into gRPC, skipping fork() handlers
I1002 08:44:51.267941 2456479 fork_posix.cc:71] Other threads are currently calling into gRPC, skipping fork() handlers
I1002 08:44:51.306536 2456479 fork_posix.cc:71] Other threads are currently calling into gRPC, skipping fork() handlers
I1002 08:44:51.345486 2456479 fork_posix.cc:71] Other threads are currently calling into gRPC, skipping fork() handlers
I1002 08:44:51.384917 2456479 fork_posix.cc:71] Other threads are currently calling into gRPC, skipping fork() handlers
I1002 08:45:00.548348 2829587 ev_poll_posix.cc:587] FD from fork parent still in poll list: fd(9, generation: 1)
I1002 08:45:06.451352 2833624 ev_poll_posix.cc:587] FD from fork parent still in poll list: fd(9, generation: 1)
/Users/alexy/src/sail-pecan-integrated/.venv/lib/python3.12/site-packages/pyspark/sql/connect/expressions.py:1091: UserWarning: WARN WindowExpression: No Partition Defined for Window operation! Moving all data to a single partition, this can cause serious performance degradation.
  warnings.warn(
I1002 08:45:15.060811 2456479 fork_posix.cc:71] Other threads are currently calling into gRPC, skipping fork() handlers
I1002 08:45:15.127682 2456479 fork_posix.cc:71] Other threads are currently calling into gRPC, skipping fork() handlers
I1002 08:45:15.188288 2456479 fork_posix.cc:71] Other threads are currently calling into gRPC, skipping fork() handlers
I1002 08:45:15.263679 2456479 fork_posix.cc:71] Other threads are currently calling into gRPC, skipping fork() handlers
I1002 08:45:15.305065 2456479 fork_posix.cc:71] Other threads are currently calling into gRPC, skipping fork() handlers
I1002 08:45:15.374687 2456479 fork_posix.cc:71] Other threads are currently calling into gRPC, skipping fork() handlers
I1002 08:45:15.452218 2456479 fork_posix.cc:71] Other threads are currently calling into gRPC, skipping fork() handlers
I1002 08:45:15.516613 2456479 fork_posix.cc:71] Other threads are currently calling into gRPC, skipping fork() handlers
I1002 08:45:15.613421 2456479 fork_posix.cc:71] Other threads are currently calling into gRPC, skipping fork() handlers
I1002 08:45:15.698263 2456479 fork_posix.cc:71] Other threads are currently calling into gRPC, skipping fork() handlers
I1002 08:45:15.837451 2456479 fork_posix.cc:71] Other threads are currently calling into gRPC, skipping fork() handlers
I1002 08:45:15.943578 2456479 fork_posix.cc:71] Other threads are currently calling into gRPC, skipping fork() handlers
I1002 08:45:16.015671 2456479 fork_posix.cc:71] Other threads are currently calling into gRPC, skipping fork() handlers
I1002 08:45:16.073976 2456479 fork_posix.cc:71] Other threads are currently calling into gRPC, skipping fork() handlers
I1002 08:45:16.121150 2456479 fork_posix.cc:71] Other threads are currently calling into gRPC, skipping fork() handlers
I1002 08:45:16.170083 2456479 fork_posix.cc:71] Other threads are currently calling into gRPC, skipping fork() handlers
I1002 08:45:16.210914 2456479 fork_posix.cc:71] Other threads are currently calling into gRPC, skipping fork() handlers
I1002 08:45:16.251446 2456479 fork_posix.cc:71] Other threads are currently calling into gRPC, skipping fork() handlers
I1002 08:45:16.284232 2456479 fork_posix.cc:71] Other threads are currently calling into gRPC, skipping fork() handlers
I1002 08:45:16.328041 2456479 fork_posix.cc:71] Other threads are currently calling into gRPC, skipping fork() handlers
I1002 08:45:16.368402 2456479 fork_posix.cc:71] Other threads are currently calling into gRPC, skipping fork() handlers
I1002 08:45:16.408310 2456479 fork_posix.cc:71] Other threads are currently calling into gRPC, skipping fork() handlers
I1002 08:45:16.447746 2456479 fork_posix.cc:71] Other threads are currently calling into gRPC, skipping fork() handlers
I1002 08:45:16.490305 2456479 fork_posix.cc:71] Other threads are currently calling into gRPC, skipping fork() handlers
I1002 08:45:42.999891 2860650 ev_poll_posix.cc:587] FD from fork parent still in poll list: fd(9, generation: 1)
I1002 08:45:44.222908 2456479 fork_posix.cc:71] Other threads are currently calling into gRPC, skipping fork() handlers
I1002 08:45:44.258259 2456479 fork_posix.cc:71] Other threads are currently calling into gRPC, skipping fork() handlers
I1002 08:45:44.306658 2456479 fork_posix.cc:71] Other threads are currently calling into gRPC, skipping fork() handlers
I1002 08:45:44.348451 2456479 fork_posix.cc:71] Other threads are currently calling into gRPC, skipping fork() handlers
I1002 08:45:44.385240 2456479 fork_posix.cc:71] Other threads are currently calling into gRPC, skipping fork() handlers
I1002 08:45:44.432968 2456479 fork_posix.cc:71] Other threads are currently calling into gRPC, skipping fork() handlers
I1002 08:45:44.480192 2456479 fork_posix.cc:71] Other threads are currently calling into gRPC, skipping fork() handlers
I1002 08:45:44.554256 2456479 fork_posix.cc:71] Other threads are currently calling into gRPC, skipping fork() handlers
I1002 08:45:44.621233 2456479 fork_posix.cc:71] Other threads are currently calling into gRPC, skipping fork() handlers
I1002 08:45:44.665324 2456479 fork_posix.cc:71] Other threads are currently calling into gRPC, skipping fork() handlers
I1002 08:45:44.715023 2456479 fork_posix.cc:71] Other threads are currently calling into gRPC, skipping fork() handlers
I1002 08:45:44.762738 2456479 fork_posix.cc:71] Other threads are currently calling into gRPC, skipping fork() handlers
I1002 08:45:44.801921 2456479 fork_posix.cc:71] Other threads are currently calling into gRPC, skipping fork() handlers
I1002 08:45:44.845875 2456479 fork_posix.cc:71] Other threads are currently calling into gRPC, skipping fork() handlers
I1002 08:46:17.662198 2456479 fork_posix.cc:71] Other threads are currently calling into gRPC, skipping fork() handlers
I1002 08:46:17.713038 2456479 fork_posix.cc:71] Other threads are currently calling into gRPC, skipping fork() handlers
I1002 08:46:17.775300 2456479 fork_posix.cc:71] Other threads are currently calling into gRPC, skipping fork() handlers
I1002 08:46:17.821745 2456479 fork_posix.cc:71] Other threads are currently calling into gRPC, skipping fork() handlers
I1002 08:46:17.871957 2456479 fork_posix.cc:71] Other threads are currently calling into gRPC, skipping fork() handlers
I1002 08:46:17.915562 2456479 fork_posix.cc:71] Other threads are currently calling into gRPC, skipping fork() handlers
I1002 08:46:17.961602 2456479 fork_posix.cc:71] Other threads are currently calling into gRPC, skipping fork() handlers
I1002 08:46:18.004698 2456479 fork_posix.cc:71] Other threads are currently calling into gRPC, skipping fork() handlers
I1002 08:46:18.050368 2456479 fork_posix.cc:71] Other threads are currently calling into gRPC, skipping fork() handlers
I1002 08:46:18.126922 2456479 fork_posix.cc:71] Other threads are currently calling into gRPC, skipping fork() handlers
I1002 08:46:18.172312 2456479 fork_posix.cc:71] Other threads are currently calling into gRPC, skipping fork() handlers
I1002 08:46:18.220457 2456479 fork_posix.cc:71] Other threads are currently calling into gRPC, skipping fork() handlers
I1002 08:46:18.273894 2456479 fork_posix.cc:71] Other threads are currently calling into gRPC, skipping fork() handlers
I1002 08:46:18.327692 2456479 fork_posix.cc:71] Other threads are currently calling into gRPC, skipping fork() handlers
I1002 08:46:18.379868 2456479 fork_posix.cc:71] Other threads are currently calling into gRPC, skipping fork() handlers
I1002 08:46:18.422176 2456479 fork_posix.cc:71] Other threads are currently calling into gRPC, skipping fork() handlers
I1002 08:46:18.471071 2456479 fork_posix.cc:71] Other threads are currently calling into gRPC, skipping fork() handlers
I1002 08:46:18.530381 2456479 fork_posix.cc:71] Other threads are currently calling into gRPC, skipping fork() handlers
I1002 08:46:18.591019 2456479 fork_posix.cc:71] Other threads are currently calling into gRPC, skipping fork() handlers
I1002 08:46:18.681624 2456479 fork_posix.cc:71] Other threads are currently calling into gRPC, skipping fork() handlers
I1002 08:46:18.721742 2456479 fork_posix.cc:71] Other threads are currently calling into gRPC, skipping fork() handlers
I1002 08:46:18.772866 2456479 fork_posix.cc:71] Other threads are currently calling into gRPC, skipping fork() handlers
I1002 08:46:18.846879 2456479 fork_posix.cc:71] Other threads are currently calling into gRPC, skipping fork() handlers
I1002 08:46:18.887048 2456479 fork_posix.cc:71] Other threads are currently calling into gRPC, skipping fork() handlers
I1002 08:46:18.941074 2456479 fork_posix.cc:71] Other threads are currently calling into gRPC, skipping fork() handlers
I1002 08:46:18.986331 2456479 fork_posix.cc:71] Other threads are currently calling into gRPC, skipping fork() handlers
I1002 08:46:19.033265 2456479 fork_posix.cc:71] Other threads are currently calling into gRPC, skipping fork() handlers
I1002 08:46:19.079201 2456479 fork_posix.cc:71] Other threads are currently calling into gRPC, skipping fork() handlers
I1002 08:46:19.147734 2456479 fork_posix.cc:71] Other threads are currently calling into gRPC, skipping fork() handlers
I1002 08:46:19.193409 2456479 fork_posix.cc:71] Other threads are currently calling into gRPC, skipping fork() handlers
I1002 08:46:19.272045 2456479 fork_posix.cc:71] Other threads are currently calling into gRPC, skipping fork() handlers
I1002 08:46:19.330905 2456479 fork_posix.cc:71] Other threads are currently calling into gRPC, skipping fork() handlers
I1002 08:46:19.365851 2456479 fork_posix.cc:71] Other threads are currently calling into gRPC, skipping fork() handlers
I1002 08:46:19.411385 2456479 fork_posix.cc:71] Other threads are currently calling into gRPC, skipping fork() handlers
I1002 08:46:19.453900 2456479 fork_posix.cc:71] Other threads are currently calling into gRPC, skipping fork() handlers
I1002 08:46:19.503228 2456479 fork_posix.cc:71] Other threads are currently calling into gRPC, skipping fork() handlers
I1002 08:46:19.546626 2456479 fork_posix.cc:71] Other threads are currently calling into gRPC, skipping fork() handlers
I1002 08:46:19.584443 2456479 fork_posix.cc:71] Other threads are currently calling into gRPC, skipping fork() handlers
I1002 08:46:19.627740 2456479 fork_posix.cc:71] Other threads are currently calling into gRPC, skipping fork() handlers
I1002 08:46:19.679234 2456479 fork_posix.cc:71] Other threads are currently calling into gRPC, skipping fork() handlers
I1002 08:46:19.732527 2456479 fork_posix.cc:71] Other threads are currently calling into gRPC, skipping fork() handlers
I1002 08:46:26.932509 2892313 ev_poll_posix.cc:587] FD from fork parent still in poll list: fd(9, generation: 1)
I1002 08:46:43.610081 2456479 fork_posix.cc:71] Other threads are currently calling into gRPC, skipping fork() handlers
I1002 08:46:43.685162 2456479 fork_posix.cc:71] Other threads are currently calling into gRPC, skipping fork() handlers
I1002 08:46:43.740640 2456479 fork_posix.cc:71] Other threads are currently calling into gRPC, skipping fork() handlers
I1002 08:46:43.795656 2456479 fork_posix.cc:71] Other threads are currently calling into gRPC, skipping fork() handlers
I1002 08:46:43.857592 2456479 fork_posix.cc:71] Other threads are currently calling into gRPC, skipping fork() handlers
I1002 08:46:43.930029 2456479 fork_posix.cc:71] Other threads are currently calling into gRPC, skipping fork() handlers
I1002 08:46:43.978560 2456479 fork_posix.cc:71] Other threads are currently calling into gRPC, skipping fork() handlers
I1002 08:46:44.025657 2456479 fork_posix.cc:71] Other threads are currently calling into gRPC, skipping fork() handlers
I1002 08:46:44.073406 2456479 fork_posix.cc:71] Other threads are currently calling into gRPC, skipping fork() handlers
I1002 08:46:44.115933 2456479 fork_posix.cc:71] Other threads are currently calling into gRPC, skipping fork() handlers
I1002 08:46:44.208131 2456479 fork_posix.cc:71] Other threads are currently calling into gRPC, skipping fork() handlers
I1002 08:46:44.245957 2456479 fork_posix.cc:71] Other threads are currently calling into gRPC, skipping fork() handlers
I1002 08:46:44.306549 2456479 fork_posix.cc:71] Other threads are currently calling into gRPC, skipping fork() handlers
I1002 08:46:44.365557 2456479 fork_posix.cc:71] Other threads are currently calling into gRPC, skipping fork() handlers
I1002 08:46:44.410798 2456479 fork_posix.cc:71] Other threads are currently calling into gRPC, skipping fork() handlers
I1002 08:46:44.465426 2456479 fork_posix.cc:71] Other threads are currently calling into gRPC, skipping fork() handlers
I1002 08:46:44.515831 2456479 fork_posix.cc:71] Other threads are currently calling into gRPC, skipping fork() handlers
I1002 08:46:44.558481 2456479 fork_posix.cc:71] Other threads are currently calling into gRPC, skipping fork() handlers
I1002 08:46:44.614677 2456479 fork_posix.cc:71] Other threads are currently calling into gRPC, skipping fork() handlers
I1002 08:46:44.682665 2456479 fork_posix.cc:71] Other threads are currently calling into gRPC, skipping fork() handlers
I1002 08:46:44.729273 2456479 fork_posix.cc:71] Other threads are currently calling into gRPC, skipping fork() handlers
I1002 08:46:44.780029 2456479 fork_posix.cc:71] Other threads are currently calling into gRPC, skipping fork() handlers
I1002 08:46:44.816357 2456479 fork_posix.cc:71] Other threads are currently calling into gRPC, skipping fork() handlers
I1002 08:46:54.659852 2456479 fork_posix.cc:71] Other threads are currently calling into gRPC, skipping fork() handlers
I1002 08:46:54.706317 2456479 fork_posix.cc:71] Other threads are currently calling into gRPC, skipping fork() handlers
I1002 08:46:54.773494 2456479 fork_posix.cc:71] Other threads are currently calling into gRPC, skipping fork() handlers
I1002 08:46:54.809647 2456479 fork_posix.cc:71] Other threads are currently calling into gRPC, skipping fork() handlers
I1002 08:46:54.847856 2456479 fork_posix.cc:71] Other threads are currently calling into gRPC, skipping fork() handlers
I1002 08:46:54.885335 2456479 fork_posix.cc:71] Other threads are currently calling into gRPC, skipping fork() handlers
I1002 08:46:54.925846 2456479 fork_posix.cc:71] Other threads are currently calling into gRPC, skipping fork() handlers
I1002 08:46:54.958586 2456479 fork_posix.cc:71] Other threads are currently calling into gRPC, skipping fork() handlers
I1002 08:46:54.998124 2456479 fork_posix.cc:71] Other threads are currently calling into gRPC, skipping fork() handlers
I1002 08:46:55.035560 2456479 fork_posix.cc:71] Other threads are currently calling into gRPC, skipping fork() handlers
I1002 08:46:55.069821 2456479 fork_posix.cc:71] Other threads are currently calling into gRPC, skipping fork() handlers
I1002 08:46:55.108746 2456479 fork_posix.cc:71] Other threads are currently calling into gRPC, skipping fork() handlers
I1002 08:46:55.148094 2456479 fork_posix.cc:71] Other threads are currently calling into gRPC, skipping fork() handlers
I1002 08:46:55.180249 2456479 fork_posix.cc:71] Other threads are currently calling into gRPC, skipping fork() handlers
I1002 08:46:55.219869 2456479 fork_posix.cc:71] Other threads are currently calling into gRPC, skipping fork() handlers
I1002 08:46:55.258828 2456479 fork_posix.cc:71] Other threads are currently calling into gRPC, skipping fork() handlers
I1002 08:46:55.291840 2456479 fork_posix.cc:71] Other threads are currently calling into gRPC, skipping fork() handlers
I1002 08:46:55.331092 2456479 fork_posix.cc:71] Other threads are currently calling into gRPC, skipping fork() handlers
I1002 08:46:55.367549 2456479 fork_posix.cc:71] Other threads are currently calling into gRPC, skipping fork() handlers
I1002 08:46:55.397559 2456479 fork_posix.cc:71] Other threads are currently calling into gRPC, skipping fork() handlers
I1002 08:46:55.429927 2456479 fork_posix.cc:71] Other threads are currently calling into gRPC, skipping fork() handlers
I1002 08:46:55.463416 2456479 fork_posix.cc:71] Other threads are currently calling into gRPC, skipping fork() handlers
I1002 08:46:55.502291 2456479 fork_posix.cc:71] Other threads are currently calling into gRPC, skipping fork() handlers
I1002 08:46:55.538776 2456479 fork_posix.cc:71] Other threads are currently calling into gRPC, skipping fork() handlers
I1002 08:46:55.578821 2456479 fork_posix.cc:71] Other threads are currently calling into gRPC, skipping fork() handlers
I1002 08:46:55.613825 2456479 fork_posix.cc:71] Other threads are currently calling into gRPC, skipping fork() handlers
I1002 08:46:56.945137 2915090 ev_poll_posix.cc:587] FD from fork parent still in poll list: fd(9, generation: 1)
/Users/alexy/src/sail-pecan-integrated/.venv/lib/python3.12/site-packages/pyspark/sql/connect/expressions.py:1091: UserWarning: WARN WindowExpression: No Partition Defined for Window operation! Moving all data to a single partition, this can cause serious performance degradation.
  warnings.warn(
I1002 08:47:13.716369 2456479 fork_posix.cc:71] Other threads are currently calling into gRPC, skipping fork() handlers
I1002 08:47:13.756999 2456479 fork_posix.cc:71] Other threads are currently calling into gRPC, skipping fork() handlers
I1002 08:47:13.811416 2456479 fork_posix.cc:71] Other threads are currently calling into gRPC, skipping fork() handlers
I1002 08:47:13.863976 2456479 fork_posix.cc:71] Other threads are currently calling into gRPC, skipping fork() handlers
I1002 08:47:13.903583 2456479 fork_posix.cc:71] Other threads are currently calling into gRPC, skipping fork() handlers
I1002 08:47:13.946707 2456479 fork_posix.cc:71] Other threads are currently calling into gRPC, skipping fork() handlers
I1002 08:47:13.985595 2456479 fork_posix.cc:71] Other threads are currently calling into gRPC, skipping fork() handlers
I1002 08:47:14.022800 2456479 fork_posix.cc:71] Other threads are currently calling into gRPC, skipping fork() handlers
I1002 08:47:14.096163 2456479 fork_posix.cc:71] Other threads are currently calling into gRPC, skipping fork() handlers
I1002 08:47:14.136450 2456479 fork_posix.cc:71] Other threads are currently calling into gRPC, skipping fork() handlers
I1002 08:47:14.176794 2456479 fork_posix.cc:71] Other threads are currently calling into gRPC, skipping fork() handlers
I1002 08:47:14.215293 2456479 fork_posix.cc:71] Other threads are currently calling into gRPC, skipping fork() handlers
I1002 08:47:14.248717 2456479 fork_posix.cc:71] Other threads are currently calling into gRPC, skipping fork() handlers
I1002 08:47:14.279018 2456479 fork_posix.cc:71] Other threads are currently calling into gRPC, skipping fork() handlers
I1002 08:47:14.317366 2456479 fork_posix.cc:71] Other threads are currently calling into gRPC, skipping fork() handlers
I1002 08:47:14.351723 2456479 fork_posix.cc:71] Other threads are currently calling into gRPC, skipping fork() handlers
I1002 08:47:14.416345 2456479 fork_posix.cc:71] Other threads are currently calling into gRPC, skipping fork() handlers
I1002 08:47:14.717775 2456479 fork_posix.cc:71] Other threads are currently calling into gRPC, skipping fork() handlers
I1002 08:47:16.606166 2456479 fork_posix.cc:71] Other threads are currently calling into gRPC, skipping fork() handlers
I1002 08:47:16.645945 2456479 fork_posix.cc:71] Other threads are currently calling into gRPC, skipping fork() handlers
I1002 08:47:18.493214 2456479 fork_posix.cc:71] Other threads are currently calling into gRPC, skipping fork() handlers
I1002 08:47:18.542353 2456479 fork_posix.cc:71] Other threads are currently calling into gRPC, skipping fork() handlers
/Users/alexy/src/sail-pecan-integrated/.venv/lib/python3.12/site-packages/pyspark/sql/connect/expressions.py:1091: UserWarning: WARN WindowExpression: No Partition Defined for Window operation! Moving all data to a single partition, this can cause serious performance degradation.
  warnings.warn(
I1002 08:47:20.505390 2456479 fork_posix.cc:71] Other threads are currently calling into gRPC, skipping fork() handlers
I1002 08:47:20.546246 2456479 fork_posix.cc:71] Other threads are currently calling into gRPC, skipping fork() handlers
I1002 08:47:20.583767 2456479 fork_posix.cc:71] Other threads are currently calling into gRPC, skipping fork() handlers
I1002 08:47:20.621147 2456479 fork_posix.cc:71] Other threads are currently calling into gRPC, skipping fork() handlers
I1002 08:47:20.654532 2456479 fork_posix.cc:71] Other threads are currently calling into gRPC, skipping fork() handlers
/Users/alexy/src/sail-pecan-integrated/.venv/lib/python3.12/site-packages/pyspark/sql/connect/expressions.py:1091: UserWarning: WARN WindowExpression: No Partition Defined for Window operation! Moving all data to a single partition, this can cause serious performance degradation.
  warnings.warn(
I1002 08:47:22.236336 2456479 fork_posix.cc:71] Other threads are currently calling into gRPC, skipping fork() handlers
/Users/alexy/src/sail-pecan-integrated/.venv/lib/python3.12/site-packages/pyspark/sql/connect/expressions.py:1091: UserWarning: WARN WindowExpression: No Partition Defined for Window operation! Moving all data to a single partition, this can cause serious performance degradation.
  warnings.warn(
I1002 08:47:22.268710 2456479 fork_posix.cc:71] Other threads are currently calling into gRPC, skipping fork() handlers
I1002 08:47:22.308585 2456479 fork_posix.cc:71] Other threads are currently calling into gRPC, skipping fork() handlers
I1002 08:47:22.348076 2456479 fork_posix.cc:71] Other threads are currently calling into gRPC, skipping fork() handlers
I1002 08:47:22.378224 2456479 fork_posix.cc:71] Other threads are currently calling into gRPC, skipping fork() handlers
I1002 08:47:22.417462 2456479 fork_posix.cc:71] Other threads are currently calling into gRPC, skipping fork() handlers
I1002 08:47:22.452015 2456479 fork_posix.cc:71] Other threads are currently calling into gRPC, skipping fork() handlers
I1002 08:47:22.492281 2456479 fork_posix.cc:71] Other threads are currently calling into gRPC, skipping fork() handlers
I1002 08:47:24.206659 2456479 fork_posix.cc:71] Other threads are currently calling into gRPC, skipping fork() handlers
I1002 08:47:24.257901 2456479 fork_posix.cc:71] Other threads are currently calling into gRPC, skipping fork() handlers
I1002 08:47:24.324549 2456479 fork_posix.cc:71] Other threads are currently calling into gRPC, skipping fork() handlers
I1002 08:47:24.364020 2456479 fork_posix.cc:71] Other threads are currently calling into gRPC, skipping fork() handlers
I1002 08:47:24.437596 2456479 fork_posix.cc:71] Other threads are currently calling into gRPC, skipping fork() handlers
I1002 08:47:24.478438 2456479 fork_posix.cc:71] Other threads are currently calling into gRPC, skipping fork() handlers
I1002 08:47:24.518310 2456479 fork_posix.cc:71] Other threads are currently calling into gRPC, skipping fork() handlers
I1002 08:47:24.592642 2456479 fork_posix.cc:71] Other threads are currently calling into gRPC, skipping fork() handlers
I1002 08:47:24.632098 2456479 fork_posix.cc:71] Other threads are currently calling into gRPC, skipping fork() handlers
I1002 08:47:24.672238 2456479 fork_posix.cc:71] Other threads are currently calling into gRPC, skipping fork() handlers
I1002 08:47:24.706835 2456479 fork_posix.cc:71] Other threads are currently calling into gRPC, skipping fork() handlers
I1002 08:47:24.741100 2456479 fork_posix.cc:71] Other threads are currently calling into gRPC, skipping fork() handlers
I1002 08:47:24.785635 2456479 fork_posix.cc:71] Other threads are currently calling into gRPC, skipping fork() handlers
I1002 08:47:24.825407 2456479 fork_posix.cc:71] Other threads are currently calling into gRPC, skipping fork() handlers
I1002 08:47:24.865255 2456479 fork_posix.cc:71] Other threads are currently calling into gRPC, skipping fork() handlers
I1002 08:47:24.904612 2456479 fork_posix.cc:71] Other threads are currently calling into gRPC, skipping fork() handlers
I1002 08:47:24.943994 2456479 fork_posix.cc:71] Other threads are currently calling into gRPC, skipping fork() handlers
I1002 08:47:24.983922 2456479 fork_posix.cc:71] Other threads are currently calling into gRPC, skipping fork() handlers
I1002 08:47:25.024629 2456479 fork_posix.cc:71] Other threads are currently calling into gRPC, skipping fork() handlers
I1002 08:47:25.064110 2456479 fork_posix.cc:71] Other threads are currently calling into gRPC, skipping fork() handlers
/Users/alexy/src/sail-pecan-integrated/.venv/lib/python3.12/site-packages/pyspark/sql/connect/expressions.py:1091: UserWarning: WARN WindowExpression: No Partition Defined for Window operation! Moving all data to a single partition, this can cause serious performance degradation.
  warnings.warn(
I1002 08:47:40.742996 2456479 fork_posix.cc:71] Other threads are currently calling into gRPC, skipping fork() handlers
I1002 08:47:40.774685 2456479 fork_posix.cc:71] Other threads are currently calling into gRPC, skipping fork() handlers
I1002 08:47:40.814435 2456479 fork_posix.cc:71] Other threads are currently calling into gRPC, skipping fork() handlers
I1002 08:47:40.887523 2456479 fork_posix.cc:71] Other threads are currently calling into gRPC, skipping fork() handlers
/Users/alexy/src/sail-pecan-integrated/.venv/lib/python3.12/site-packages/pyspark/sql/connect/expressions.py:1091: UserWarning: WARN WindowExpression: No Partition Defined for Window operation! Moving all data to a single partition, this can cause serious performance degradation.
  warnings.warn(
/Users/alexy/src/sail-pecan-integrated/.venv/lib/python3.12/site-packages/pyspark/sql/connect/expressions.py:1091: UserWarning: WARN WindowExpression: No Partition Defined for Window operation! Moving all data to a single partition, this can cause serious performance degradation.
  warnings.warn(
I1002 08:47:42.545331 2456479 fork_posix.cc:71] Other threads are currently calling into gRPC, skipping fork() handlers
I1002 08:47:42.585190 2456479 fork_posix.cc:71] Other threads are currently calling into gRPC, skipping fork() handlers
I1002 08:47:42.624655 2456479 fork_posix.cc:71] Other threads are currently calling into gRPC, skipping fork() handlers
I1002 08:47:42.661525 2456479 fork_posix.cc:71] Other threads are currently calling into gRPC, skipping fork() handlers
I1002 08:47:42.700925 2456479 fork_posix.cc:71] Other threads are currently calling into gRPC, skipping fork() handlers
I1002 08:47:42.740734 2456479 fork_posix.cc:71] Other threads are currently calling into gRPC, skipping fork() handlers
I1002 08:47:44.397193 2456479 fork_posix.cc:71] Other threads are currently calling into gRPC, skipping fork() handlers
I1002 08:47:44.541014 2456479 fork_posix.cc:71] Other threads are currently calling into gRPC, skipping fork() handlers
I1002 08:47:44.575840 2456479 fork_posix.cc:71] Other threads are currently calling into gRPC, skipping fork() handlers
I1002 08:47:44.616236 2456479 fork_posix.cc:71] Other threads are currently calling into gRPC, skipping fork() handlers
I1002 08:47:44.656683 2456479 fork_posix.cc:71] Other threads are currently calling into gRPC, skipping fork() handlers
I1002 08:47:44.696381 2456479 fork_posix.cc:71] Other threads are currently calling into gRPC, skipping fork() handlers
I1002 08:47:44.737530 2456479 fork_posix.cc:71] Other threads are currently calling into gRPC, skipping fork() handlers
I1002 08:47:44.777630 2456479 fork_posix.cc:71] Other threads are currently calling into gRPC, skipping fork() handlers
I1002 08:47:44.811425 2456479 fork_posix.cc:71] Other threads are currently calling into gRPC, skipping fork() handlers
I1002 08:47:44.854508 2456479 fork_posix.cc:71] Other threads are currently calling into gRPC, skipping fork() handlers
I1002 08:47:44.896767 2456479 fork_posix.cc:71] Other threads are currently calling into gRPC, skipping fork() handlers
I1002 08:47:44.972750 2456479 fork_posix.cc:71] Other threads are currently calling into gRPC, skipping fork() handlers
I1002 08:47:45.014198 2456479 fork_posix.cc:71] Other threads are currently calling into gRPC, skipping fork() handlers
I1002 08:47:45.057441 2456479 fork_posix.cc:71] Other threads are currently calling into gRPC, skipping fork() handlers
I1002 08:47:45.096383 2456479 fork_posix.cc:71] Other threads are currently calling into gRPC, skipping fork() handlers
I1002 08:47:45.164704 2456479 fork_posix.cc:71] Other threads are currently calling into gRPC, skipping fork() handlers
I1002 08:47:45.197302 2456479 fork_posix.cc:71] Other threads are currently calling into gRPC, skipping fork() handlers
I1002 08:47:45.263748 2456479 fork_posix.cc:71] Other threads are currently calling into gRPC, skipping fork() handlers
I1002 08:47:45.296517 2456479 fork_posix.cc:71] Other threads are currently calling into gRPC, skipping fork() handlers
I1002 08:47:45.336224 2456479 fork_posix.cc:71] Other threads are currently calling into gRPC, skipping fork() handlers
I1002 08:47:45.375224 2456479 fork_posix.cc:71] Other threads are currently calling into gRPC, skipping fork() handlers
/Users/alexy/src/sail-pecan-integrated/.venv/lib/python3.12/site-packages/pyspark/sql/connect/expressions.py:1091: UserWarning: WARN WindowExpression: No Partition Defined for Window operation! Moving all data to a single partition, this can cause serious performance degradation.
  warnings.warn(
I1002 08:48:00.665359 2456479 fork_posix.cc:71] Other threads are currently calling into gRPC, skipping fork() handlers
I1002 08:48:00.703071 2456479 fork_posix.cc:71] Other threads are currently calling into gRPC, skipping fork() handlers
I1002 08:48:00.742721 2456479 fork_posix.cc:71] Other threads are currently calling into gRPC, skipping fork() handlers
I1002 08:48:00.779439 2456479 fork_posix.cc:71] Other threads are currently calling into gRPC, skipping fork() handlers
I1002 08:48:00.811624 2456479 fork_posix.cc:71] Other threads are currently calling into gRPC, skipping fork() handlers
/Users/alexy/src/sail-pecan-integrated/.venv/lib/python3.12/site-packages/pyspark/sql/connect/expressions.py:1091: UserWarning: WARN WindowExpression: No Partition Defined for Window operation! Moving all data to a single partition, this can cause serious performance degradation.
  warnings.warn(
/Users/alexy/src/sail-pecan-integrated/.venv/lib/python3.12/site-packages/pyspark/sql/connect/expressions.py:1091: UserWarning: WARN WindowExpression: No Partition Defined for Window operation! Moving all data to a single partition, this can cause serious performance degradation.
  warnings.warn(
I1002 08:48:02.449826 2456479 fork_posix.cc:71] Other threads are currently calling into gRPC, skipping fork() handlers
I1002 08:48:02.489433 2456479 fork_posix.cc:71] Other threads are currently calling into gRPC, skipping fork() handlers
I1002 08:48:02.529650 2456479 fork_posix.cc:71] Other threads are currently calling into gRPC, skipping fork() handlers
I1002 08:48:02.569117 2456479 fork_posix.cc:71] Other threads are currently calling into gRPC, skipping fork() handlers
I1002 08:48:02.608563 2456479 fork_posix.cc:71] Other threads are currently calling into gRPC, skipping fork() handlers
I1002 08:48:02.649200 2456479 fork_posix.cc:71] Other threads are currently calling into gRPC, skipping fork() handlers
I1002 08:48:02.709315 2456427 fork_posix.cc:71] Other threads are currently calling into gRPC, skipping fork() handlers
I1002 08:48:04.453819 2456479 fork_posix.cc:71] Other threads are currently calling into gRPC, skipping fork() handlers
I1002 08:48:04.519628 2456479 fork_posix.cc:71] Other threads are currently calling into gRPC, skipping fork() handlers
I1002 08:48:04.570143 2456479 fork_posix.cc:71] Other threads are currently calling into gRPC, skipping fork() handlers
I1002 08:48:04.603091 2456479 fork_posix.cc:71] Other threads are currently calling into gRPC, skipping fork() handlers
I1002 08:48:04.645233 2456479 fork_posix.cc:71] Other threads are currently calling into gRPC, skipping fork() handlers
I1002 08:48:04.688054 2456479 fork_posix.cc:71] Other threads are currently calling into gRPC, skipping fork() handlers
I1002 08:48:04.719717 2456479 fork_posix.cc:71] Other threads are currently calling into gRPC, skipping fork() handlers
I1002 08:48:04.760229 2456479 fork_posix.cc:71] Other threads are currently calling into gRPC, skipping fork() handlers
I1002 08:48:04.802261 2456479 fork_posix.cc:71] Other threads are currently calling into gRPC, skipping fork() handlers
I1002 08:48:04.842308 2456479 fork_posix.cc:71] Other threads are currently calling into gRPC, skipping fork() handlers
I1002 08:48:04.883273 2456479 fork_posix.cc:71] Other threads are currently calling into gRPC, skipping fork() handlers
I1002 08:48:04.917400 2456479 fork_posix.cc:71] Other threads are currently calling into gRPC, skipping fork() handlers
I1002 08:48:04.957100 2456479 fork_posix.cc:71] Other threads are currently calling into gRPC, skipping fork() handlers
I1002 08:48:04.997263 2456479 fork_posix.cc:71] Other threads are currently calling into gRPC, skipping fork() handlers
I1002 08:48:05.036976 2456479 fork_posix.cc:71] Other threads are currently calling into gRPC, skipping fork() handlers
I1002 08:48:05.076552 2456479 fork_posix.cc:71] Other threads are currently calling into gRPC, skipping fork() handlers
I1002 08:48:05.116313 2456479 fork_posix.cc:71] Other threads are currently calling into gRPC, skipping fork() handlers
I1002 08:48:05.151295 2456479 fork_posix.cc:71] Other threads are currently calling into gRPC, skipping fork() handlers
I1002 08:48:05.191524 2456479 fork_posix.cc:71] Other threads are currently calling into gRPC, skipping fork() handlers
I1002 08:48:05.231511 2456479 fork_posix.cc:71] Other threads are currently calling into gRPC, skipping fork() handlers
I1002 08:48:05.274551 2456479 fork_posix.cc:71] Other threads are currently calling into gRPC, skipping fork() handlers
I1002 08:48:05.314572 2456479 fork_posix.cc:71] Other threads are currently calling into gRPC, skipping fork() handlers
I1002 08:48:05.349344 2456479 fork_posix.cc:71] Other threads are currently calling into gRPC, skipping fork() handlers
I1002 08:48:05.382007 2456427 fork_posix.cc:71] Other threads are currently calling into gRPC, skipping fork() handlers
I1002 08:48:22.061741 2990794 ev_poll_posix.cc:587] FD from fork parent still in poll list: fd(9, generation: 1)
